Nombre,Alias,Posición,Club,Nación,Liga,OVR,PAC,SHO,PAS,DRI,DEF,PHY,Precio
Dejan Kulusevski,Kulusevski,RM++,Spurs,Sweden,Premier League,82,75,77,80,83,57,80,71750
Stanislav Lobotka,Lobotka,CM++,SSC Napoli,Slovakia,Serie A TIM,82,72,69,80,81,75,75,71750
Chris Smalling,Smalling,CB++,AS Roma,England,Serie A TIM,82,54,47,58,61,85,79,61500
Marc Cucurella Saseta,Marc Cucurella,LB++,Chelsea,Spain,Premier League,82,75,60,80,80,78,76,66625
Sávio Moreira de Oliveira,Savinho,LW++,Manchester City,Brazil,Premier League,82,88,72,77,84,30,53,66625
Oliver Baumann,Baumann,GK++,TSG Hoffenheim,Germany,Bundesliga,82,81,80,78,83,39,79,66625
Kevin Trapp,Trapp,GK++,Frankfurt,Germany,Bundesliga,82,82,80,76,84,46,79,66625
Romelu Lukaku,Lukaku,ST++,Chelsea,Belgium,Premier League,82,79,82,73,74,38,82,66625
Thomas Partey,Partey,CDM++,Arsenal,Ghana,Premier League,82,62,71,80,77,79,82,71750
Fabián Ruiz Peña,Fabián Ruiz,CM++,Paris SG,Spain,Ligue 1 Uber Eats,82,54,76,80,80,75,72,66625
Fabian Schär,Schär,CB++,Newcastle Utd,Switzerland,Premier League,82,51,68,77,74,84,79,66625
Patrik Schick,Schick,ST++,Leverkusen,Czechia,Bundesliga,82,74,81,71,81,37,76,66625
Luke Shaw,Shaw,LB++,Manchester Utd,England,Premier League,82,75,57,82,78,81,78,71750
Niklas Süle,Süle,CB++,Borussia Dortmund,Germany,Bundesliga,82,70,51,67,64,83,79,66625
Sven Botman,Botman,CB++,Newcastle Utd,Netherlands,Premier League,82,60,37,63,65,83,83,61500
Marco Carnesecchi,Carnesecchi,GK++,Bergamo Calcio,Italy,Serie A TIM,82,84,79,71,85,30,83,66625
Edin Džeko,Džeko,ST++,Fenerbahçe,Bosnia and Herzegovina,Trendyol Süper Lig,82,57,82,73,76,45,76,66625
Luiz Frello Filho Jorge,Jorginho,CDM++,Arsenal,Italy,Premier League,82,46,67,83,80,73,71,66625
Niclas Füllkrug,Füllkrug,ST++,West Ham,Germany,Premier League,82,63,84,71,75,43,81,66625
Raphaël Guerreiro,Guerreiro,LB++,FC Bayern München,Portugal,Bundesliga,82,63,78,85,88,76,56,66625
Jonas Hofmann,Hofmann,CAM++,Leverkusen,Germany,Bundesliga,82,73,79,81,81,64,72,71750
Chris Smalling,Smalling,CB++,Al Fayha,England,ROSHN Saudi League,82,54,47,58,61,85,79,61500
Romelu Lukaku,Lukaku,ST++,SSC Napoli,Belgium,Serie A TIM,82,79,82,73,74,38,82,66625
Dominic Solanke,Solanke,ST++,Spurs,England,Premier League,81,75,81,66,78,29,83,40625
Benjamin Henrichs,Henrichs,RB++,RB Leipzig,Germany,Bundesliga,81,74,54,76,78,79,74,40625
Takefusa Kubo,Kubo,RW++,Real Sociedad,Japan,LALIGA EA SPORTS,81,84,76,76,83,40,60,40625
Alex Meret,Meret,GK++,SSC Napoli,Italy,Serie A TIM,81,80,78,72,84,44,83,40625
Arkadiusz Milik,Milik,ST++,Juventus,Poland,Serie A TIM,81,56,82,72,77,40,72,37500
Isaac Palazón Camacho,Isi Palazón,RM++,Rayo Vallecano,Spain,LALIGA EA SPORTS,81,84,78,79,81,39,64,40625
Stefan Savić,Savić,CB++,Trabzonspor,Montenegro,Trendyol Süper Lig,81,63,35,57,57,83,79,37500
Xaver Schlager,Schlager,CDM++,RB Leipzig,Austria,Bundesliga,81,72,70,74,78,75,79,40625
Milan Škriniar,Škriniar,CB++,Paris SG,Slovakia,Ligue 1 Uber Eats,81,57,45,60,65,83,80,37500
David Soria Solís,David Soria,GK++,Getafe CF,Spain,LALIGA EA SPORTS,81,81,79,73,82,43,80,40625
Youri Tielemans,Tielemans,CM++,Aston Villa,Belgium,Premier League,81,44,79,83,79,69,70,40625
Callum Wilson,Wilson,ST++,Newcastle Utd,England,Premier League,81,78,82,67,79,42,75,40625
Martín Zubimendi Ibáñez,Zubimendi,CDM++,Real Sociedad,Spain,LALIGA EA SPORTS,81,64,67,75,77,78,71,40625
Yeray Álvarez López,Yeray,CB++,Athletic Club,Spain,LALIGA EA SPORTS,81,64,49,70,65,83,76,40625
Marco Asensio Willemsen,Marco Asensio,RW++,Paris SG,Spain,Ligue 1 Uber Eats,81,76,79,81,83,43,63,40625
Rui Tiago Dantas da Silva,Rui Silva,GK++,Real Betis,Portugal,LALIGA EA SPORTS,81,82,76,77,84,31,81,40625
Remo Freuler,Freuler,CDM++,Bologna,Switzerland,Serie A TIM,81,60,72,76,77,77,74,40625
Pascal Groß,Groß,CDM++,Borussia Dortmund,Germany,Bundesliga,81,50,77,85,80,73,74,40625
Marc Guéhi,Guéhi,CB++,Crystal Palace,England,Premier League,81,72,39,65,72,82,77,40625
Marco Asensio Willemsen,Marco Asensio,RW++,Aston Villa,Spain,Premier League,81,76,79,81,83,43,63,40625
Milan Škriniar,Škriniar,CB++,Fenerbahçe,Slovakia,Trendyol Süper Lig,81,57,45,60,65,83,80,37500
Rui Tiago Dantas da Silva,Rui Silva,GK++,Sporting CP,Portugal,Liga Portugal,81,82,76,77,84,31,81,40625
Kasper Schmeichel,Schmeichel,GK++,Celtic,Denmark,cinch Prem,80,77,76,79,78,42,80,14625
Alessandro Buongiorno,Buongiorno,CB++,SSC Napoli,Italy,Serie A TIM,80,65,45,69,65,82,76,14625
Matteo Politano,Politano,RW++,SSC Napoli,Italy,Serie A TIM,80,80,78,78,83,42,54,14625
Amir Rrahmani,Rrahmani,CB++,SSC Napoli,Kosovo,Serie A TIM,80,69,51,58,61,82,78,13500
Jordi Alba Ramos,Jordi Alba,LB++,Inter Miami CF,Spain,MLS,80,82,70,80,81,72,69,15750
Iñigo Ruiz de Galarreta,Ruiz de Galarreta,CDM++,Athletic Club,Spain,LALIGA EA SPORTS,80,72,65,77,79,77,76,14625
Diego Carlos Santos Silva,Diego Carlos,CB++,Aston Villa,Brazil,Premier League,80,63,47,63,67,79,76,13500
William Silva de Carvalho,William Carvalho,CDM++,Real Betis,Portugal,LALIGA EA SPORTS,80,37,68,78,76,76,84,14625
Mehdi Taremi,Taremi,ST++,Lombardia FC,Iran,Serie A TIM,80,78,79,75,81,38,73,14625
James Tarkowski,Tarkowski,CB++,Everton,England,Premier League,80,47,45,64,59,81,81,13500
Ivan Toney,Toney,ST++,Brentford,England,Premier League,80,77,81,71,75,51,81,14625
André Miguel Valente da Silva,André Silva,ST++,RB Leipzig,Portugal,Bundesliga,80,74,80,71,81,46,77,14625
Axel Witsel,Witsel,CB++,Atlético de Madrid,Belgium,LALIGA EA SPORTS,80,34,63,77,75,83,75,14625
Toby Alderweireld,Alderweireld,CB++,Royal Antwerp FC,Belgium,1A Pro League,80,50,61,74,66,81,82,14625
Joachim Andersen,Andersen,CB++,Fulham,Denmark,Premier League,80,52,57,72,66,79,84,14625
Maximilian Arnold,Arnold,CDM++,VfL Wolfsburg,Germany,Bundesliga,80,63,79,79,77,76,76,15750
Harvey Barnes,Barnes,LW++,Newcastle Utd,England,Premier League,80,85,78,75,81,43,68,14625
Christoph Baumgartner,Baumgartner,CAM++,RB Leipzig,Austria,Bundesliga,80,77,74,74,82,47,60,14625
Yves Bissouma,Bissouma,CDM++,Spurs,Mali,Premier League,80,71,67,75,81,78,77,14625
Davide Calabria,Calabria,RB++,Milano FC,Italy,Serie A TIM,80,78,57,70,76,79,71,14625
Samuel Chukwueze,Chukwueze,RW++,Milano FC,Nigeria,Serie A TIM,80,88,74,74,83,36,61,14625
Oscar De Marcos Arana,De Marcos,RB++,Athletic Club,Spain,LALIGA EA SPORTS,80,79,64,74,75,77,78,14625
Eric Dier,Dier,CB++,FC Bayern München,England,Bundesliga,80,58,63,70,63,81,81,14625
Éderson José dos Santos,Éderson,CM++,Bergamo Calcio,Brazil,Serie A TIM,80,72,68,75,79,77,80,15750
Wataru Endo,Endo,CDM++,Liverpool,Japan,Premier League,80,60,68,71,78,79,76,14625
Pervis Estupiñán,Estupiñán,LB++,Brighton,Ecuador,Premier League,80,78,57,75,79,77,75,14625
Jesús Joaquín Fernández Sáez,Suso,RM++,Sevilla FC,Spain,LALIGA EA SPORTS,80,72,76,80,83,32,51,13500
Javier Galán Gil,Javi Galán,LB++,Atlético de Madrid,Spain,LALIGA EA SPORTS,80,79,56,74,79,77,72,14625
Jose Luís García Vayá,Pepelu,CM++,Valencia CF,Spain,LALIGA EA SPORTS,80,68,70,80,77,75,78,14625
Nicolás González,González,RW++,Juventus,Argentina,Serie A TIM,80,85,76,73,83,45,62,14625
Vincenzo Grifo,Grifo,LM++,SC Freiburg,Italy,Bundesliga,80,69,77,82,81,43,64,14625
Miguel Gutiérrez Ortega,Miguel Gutiérrez,LB++,Girona FC,Spain,LALIGA EA SPORTS,80,81,64,76,80,75,72,14625
Amadou Haidara,Haidara,CM++,RB Leipzig,Mali,Bundesliga,80,66,72,79,81,72,69,14625
Danilo Luís Hélio Pereira,Danilo Pereira,CB++,Paris SG,Portugal,Ligue 1 Uber Eats,80,50,63,70,70,80,84,14625
Pierre-Emile Højbjerg,Højbjerg,CDM++,OM,Denmark,Ligue 1 Uber Eats,80,50,73,76,74,77,80,14625
Giovani Lo Celso,Lo Celso,CAM++,Spurs,Argentina,Premier League,80,69,74,81,83,68,71,14625
David López Silva,David López,CB++,Girona FC,Spain,LALIGA EA SPORTS,80,45,60,71,66,82,75,13500
Harry Maguire,Maguire,CB++,Manchester Utd,England,Premier League,80,37,57,70,65,80,82,13500
Iván Martín Núñez,Iván Martín,CAM++,Girona FC,Spain,LALIGA EA SPORTS,80,75,75,79,81,68,63,14625
Nemanja Matić,Matić,CDM++,OL,Serbia,Ligue 1 Uber Eats,80,35,67,76,76,78,78,14625
Bryan Mbeumo,Mbeumo,RW++,Brentford,Cameroon,Premier League,80,84,80,74,80,49,76,14625
Vedat Muriqi,Muriqi,ST++,RCD Mallorca,Kosovo,LALIGA EA SPORTS,80,53,82,63,73,29,82,13500
João Mário N. Costa Eduardo,João Mário,LM++,SL Benfica,Portugal,Liga Portugal,80,68,76,80,82,64,68,14625
Jesús Navas González,Jesús Navas,RB++,Sevilla FC,Spain,LALIGA EA SPORTS,80,81,68,79,80,76,55,14625
Alexander Nübel,Nübel,GK++,VfB Stuttgart,Germany,Bundesliga,80,81,76,81,82,48,78,14625
Mario Pašalić,Pašalić,CM++,Bergamo Calcio,Croatia,Serie A TIM,80,69,78,77,81,67,77,14625
Ivan Rakitić,Rakitić,CM++,Hajduk Split,Croatia,Liga Hrvatska,80,48,79,83,77,74,70,14625
Danilo Luís Hélio Pereira,Danilo Pereira,CB++,Al Ittihad,Portugal,ROSHN Saudi League,80,50,63,70,70,80,84,14625
Ivan Toney,Toney,ST++,Al Ahli,England,ROSHN Saudi League,80,77,81,71,75,51,81,14625
João Mário N. Costa Eduardo,João Mário,LM++,Beşiktaş,Portugal,Trendyol Süper Lig,80,68,76,80,82,64,68,14625
Giovani Lo Celso,Lo Celso,CAM++,Real Betis,Argentina,LALIGA EA SPORTS,80,69,74,81,83,68,71,14625
Miranchuk,Miranchuk,CAM++,Atlanta United,Russia,MLS,80,71,73,79,82,31,60,13500
Fortounis,Fortounis,CAM++,Al Khaleej,Greece,ROSHN Saudi League,80,73,76,81,80,43,65,14625
André Miguel Valente da Silva,André Silva,ST++,SV Werder Bremen,Portugal,Bundesliga,80,74,80,71,81,46,77,14625
Diego Carlos Santos Silva,Diego Carlos,CB++,Fenerbahçe,Brazil,Trendyol Süper Lig,80,63,47,63,67,79,76,13500
Lucas Zelarayán,Zelarayán,CAM++,Belgrano,Armenia,Sudamericana,80,71,77,79,83,46,67,14625
Stephan El Shaarawy,El Shaarawy,LM++,AS Roma,Italy,Serie A TIM,79,82,75,76,83,49,62,12480
Emil Forsberg,Forsberg,CAM++,Red Bulls,Sweden,MLS,79,65,72,81,81,36,61,11520
Carles Gil Pareja,Carles Gil,CAM++,New England,Spain,MLS,79,70,71,80,79,38,62,12480
César Azpilicueta Tanco,Azpilicueta,CB++,Atlético de Madrid,Spain,LALIGA EA SPORTS,79,59,55,76,72,81,74,12480
Nayef Aguerd,Aguerd,CB++,West Ham,Morocco,Premier League,79,67,50,64,64,81,75,12480
Raúl Albiol Tortajada,Raúl Albiol,CB++,Villarreal CF,Spain,LALIGA EA SPORTS,79,33,41,62,63,83,67,11520
Kepa Arrizabalaga,Kepa,GK++,Chelsea,Spain,Premier League,79,78,77,83,82,40,77,12480
Emil Audero,Audero,GK++,Como,Italy,Serie A TIM,79,80,74,73,83,53,76,12480
Alejandro Baena Rodríguez,Álex Baena,LM++,Villarreal CF,Spain,LALIGA EA SPORTS,79,74,75,80,78,65,67,12480
Johan Bakayoko,Bakayoko,RW++,PSV,Belgium,Eredivisie,79,86,71,70,82,33,63,12480
Leonardo Balerdi,Balerdi,CB++,OM,Argentina,Ligue 1 Uber Eats,79,64,45,62,68,80,77,11520
Éver Banega,Banega,CM++,Newell's,Argentina,LPF,79,52,73,81,78,73,73,12480
Steven Berghuis,Berghuis,RW++,Ajax,Netherlands,Eredivisie,79,72,80,82,79,39,66,12480
Steven Bergwijn,Bergwijn,LW++,Ajax,Netherlands,Eredivisie,79,80,76,74,82,41,70,12480
Cristiano Biraghi,Biraghi,LB++,Fiorentina,Italy,Serie A TIM,79,72,69,78,76,76,73,12480
Giacomo Bonaventura,Bonaventura,CAM++,Al Shabab,Italy,ROSHN Saudi League,79,65,78,80,80,70,64,12480
Jarrad Branthwaite,Branthwaite,CB++,Everton,England,Premier League,79,71,37,53,59,79,77,11520
Matty Cash,Cash,RB++,Aston Villa,Poland,Premier League,79,77,66,71,75,75,76,12480
Valentin Castellanos,Castellanos,ST++,Latium,Argentina,Serie A TIM,79,72,79,69,75,42,77,12480
Alejandro Catena Marugán,Catena,CB++,CA Osasuna,Spain,LALIGA EA SPORTS,79,65,39,63,53,80,78,11520
Daniel Ceballos Fernández,Dani Ceballos,CM++,Real Madrid,Spain,LALIGA EA SPORTS,79,63,70,79,82,70,67,12480
Ben Chilwell,Chilwell,LB++,Chelsea,England,Premier League,79,76,60,78,77,75,72,12480
Jordy Clasie,Clasie,CDM++,AZ,Netherlands,Eredivisie,79,57,64,79,75,72,69,12480
Dante Bonfim Costa Santos,Dante,CB++,OGC Nice,Brazil,Ligue 1 Uber Eats,79,32,52,69,65,81,79,11520
Charles De Ketelaere,De Ketelaere,CAM++,Bergamo Calcio,Belgium,Serie A TIM,79,69,77,78,81,55,70,12480
Marten de Roon,de Roon,CM++,Bergamo Calcio,Netherlands,Serie A TIM,79,64,71,75,75,82,83,13440
Romain Del Castillo,Del Castillo,RW++,Stade Brestois 29,France,Ligue 1 Uber Eats,79,84,76,78,81,42,65,12480
Ermedin Demirović,Demirović,ST++,VfB Stuttgart,Bosnia and Herzegovina,Bundesliga,79,69,81,72,77,41,79,12480
Boulaye Dia,Dia,ST++,Latium,Senegal,Serie A TIM,79,81,80,62,77,27,75,12480
Samuel Dias Lino,Samuel Lino,LM++,Atlético de Madrid,Brazil,LALIGA EA SPORTS,79,83,70,73,80,51,66,12480
Lucas Digne,Digne,LB++,Aston Villa,France,Premier League,79,73,68,78,76,76,74,12480
Stole Dimitrievski,Dimitrievski,GK++,Valencia CF,North Macedonia,LALIGA EA SPORTS,79,78,80,74,79,36,78,12480
Axel Disasi,Disasi,CB++,Chelsea,France,Premier League,79,57,48,60,59,80,81,11520
Alexander Djiku,Djiku,CB++,Fenerbahçe,Ghana,Trendyol Süper Lig,79,75,43,67,69,79,81,12480
Cheick Doucouré,Doucouré,CDM++,Crystal Palace,Mali,Premier League,79,65,57,70,75,76,76,12480
Matt O'Riley,O'Riley,CM++,Brighton,Denmark,Premier League,79,69,77,80,77,67,76,12480
Jonas Omlin,Omlin,GK++,M'gladbach,Switzerland,Bundesliga,79,79,77,76,82,52,75,12480
Ayoze Pérez Gutiérrez,Ayoze Pérez,LM++,Villarreal CF,Spain,LALIGA EA SPORTS,79,78,73,76,82,58,65,12480
Matteo Pessina,Pessina,CM++,Monza,Italy,Serie A TIM,79,68,70,77,78,72,71,12480
Đorđe Petrović,Petrović,GK++,Chelsea,Serbia,Premier League,79,79,78,73,81,41,77,12480
Yeremy Jesús Pino Santos,Yeremy Pino,LM++,Villarreal CF,Spain,LALIGA EA SPORTS,79,76,73,76,79,38,46,11520
Oriol Romeu Vidal,Oriol Romeu,CDM++,Girona FC,Spain,LALIGA EA SPORTS,79,40,54,68,67,79,81,11520
Frederik Rønnow,Rønnow,GK++,Union Berlin,Denmark,Bundesliga,79,79,79,69,81,47,78,12480
Gerónimo Rulli,Rulli,GK++,OM,Argentina,Ligue 1 Uber Eats,79,78,76,80,81,54,79,12480
Julian Ryerson,Ryerson,RB++,Borussia Dortmund,Norway,Bundesliga,79,75,63,70,76,76,80,12480
Pape Matar Sarr,Sarr,CDM++,Spurs,Senegal,Premier League,79,70,65,75,78,76,75,12480
Gianluca Scamacca,Scamacca,ST++,Bergamo Calcio,Italy,Serie A TIM,79,65,81,67,74,36,74,11520
Perr Schuurs,Schuurs,CB++,Torino,Netherlands,Serie A TIM,79,69,64,74,69,81,74,12480
Mário Rui Silva Duarte,Mário Rui,LB++,SSC Napoli,Portugal,Serie A TIM,79,80,56,77,80,74,68,12480
Łukasz Skorupski,Skorupski,GK++,Bologna,Poland,Serie A TIM,79,79,76,68,83,51,78,12480
Tomáš Souček,Souček,CDM++,West Ham,Czechia,Premier League,79,50,72,71,68,80,83,12480
Pietro Terracciano,Terracciano,GK++,Fiorentina,Italy,Serie A TIM,79,80,77,73,83,41,79,12480
Kieran Tierney,Tierney,LB++,Arsenal,Scotland,Premier League,79,80,60,75,77,76,75,12480
Rafael Tolói,Rafael Tolói,CB++,Bergamo Calcio,Italy,Serie A TIM,79,61,52,58,64,81,79,11520
Edin Višća,Višća,RM++,Trabzonspor,Bosnia and Herzegovina,Trendyol Süper Lig,79,82,78,76,81,47,63,12480
Nikola Vlašić,Vlašić,CAM++,Torino,Croatia,Serie A TIM,79,75,76,76,82,58,72,12480
James Ward-Prowse,Ward-Prowse,CM++,West Ham,England,Premier League,79,57,73,86,75,66,72,12480
Julian Weigl,Weigl,CDM++,M'gladbach,Germany,Bundesliga,79,54,64,76,75,74,73,12480
Yoane Wissa,Wissa,LW++,Brentford,Congo DR,Premier League,79,85,79,70,79,29,71,12480
Davide Zappacosta,Zappacosta,LB++,Bergamo Calcio,Italy,Serie A TIM,79,76,68,74,75,76,70,12480
Oleksandr Zinchenko,Zinchenko,LB++,Arsenal,Ukraine,Premier League,79,66,66,83,82,76,69,12480
Joshua Zirkzee,Zirkzee,ST++,Manchester Utd,Netherlands,Premier League,79,73,77,72,83,37,73,12480
Carlos Augusto Zopolato Neves,Carlos Augusto,LM++,Lombardia FC,Brazil,Serie A TIM,79,81,72,77,80,75,80,13440
Lewis Dunk,Dunk,CB++,Brighton,England,Premier League,79,41,52,68,65,80,80,11520
Hugo Duro Perales,Hugo Duro,ST++,Valencia CF,Spain,LALIGA EA SPORTS,79,73,79,67,76,47,75,12480
Marcus Edwards,Edwards,RW++,Sporting CP,England,Liga Portugal,79,85,70,72,85,30,48,11520
Eljif Elmas,Elmas,CAM++,RB Leipzig,North Macedonia,Bundesliga,79,73,72,74,82,66,67,12480
Aritz Elustondo,Aritz Elustondo,RB++,Real Sociedad,Spain,LALIGA EA SPORTS,79,64,39,64,61,80,77,11520
Chris Führich,Führich,LM++,VfB Stuttgart,Germany,Bundesliga,79,83,69,72,85,51,59,12480
Álvaro García Rivera,Álvaro García,LM++,Rayo Vallecano,Spain,LALIGA EA SPORTS,79,88,69,75,78,51,43,12480
Morgan Gibbs-White,Gibbs-White,CAM++,Nott'm Forest,England,Premier League,79,75,74,79,80,57,69,12480
Santiago Giménez,Giménez,ST++,Feyenoord,Mexico,Eredivisie,79,79,80,70,76,49,75,12480
Moisés Gómez Bordonado,Moi Gómez,CM++,CA Osasuna,Spain,LALIGA EA SPORTS,79,66,75,80,78,61,61,12480
Robin Gosens,Gosens,LB++,Union Berlin,Germany,Bundesliga,79,72,74,73,75,76,80,13440
Mason Greenwood,Greenwood,RM++,OM,England,Ligue 1 Uber Eats,79,83,80,75,81,36,60,12480
Gorka Guruzeta Rodríguez,Guruzeta,ST++,Athletic Club,Spain,LALIGA EA SPORTS,79,75,79,71,78,42,80,12480
Sébastien Haller,Haller,ST++,Borussia Dortmund,Côte d'Ivoire,Bundesliga,79,56,79,63,75,51,73,11520
Dean Henderson,Henderson,GK++,Crystal Palace,England,Premier League,79,80,76,78,81,55,75,12480
Franck Honorat,Honorat,RM++,M'gladbach,France,Bundesliga,79,80,77,77,78,53,63,12480
Curtis Jones,Jones,CM++,Liverpool,England,Premier League,79,68,71,75,81,70,75,12480
Luka Jović,Jović,ST++,Milano FC,Serbia,Serie A TIM,79,75,79,68,79,30,72,12480
İrfan Can Kahveci,Kahveci,RW++,Fenerbahçe,Türkiye,Trendyol Süper Lig,79,73,79,79,80,58,66,12480
Robin Koch,Koch,CB++,Frankfurt,Germany,Bundesliga,79,65,38,61,65,80,76,11520
Sead Kolašinac,Kolašinac,CB++,Bergamo Calcio,Bosnia and Herzegovina,Serie A TIM,79,64,63,67,68,79,83,12480
Erik Lamela,Lamela,RW++,AEK Athens,Argentina,Hellas Liga,79,76,77,78,82,54,68,12480
Pierre Lees-Melou,Lees-Melou,CDM++,Stade Brestois 29,France,Ligue 1 Uber Eats,79,62,72,78,77,73,76,12480
Mario Lemina,Lemina,CDM++,Wolves,Gabon,Premier League,79,69,67,75,75,78,80,12480
Philipp Lienhart,Lienhart,CB++,SC Freiburg,Austria,Bundesliga,79,69,28,59,64,81,75,11520
Matheus Lima Magalhães,Matheus,GK++,SC Braga,Brazil,Liga Portugal,79,82,75,81,80,45,77,12480
Hugo Lloris,Lloris,GK++,LAFC,France,MLS,79,81,76,67,82,54,78,12480
Anthony Lopes,Lopes,GK++,OL,Portugal,Ligue 1 Uber Eats,79,80,76,69,83,65,76,12480
Pau López Sabata,Pau López,GK++,Girona FC,Spain,LALIGA EA SPORTS,79,77,77,79,82,48,80,12480
Dodi Lukébakio,Lukébakio,RW++,Sevilla FC,Belgium,LALIGA EA SPORTS,79,84,78,70,82,31,59,12480
Pablo Maffeo Becerra,Pablo Maffeo,RB++,RCD Mallorca,Argentina,LALIGA EA SPORTS,79,82,52,70,79,76,70,12480
José Pedro Malheiro de Sá,José Sá,GK++,Wolves,Portugal,Premier League,79,80,75,70,81,52,78,12480
Arnau Martínez López,Arnau Martínez,RB++,Girona FC,Spain,LALIGA EA SPORTS,79,80,50,72,74,74,70,12480
Jean-Philippe Mateta,Mateta,ST++,Crystal Palace,France,Premier League,79,76,78,63,73,39,82,12480
Borja Mayoral Moya,Borja Mayoral,ST++,Getafe CF,Spain,LALIGA EA SPORTS,79,71,80,71,77,39,67,12480
Álvaro Medrán Just,Medrán,CM++,Ettifaq FC,Spain,ROSHN Saudi League,79,60,71,82,79,63,69,12480
Nikola Milenković,Milenković,CB++,Nott'm Forest,Serbia,Premier League,79,58,45,62,62,79,82,11520
Tyrone Mings,Mings,CB++,Aston Villa,England,Premier League,79,64,44,67,64,78,80,11520
Maximilian Mittelstädt,Mittelstädt,LB++,VfB Stuttgart,Germany,Bundesliga,79,74,62,72,77,77,72,12480
Alexandre Moreno Lopera,Álex Moreno,LB++,Nott'm Forest,Spain,Premier League,79,79,66,74,77,76,68,12480
Hidemasa Morita,Morita,CM++,Sporting CP,Japan,Liga Portugal,79,69,72,76,79,74,77,12480
Florentino Morris Luís,Florentino,CDM++,SL Benfica,Portugal,Liga Portugal,79,55,47,65,73,79,78,11520
Juan Musso,Musso,GK++,Bergamo Calcio,Argentina,Serie A TIM,79,79,77,73,82,44,81,12480
James Ward-Prowse,Ward-Prowse,CM++,Nott'm Forest,England,Premier League,79,57,73,86,75,66,72,12480
Sébastien Haller,Haller,ST++,CD Leganés,Côte d'Ivoire,LALIGA EA SPORTS,79,56,79,63,75,51,73,11520
Kepa Arrizabalaga,Kepa,GK++,AFC Bournemouth,Spain,Premier League,79,78,77,83,82,40,77,12480
Juan Musso,Musso,GK++,Atlético de Madrid,Argentina,LALIGA EA SPORTS,79,79,77,73,82,44,81,12480
Robin Gosens,Gosens,LB++,Fiorentina,Germany,Serie A TIM,79,72,74,73,75,76,80,13440
Steven Bergwijn,Bergwijn,LW++,Al Ittihad,Netherlands,ROSHN Saudi League,79,80,76,74,82,41,70,12480
Nayef Aguerd,Aguerd,CB++,Real Sociedad,Morocco,LALIGA EA SPORTS,79,67,50,64,64,81,75,12480
Đorđe Petrović,Petrović,GK++,Strasbourg,Serbia,Ligue 1 Uber Eats,79,79,78,73,81,41,77,12480
Roberto Carnicer,Sergi Roberto,RB++,Como,Spain,Serie A TIM,79,74,63,79,77,75,73,12480
Muniain Goñi,Muniain,CAM++,San Lorenzo,Spain,LPF,79,75,73,78,83,51,58,12480
Tapia,Tapia,CDM++,CD Leganés,Peru,LALIGA EA SPORTS,79,68,66,72,69,80,85,12480
Sébastien Haller,Haller,ST++,FC Utrecht,Côte d'Ivoire,Eredivisie,79,56,79,63,75,51,73,11520
Matheus Lima Magalhães,Matheus,GK++,Ajax,Brazil,Eredivisie,79,82,75,81,80,45,77,12480
Marcus Edwards,Edwards,RW++,Burnley,England,EFL Championship,79,85,70,72,85,30,48,11520
Eljif Elmas,Elmas,CAM++,Torino,North Macedonia,Serie A TIM,79,73,72,74,82,66,67,12480
James Tavernier,Tavernier,RB++,Rangers,England,cinch Prem,78,81,72,79,76,70,80,11130
Federico Gatti,Gatti,CB++,Juventus,Italy,Serie A TIM,78,75,37,51,61,80,76,9540
Ryan Gauld,Gauld,LW++,Whitecaps FC,Scotland,MLS,78,84,67,77,82,51,54,10335
Rodrigo Riquelme Reche,Riquelme,LM++,Atlético de Madrid,Spain,LALIGA EA SPORTS,78,78,75,75,81,49,52,10335
Gabriel Veiga Novas,Gabri Veiga,CAM++,Al Ahli,Spain,ROSHN Saudi League,78,74,77,72,78,60,64,10335
Jan Vertonghen,Vertonghen,CB++,RSC Anderlecht,Belgium,1A Pro League,78,58,61,71,67,80,79,10335
Adam Wharton,Wharton,CDM++,Crystal Palace,England,Premier League,78,68,61,78,78,75,71,10335
Georginio Wijnaldum,Wijnaldum,CM++,Ettifaq FC,Netherlands,ROSHN Saudi League,78,68,72,76,80,76,75,10335
Jonas Wind,Wind,ST++,VfL Wolfsburg,Denmark,Bundesliga,78,48,79,72,77,37,78,9540
Leny Yoro,Yoro,CB++,Manchester Utd,France,Premier League,78,73,41,59,61,79,73,9540
Nicolò Zaniolo,Zaniolo,RM++,Bergamo Calcio,Italy,Serie A TIM,78,75,76,74,76,60,83,10335
Andrija Živković,Živković,RW++,PAOK FC,Serbia,Hellas Liga,78,82,74,74,81,57,62,10335
Kurt Zouma,Zouma,CB++,West Ham,France,Premier League,78,52,51,61,56,78,82,9540
Lilian Brassier,Brassier,CB++,OM,France,Ligue 1 Uber Eats,78,69,37,65,69,79,75,9540
Ante Budimir,Budimir,ST++,CA Osasuna,Croatia,LALIGA EA SPORTS,78,59,79,52,74,35,77,9540
Emiliano Buendía,Buendía,RM++,Aston Villa,Argentina,Premier League,78,69,74,80,82,66,66,10335
Roman Bürki,Bürki,GK++,St. Louis CITY SC,Switzerland,MLS,78,82,75,60,82,46,73,10335
Dan Burn,Burn,CB++,Newcastle Utd,England,Premier League,78,42,36,67,63,77,84,9540
Nélson Cabral Semedo,Nélson Semedo,RB++,Wolves,Portugal,Premier League,78,80,56,69,78,74,73,10335
Riccardo Calafiori,Calafiori,CB++,Arsenal,Italy,Premier League,78,69,65,70,72,78,77,10335
Daniel Castelo Podence,Daniel Podence,LM++,Wolves,Portugal,Premier League,78,84,66,71,84,33,49,9540
Trevoh Chalobah,Chalobah,CB++,Chelsea,England,Premier League,78,67,50,67,67,78,78,10335
Andrea Colpani,Colpani,CAM++,Fiorentina,Italy,Serie A TIM,78,76,76,78,78,65,70,10335
Murillo Costa dos Santos,Murillo,CB++,Nott'm Forest,Brazil,Premier League,78,72,43,61,67,78,82,10335
Vladimír Coufal,Coufal,RB++,West Ham,Czechia,Premier League,78,65,56,72,73,77,80,10335
Kerem Demirbay,Demirbay,CM++,Galatasaray,Germany,Trendyol Süper Lig,78,62,76,79,79,69,75,10335
Kiernan Dewsbury-Hall,Dewsbury-Hall,CM++,Chelsea,England,Premier League,78,67,71,77,78,69,77,10335
Dénes Dibusz,Dibusz,GK++,Ferencvárosi TC,Hungary,Magyar Liga,78,77,72,74,82,27,77,10335
Berat Djimsiti,Djimsiti,CB++,Bergamo Calcio,Albania,Serie A TIM,78,65,39,59,48,80,79,9540
Marko Dmitrović,Dmitrović,GK++,CD Leganés,Serbia,LALIGA EA SPORTS,78,76,77,78,78,37,79,10335
Ritsu Doan,Doan,RM++,SC Freiburg,Japan,Bundesliga,78,78,64,74,83,40,60,9540
Danilho Doekhi,Doekhi,CB++,Union Berlin,Netherlands,Bundesliga,78,58,42,59,65,78,80,9540
Oscar Dorley,Dorley,CDM++,Slavia Praha,Liberia,Česká Liga,78,78,57,76,79,75,72,10335
Oscar dos Santos Emboaba,Oscar,CAM++,Shanghai Port,Brazil,CSL,78,77,76,78,80,60,68,10335
Ayoub El Kaabi,El Kaabi,ST++,Olympiacos FC,Morocco,Hellas Liga,78,80,80,61,74,46,70,10335
Aschraf El Mahdioui,El Mahdioui,CDM++,Al Taawoun,Netherlands,ROSHN Saudi League,78,65,55,74,73,70,75,10335
Harvey Elliott,Elliott,CAM++,Liverpool,England,Premier League,78,74,71,77,81,53,50,10335
Christian Eriksen,Eriksen,CM++,Manchester Utd,Denmark,Premier League,78,50,74,83,76,53,50,9540
Francisco F. da Conceição,Francisco Conceição,RM++,FC Porto,Portugal,Liga Portugal,78,87,67,71,83,36,50,9540
Wesley Fofana,Fofana,CB++,Chelsea,France,Premier League,78,67,40,60,65,80,75,9540
Eric García Martret,Eric García,CB++,FC Barcelona,Spain,LALIGA EA SPORTS,78,62,44,70,70,80,71,9540
Rubén García Santos,Rubén García,RM++,CA Osasuna,Spain,LALIGA EA SPORTS,78,76,76,79,78,45,52,10335
João Victor Gomes da Silva,João Gomes,CDM++,Wolves,Brazil,Premier League,78,70,65,72,74,76,75,10335
José Gómez Campaña,Campaña,CM++,UD Las Palmas,Spain,LALIGA EA SPORTS,78,65,72,81,79,68,71,10335
Ismaily Gonçalves dos S.,Ismaily,LB++,LOSC Lille,Brazil,Ligue 1 Uber Eats,78,76,64,73,78,73,75,10335
Amine Gouiri,Gouiri,LM++,Stade Rennais FC,Algeria,Ligue 1 Uber Eats,78,77,80,75,79,45,71,10335
Michael Gregoritsch,Gregoritsch,ST++,SC Freiburg,Austria,Bundesliga,78,53,79,70,70,42,76,9540
Vicente Guaita Panadero,Guaita,GK++,RC Celta,Spain,LALIGA EA SPORTS,78,78,77,78,78,48,77,10335
Arda Güler,Güler,CAM++,Real Madrid,Türkiye,LALIGA EA SPORTS,78,72,73,80,82,52,50,10335
Christian Günter,Günter,LB++,SC Freiburg,Germany,Bundesliga,78,78,58,70,71,74,82,10335
Abderrazak Hamdallah,Hamdallah,ST++,Al Shabab,Morocco,ROSHN Saudi League,78,61,79,70,75,31,79,9540
Lukáš Haraslín,Haraslín,LW++,Sparta Praha,Slovakia,Česká Liga,78,80,74,73,81,40,59,10335
Héctor Herrera,Herrera,CM++,Houston Dynamo,Mexico,MLS,78,63,74,74,74,75,81,10335
Ander Herrera Agüera,Ander Herrera,CM++,Athletic Club,Spain,LALIGA EA SPORTS,78,59,71,78,78,79,74,10335
Sergio Herrera Pirón,Sergio Herrera,GK++,CA Osasuna,Spain,LALIGA EA SPORTS,78,78,77,75,78,47,76,10335
Isak Hien,Hien,CB++,Bergamo Calcio,Sweden,Serie A TIM,78,70,37,49,56,78,78,9540
Andreas Hugo Hoelgebaum Pereira,Andreas Pereira,CAM++,Fulham,Brazil,Premier League,78,74,77,80,78,66,69,10335
Hee Chan Hwang,Hwang Hee Chan,ST++,Wolves,Korea Republic,Premier League,78,84,77,70,78,39,74,10335
Borja Iglesias Quintás,Borja Iglesias,ST++,RC Celta,Spain,LALIGA EA SPORTS,78,62,80,66,74,40,77,9540
Lorenzo Insigne,Insigne,LW++,Toronto FC,Italy,MLS,78,79,77,79,81,36,44,9540
Juan Miguel Jiménez López,Juanmi,LM++,Real Betis,Spain,LALIGA EA SPORTS,78,78,77,71,80,31,62,9540
Sam Johnstone,Johnstone,GK++,Crystal Palace,England,Premier League,78,79,79,69,80,41,76,10335
Joan Jordán Moreno,Joan Jordán,CM++,Sevilla FC,Spain,LALIGA EA SPORTS,78,54,75,78,75,69,75,10335
Kevin Kampl,Kampl,CM++,RB Leipzig,Slovenia,Bundesliga,78,52,66,79,81,64,59,10335
Rick Karsdorp,Karsdorp,RB++,AS Roma,Netherlands,Serie A TIM,78,81,63,74,76,73,80,10335
Moise Kean,Kean,ST++,Fiorentina,Italy,Serie A TIM,78,84,76,58,76,40,75,10335
Kodjo Fo-Doh Laba,Laba,ST++,Al Ain FC,Togo,United Emirates League,78,77,78,64,70,25,83,9540
Gaëtan Laborde,Laborde,RW++,OGC Nice,France,Ligue 1 Uber Eats,78,70,79,76,79,40,79,10335
Armand Laurienté,Laurienté,LW++,Sassuolo,France,Serie BKT,78,80,76,75,80,35,61,10335
Victor Lindelöf,Lindelöf,CB++,Manchester Utd,Sweden,Premier League,78,52,51,73,72,80,74,10335
Tino Livramento,Livramento,RB++,Newcastle Utd,England,Premier League,78,83,50,70,79,74,73,10335
Hirving Lozano,Lozano,RW++,PSV,Mexico,Eredivisie,78,88,75,71,80,41,58,10335
Joakim Mæhle,Mæhle,RB++,VfL Wolfsburg,Denmark,Bundesliga,78,76,57,71,74,73,78,10335
Lovro Majer,Majer,CM++,VfL Wolfsburg,Croatia,Bundesliga,78,62,73,80,83,60,71,10335
Nemanja Maksimović,Maksimović,CM++,Panathinaikos,Serbia,Hellas Liga,78,47,73,74,73,77,79,10335
Steve Mandanda,Mandanda,GK++,Stade Rennais FC,France,Ligue 1 Uber Eats,78,75,77,74,79,49,77,10335
Solly March,March,RM++,Brighton,England,Premier League,78,75,71,76,79,67,65,10335
Konstantinos Mavropanos,Mavropanos,CB++,West Ham,Greece,Premier League,78,74,56,54,59,79,82,10335
Scott McTominay,McTominay,CDM++,Manchester Utd,Scotland,Premier League,78,55,78,71,73,75,84,10335
Ben Mee,Mee,CB++,Brentford,England,Premier League,78,45,42,54,57,82,76,9540
Arthur Mendonça Cabral,Arthur Cabral,ST++,SL Benfica,Brazil,Liga Portugal,78,71,78,64,76,32,79,10335
Simon Mignolet,Mignolet,GK++,Club Brugge,Belgium,1A Pro League,78,77,75,73,80,51,81,10335
Jon Moncayola Tollar,Moncayola,CM++,CA Osasuna,Spain,LALIGA EA SPORTS,78,64,67,75,78,73,70,10335
Mason Mount,Mount,CM++,Manchester Utd,England,Premier League,78,70,77,81,79,61,65,10335
Norberto Murara Neto,Neto,GK++,AFC Bournemouth,Brazil,Premier League,78,80,72,73,82,53,76,10335
Rodrigo Nascimento França,Rodrigo Becão,CB++,Fenerbahçe,Brazil,Trendyol Süper Lig,78,54,33,56,56,79,79,9540
Wilfred Ndidi,Ndidi,CDM++,Leicester City,Nigeria,Premier League,78,65,65,73,74,75,80,10335
Saúl Ñíguez Esclápez,Saúl,CM++,Sevilla FC,Spain,LALIGA EA SPORTS,78,69,75,76,77,77,75,10335
Caio Henrique Oliveira Silva,Caio Henrique,LB++,AS Monaco,Brazil,Ligue 1 Uber Eats,78,77,58,78,78,72,66,10335
Amadou Onana,Onana,CDM++,Aston Villa,Belgium,Premier League,78,72,59,71,72,76,79,10335
Alex Oxlade-Chamberlain,Oxlade-Chamberlain,CM++,Beşiktaş,England,Trendyol Süper Lig,78,78,75,77,81,67,72,11130
Emerson Palmieri dos Santos,Emerson,LB++,West Ham,Italy,Premier League,78,79,63,75,78,73,65,10335
Alfonso Pedraza Sag,Pedraza,LB++,Villarreal CF,Spain,LALIGA EA SPORTS,78,79,72,72,76,74,75,10335
Nicolas Pépé,Pépé,RM++,Villarreal CF,Côte d'Ivoire,LALIGA EA SPORTS,78,87,76,74,81,36,64,10335
Roberto Pereyra,Pereyra,CM++,AEK Athens,Argentina,Hellas Liga,78,76,74,78,81,68,70,10335
Stefan Posch,Posch,RB++,Bologna,Austria,Serie A TIM,78,75,55,68,65,79,75,10335
Cameron Puertas,Puertas,CM++,Al Qadisiyah,Switzerland,ROSHN Saudi League,78,74,75,79,79,69,75,11130
Ricard Puig Martí,Riqui Puig,CM++,LA Galaxy,Spain,MLS,78,70,67,76,82,56,52,10335
Predrag Rajković,Rajković,GK++,Al Ittihad,Serbia,ROSHN Saudi League,78,77,76,74,81,25,79,10335
Jacob Ramsey,Ramsey,LM++,Aston Villa,England,Premier League,78,78,75,73,80,68,74,10335
Giacomo Raspadori,Raspadori,CAM++,SSC Napoli,Italy,Serie A TIM,78,79,77,68,82,27,56,9540
Guillaume Restes,Restes,GK++,Toulouse FC,France,Ligue 1 Uber Eats,78,78,74,80,80,40,77,10335
Diego Rico Salguero,Diego Rico,LB++,Getafe CF,Spain,LALIGA EA SPORTS,78,73,55,78,73,77,77,10335
Marc Roca Junqué,Marc Roca,CDM++,Real Betis,Spain,LALIGA EA SPORTS,78,61,65,75,74,72,73,10335
Kirian Rodríguez,Kirian,CM++,UD Las Palmas,Spain,LALIGA EA SPORTS,78,68,75,75,77,72,73,10335
Nicolò Rovella,Rovella,CM++,Latium,Italy,Serie A TIM,78,77,63,76,77,75,73,10335
Mathew Ryan,Ryan,GK++,AS Roma,Australia,Serie A TIM,78,76,78,80,79,52,77,10335
Alexis Saelemaekers,Saelemaekers,LM++,Milano FC,Belgium,Serie A TIM,78,80,67,75,81,64,64,10335
Giorgio Scalvini,Scalvini,CB++,Bergamo Calcio,Italy,Serie A TIM,78,55,35,57,61,80,73,9540
Marcos Senesi,Senesi,CB++,AFC Bournemouth,Argentina,Premier League,78,57,42,70,72,79,77,9540
Mykola Shaparenko,Shaparenko,CM++,Dynamo Kyiv,Ukraine,Ukrayina Liha,78,78,71,78,80,67,71,10335
Andreas Skov Olsen,Skov Olsen,RM++,Club Brugge,Denmark,1A Pro League,78,86,78,73,79,39,70,10335
Çağlar Söyüncü,Söyüncü,CB++,Fenerbahçe,Türkiye,Trendyol Süper Lig,78,69,47,59,65,77,78,9540
Angelo Stiller,Stiller,CDM++,VfB Stuttgart,Germany,Bundesliga,78,58,57,78,78,73,69,10335
Malick Thiaw,Thiaw,CB++,Milano FC,Germany,Serie A TIM,78,73,47,69,72,77,78,10335
Takehiro Tomiyasu,Tomiyasu,RB++,Arsenal,Japan,Premier League,78,69,33,67,72,80,80,10335
Gernot Trauner,Trauner,CB++,Feyenoord,Austria,Eredivisie,78,56,57,67,67,79,80,10335
Francisco Trincão,Trincão,RW++,Sporting CP,Portugal,Liga Portugal,78,78,77,72,83,39,59,10335
Enes Ünal,Ünal,ST++,AFC Bournemouth,Türkiye,Premier League,78,67,80,68,77,40,80,10335
Alan Varela,Varela,CDM++,FC Porto,Argentina,Liga Portugal,78,67,62,74,73,74,78,10335
Tammy Abraham,Abraham,ST++,AS Roma,England,Serie A TIM,78,78,76,65,75,36,77,10335
Tosin Adarabioyo,Adarabioyo,CB++,Chelsea,England,Premier League,78,72,35,63,63,78,78,9540
Amine Adli,Adli,ST++,Leverkusen,Morocco,Bundesliga,78,83,76,69,82,42,74,10335
Miguel Almirón,Almirón,RW++,Newcastle Utd,Paraguay,Premier League,78,87,75,73,80,57,65,10335
Nadiem Amiri,Amiri,CM++,1. FSV Mainz 05,Germany,Bundesliga,78,67,74,80,82,60,69,10335
Sofyan Amrabat,Amrabat,CDM++,Fiorentina,Morocco,Serie A TIM,78,65,69,73,75,74,80,10335
Michail Antonio,Antonio,ST++,West Ham,Jamaica,Premier League,78,77,74,72,76,54,82,10335
Mauro Arambarri,Arambarri,CDM++,Getafe CF,Uruguay,LALIGA EA SPORTS,78,60,65,72,74,78,78,10335
Cristian Arango,Arango,ST++,Real Salt Lake,Colombia,MLS,78,75,79,71,77,36,74,10335
Benoît Badiashile,Badiashile,CB++,Chelsea,France,Premier League,78,62,47,67,60,78,77,9540
Antonín Barák,Barák,CM++,Fiorentina,Czechia,Serie A TIM,78,69,77,79,79,65,73,10335
Ricardo Barbosa Pereira,Ricardo Pereira,RB++,Leicester City,Portugal,Premier League,78,73,66,76,77,77,71,10335
Melvin Bard,Bard,LB++,OGC Nice,France,Ligue 1 Uber Eats,78,78,52,69,74,75,76,10335
Ross Barkley,Barkley,CM++,Aston Villa,England,Premier League,78,53,75,78,77,63,74,10335
Marc Bartra Aregall,Marc Bartra,CB++,Real Betis,Spain,LALIGA EA SPORTS,78,68,61,71,72,78,75,10335
Andrea Belotti,Belotti,ST++,Como,Italy,Serie A TIM,78,69,77,58,75,38,80,9540
Francisco José Beltrán Peinado,Fran Beltrán,CDM++,RC Celta,Spain,LALIGA EA SPORTS,78,58,56,77,75,76,66,10335
Saïd Benrahma,Benrahma,LW++,OL,Algeria,Ligue 1 Uber Eats,78,73,75,75,82,40,57,10335
Ramy Bensebaini,Bensebaini,LB++,Borussia Dortmund,Algeria,Bundesliga,78,75,70,70,75,78,77,10335
Nabil Bentaleb,Bentaleb,CDM++,LOSC Lille,Algeria,Ligue 1 Uber Eats,78,52,72,77,79,71,75,10335
Mergim Berisha,Berisha,ST++,TSG Hoffenheim,Germany,Bundesliga,78,71,79,72,75,37,72,10335
Jan-Niklas Beste,Beste,LM++,SL Benfica,Germany,Liga Portugal,78,78,72,79,76,60,64,10335
Veljko Birmančević,Birmančević,RW++,Sparta Praha,Serbia,Česká Liga,78,78,73,74,81,38,59,10335
Norberto Murara Neto,Neto,GK++,Arsenal,Brazil,Premier League,78,80,72,73,82,53,76,10335
Kurt Zouma,Zouma,CB++,Al Orobah,France,ROSHN Saudi League,78,52,51,61,56,78,82,9540
Sam Johnstone,Johnstone,GK++,Wolves,England,Premier League,78,79,79,69,80,41,76,10335
Rick Karsdorp,Karsdorp,RB++,PSV,Netherlands,Eredivisie,78,81,63,74,76,73,80,10335
Sofyan Amrabat,Amrabat,CDM++,Fenerbahçe,Morocco,Trendyol Süper Lig,78,65,69,73,75,74,80,10335
Joan Jordán Moreno,Joan Jordán,CM++,D. Alavés,Spain,LALIGA EA SPORTS,78,54,75,78,75,69,75,10335
Daniel Castelo Podence,Daniel Podence,LM++,Al Shabab,Portugal,ROSHN Saudi League,78,84,66,71,84,33,49,9540
Trevoh Chalobah,Chalobah,CB++,Crystal Palace,England,Premier League,78,67,50,67,67,78,78,10335
Tammy Abraham,Abraham,ST++,Milano FC,England,Serie A TIM,78,78,76,65,75,36,77,10335
Antonín Barák,Barák,CM++,Kasımpaşa,Czechia,Trendyol Süper Lig,78,69,77,79,79,65,73,10335
Scott McTominay,McTominay,CDM++,SSC Napoli,Scotland,Serie A TIM,78,55,78,71,73,75,84,10335
Alexis Saelemaekers,Saelemaekers,LM++,AS Roma,Belgium,Serie A TIM,78,80,67,75,81,64,64,10335
Cameron Puertas,Puertas,CM++,Al Qadisiyah,Spain,ROSHN Saudi League,78,74,75,79,79,69,75,11130
Francisco F. da Conceição,Francisco Conceição,RM++,Juventus,Portugal,Serie A TIM,78,87,67,71,83,36,50,9540
Emiliano Buendía,Buendía,RM++,Leverkusen,Argentina,Bundesliga,78,69,74,80,82,66,66,10335
Mergim Berisha,Berisha,ST++,FC Augsburg,Germany,Bundesliga,78,71,79,72,75,37,72,10335
Lilian Brassier,Brassier,CB++,Stade Rennais FC,France,Ligue 1 Uber Eats,78,69,37,65,69,79,75,9540
Juan Miguel Jiménez López,Juanmi,LM++,Getafe CF,Spain,LALIGA EA SPORTS,78,78,77,71,80,31,62,9540
Stefan Posch,Posch,RB++,Bergamo Calcio,Austria,Serie A TIM,78,75,55,68,65,79,75,10335
Cristian Arango,Arango,ST++,SJ Earthquakes,Colombia,MLS,78,75,79,71,77,36,74,10335
Mathew Ryan,Ryan,GK++,RC Lens,Australia,Ligue 1 Uber Eats,78,76,78,80,79,52,77,10335
Andreas Skov Olsen,Skov Olsen,RM++,VfL Wolfsburg,Denmark,Bundesliga,78,86,78,73,79,39,70,10335
Ander Herrera Agüera,Ander Herrera,CM++,Boca Juniors,Spain,Sudamericana,78,59,71,78,78,79,74,10335
Kobbie Mainoo,Mainoo,CDM++,Manchester Utd,England,Premier League,77,74,66,74,81,73,72,8190
Enzo Le Fée,Le Fée,CM++,AS Roma,France,Serie A TIM,77,63,57,78,80,62,57,7560
Matías Soulé,Soulé,RM++,AS Roma,Argentina,Serie A TIM,77,75,69,74,81,36,56,7560
Mathías Olivera,Olivera,LB++,SSC Napoli,Uruguay,Serie A TIM,77,71,50,68,71,75,73,8190
Andrea Cambiaso,Cambiaso,RB++,Juventus,Italy,Serie A TIM,77,78,61,76,77,72,66,8190
Janis Blaswich,Blaswich,GK++,RB Salzburg,Germany,Ö. Bundesliga,77,77,75,70,80,43,76,8190
Vincent Aboubakar,Aboubakar,ST++,Beşiktaş,Cameroon,Trendyol Süper Lig,77,70,79,71,77,36,78,8190
Tyler Adams,Adams,CDM++,AFC Bournemouth,United States,Premier League,77,77,50,68,72,77,74,8190
Yacine Adli,Adli,CDM++,Milano FC,France,Serie A TIM,77,70,69,80,77,71,70,8190
Emmanuel Agbadou,Agbadou,CB++,Stade de Reims,Côte d'Ivoire,Ligue 1 Uber Eats,77,63,47,55,60,76,83,7560
Julen Agirrezabala,Agirrezabala,GK++,Athletic Club,Spain,LALIGA EA SPORTS,77,78,75,73,75,32,79,8190
Ruben Aguilar,Aguilar,RB++,RC Lens,France,Ligue 1 Uber Eats,77,71,53,70,75,73,76,8190
Kerem Aktürkoğlu,Aktürkoğlu,LM++,Galatasaray,Türkiye,Trendyol Süper Lig,77,86,72,71,78,35,56,7560
Omar Alderete,Alderete,CB++,Getafe CF,Paraguay,LALIGA EA SPORTS,77,63,61,62,69,78,78,8190
Luís Manuel Arantes Maximiano,Luís Maximiano,GK++,UD Almería,Portugal,LALIGA HYPERMOTION,77,77,75,72,79,55,72,8190
Gabriel Armando de Abreu,Gabriel Paulista,CB++,Beşiktaş,Brazil,Trendyol Süper Lig,77,63,49,66,62,78,76,7560
Franco Armani,Armani,GK++,River Plate,Argentina,Libertadores,77,74,76,68,80,46,79,8190
Loïc Badé,Badé,CB++,Sevilla FC,France,LALIGA EA SPORTS,77,55,45,56,63,77,77,7560
Anastasios Bakasetas,Bakasetas,CAM++,Panathinaikos,Greece,Hellas Liga,77,68,80,76,77,59,76,8190
Ridle Baku,Baku,RB++,VfL Wolfsburg,Germany,Bundesliga,77,82,72,73,81,71,76,8820
Iván Balliu,Balliu,RB++,Rayo Vallecano,Albania,LALIGA EA SPORTS,77,81,51,70,74,72,71,8190
Folarin Balogun,Balogun,ST++,AS Monaco,United States,Ligue 1 Uber Eats,77,84,77,62,77,23,69,7560
Jonathan Bamba,Bamba,LM++,RC Celta,Côte d'Ivoire,LALIGA EA SPORTS,77,83,73,73,79,39,67,8190
Igor Guilherme Barbosa da Paixão,Igor Paixão,LW++,Feyenoord,Brazil,Eredivisie,77,85,73,72,79,32,66,8190
Michy Batshuayi,Batshuayi,ST++,Galatasaray,Belgium,Trendyol Süper Lig,77,78,78,64,75,36,79,8190
Federico Bernardeschi,Bernardeschi,RW++,Toronto FC,Italy,MLS,77,76,73,77,81,54,67,8190
Sam Beukema,Beukema,CB++,Bologna,Netherlands,Serie A TIM,77,49,55,60,62,78,76,7560
Justin Bijlow,Bijlow,GK++,Feyenoord,Netherlands,Eredivisie,77,80,75,77,77,48,74,8190
Philip Billing,Billing,CM++,AFC Bournemouth,Denmark,Premier League,77,50,77,73,73,72,80,8190
Ludovic Blas,Blas,RM++,Stade Rennais FC,France,Ligue 1 Uber Eats,77,73,77,76,79,58,64,8190
Jérémie Boga,Boga,LW++,OGC Nice,Côte d'Ivoire,Ligue 1 Uber Eats,77,85,70,72,82,39,64,8190
Willy Boly,Boly,CB++,Nott'm Forest,Côte d'Ivoire,Premier League,77,34,36,60,58,77,78,7560
Santiago Bueno,Bueno,CB++,Wolves,Uruguay,Premier League,77,50,31,56,56,78,78,7560
Jean Butez,Butez,GK++,Royal Antwerp FC,France,1A Pro League,77,76,76,78,78,49,77,8190
Vitaliy Buyalskyi,Buyalskyi,CAM++,Dynamo Kyiv,Ukraine,Ukrayina Liha,77,74,71,74,78,68,56,8190
Uğurcan Çakır,Çakır,GK++,Trabzonspor,Türkiye,Trendyol Süper Lig,77,78,76,74,73,54,80,8190
Dominic Calvert-Lewin,Calvert-Lewin,ST++,Everton,England,Premier League,77,75,74,63,73,39,76,8190
Gianluca Caprari,Caprari,CAM++,Monza,Italy,Serie A TIM,77,77,74,76,80,36,49,7560
Tiago Carvalho Santos,Tiago Santos,RB++,LOSC Lille,Portugal,Ligue 1 Uber Eats,77,83,56,71,77,72,66,8190
Nicolò Casale,Casale,CB++,Latium,Italy,Serie A TIM,77,74,53,66,68,77,77,8190
Timothy Castagne,Castagne,RB++,Fulham,Belgium,Premier League,77,72,57,71,73,74,72,8190
Gaetano Castrovilli,Castrovilli,CM++,Latium,Italy,Serie A TIM,77,69,67,76,82,66,65,8190
Danilo Cataldi,Cataldi,CDM++,Latium,Italy,Serie A TIM,77,68,71,77,78,73,71,8190
Edinson Cavani,Cavani,ST++,Boca Juniors,Uruguay,Sudamericana,77,52,80,68,71,51,71,7560
Julian Chabot,Chabot,CB++,VfB Stuttgart,Germany,Bundesliga,77,51,29,44,56,78,83,7560
Farès Chaïbi,Chaïbi,CAM++,Frankfurt,Algeria,Bundesliga,77,75,70,77,77,68,73,8190
Brendan Chardonnet,Chardonnet,CB++,Stade Brestois 29,France,Ligue 1 Uber Eats,77,48,46,54,60,78,76,7560
Jasper Cillessen,Cillessen,GK++,UD Las Palmas,Netherlands,LALIGA EA SPORTS,77,76,76,73,76,54,77,8190
Patrick Ciurria,Ciurria,RM++,Monza,Italy,Serie A TIM,77,81,72,77,77,53,58,8190
Levi Colwill,Colwill,CB++,Chelsea,England,Premier League,77,69,40,68,68,77,77,7560
Lewis Cook,Cook,CDM++,AFC Bournemouth,England,Premier League,77,60,62,75,77,73,68,8190
Domilson Cordeiro dos Santos,Dodô,RB++,Fiorentina,Brazil,Serie A TIM,77,85,59,73,78,71,70,8190
Evander da Silva Ferreira,Evander,CAM++,Portland Timbers-Thorns,Brazil,MLS,77,72,73,77,80,66,70,8190
Thijs Dallinga,Dallinga,ST++,Bologna,Netherlands,Serie A TIM,77,72,77,65,72,30,67,7560
Arnaut Danjuma,Danjuma,ST++,Villarreal CF,Netherlands,LALIGA EA SPORTS,77,83,75,74,80,44,67,8190
Craig Dawson,Dawson,CB++,Wolves,England,Premier League,77,34,47,62,54,79,75,7560
Rodinei Marcelo de Almeida,Rodinei,RB++,Olympiacos FC,Brazil,Hellas Liga,77,81,61,69,77,70,71,8190
Jorge de Frutos Sebastián,De Frutos,RM++,Rayo Vallecano,Spain,LALIGA EA SPORTS,77,83,71,72,78,41,64,8190
Vanderson de Oliveira Campos,Vanderson,RB++,AS Monaco,Brazil,Ligue 1 Uber Eats,77,77,62,74,77,72,71,8190
Raúl De Tomás Gómez,Raúl De Tomás,ST++,Rayo Vallecano,Spain,LALIGA EA SPORTS,77,74,76,76,78,40,72,8190
Kiril Despodov,Despodov,RM++,PAOK FC,Bulgaria,Hellas Liga,77,89,77,71,76,29,66,8190
Bafodé Diakité,Diakité,CB++,LOSC Lille,France,Ligue 1 Uber Eats,77,75,41,63,70,76,77,8190
Álvaro Djaló Dias Fernandes,Álvaro Djaló,RM++,Athletic Club,Spain,LALIGA EA SPORTS,77,90,70,71,80,50,59,8190
Lucas Martínez Quarta,Martínez Quarta,CB++,Fiorentina,Argentina,Serie A TIM,77,56,56,69,70,76,78,8190
Dwight McNeil,McNeil,LM++,Everton,England,Premier League,77,68,73,77,78,55,68,8190
Luis Milla Manzanares,Luis Milla,CM++,Getafe CF,Spain,LALIGA EA SPORTS,77,68,72,77,74,75,73,8190
Enzo Millot,Millot,CAM++,VfB Stuttgart,France,Bundesliga,77,75,69,74,81,61,57,8190
Rafael Mir Vicente,Rafa Mir,ST++,Valencia CF,Spain,LALIGA EA SPORTS,77,76,77,66,72,45,79,8190
Tyrick Mitchell,Mitchell,LB++,Crystal Palace,England,Premier League,77,75,41,62,73,76,69,7560
Alberto Moleiro González,Moleiro,LM++,UD Las Palmas,Spain,LALIGA EA SPORTS,77,83,66,73,81,51,62,8190
Lorenzo Montipò,Montipò,GK++,Hellas Verona,Italy,Serie A TIM,77,75,73,69,83,42,75,8190
Cristhian Mosquera Ibargüen,Mosquera,CB++,Valencia CF,Spain,LALIGA EA SPORTS,77,76,46,60,56,79,77,7560
Youssoufa Moukoko,Moukoko,ST++,Borussia Dortmund,Germany,Bundesliga,77,77,76,59,80,34,67,7560
João Filipe Moutinho,João Moutinho,CM++,SC Braga,Portugal,Liga Portugal,77,39,67,80,75,68,63,7560
Yvon Mvogo,Mvogo,GK++,FC Lorient,Switzerland,Ligue 2 BKT,77,78,77,74,77,42,76,8190
Vitaliy Mykolenko,Mykolenko,LB++,Everton,Ukraine,Premier League,77,75,51,65,61,76,69,7560
Wendell Nascimento Borges,Wendell,LB++,FC Porto,Brazil,Liga Portugal,77,82,57,72,76,71,73,8190
Evan Ndicka,Ndicka,CB++,AS Roma,Côte d'Ivoire,Serie A TIM,77,74,53,68,69,77,77,8190
João Mário Neto Lopes,João Mário,RB++,FC Porto,Portugal,Liga Portugal,77,85,63,72,77,69,67,8190
Lukas Nmecha,Nmecha,ST++,VfL Wolfsburg,Germany,Bundesliga,77,76,77,66,77,40,77,8190
Christian Nørgaard,Nørgaard,CDM++,Brentford,Denmark,Premier League,77,52,60,70,69,76,78,8190
Unai Núñez Gestoso,Unai Núñez,CB++,RC Celta,Spain,LALIGA EA SPORTS,77,69,24,51,51,77,78,7560
David Ospina,Ospina,GK++,Atl. Nacional,Colombia,Liga Colombia,77,77,74,78,80,53,80,8190
Aitor Paredes Casamichana,Aitor Paredes,CB++,Athletic Club,Spain,LALIGA EA SPORTS,77,72,36,49,56,78,75,7560
Bruno Petković,Petković,ST++,Dinamo Zagreb,Croatia,Liga Hrvatska,77,72,74,78,78,40,76,8190
Germán Pezzella,Pezzella,CB++,River Plate,Argentina,Libertadores,77,54,49,52,57,79,75,7560
Kalvin Phillips,Phillips,CDM++,Ipswich,England,Premier League,77,58,65,73,73,75,74,8190
Alassane Plea,Plea,ST++,M'gladbach,France,Bundesliga,77,66,77,79,79,39,71,8190
Yussuf Poulsen,Poulsen,ST++,RB Leipzig,Denmark,Bundesliga,77,72,71,67,74,56,80,8190
Juan Fernando Quintero,Quintero,CAM++,Racing Club,Colombia,Sudamericana,77,62,76,79,81,41,54,7560
Luiz Felipe Ramos Marchi,Luiz Felipe,CB++,Al Ittihad,Italy,ROSHN Saudi League,77,72,29,61,68,77,75,7560
Arthur Henrique Ramos Oliveira Melo,Arthur,CDM++,Juventus,Brazil,Serie A TIM,77,59,65,79,83,71,65,8190
Sergio Reguilón Rodríguez,Reguilón,LB++,Spurs,Spain,Premier League,77,82,58,73,77,73,67,8190
Domingos André Ribeiro Almeida,André Almeida,CM++,Valencia CF,Portugal,LALIGA EA SPORTS,77,72,66,78,79,67,63,8190
Samuele Ricci,Ricci,CDM++,Torino,Italy,Serie A TIM,77,73,55,72,78,73,68,8190
Ricardo Rodríguez,Rodríguez,CB++,Real Betis,Switzerland,LALIGA EA SPORTS,77,70,69,79,76,79,74,8190
Youssouf Sabaly,Sabaly,RB++,Real Betis,Senegal,LALIGA EA SPORTS,77,78,54,65,74,74,71,8190
Umar Sadiq,Sadiq,ST++,Real Sociedad,Nigeria,LALIGA EA SPORTS,77,83,76,60,72,30,76,7560
Matvey Safonov,Safonov,GK++,Paris SG,Russia,Ligue 1 Uber Eats,77,78,74,75,80,44,77,8190
Roland Sallai,Sallai,RM++,SC Freiburg,Hungary,Bundesliga,77,74,71,71,79,38,70,8190
Antonio Sanabria,Sanabria,ST++,Torino,Paraguay,Serie A TIM,77,75,75,69,80,32,60,7560
Ibrahim Sangaré,Sangaré,CDM++,Nott'm Forest,Côte d'Ivoire,Premier League,77,60,65,72,72,77,83,8190
Baptiste Santamaria,Santamaria,CDM++,Stade Rennais FC,France,Ligue 1 Uber Eats,77,42,67,73,74,73,73,8190
Marcos Leonardo Santos Almeida,Marcos Leonardo,ST++,SL Benfica,Brazil,Liga Portugal,77,76,77,53,74,26,67,7560
Daniel Santos Bragança,Daniel Bragança,CM++,Sporting CP,Portugal,Liga Portugal,77,80,69,76,80,65,61,8190
Pablo Sarabia García,Pablo Sarabia,CAM++,Wolves,Spain,Premier League,77,69,73,79,79,57,58,8190
Marvin Schwäbe,Schwäbe,GK++,1. FC Köln,Germany,Bundesliga 2,77,77,74,75,81,47,74,8190
Nicolas Seiwald,Seiwald,CDM++,RB Leipzig,Austria,Bundesliga,77,73,62,73,74,74,75,8190
Matz Sels,Sels,GK++,Nott'm Forest,Belgium,Premier League,77,76,76,79,77,36,77,8190
Suat Serdar,Serdar,CM++,Hellas Verona,Germany,Serie A TIM,77,68,71,73,79,73,76,8190
Giovanni Simeone,Simeone,ST++,SSC Napoli,Argentina,Serie A TIM,77,71,79,63,73,41,74,8190
Luis Sinisterra,Sinisterra,LM++,AFC Bournemouth,Colombia,Premier League,77,88,71,69,82,52,51,8190
Oliver Skipp,Skipp,CDM++,Leicester City,England,Premier League,77,61,47,68,71,75,70,7560
Emile Smith Rowe,Smith Rowe,LM++,Fulham,England,Premier League,77,76,71,74,80,43,61,8190
Florian Sotoca,Sotoca,ST++,RC Lens,France,Ligue 1 Uber Eats,77,73,75,75,73,50,81,8190
Marco Sportiello,Sportiello,GK++,Milano FC,Italy,Serie A TIM,77,76,74,75,77,44,80,8190
Josip Stanišić,Stanišić,RB++,FC Bayern München,Croatia,Bundesliga,77,73,44,65,69,78,74,8190
Calvin Stengs,Stengs,CAM++,Feyenoord,Netherlands,Eredivisie,77,71,69,78,78,54,66,8190
Kevin Stöger,Stöger,CAM++,M'gladbach,Austria,Bundesliga,77,57,71,81,77,64,62,8190
Heorhii Sudakov,Sudakov,CAM++,Shakhtar Donetsk,Ukraine,Ukrayina Liha,77,78,73,74,80,58,69,8190
Yukinari Sugawara,Sugawara,RB++,Southampton,Japan,Premier League,77,82,54,76,73,71,71,8190
Mattias Svanberg,Svanberg,CM++,VfL Wolfsburg,Sweden,Bundesliga,77,81,69,75,77,63,73,8190
Arthur Theate,Theate,CB++,Frankfurt,Belgium,Bundesliga,77,71,40,55,59,78,80,7560
Lucas Torró Marset,Lucas Torró,CDM++,CA Osasuna,Spain,LALIGA EA SPORTS,77,44,63,69,68,75,75,7560
Óscar Trejo,Trejo,CAM++,Rayo Vallecano,Argentina,LALIGA EA SPORTS,77,64,75,77,80,70,77,8190
Adrien Truffert,Truffert,LB++,Stade Rennais FC,France,Ligue 1 Uber Eats,77,76,57,71,75,73,69,8190
Konstantinos Tsimikas,Tsimikas,LB++,Liverpool,Greece,Premier League,77,80,57,74,75,73,78,8190
Martin Valjent,Valjent,CB++,RCD Mallorca,Slovakia,LALIGA EA SPORTS,77,63,36,59,65,78,83,7560
Sepp van den Berg,van den Berg,CB++,Brentford,Netherlands,Premier League,77,76,36,63,66,78,76,7560
Jamie Vardy,Vardy,ST++,Leicester City,England,Premier League,77,74,78,69,72,52,66,8190
Mikel Vesga Arruti,Vesga,CM++,Athletic Club,Spain,LALIGA EA SPORTS,77,45,74,74,65,76,81,8190
Wout Weghorst,Weghorst,ST++,Burnley,Netherlands,EFL Championship,77,59,76,61,68,58,86,8190
Mitchell Weiser,Weiser,RB++,SV Werder Bremen,Germany,Bundesliga,77,79,63,73,81,70,71,8190
Joe Willock,Willock,CM++,Newcastle Utd,England,Premier League,77,77,72,73,80,72,69,8190
Patrick Wimmer,Wimmer,RM++,VfL Wolfsburg,Austria,Bundesliga,77,80,69,71,81,49,70,8190
Maximilian Wöber,Wöber,CB++,Leeds United,Austria,EFL Championship,77,65,52,67,65,78,78,8190
İsmail Yüksek,Yüksek,CDM++,Fenerbahçe,Türkiye,Trendyol Süper Lig,77,74,60,71,72,74,77,8190
Illia Zabarnyi,Zabarnyi,CB++,AFC Bournemouth,Ukraine,Premier League,77,63,37,62,61,78,76,7560
Dan-Axel Zagadou,Zagadou,CB++,VfB Stuttgart,France,Bundesliga,77,55,34,60,51,77,80,7560
Nicola Zalewski,Zalewski,LM++,AS Roma,Poland,Serie A TIM,77,85,64,74,79,64,59,8190
Issa Diop,Diop,CB++,Fulham,France,Premier League,77,57,37,53,55,77,80,7560
Yehvann Diouf,Diouf,GK++,Stade de Reims,France,Ligue 1 Uber Eats,77,77,75,73,78,45,75,8190
Dakonam Djené,Djené,CB++,Getafe CF,Togo,LALIGA EA SPORTS,77,68,42,67,68,77,77,7560
Nicolás Domínguez,Domínguez,CDM++,Nott'm Forest,Argentina,Premier League,77,69,65,72,76,72,77,8190
Igor Julio dos Santos de Paulo,Igor,CB++,Brighton,Brazil,Premier League,77,67,37,57,58,77,85,7560
Alfie Doughty,Doughty,LB++,Luton Town,England,EFL Championship,77,82,54,75,71,71,67,8190
Anders Dreyer,Dreyer,RW++,RSC Anderlecht,Denmark,1A Pro League,77,78,78,74,77,42,65,8190
Sebastián Driussi,Driussi,CAM++,Austin FC,Argentina,MLS,77,82,78,73,76,32,72,8190
Marvin Ducksch,Ducksch,ST++,SV Werder Bremen,Germany,Bundesliga,77,63,78,77,75,35,66,7560
Niclas Eliasson,Eliasson,RM++,AEK Athens,Sweden,Hellas Liga,77,88,66,76,77,41,65,8190
Breel Embolo,Embolo,ST++,AS Monaco,Switzerland,Ligue 1 Uber Eats,77,78,77,70,74,51,80,8190
José Ángel Esmoris Tasende,Angeliño,LB++,AS Roma,Spain,Serie A TIM,77,63,70,81,81,73,66,8190
Łukasz Fabiański,Fabiański,GK++,West Ham,Poland,Premier League,77,77,78,68,76,49,77,8190
Romain Faivre,Faivre,RM++,Stade Brestois 29,France,Ligue 1 Uber Eats,77,71,73,76,80,62,65,8190
Aitor Fernández,Aitor,GK++,CA Osasuna,Spain,LALIGA EA SPORTS,77,77,74,68,80,56,76,8190
Ignacio Fernández,Fernández,CAM++,River Plate,Argentina,Libertadores,77,64,74,77,79,67,68,8190
João Pedro Ferreira Silva,Jota Silva,RM++,Nott'm Forest,Portugal,Premier League,77,83,72,69,76,44,74,8190
Fábio Daniel Ferreira Vieira,Fábio Vieira,CAM++,Arsenal,Portugal,Premier League,77,71,72,78,78,51,53,8190
Patricio Gabarrón Gil,Patric,CB++,Latium,Spain,Serie A TIM,77,63,53,69,71,78,72,8190
Matteo Gabbia,Gabbia,CB++,Milano FC,Italy,Serie A TIM,77,48,35,52,58,79,75,7560
Gonçalo Manuel Ganchinho Guedes,Gonçalo Guedes,ST++,Wolves,Portugal,Premier League,77,83,79,71,81,37,68,8190
Samuel Gigot,Gigot,CB++,OM,France,Ligue 1 Uber Eats,77,62,38,62,60,77,81,7560
Norberto Gomes Betuncal,Beto,ST++,Everton,Portugal,Premier League,77,79,76,58,70,25,85,7560
Nicolás González Iglesias,Nico González,CDM++,FC Porto,Spain,Liga Portugal,77,66,63,73,75,72,80,8190
Marcelo Grohe,Marcelo Grohe,GK++,Al Kholood,Brazil,ROSHN Saudi League,77,75,75,66,83,39,76,8190
Quilindschy Hartman,Hartman,LM++,Feyenoord,Netherlands,Eredivisie,77,80,53,77,74,72,77,8190
Hans Hateboer,Hateboer,RB++,Stade Rennais FC,Netherlands,Ligue 1 Uber Eats,77,76,63,71,75,74,75,8190
Thorgan Hazard,Hazard,LW++,RSC Anderlecht,Belgium,1A Pro League,77,71,74,78,82,53,66,8190
Bryan Heynen,Heynen,CM++,KRC Genk,Belgium,1A Pro League,77,62,73,75,75,73,77,8190
Santiago Hezze,Hezze,CDM++,Olympiacos FC,Argentina,Hellas Liga,77,67,62,67,71,75,77,8190
Callum Hudson-Odoi,Hudson-Odoi,LM++,Nott'm Forest,England,Premier League,77,82,72,73,80,48,60,8190
Jonathan Ikoné,Ikoné,RW++,Fiorentina,France,Serie A TIM,77,89,67,72,83,35,58,8190
Ivan Ilić,Ilić,CM++,Torino,Serbia,Serie A TIM,77,68,72,77,78,68,69,8190
Asier Illarramendi,Illarramendi,CM++,FC Dallas,Spain,MLS,77,41,69,76,75,75,67,8190
Fotis Ioannidis,Ioannidis,ST++,Panathinaikos,Greece,Hellas Liga,77,75,76,60,76,25,74,7560
Alex Iwobi,Iwobi,RM++,Fulham,Nigeria,Premier League,77,75,65,72,80,56,75,8190
Vincent Janssen,Janssen,ST++,Royal Antwerp FC,Netherlands,1A Pro League,77,69,76,69,72,48,88,8190
Mathias Jensen,Jensen,CM++,Brentford,Denmark,Premier League,77,67,64,79,75,69,74,8190
Filip Jörgensen,Jörgensen,GK++,Chelsea,Denmark,Premier League,77,75,76,77,77,41,78,8190
João Pedro Junqueira de Jesus,João Pedro,ST++,Brighton,Brazil,Premier League,77,77,77,67,79,28,62,7560
Saša Kalajdžić,Kalajdžić,ST++,Wolves,Austria,Premier League,77,51,75,68,71,46,68,7560
Arnaud Kalimuendo,Kalimuendo,ST++,Stade Rennais FC,France,Ligue 1 Uber Eats,77,80,76,60,78,29,67,7560
Caoimhin Kelleher,Kelleher,GK++,Liverpool,Republic of Ireland,Premier League,77,76,74,77,78,43,76,8190
Milos Kerkez,Kerkez,LB++,AFC Bournemouth,Hungary,Premier League,77,83,55,70,75,70,75,8190
Maximilian Kilman,Kilman,CB++,West Ham,England,Premier League,77,61,42,66,64,77,78,7560
Tim Kleindienst,Kleindienst,ST++,M'gladbach,Germany,Bundesliga,77,67,79,56,68,39,87,7560
Ladislav Krejčí,Krejčí,CB++,Girona FC,Czechia,LALIGA EA SPORTS,77,67,67,67,69,74,85,8190
Benjamin Lecomte,Lecomte,GK++,Montpellier,France,Ligue 1 Uber Eats,77,76,75,77,76,41,75,8190
Florian Lejeune,Lejeune,CB++,Rayo Vallecano,France,LALIGA EA SPORTS,77,48,57,64,65,77,70,7560
Iñigo Lekue Martínez,Lekue,RB++,Athletic Club,Spain,LALIGA EA SPORTS,77,82,62,70,73,73,75,8190
Francisco L. Lima Silva Machado,Chiquinho,CM++,Olympiacos FC,Portugal,Hellas Liga,77,74,74,77,77,66,70,8190
Diego Javier Llorente Ríos,Diego Llorente,CB++,Real Betis,Spain,LALIGA EA SPORTS,77,64,40,63,67,78,76,7560
Bradley Locko,Locko,LB++,Stade Brestois 29,France,Ligue 1 Uber Eats,77,75,51,64,73,75,70,8190
Renan Augusto Lodi dos Santos,Renan Lodi,LB++,Al Hilal,Brazil,ROSHN Saudi League,77,79,67,75,76,72,73,8190
Lucas Lopes Beraldo,Lucas Beraldo,CB++,Paris SG,Brazil,Ligue 1 Uber Eats,77,68,38,65,67,76,74,7560
Jhon Lucumí,Lucumí,CB++,Bologna,Colombia,Serie A TIM,77,66,37,62,61,78,78,7560
Sebastiano Luperto,Luperto,CB++,Cagliari,Italy,Serie A TIM,77,64,48,59,63,79,73,7560
André Filipe Luz Horta,André Horta,CM++,SC Braga,Portugal,Liga Portugal,77,73,70,76,78,67,71,8190
Radosław Majecki,Majecki,GK++,AS Monaco,Poland,Ligue 1 Uber Eats,77,77,74,71,78,31,75,8190
Ruslan Malinovskyi,Malinovskyi,CM++,Genoa,Ukraine,Serie A TIM,77,67,79,79,77,63,79,8190
Rolando Mandragora,Mandragora,CDM++,Fiorentina,Italy,Serie A TIM,77,46,66,75,75,74,74,8190
Guillermo Maripán,Maripán,CB++,AS Monaco,Chile,Ligue 1 Uber Eats,77,33,42,58,53,78,78,7560
Danilo Cataldi,Cataldi,CDM++,Fiorentina,Italy,Serie A TIM,77,68,71,77,78,73,71,8190
Guillermo Maripán,Maripán,CB++,Torino,Chile,Serie A TIM,77,33,42,58,53,78,78,7560
Samuel Gigot,Gigot,CB++,Latium,France,Serie A TIM,77,62,38,62,60,77,81,7560
Wout Weghorst,Weghorst,ST++,Ajax,Netherlands,Eredivisie,77,59,76,61,68,58,86,8190
Arnaut Danjuma,Danjuma,ST++,Girona FC,Netherlands,LALIGA EA SPORTS,77,83,75,74,80,44,67,8190
Nicolò Casale,Casale,CB++,Bologna,Italy,Serie A TIM,77,74,53,66,68,77,77,8190
Youssoufa Moukoko,Moukoko,ST++,OGC Nice,Germany,Ligue 1 Uber Eats,77,77,76,59,80,34,67,7560
Unai Núñez Gestoso,Unai Núñez,CB++,Athletic Club,Spain,LALIGA EA SPORTS,77,69,24,51,51,77,78,7560
Yacine Adli,Adli,CDM++,Fiorentina,France,Serie A TIM,77,70,69,80,77,71,70,8190
Fábio Daniel Ferreira Vieira,Fábio Vieira,CAM++,FC Porto,Portugal,Liga Portugal,77,71,72,78,78,51,53,8190
Kerem Aktürkoğlu,Aktürkoğlu,LM++,SL Benfica,Türkiye,Liga Portugal,77,86,72,71,78,35,56,7560
Marcos Leonardo Santos Almeida,Marcos Leonardo,ST++,Al Hilal,Brazil,ROSHN Saudi League,77,76,77,53,74,26,67,7560
Vincent Aboubakar,Aboubakar,ST++,Hatayspor,Cameroon,Trendyol Süper Lig,77,70,79,71,77,36,78,8190
Roland Sallai,Sallai,RM++,Galatasaray,Hungary,Trendyol Süper Lig,77,74,71,71,79,38,70,8190
Norberto Gomes Betuncal,Beto,ST++,Everton,Guinea-Bissau,Premier League,77,79,76,58,70,25,85,7560
Boufal,Boufal,CAM++,R. Union St.-G.,Morocco,1A Pro League,77,76,71,75,82,30,55,7560
Fajr,Fajr,CDM++,Al Taawoun,Morocco,ROSHN Saudi League,77,59,73,80,77,69,72,8190
Pozuelo Melero,Pozuelo,CAM++,Al Fayha,Spain,ROSHN Saudi League,77,61,72,79,80,53,66,8190
Alonso Mendoza,Marcos Alonso,LB++,RC Celta,Spain,LALIGA EA SPORTS,77,50,74,80,75,77,73,8190
André Filipe Luz Horta,André Horta,CM++,Olympiacos FC,Portugal,Hellas Liga,77,73,70,76,78,67,71,8190
Enzo Le Fée,Le Fée,CM++,Sunderland,France,EFL Championship,77,63,57,78,80,62,57,7560
Philip Billing,Billing,CM++,SSC Napoli,Denmark,Serie A TIM,77,50,77,73,73,72,80,8190
Baptiste Santamaria,Santamaria,CDM++,OGC Nice,France,Ligue 1 Uber Eats,77,42,67,73,74,73,73,8190
Arthur Henrique Ramos Oliveira Melo,Arthur,CDM++,Girona FC,Brazil,LALIGA EA SPORTS,77,59,65,79,83,71,65,8190
Nicola Zalewski,Zalewski,LM++,Lombardia FC,Poland,Serie A TIM,77,85,64,74,79,64,59,8190
Jonathan Bamba,Bamba,LM++,Chicago Fire FC,Côte d'Ivoire,MLS,77,83,73,73,79,39,67,8190
Sebastián Driussi,Driussi,CAM++,River Plate,Argentina,Libertadores,77,82,78,73,76,32,72,8190
Ridle Baku,Baku,RB++,RB Leipzig,Germany,Bundesliga,77,82,72,73,81,71,76,8820
Tommaso Baldanzi,Baldanzi,CAM++,AS Roma,Italy,Serie A TIM,76,78,72,73,79,41,50,5580
Reo Hatate,Hatate,CM++,Celtic,Japan,cinch Prem,76,70,74,73,80,64,67,6045
Robin Pröpper,Pröpper,CB++,Rangers,Netherlands,cinch Prem,76,53,53,62,57,77,79,5580
Nicolò Fagioli,Fagioli,CDM++,Juventus,Italy,Serie A TIM,76,76,63,78,79,70,68,6045
Thomas Delaney,Delaney,CDM++,F.C. København,Denmark,3F Superliga,76,64,69,71,70,78,76,6045
Rico Lewis,Lewis,RB++,Manchester City,England,Premier League,76,78,54,73,81,71,57,6045
Désiré Doué,Doué,LM++,Paris SG,France,Ligue 1 Uber Eats,76,78,69,72,81,52,64,6045
Rasmus Kristensen,Kristensen,RB++,Frankfurt,Denmark,Bundesliga,76,69,65,67,71,75,77,6045
Kenny Lala,Lala,RB++,Stade Brestois 29,France,Ligue 1 Uber Eats,76,77,62,72,72,73,73,6045
Jae Sung Lee,Lee Jae Sung,CAM++,1. FSV Mainz 05,Korea Republic,Bundesliga,76,69,71,72,81,59,61,6045
Emerson Leite De Souza,Emerson Royal,RB++,Milano FC,Brazil,Serie A TIM,76,70,62,70,73,74,77,6045
Clément Lenglet,Lenglet,CB++,Atlético de Madrid,France,LALIGA EA SPORTS,76,54,45,69,64,77,74,5580
Sean Longstaff,Longstaff,CM++,Newcastle Utd,England,Premier League,76,56,68,73,73,73,71,6045
Maxime Lopez,Lopez,CM++,Sassuolo,France,Serie BKT,76,67,69,77,79,65,54,6045
Fermín López Marín,Fermín,CM++,FC Barcelona,Spain,LALIGA EA SPORTS,76,74,73,68,78,62,54,6045
Diego López Noguerol,Diego López,LM++,Valencia CF,Spain,LALIGA EA SPORTS,76,79,70,71,75,37,60,5580
Tiago Rafael Maia Silva,Tiago Silva,CM++,Vitória SC,Portugal,Liga Portugal,76,71,76,76,77,64,62,6045
Arne Maier,Maier,CM++,FC Augsburg,Germany,Bundesliga,76,62,62,74,75,69,74,6045
Patrick Mainka,Mainka,CB++,Heidenheim,Germany,Bundesliga,76,55,40,51,53,78,81,5580
Tyrell Malacia,Malacia,LB++,Manchester Utd,Netherlands,Premier League,76,78,54,67,76,73,73,6045
Rey Manaj,Manaj,ST++,Sivasspor,Albania,Trendyol Süper Lig,76,68,78,63,73,31,70,5580
Aïssa Mandi,Mandi,CB++,LOSC Lille,Algeria,Ligue 1 Uber Eats,76,59,46,71,67,77,72,5580
Orel Mangala,Mangala,CM++,OL,Belgium,Ligue 1 Uber Eats,76,69,58,72,82,72,76,6045
Iván Marcano Sierra,Marcano,CB++,FC Porto,Spain,Liga Portugal,76,47,46,60,59,78,70,5580
Óscar Valentín Martín Luengo,Óscar Valentín,CDM++,Rayo Vallecano,Spain,LALIGA EA SPORTS,76,65,47,65,64,75,76,5580
Adrián Martínez,Martínez,ST++,Racing Club,Argentina,Sudamericana,76,68,76,58,70,41,82,5580
Fernando Martínez Rubio,Fernando,GK++,UD Almería,Spain,LALIGA HYPERMOTION,76,75,74,74,76,48,75,6045
Arthur Masuaku,Masuaku,LB++,Beşiktaş,Congo DR,Trendyol Süper Lig,76,78,61,73,78,70,79,6045
Clinton Mukoni Mata Pedro Lourenço,Clinton Mata,RB++,OL,Angola,Ligue 1 Uber Eats,76,78,61,68,73,74,77,6045
Azor Matusiwa,Matusiwa,CDM++,Stade Rennais FC,Netherlands,Ligue 1 Uber Eats,76,51,49,65,70,74,79,5580
Stephy Mavididi,Mavididi,LW++,Leicester City,England,Premier League,76,88,75,69,76,28,74,6045
Kevin Mbabu,Mbabu,RB++,Fulham,Switzerland,Premier League,76,84,51,67,71,73,78,6045
Óscar Melendo Jiménez,Melendo,CM++,Granada CF,Spain,LALIGA HYPERMOTION,76,77,67,77,78,60,60,6045
Quentin Merlin,Merlin,LB++,OM,France,Ligue 1 Uber Eats,76,73,59,74,75,73,64,6045
Thomas Meunier,Meunier,RB++,LOSC Lille,Belgium,Ligue 1 Uber Eats,76,68,74,72,71,74,82,6045
Yerry Mina,Mina,CB++,Cagliari,Colombia,Serie A TIM,76,32,50,55,56,77,77,5580
João Paulo Mior,João Paulo,CDM++,Sounders FC,Brazil,MLS,76,65,69,76,75,72,77,6045
Juan Miranda González,Miranda,LB++,Bologna,Spain,Serie A TIM,76,84,62,71,74,73,68,6045
Álvaro Montero,Montero,GK++,Millonarios,Colombia,Libertadores,76,75,74,69,76,43,79,6045
Gonzalo Montiel,Montiel,RB++,Sevilla FC,Argentina,LALIGA EA SPORTS,76,80,62,69,74,72,74,6045
José Luis Morales Nogales,Morales,ST++,Levante UD,Spain,LALIGA HYPERMOTION,76,78,80,74,78,52,67,6045
Alberto Moreno Pérez,Alberto Moreno,LB++,Como,Spain,Serie A TIM,76,79,69,73,76,71,68,6045
Sam Morsy,Morsy,CDM++,Ipswich,Egypt,Premier League,76,57,61,67,69,72,81,6045
Dany Mota Carvalho,Dany Mota,ST++,Monza,Portugal,Serie A TIM,76,78,76,66,78,31,63,5580
Steve Mounié,Mounié,ST++,FC Augsburg,Benin,Bundesliga,76,63,75,64,71,45,79,5580
Marshall Munetsi,Munetsi,CM++,Stade de Reims,Zimbabwe,Ligue 1 Uber Eats,76,69,69,71,72,73,80,6045
Jacob Murphy,Murphy,RW++,Newcastle Utd,England,Premier League,76,82,70,71,78,61,69,6045
Petar Musa,Musa,ST++,FC Dallas,Croatia,MLS,76,82,75,62,71,41,81,6045
Francisco José Navarro Aliaga,Fran Navarro,ST++,FC Porto,Spain,Liga Portugal,76,75,77,57,73,41,76,5580
Youssouf Ndayishimiye,Ndayishimiye,CDM++,OGC Nice,Burundi,Ligue 1 Uber Eats,76,70,49,68,72,76,80,6045
Tanguy Ndombele,Ndombele,CM++,OGC Nice,France,Ligue 1 Uber Eats,76,62,70,77,83,68,68,6045
Florian Neuhaus,Neuhaus,CM++,M'gladbach,Germany,Bundesliga,76,67,71,74,77,66,69,6045
Sikou Niakaté,Niakaté,CB++,SC Braga,Mali,Liga Portugal,76,72,39,51,64,77,80,5580
Moussa Niakhaté,Niakhaté,CB++,OL,Senegal,Ligue 1 Uber Eats,76,68,42,62,63,76,76,5580
Rasmus Nicolaisen,Nicolaisen,CB++,Toulouse FC,Denmark,Ligue 1 Uber Eats,76,49,41,57,60,76,80,5580
Eddie Nketiah,Nketiah,ST++,Arsenal,England,Premier League,76,79,74,58,78,25,66,5580
Anthony Nwakaeme,Nwakaeme,ST++,Trabzonspor,Nigeria,Trendyol Süper Lig,76,74,76,73,78,39,79,6045
Ørjan Nyland,Nyland,GK++,Sevilla FC,Norway,LALIGA EA SPORTS,76,76,75,77,75,47,74,6045
Álvaro Odriozola Arzalluz,Odriozola,RB++,Real Sociedad,Spain,LALIGA EA SPORTS,76,80,55,69,74,72,65,6045
Nick Olij,Olij,GK++,Sparta Rotterdam,Netherlands,Eredivisie,76,82,74,62,78,50,73,6045
Paul Ebere Onuachu,Onuachu,ST++,Southampton,Nigeria,Premier League,76,60,77,59,65,45,82,5580
Salih Özcan,Özcan,CDM++,Borussia Dortmund,Türkiye,Bundesliga,76,71,59,68,74,76,79,6045
Filip Panák,Panák,CB++,Sparta Praha,Czechia,Česká Liga,76,70,53,69,73,76,77,6045
Fabiano Parisi,Parisi,LB++,Fiorentina,Italy,Serie A TIM,76,77,67,70,77,72,73,6045
Strahinja Pavlović,Pavlović,CB++,Milano FC,Serbia,Serie A TIM,76,70,43,51,64,75,84,5580
Carles Pérez Sayol,Carles Pérez,RM++,Getafe CF,Spain,LALIGA EA SPORTS,76,80,74,70,80,37,63,6045
Cristian Portugues Manzanera,Portu,RM++,Girona FC,Spain,LALIGA EA SPORTS,76,82,77,73,76,56,76,6045
Beñat Prados Díaz,Beñat Prados,CM++,Athletic Club,Spain,LALIGA EA SPORTS,76,70,62,74,76,75,76,6045
Grischa Prömel,Prömel,CM++,TSG Hoffenheim,Germany,Bundesliga,76,64,73,70,73,75,80,6045
Cryzan Queiroz Barcelos,Cryzan,ST++,Shandong Taishan,Brazil,CSL,76,81,76,69,75,25,79,6045
Antonio José Raíllo Arenas,Raíllo,CB++,RCD Mallorca,Spain,LALIGA EA SPORTS,76,41,36,55,55,78,77,5580
José Manuel Reina Páez,Pepe Reina,GK++,Como,Spain,Serie A TIM,76,75,75,77,74,45,77,6045
Luiz Lúcio Reis Júnior,Luiz Júnior,GK++,Villarreal CF,Brazil,LALIGA EA SPORTS,76,76,75,69,77,30,76,6045
Salis Abdul Samed,Abdul Samed,CDM++,RC Lens,Ghana,Ligue 1 Uber Eats,76,60,49,66,69,74,79,5580
Mohammed Abu Fani,Abu Fani,CM++,Ferencvárosi TC,Israel,Magyar Liga,76,65,64,76,73,67,71,6045
Simon Adingra,Adingra,RM++,Brighton,Côte d'Ivoire,Premier League,76,88,70,69,80,30,52,5580
Michel Aebischer,Aebischer,CM++,Bologna,Switzerland,Serie A TIM,76,66,67,74,75,74,74,6045
Kristoffer Ajer,Ajer,CB++,Brentford,Norway,Premier League,76,64,56,63,70,74,82,6045
Maghnes Akliouche,Akliouche,RM++,AS Monaco,France,Ligue 1 Uber Eats,76,74,68,75,80,48,59,6045
Chuba Akpom,Akpom,ST++,Ajax,England,Eredivisie,76,77,75,59,71,32,74,5580
Rodrigo Aliendro,Aliendro,CDM++,River Plate,Argentina,Libertadores,76,70,70,74,79,72,77,6045
Stephen Antunes Eustáquio,Stephen Eustáquio,CDM++,FC Porto,Canada,Liga Portugal,76,66,66,75,73,72,73,6045
Santiago Ascacíbar,Ascacíbar,CM++,Estudiantes,Argentina,Libertadores,76,70,70,71,75,73,71,6045
Taiwo Awoniyi,Awoniyi,ST++,Nott'm Forest,Nigeria,Premier League,76,75,76,60,69,32,79,5580
Hernani Azevedo Júnior,Hernani,CDM++,Parma,Brazil,Serie A TIM,76,60,70,71,72,73,75,6045
Carlos Bacca,Bacca,ST++,Junior,Colombia,Libertadores,76,61,79,64,75,32,62,5580
Eric Bailly,Bailly,CB++,Villarreal CF,Côte d'Ivoire,LALIGA EA SPORTS,76,68,42,59,66,76,71,5580
Taison Barcellos Freda,Taison,CAM++,PAOK FC,Brazil,Hellas Liga,76,82,75,73,81,44,65,6045
Enis Bardhi,Bardhi,CAM++,Trabzonspor,North Macedonia,Trendyol Süper Lig,76,71,77,77,78,58,53,6045
Leandro Barreiro Martins,Barreiro Martins,CM++,SL Benfica,Luxembourg,Liga Portugal,76,72,63,69,79,73,64,6045
Pablo Barrios Rivas,Pablo Barrios,CM++,Atlético de Madrid,Spain,LALIGA EA SPORTS,76,76,68,72,75,69,63,6045
Musa Barrow,Barrow,LW++,Al Taawoun,Gambia,ROSHN Saudi League,76,84,73,68,76,31,64,5580
Augusto Batalla,Batalla,GK++,Rayo Vallecano,Argentina,LALIGA EA SPORTS,76,77,73,74,78,43,74,6045
Mourad Batna,Batna,RM++,Al Fateh,Morocco,ROSHN Saudi League,76,72,74,74,77,36,79,6045
Martin Baturina,Baturina,CAM++,Dinamo Zagreb,Croatia,Liga Hrvatska,76,76,70,77,81,59,67,6045
Altay Bayındır,Bayındır,GK++,Manchester Utd,Türkiye,Premier League,76,78,73,72,79,30,76,6045
Ihlas Bebou,Bebou,ST++,TSG Hoffenheim,Togo,Bundesliga,76,85,74,68,78,34,65,6045
Raoul Bellanova,Bellanova,RB++,Bergamo Calcio,Italy,Serie A TIM,76,86,32,65,73,69,72,5580
Héctor Bellerín Moruno,Héctor Bellerín,RB++,Real Betis,Spain,LALIGA EA SPORTS,76,80,51,69,76,72,64,6045
Patrick Berg,Berg,CDM++,FK Bodø/Glimt,Norway,Eliteserien,76,73,64,74,73,70,78,6045
Sander Berge,Berge,CM++,Fulham,Norway,Premier League,76,53,65,73,71,75,85,6045
Jordan Beyer,Beyer,CB++,Burnley,Germany,EFL Championship,76,72,34,63,70,76,75,5580
Hicham Boudaoui,Boudaoui,CM++,OGC Nice,Algeria,Ligue 1 Uber Eats,76,75,65,73,77,74,74,6045
Lucas Boyé,Boyé,ST++,Granada CF,Argentina,LALIGA HYPERMOTION,76,69,75,64,78,49,81,6045
Malcom Braida,Braida,LM++,San Lorenzo,Argentina,Libertadores,76,82,69,70,76,72,72,6045
Josip Brekalo,Brekalo,CAM++,Fiorentina,Croatia,Serie A TIM,76,75,72,75,81,38,54,5580
Christian Burgess,Burgess,CB++,R. Union St.-G.,England,1A Pro League,76,35,34,53,51,78,80,5580
Jonathan Burkardt,Burkardt,ST++,1. FSV Mainz 05,Germany,Bundesliga,76,75,75,67,78,43,76,6045
Rémy Cabella,Cabella,CAM++,LOSC Lille,France,Ligue 1 Uber Eats,76,68,71,76,80,40,50,5580
Mahdi Camara,Camara,CM++,Stade Brestois 29,France,Ligue 1 Uber Eats,76,61,63,72,76,75,75,6045
Jaminton Campaz,Campaz,LM++,Rosario Central,Colombia,Libertadores,76,85,72,72,77,30,55,5580
Franco Cervi,Cervi,LM++,RC Celta,Argentina,LALIGA EA SPORTS,76,88,67,72,78,55,52,6045
Pedro Chirivella Burgos,Pedro Chirivella,CDM++,FC Nantes,Spain,Ligue 1 Uber Eats,76,54,54,71,71,70,72,5580
Ryan Christie,Christie,CM++,AFC Bournemouth,Scotland,Premier League,76,76,70,75,77,71,78,6045
Geny Cipriano Catamo,Geny Catamo,RM++,Sporting CP,Mozambique,Liga Portugal,76,88,70,66,81,64,58,6045
Gustavo Cuéllar,Cuéllar,CDM++,Al Shabab,Colombia,ROSHN Saudi League,76,70,50,65,69,74,85,6045
Josh Cullen,Cullen,CDM++,Burnley,Republic of Ireland,EFL Championship,76,60,61,75,73,72,70,6045
Hugo Cuypers,Cuypers,ST++,Chicago Fire FC,Belgium,MLS,76,75,76,68,71,44,78,6045
Davidson Da Luz Pereira,Davidson,LW++,Başakşehir,Brazil,Trendyol Süper Lig,76,82,74,70,80,41,73,6045
Mahmoud Dahoud,Dahoud,CM++,Brighton,Germany,Premier League,76,64,67,75,80,65,67,6045
Ben Davies,Davies,CB++,Spurs,Wales,Premier League,76,58,58,72,72,77,72,6045
Leif Davis,Davis,LB++,Ipswich,England,Premier League,76,80,54,75,73,70,73,6045
Maxim De Cuyper,De Cuyper,LB++,Club Brugge,Belgium,1A Pro League,76,76,72,79,77,68,70,6045
Mattia De Sciglio,De Sciglio,RB++,Juventus,Italy,Serie A TIM,76,65,46,70,74,76,67,5580
João Lucas de Souza Cardoso,Johnny Cardoso,CDM++,Real Betis,United States,LALIGA EA SPORTS,76,73,66,72,75,75,67,6045
Alexsandro de Souza Ribeiro,Alexsandro,CB++,LOSC Lille,Brazil,Ligue 1 Uber Eats,76,62,31,51,53,77,78,5580
Zeno Debast,Debast,CB++,Sporting CP,Belgium,Liga Portugal,76,66,53,71,72,76,76,6045
Merih Demiral,Demiral,CB++,Al Ahli,Türkiye,ROSHN Saudi League,76,72,39,47,60,77,80,5580
Kévin Denkey,Denkey,ST++,Cercle Brugge,Togo,1A Pro League,76,75,77,54,72,29,83,5580
Mouctar Diakhaby,Diakhaby,CB++,Valencia CF,Guinea,LALIGA EA SPORTS,76,62,39,55,60,77,76,5580
Junior Dina Ebimbe,Dina Ebimbe,RM++,Frankfurt,France,Bundesliga,76,85,63,71,76,70,78,6045
Eren Dinkçi,Dinkçi,RM++,SC Freiburg,Germany,Bundesliga,76,91,75,68,75,31,59,5580
Sofiane Diop,Diop,LW++,OGC Nice,Morocco,Ligue 1 Uber Eats,76,70,70,75,81,54,53,6045
Kasper Dolberg,Dolberg,ST++,RSC Anderlecht,Denmark,1A Pro League,76,73,78,66,71,30,68,5580
Martin Dúbravka,Dúbravka,GK++,Newcastle Utd,Slovakia,Premier League,76,76,74,78,78,38,75,6045
Bilal El Khannouss,El Khannouss,CAM++,KRC Genk,Morocco,1A Pro League,76,71,60,78,81,37,56,5580
Anthony Elanga,Elanga,RM++,Nott'm Forest,Sweden,Premier League,76,87,69,68,78,39,69,6045
Nico Elvedi,Elvedi,CB++,M'gladbach,Switzerland,Bundesliga,76,73,39,63,65,77,74,5580
Wout Faes,Faes,CB++,Leicester City,Belgium,Premier League,76,52,39,55,59,77,79,5580
Abdul Fatawu,Fatawu,RW++,Leicester City,Ghana,Premier League,76,84,73,74,78,44,64,6045
Leonardo Fernández,Fernández,CAM++,Peñarol,Uruguay,Libertadores,76,78,79,76,75,44,64,6045
Valery Fernández Estrada,Valery,LM++,Girona FC,Spain,LALIGA EA SPORTS,76,87,68,70,76,67,69,6045
Alejandro Fernández Iglesias,Álex Fernández,CM++,Cádiz CF,Spain,LALIGA HYPERMOTION,76,49,70,78,71,67,63,5580
Jordan Ferri,Ferri,CDM++,Montpellier,France,Ligue 1 Uber Eats,76,52,65,74,74,70,74,6045
Nicolás Figal,Figal,CB++,Boca Juniors,Argentina,Sudamericana,76,73,44,62,68,75,80,6045
Alessandro Florenzi,Florenzi,RB++,Milano FC,Italy,Serie A TIM,76,70,76,80,79,75,56,6045
Michael Folorunsho,Folorunsho,CAM++,SSC Napoli,Italy,Serie A TIM,76,73,76,74,75,71,82,6510
Pablo Fornals Malla,Pablo Fornals,LM++,Real Betis,Spain,LALIGA EA SPORTS,76,64,70,77,76,69,71,6045
Morten Frendrup,Frendrup,CM++,Genoa,Denmark,Serie A TIM,76,78,60,66,76,73,77,6045
Daniel García Carrillo,Dani García,CM++,Olympiacos FC,Spain,Hellas Liga,76,47,63,71,70,78,84,6045
Joan García Pons,Joan García,GK++,RCD Espanyol,Spain,LALIGA EA SPORTS,76,76,75,70,76,45,74,6045
Yannick Gerhardt,Gerhardt,CM++,VfL Wolfsburg,Germany,Bundesliga,76,69,70,74,75,70,77,6045
Bryan Gil Salvatierra,Bryan Gil,LM++,Girona FC,Spain,LALIGA EA SPORTS,76,75,67,74,81,31,40,5580
Mario Gila Fuentes,Mario Gila,CB++,Latium,Spain,Serie A TIM,76,75,53,67,72,78,68,6045
Andrei Girotto,Andrei Girotto,CB++,Al Taawoun,Brazil,ROSHN Saudi League,76,49,65,67,66,77,75,5580
Pierluigi Gollini,Gollini,GK++,Genoa,Italy,Serie A TIM,76,76,74,73,78,47,76,6045
Gabriel Davi Gomes Sara,Gabriel Sara,CM++,Galatasaray,Brazil,Trendyol Süper Lig,76,74,74,77,76,59,80,6045
Edgar González Estrada,Edgar,CB++,UD Almería,Spain,LALIGA HYPERMOTION,76,65,52,64,61,76,79,5580
Andoni Gorosabel Espinosa,Gorosabel,RB++,Athletic Club,Spain,LALIGA EA SPORTS,76,74,46,70,72,74,67,6045
Jeffrey Gouweleeuw,Gouweleeuw,CB++,FC Augsburg,Netherlands,Bundesliga,76,67,58,66,64,78,71,6045
Demarai Gray,Gray,LW++,Ettifaq FC,Jamaica,ROSHN Saudi League,76,85,73,69,80,38,58,6045
Idrissa Gueye,Gueye,CDM++,Everton,Senegal,Premier League,76,60,60,66,71,78,68,6045
Robin Hack,Hack,LM++,M'gladbach,Germany,Bundesliga,76,80,74,70,79,33,60,5580
Marcel Halstenberg,Halstenberg,CB++,Hannover 96,Germany,Bundesliga 2,76,60,66,74,72,76,80,6045
Gustavo Hamer,Hamer,CM++,Sheffield Utd,Netherlands,EFL Championship,76,69,70,77,74,73,77,6045
Andreas Hanche-Olsen,Hanche-Olsen,CB++,1. FSV Mainz 05,Norway,Bundesliga,76,69,38,57,63,76,79,5580
Amine Harit,Harit,CM++,OM,Morocco,Ligue 1 Uber Eats,76,77,65,74,81,60,57,6045
Jack Harrison,Harrison,RM++,Everton,England,Premier League,76,79,71,70,78,49,69,6045
Guilherme Haubert Sityá,Guilherme Sityá,LB++,Konyaspor,Brazil,Trendyol Süper Lig,76,80,62,76,74,68,78,6045
Mads Hermansen,Hermansen,GK++,Leicester City,Denmark,Premier League,76,76,74,78,79,50,75,6045
Aridane Hernández Umpiérrez,Aridane,CB++,Rayo Vallecano,Spain,LALIGA EA SPORTS,76,43,36,54,54,76,84,5580
Guido Herrera,Herrera,GK++,Talleres,Argentina,Libertadores,76,76,74,72,76,59,75,6045
Aaron Hickey,Hickey,RB++,Brentford,Scotland,Premier League,76,74,54,70,74,74,68,6045
Adam Hložek,Hložek,ST++,TSG Hoffenheim,Czechia,Bundesliga,76,75,76,72,76,31,77,6045
Tomáš Holeš,Holeš,CB++,Slavia Praha,Czechia,Česká Liga,76,74,58,69,69,75,80,6045
Gustav Isaksen,Isaksen,RW++,Latium,Denmark,Serie A TIM,76,88,72,67,78,40,49,5580
Ko Itakura,Itakura,CB++,M'gladbach,Japan,Bundesliga,76,73,45,59,70,77,73,5580
Luka Ivanušec,Ivanušec,LW++,Feyenoord,Croatia,Eredivisie,76,65,73,72,83,58,73,6045
Mauro Jaqueson J. Ferreira Santos,Mauro Júnior,LB++,PSV,Brazil,Eredivisie,76,83,66,76,80,69,56,6045
Vitaly Janelt,Janelt,CM++,Brentford,Germany,Premier League,76,60,70,73,73,73,78,6045
Adnan Januzaj,Januzaj,RW++,UD Las Palmas,Belgium,LALIGA EA SPORTS,76,76,69,77,80,30,56,5580
Peter Vindahl Jensen,Jensen,GK++,Sparta Praha,Denmark,Česká Liga,76,77,70,79,78,36,74,6045
Josip Juranović,Juranović,RB++,Union Berlin,Croatia,Bundesliga,76,83,64,75,74,71,68,6045
Ozan Kabak,Kabak,CB++,TSG Hoffenheim,Türkiye,Bundesliga,76,63,37,59,66,74,81,5580
Pavel Kadeřábek,Kadeřábek,RB++,TSG Hoffenheim,Czechia,Bundesliga,76,67,45,71,71,72,76,6045
Florian Kainz,Kainz,CAM++,1. FC Köln,Austria,Bundesliga 2,76,71,74,77,77,44,61,6045
Kaan Kairinen,Kairinen,CM++,Sparta Praha,Finland,Česká Liga,76,64,63,77,75,68,73,6045
Jesper Karlsson,Karlsson,LW++,Bologna,Sweden,Serie A TIM,76,77,74,71,80,35,55,5580
Thilo Kehrer,Kehrer,CB++,AS Monaco,Germany,Ligue 1 Uber Eats,76,71,44,65,65,76,75,5580
Ryan Kent,Kent,LW++,Fenerbahçe,England,Trendyol Süper Lig,76,89,69,72,81,42,69,6045
Jakub Kiwior,Kiwior,LB++,Arsenal,Poland,Premier League,76,69,37,66,63,77,77,5580
Ansgar Knauff,Knauff,RM++,Frankfurt,Germany,Bundesliga,76,91,69,68,76,52,64,6045
Kouadio Manu Koné,Koné,CM++,M'gladbach,France,Bundesliga,76,72,72,73,81,69,75,6045
Dominik Kotarski,Kotarski,GK++,PAOK FC,Croatia,Hellas Liga,76,78,72,76,79,39,73,6045
Christian Kouamé,Kouamé,ST++,Fiorentina,Côte d'Ivoire,Serie A TIM,76,79,72,68,77,40,70,6045
Matěj Kovář,Kovář,GK++,Leverkusen,Czechia,Bundesliga,76,74,77,78,76,30,78,6045
Mateo Retegui,Retegui,ST++,Bergamo Calcio,Italy,Serie A TIM,76,72,76,64,70,35,77,5580
Chris Richards,Richards,CB++,Crystal Palace,United States,Premier League,76,71,27,59,61,76,74,5580
Manuel Riemann,Riemann,GK++,VfL Bochum,Germany,Bundesliga,76,75,71,80,81,52,76,6045
Lucas Robertone,Robertone,CM++,UD Almería,Argentina,LALIGA HYPERMOTION,76,79,73,76,76,71,72,6045
Igor Thiago Rodrigues,Igor Thiago,ST++,Brentford,Brazil,Premier League,76,73,75,54,69,37,86,5580
Felipe Rodrigues da Silva,Morato,CB++,SL Benfica,Brazil,Liga Portugal,76,68,37,57,61,76,82,5580
Pedro Rodríguez Ledesma,Pedro,RW++,Latium,Spain,Serie A TIM,76,64,72,74,84,36,50,5580
Daniel Rodríguez Vázquez,Dani Rodríguez,LM++,RCD Mallorca,Spain,LALIGA EA SPORTS,76,81,74,75,73,63,69,6045
Marcos Rojo,Rojo,CB++,Boca Juniors,Argentina,Sudamericana,76,53,60,66,63,76,77,5580
Daniele Rugani,Rugani,CB++,Ajax,Italy,Eredivisie,76,49,40,55,62,78,69,5580
Abel Ruiz Ortega,Abel Ruiz,ST++,Girona FC,Spain,LALIGA EA SPORTS,76,77,76,70,76,39,71,6045
Michal Sadílek,Sadílek,CDM++,FC Twente,Czechia,Eredivisie,76,56,65,74,72,72,78,6045
Ismael Saibari,Saibari,CAM++,PSV,Morocco,Eredivisie,76,81,69,72,79,47,76,6045
Mohammed Salisu,Salisu,CB++,AS Monaco,Ghana,Ligue 1 Uber Eats,76,63,36,50,54,77,79,5580
Philippe Sandler,Sandler,CB++,N.E.C. Nijmegen,Netherlands,Eredivisie,76,70,44,69,71,76,72,6045
Morgan Sanson,Sanson,CM++,OGC Nice,France,Ligue 1 Uber Eats,76,65,73,77,76,70,74,6045
Michael Santos,Santos,ST++,Vélez Sarsfield,Uruguay,LPF,76,76,77,66,76,41,76,6045
Danilo Santos de Oliveira,Danilo,CDM++,Nott'm Forest,Brazil,Premier League,76,68,63,69,73,73,70,6045
Fábio Santos Martins,Fábio Martins,LM++,Al Khaleej,Portugal,ROSHN Saudi League,76,76,73,71,81,46,70,6045
Ismaïla Sarr,Sarr,RW++,Crystal Palace,Senegal,Premier League,76,91,76,66,79,22,68,6045
Antoine Semenyo,Semenyo,RM++,AFC Bournemouth,Ghana,Premier League,76,85,72,67,77,27,75,6045
Lucas Silva Melo,Tuta,CB++,Frankfurt,Brazil,Bundesliga,76,70,49,64,71,76,76,6045
Marco Silvestri,Silvestri,GK++,Udinese,Italy,Serie A TIM,76,76,76,60,78,59,78,6045
Manor Solomon,Solomon,LM++,Spurs,Israel,Premier League,76,82,72,73,80,43,42,5580
Riccardo Sottil,Sottil,LW++,Fiorentina,Italy,Serie A TIM,76,88,66,69,77,34,48,5580
Jindřich Staněk,Staněk,GK++,Slavia Praha,Czechia,Česká Liga,76,74,71,78,78,36,76,6045
Taras Stepanenko,Stepanenko,CDM++,Shakhtar Donetsk,Ukraine,Ukrayina Liha,76,64,58,71,69,75,77,6045
Gabriel Tadeu Strefezza Rebelato,Gabriel Strefezza,RW++,Como,Brazil,Serie A TIM,76,87,66,73,77,31,49,5580
Cristhian Stuani,Stuani,ST++,Girona FC,Uruguay,LALIGA EA SPORTS,76,66,79,69,70,48,84,6045
Adrien Tameze,Tameze,CB++,Torino,France,Serie A TIM,76,77,66,68,77,76,77,6045
Marcus Tavernier,Tavernier,LM++,AFC Bournemouth,England,Premier League,76,77,72,71,78,60,64,6045
David Mota Teixeira Carmo,David Carmo,CB++,Olympiacos FC,Angola,Hellas Liga,76,49,39,58,51,77,81,5580
Nathan Tella,Tella,RM++,Leverkusen,Nigeria,Bundesliga,76,85,70,69,79,36,59,5580
Kenny Tete,Tete,RB++,Fulham,Netherlands,Premier League,76,73,47,67,69,75,77,6045
Corentin Tolisso,Tolisso,CM++,OL,France,Ligue 1 Uber Eats,76,55,76,74,73,74,73,6045
Lucas Tousart,Tousart,CDM++,Union Berlin,France,Bundesliga,76,65,56,65,69,76,82,6045
Bertrand Traoré,Traoré,RW++,Ajax,Burkina Faso,Eredivisie,76,76,72,72,81,45,62,6045
Manuel Trigueros Muñoz,Manu Trigueros,CM++,Granada CF,Spain,LALIGA HYPERMOTION,76,45,72,78,73,69,62,5580
Cengiz Ünder,Ünder,RW++,Fenerbahçe,Türkiye,Trendyol Süper Lig,76,77,75,76,78,38,58,6045
Myrto Uzuni,Uzuni,ST++,Granada CF,Albania,LALIGA HYPERMOTION,76,81,76,70,80,32,66,6045
Branco van den Boomen,van den Boomen,CM++,Ajax,Netherlands,Eredivisie,76,51,75,83,69,64,72,6045
Jan Paul van Hecke,van Hecke,CB++,Brighton,Netherlands,Premier League,76,55,45,58,65,77,77,5580
Joël Veltman,Veltman,RB++,Brighton,Netherlands,Premier League,76,54,49,68,71,79,74,5580
Bart Verbruggen,Verbruggen,GK++,Brighton,Netherlands,Premier League,76,78,72,74,81,56,69,6045
Arthur Vermeeren,Vermeeren,CDM++,Atlético de Madrid,Belgium,LALIGA EA SPORTS,76,75,55,75,77,71,69,6045
Jannik Vestergaard,Vestergaard,CB++,Leicester City,Denmark,Premier League,76,32,48,63,54,75,83,5580
Kevin Volland,Volland,ST++,Union Berlin,Germany,Bundesliga,76,70,78,76,76,46,79,6045
Kyle Walker-Peters,Walker-Peters,RB++,Southampton,England,Premier League,76,75,47,68,74,73,71,6045
Adam Webster,Webster,CB++,Brighton,England,Premier League,76,54,31,61,68,77,76,5580
Danny Welbeck,Welbeck,ST++,Brighton,England,Premier League,76,54,76,70,76,42,71,5580
Timon Wellenreuther,Wellenreuther,GK++,Feyenoord,Germany,Eredivisie,76,77,75,69,76,53,75,6045
Neco Williams,Williams,RB++,Nott'm Forest,Wales,Premier League,76,74,46,68,73,74,68,6045
Harry Winks,Winks,CDM++,Leicester City,England,Premier League,76,57,60,76,77,70,68,6045
Chris Wood,Wood,ST++,Nott'm Forest,New Zealand,Premier League,76,49,78,61,68,40,79,5580
Zaydou Youssouf,Youssouf,CM++,FC Famalicão,France,Liga Portugal,76,70,65,73,79,70,80,6045
Rodrigo Zalazar,Zalazar,CM++,SC Braga,Uruguay,Liga Portugal,76,78,77,73,78,66,72,6045
Michael Zetterer,Zetterer,GK++,SV Werder Bremen,Germany,Bundesliga,76,76,72,81,76,41,73,6045
Adem Zorgane,Zorgane,CM++,Sp. Charleroi,Algeria,1A Pro League,76,55,71,77,74,69,83,6045
Oleksandr Zubkov,Zubkov,RM++,Shakhtar Donetsk,Ukraine,Ukrayina Liha,76,83,72,69,76,28,63,5580
Marco Silvestri,Silvestri,GK++,Sampdoria,Italy,Serie BKT,76,76,76,60,78,59,78,6045
Mattia De Sciglio,De Sciglio,RB++,Empoli,Italy,Serie A TIM,76,65,46,70,74,76,67,5580
Kevin Mbabu,Mbabu,RB++,FC Midtjylland,Switzerland,3F Superliga,76,84,51,67,71,73,78,6045
Mahmoud Dahoud,Dahoud,CM++,Frankfurt,Germany,Bundesliga,76,64,67,75,80,65,67,6045
Maxime Lopez,Lopez,CM++,Paris FC,France,Ligue 2 BKT,76,67,69,77,79,65,54,6045
Orel Mangala,Mangala,CM++,Everton,Belgium,Premier League,76,69,58,72,82,72,76,6045
Josip Brekalo,Brekalo,CAM++,Kasımpaşa,Croatia,Trendyol Süper Lig,76,75,72,75,81,38,54,5580
Salih Özcan,Özcan,CDM++,VfL Wolfsburg,Türkiye,Bundesliga,76,71,59,68,74,76,79,6045
Óscar Melendo Jiménez,Melendo,CM++,Cádiz CF,Spain,LALIGA HYPERMOTION,76,77,67,77,78,60,60,6045
Eddie Nketiah,Nketiah,ST++,Crystal Palace,England,Premier League,76,79,74,58,78,25,66,5580
Valery Fernández Estrada,Valery,LM++,RCD Mallorca,Spain,LALIGA EA SPORTS,76,87,68,70,76,67,69,6045
Manor Solomon,Solomon,LM++,Leeds United,Israel,EFL Championship,76,82,72,73,80,43,42,5580
Kouadio Manu Koné,Koné,CM++,AS Roma,France,Serie A TIM,76,72,72,73,81,69,75,6045
Salis Abdul Samed,Abdul Samed,CDM++,Sunderland,Ghana,EFL Championship,76,60,49,66,69,74,79,5580
Felipe Rodrigues da Silva,Morato,CB++,Nott'm Forest,Brazil,Premier League,76,68,37,57,61,76,82,5580
Bilal El Khannouss,El Khannouss,CAM++,Leicester City,Morocco,Premier League,76,71,60,78,81,37,56,5580
Arthur Vermeeren,Vermeeren,CDM++,RB Leipzig,Belgium,Bundesliga,76,75,55,75,77,71,69,6045
Eren Dinkçi,Dinkçi,RM++,SC Freiburg,Türkiye,Bundesliga,76,91,75,68,75,31,59,5580
Meza,Meza,RM++,River Plate,Argentina,Libertadores,76,76,73,73,79,55,72,6045
Martial,Martial,ST++,AEK Athens,France,Hellas Liga,76,77,76,71,80,35,65,6045
Vela,Vela,RW++,LAFC,Mexico,MLS,76,73,77,74,77,29,62,5580
Borges da Silva,Willian,LM++,Olympiacos FC,Brazil,Hellas Liga,76,68,75,76,81,49,54,6045
Araújo,Araújo,LM++,Sporting CP,Uruguay,Liga Portugal,76,85,62,68,78,63,66,6045
Tello Herrera,Cristian Tello,LM++,Al Orobah,Spain,ROSHN Saudi League,76,88,72,74,76,47,61,6045
Ghezzal,Ghezzal,RW++,Çaykur Rizespor,Algeria,Trendyol Süper Lig,76,70,71,78,79,32,58,5580
Klaassen,Klaassen,CM++,Ajax,Netherlands,Eredivisie,76,53,78,72,72,71,76,6045
Miranchuk,Miranchuk,CAM++,FC Sion,Russia,CSSL,76,76,72,74,76,28,62,5580
El Haddadi,Munir,LM++,CD Leganés,Morocco,LALIGA EA SPORTS,76,79,75,74,77,35,62,6045
Skov,Skov,LM++,Union Berlin,Denmark,Bundesliga,76,75,77,77,75,66,70,6045
Michael Folorunsho,Folorunsho,CAM++,Fiorentina,Italy,Serie A TIM,76,73,76,74,75,71,82,6510
Marco Silvestri,Silvestri,GK++,Empoli,Italy,Serie A TIM,76,76,76,60,78,59,78,6045
Tyrell Malacia,Malacia,LB++,PSV,Netherlands,Eredivisie,76,78,54,67,76,73,73,6045
Chuba Akpom,Akpom,ST++,LOSC Lille,England,Ligue 1 Uber Eats,76,77,75,59,71,32,74,5580
Christian Kouamé,Kouamé,ST++,Empoli,Côte d'Ivoire,Serie A TIM,76,79,72,68,77,40,70,6045
Myrto Uzuni,Uzuni,ST++,Austin FC,Albania,MLS,76,81,76,70,80,32,66,6045
Enis Bardhi,Bardhi,CAM++,Bodrum FK,North Macedonia,Trendyol Süper Lig,76,71,77,77,78,58,53,6045
Pierluigi Gollini,Gollini,GK++,AS Roma,Italy,Serie A TIM,76,76,74,73,78,47,76,6045
Gonzalo Montiel,Montiel,RB++,River Plate,Argentina,Libertadores,76,80,62,69,74,72,74,6045
Manuel Riemann,Riemann,GK++,SC Paderborn 07,Germany,Bundesliga 2,76,75,71,80,81,52,76,6045
Alistair Johnston,Johnston,RB++,Celtic,Canada,cinch Prem,75,79,57,71,70,71,80,3900
Nicolas Raskin,Raskin,CM++,Rangers,Belgium,cinch Prem,75,69,63,73,75,72,75,3900
Odsonne Edouard,Edouard,ST++,Crystal Palace,France,Premier League,75,73,75,67,76,45,69,3900
Maximilian Eggestein,Eggestein,CDM++,SC Freiburg,Germany,Bundesliga,75,63,60,69,71,72,74,3900
Magnus Wolff Eikrem,Eikrem,CAM++,Molde FK,Norway,Eliteserien,75,65,71,76,74,33,50,3600
Neil El Aynaoui,El Aynaoui,CM++,RC Lens,Morocco,Ligue 1 Uber Eats,75,63,61,70,74,66,71,3900
Adrián Embarba Blázquez,Embarba,LM++,Rayo Vallecano,Spain,LALIGA EA SPORTS,75,78,74,73,76,42,68,3900
Cristian Espinoza,Espinoza,RM++,SJ Earthquakes,Argentina,MLS,75,84,70,69,75,43,66,3900
Giovanni Fabbian,Fabbian,CM++,Bologna,Italy,Serie A TIM,75,67,72,72,75,68,63,3900
Frank Fabra,Fabra,LB++,Boca Juniors,Colombia,Sudamericana,75,80,68,74,78,68,76,3900
Marco Davide Faraoni,Faraoni,RM++,Hellas Verona,Italy,Serie A TIM,75,73,72,74,74,69,70,3900
Bernardo Fernandes,Bernardo,LB++,VfL Bochum,Brazil,Bundesliga,75,71,53,64,68,75,75,3900
Guillermo Fernández,Fernández,CM++,Boca Juniors,Argentina,Sudamericana,75,67,67,73,76,65,66,3900
Jesus Ferreira,Ferreira,ST++,FC Dallas,United States,MLS,75,84,73,71,76,45,67,3900
Marco Friedl,Friedl,CB++,SV Werder Bremen,Austria,Bundesliga,75,71,42,61,67,76,75,3600
Angelo Fulgini,Fulgini,CAM++,RC Lens,France,Ligue 1 Uber Eats,75,71,69,75,78,67,71,3900
Mijat Gaćinović,Gaćinović,LM++,AEK Athens,Serbia,Hellas Liga,75,78,67,72,78,63,67,3900
James Garner,Garner,CM++,Everton,England,Premier League,75,66,65,77,71,71,71,3900
Dániel Gazdag,Gazdag,CAM++,Philadelphia,Hungary,MLS,75,77,73,68,76,54,72,3900
Yann Gboho,Gboho,CAM++,Toulouse FC,France,Ligue 1 Uber Eats,75,76,68,70,79,36,58,3600
Billy Gilmour,Gilmour,CDM++,Brighton,Scotland,Premier League,75,60,58,75,76,70,62,3900
Víctor Gómez Perea,Víctor Gómez,RB++,SC Braga,Spain,Liga Portugal,75,80,51,74,75,69,71,3900
Leandro González Pirez,González Pirez,CB++,River Plate,Argentina,Libertadores,75,68,54,62,67,74,81,3900
Kamil Grabara,Grabara,GK++,VfL Wolfsburg,Poland,Bundesliga,75,76,75,72,76,42,75,3900
Jacob Greaves,Greaves,CB++,Ipswich,England,Premier League,75,69,40,63,65,75,79,3600
Albert Grønbæk,Grønbæk,CAM++,Stade Rennais FC,Denmark,Ligue 1 Uber Eats,75,77,68,72,77,62,72,3900
Marko Grujić,Grujić,CM++,FC Porto,Serbia,Liga Portugal,75,59,71,71,75,74,82,3900
Cristian Guanca,Guanca,CAM++,Al Shabab,Argentina,ROSHN Saudi League,75,72,78,72,75,40,71,3900
Javier Guerra Moreno,Javi Guerra,CM++,Valencia CF,Spain,LALIGA EA SPORTS,75,74,70,72,75,72,72,3900
Ander Guevara Lajo,Ander Guevara,CM++,D. Alavés,Spain,LALIGA EA SPORTS,75,43,63,72,71,72,69,3600
Pape Gueye,Gueye,CM++,Villarreal CF,Senegal,LALIGA EA SPORTS,75,58,60,70,71,74,76,3900
Frédéric Guilbert,Guilbert,RB++,Strasbourg,France,Ligue 1 Uber Eats,75,71,47,68,71,73,75,3900
Marcel Hartel,Hartel,CM++,St. Louis CITY SC,Germany,MLS,75,72,70,73,79,43,61,3600
Taylor Harwood-Bellis,Harwood-Bellis,CB++,Southampton,England,Premier League,75,66,36,61,67,76,76,3600
Jack Hendry,Hendry,CB++,Ettifaq FC,Scotland,ROSHN Saudi League,75,78,56,63,65,72,85,3900
Gastón Hernández,Hernández,CB++,San Lorenzo,Argentina,Libertadores,75,67,37,52,59,76,72,3600
Luís Hernández Rodríguez,Luís Hernández,CB++,Cádiz CF,Spain,LALIGA HYPERMOTION,75,62,50,65,65,75,78,3600
Nicolas Höfler,Höfler,CDM++,SC Freiburg,Germany,Bundesliga,75,57,47,65,67,75,72,3600
Hyeon Seok Hong,Hong Hyeon Seok,CAM++,KAA Gent,Korea Republic,1A Pro League,75,72,71,74,76,66,68,3900
Timo Hübers,Hübers,CB++,1. FC Köln,Germany,Bundesliga 2,75,73,40,56,59,75,75,3600
Odion Ighalo,Ighalo,ST++,Al Wehda,Nigeria,ROSHN Saudi League,75,61,77,64,71,43,83,3600
Stanislav Iljutcenko,Iljutcenko,ST++,FC Seoul,Russia,K League 1,75,68,77,58,68,37,84,3600
Franco Israel,Israel,GK++,Sporting CP,Uruguay,Liga Portugal,75,79,72,71,81,31,76,3900
Kristijan Jakić,Jakić,CDM++,FC Augsburg,Croatia,Bundesliga,75,67,61,64,68,74,79,3900
Hyeon Woo Jo,Jo Hyeon Woo,GK++,Ulsan Hyundai,Korea Republic,K League 1,75,77,72,62,78,51,73,3900
James Justin,Justin,LB++,Leicester City,England,Premier League,75,79,50,70,69,72,71,3900
Thomas Kaminski,Kaminski,GK++,Luton Town,Belgium,EFL Championship,75,73,75,70,77,46,74,3900
Atakan Karazor,Karazor,CDM++,VfB Stuttgart,Germany,Bundesliga,75,48,36,62,66,77,73,3600
Michael Keane,Keane,CB++,Everton,England,Premier League,75,41,49,62,59,76,74,3600
Mandela Keita,Keita,CDM++,Royal Antwerp FC,Belgium,1A Pro League,75,78,56,67,75,72,80,3900
Lloyd Kelly,Kelly,CB++,Newcastle Utd,England,Premier League,75,67,40,65,67,75,78,3600
Rani Khedira,Khedira,CDM++,Union Berlin,Germany,Bundesliga,75,54,43,57,62,79,80,3600
Sung Yueng Ki,Ki Sung Yueng,CM++,FC Seoul,Korea Republic,K League 1,75,54,66,76,70,64,77,3900
Cédric Kipré,Kipré,CB++,Stade de Reims,Côte d'Ivoire,Ligue 1 Uber Eats,75,68,35,49,55,73,85,3600
Philipp Köhn,Köhn,GK++,AS Monaco,Switzerland,Ligue 1 Uber Eats,75,76,73,68,76,46,74,3900
Aboubakary Koita,Koita,LM++,AEK Athens,Mauritania,Hellas Liga,75,83,77,70,77,57,69,3900
Giannis Konstantelias,Konstantelias,CAM++,PAOK FC,Greece,Hellas Liga,75,77,65,74,79,38,56,3600
Tom Krauß,Krauß,CDM++,Luton Town,Germany,EFL Championship,75,70,66,66,73,72,75,3900
Victor Kristiansen,Kristiansen,LB++,Leicester City,Denmark,Premier League,75,73,55,67,73,71,73,3900
Nikola Krstović,Krstović,ST++,Lecce,Montenegro,Serie A TIM,75,66,75,57,71,26,74,3600
Jan Kuchta,Kuchta,ST++,Sparta Praha,Czechia,Česká Liga,75,79,73,66,72,35,82,3900
Qazim Laçi,Laçi,CM++,Sparta Praha,Albania,Česká Liga,75,72,69,75,76,69,77,3900
Tariq Lamptey,Lamptey,RB++,Brighton,Ghana,Premier League,75,85,44,66,77,70,50,3600
Manuel Lanzini,Lanzini,CAM++,River Plate,Argentina,Libertadores,75,63,71,76,80,43,51,3600
Cyle Larin,Larin,ST++,RCD Mallorca,Canada,LALIGA EA SPORTS,75,71,75,65,69,28,78,3600
Jørgen Strand Larsen,Larsen,ST++,Wolves,Norway,Premier League,75,77,75,58,69,32,82,3600
Romeo Lavia,Lavia,CDM++,Chelsea,Belgium,Premier League,75,67,50,70,75,73,73,3900
Jérémy Le Douaron,Le Douaron,ST++,Stade Brestois 29,France,Ligue 1 Uber Eats,75,66,73,69,74,50,73,3900
Cristian Lema,Lema,CB++,Boca Juniors,Argentina,Sudamericana,75,32,53,58,42,75,83,3600
Jesper Lindstrøm,Lindstrøm,CAM++,Everton,Denmark,Premier League,75,82,72,68,79,43,60,3900
Marko Livaja,Livaja,ST++,Hajduk Split,Croatia,Liga Hrvatska,75,72,76,71,77,38,79,3900
Robin Lod,Lod,RM++,Minnesota United,Finland,MLS,75,73,71,73,75,59,71,3900
Enzo Loiodice,Loiodice,CM++,UD Las Palmas,France,LALIGA EA SPORTS,75,66,64,74,77,69,67,3900
Leonardo Lopes de Souza,Leonardo,ST++,Zhejiang Pro,Brazil,CSL,75,78,75,59,73,36,73,3600
Fábio Samuel Amorim Silva,Samu,CM++,Vitória SC,Portugal,Liga Portugal,75,77,71,72,79,59,65,3900
Ethan Ampadu,Ampadu,CB++,Leeds United,Wales,EFL Championship,75,68,51,64,69,76,77,3900
Nordin Amrabat,Amrabat,RM++,AEK Athens,Morocco,Hellas Liga,75,78,68,74,76,55,86,3900
Elliot Anderson,Anderson,CM++,Nott'm Forest,Scotland,Premier League,75,72,66,72,79,69,77,3900
Houssem Aouar,Aouar,CM++,Al Ittihad,Algeria,ROSHN Saudi League,75,64,68,75,79,64,63,3900
Claudio Aquino,Aquino,CAM++,Vélez Sarsfield,Argentina,LPF,75,75,75,75,78,45,72,3900
Cameron Archer,Archer,ST++,Southampton,England,Premier League,75,77,75,59,74,25,68,3600
José Manuel Arias Copete,Copete,CB++,RCD Mallorca,Spain,LALIGA EA SPORTS,75,57,33,54,57,77,70,3600
Adam Armstrong,Armstrong,ST++,Southampton,England,Premier League,75,77,76,66,73,35,68,3600
Kristjan Asllani,Asllani,CDM++,Lombardia FC,Albania,Serie A TIM,75,66,61,74,74,70,69,3900
Jordan Ayew,Ayew,RW++,Leicester City,Ghana,Premier League,75,71,73,71,78,57,74,3900
Kaan Ayhan,Ayhan,RB++,Galatasaray,Türkiye,Trendyol Süper Lig,75,59,53,73,69,77,77,3900
Iddrisu Baba,Baba,CDM++,UD Almería,Ghana,LALIGA HYPERMOTION,75,61,64,66,68,71,76,3900
Cédric Bakambu,Bakambu,ST++,Real Betis,Congo DR,LALIGA EA SPORTS,75,77,74,66,72,36,62,3600
Dilane Bakwa,Bakwa,RM++,Strasbourg,France,Ligue 1 Uber Eats,75,85,68,70,78,30,62,3600
Michel Ange Balikwisha,Balikwisha,LM++,Royal Antwerp FC,Belgium,1A Pro League,75,82,69,71,76,53,65,3900
Adam Bareiro,Bareiro,ST++,River Plate,Paraguay,Libertadores,75,71,73,57,72,39,78,3600
Enrique Barja Afonso,Kike Barja,RM++,CA Osasuna,Spain,LALIGA EA SPORTS,75,76,67,69,76,35,59,3600
Ander Barrenetxea,Barrenetxea,LW++,Real Sociedad,Spain,LALIGA EA SPORTS,75,78,72,69,78,24,46,3600
Riechedly Bazoer,Bazoer,CB++,AZ,Netherlands,Eredivisie,75,67,68,74,75,74,74,3900
Jean-Ricner Bellegarde,Bellegarde,CM++,Wolves,France,Premier League,75,81,63,73,79,69,72,3900
Tomás Belmonte,Belmonte,CDM++,Boca Juniors,Argentina,Sudamericana,75,68,65,66,73,73,79,3900
Lucas Beltrán,Beltrán,ST++,Fiorentina,Argentina,Serie A TIM,75,72,76,68,76,46,77,3900
Adrián Bernabé García,Adrián Bernabé,CAM++,Parma,Spain,Serie A TIM,75,79,70,74,78,67,65,3900
Juan Bernat Velasco,Juan Bernat,LB++,Paris SG,Spain,Ligue 1 Uber Eats,75,70,64,76,80,75,53,3900
Jaka Bijol,Bijol,CB++,Udinese,Slovenia,Serie A TIM,75,59,59,65,61,75,77,3600
Andre Blake,Blake,GK++,Philadelphia,Jamaica,MLS,75,74,70,71,77,45,78,3900
Artem Bondarenko,Bondarenko,CAM++,Shakhtar Donetsk,Ukraine,Ukrayina Liha,75,75,69,71,75,63,64,3900
Fabio Borini,Borini,LW++,Sampdoria,Italy,Serie BKT,75,72,75,72,76,46,71,3900
Conor Bradley,Bradley,RB++,Liverpool,Northern Ireland,Premier League,75,82,59,66,73,70,72,3900
Alberto Brignoli,Brignoli,GK++,AEK Athens,Italy,Hellas Liga,75,72,72,78,77,44,79,3900
Marius Bülter,Bülter,LM++,TSG Hoffenheim,Germany,Bundesliga,75,84,76,68,73,48,76,3900
Javier Burrai,Burrai,GK++,Barcelona SC,Ecuador,Libertadores,75,75,72,71,75,44,73,3900
Tom Cairney,Cairney,CM++,Fulham,Scotland,Premier League,75,52,72,78,75,63,65,3900
Duje Ćaleta-Car,Ćaleta-Car,CB++,OL,Croatia,Ligue 1 Uber Eats,75,59,39,57,59,74,78,3600
Sergi Cardona Bermúdez,Sergi Cardona,LB++,Villarreal CF,Spain,LALIGA EA SPORTS,75,81,43,64,68,73,74,3900
Vítor Manuel Carvalho Oliveira,Vitinha,ST++,Genoa,Portugal,Serie A TIM,75,73,75,63,75,32,79,3600
Jean-Charles Castelletto,Castelletto,CB++,FC Nantes,Cameroon,Ligue 1 Uber Eats,75,68,32,51,63,76,76,3600
Alessio Castro-Montes,Castro-Montes,RM++,R. Union St.-G.,Belgium,1A Pro League,75,75,69,73,73,72,71,3900
Santiago Cazorla González,Santi Cazorla,CM++,R. Oviedo,Spain,LALIGA HYPERMOTION,75,53,74,81,78,61,56,3900
Ricardo José Cecília Batista,Ricardo Batista,GK++,Casa Pia AC,Portugal,Liga Portugal,75,75,74,73,75,38,77,3900
Zeki Çelik,Çelik,RB++,AS Roma,Türkiye,Serie A TIM,75,71,59,69,70,73,76,3900
Edwuin Cetré,Cetré,LM++,Estudiantes,Colombia,Libertadores,75,87,72,67,78,41,69,3900
Fedor Chalov,Chalov,ST++,PAOK FC,Russia,Hellas Liga,75,76,75,70,74,33,63,3600
Tomás Chancalay,Chancalay,LM++,New England,Argentina,MLS,75,84,72,70,79,40,62,3900
Conor Chaplin,Chaplin,CAM++,Ipswich,England,Premier League,75,84,74,70,76,46,64,3900
Joris Chotard,Chotard,CDM++,Montpellier,France,Ligue 1 Uber Eats,75,64,57,73,75,71,68,3900
Jack Clarke,Clarke,LM++,Ipswich,England,Premier League,75,83,72,68,76,40,60,3600
Massimo Coda,Coda,ST++,Sampdoria,Italy,Serie BKT,75,57,76,60,71,25,66,3600
Nathan Collins,Collins,CB++,Brentford,Republic of Ireland,Premier League,75,61,30,55,62,76,76,3600
Santiago Colombatto,Colombatto,CDM++,R. Oviedo,Argentina,LALIGA HYPERMOTION,75,74,70,75,72,70,77,3900
Santiago Comesaña Veiga,Santi Comesaña,CM++,Villarreal CF,Spain,LALIGA EA SPORTS,75,57,69,68,73,76,74,3900
Andrea Consigli,Consigli,GK++,Sassuolo,Italy,Serie BKT,75,76,73,70,75,40,77,3900
Maxwel Cornet,Cornet,LM++,West Ham,Côte d'Ivoire,Premier League,75,85,75,70,76,67,70,3900
Tomáš Čvančara,Čvančara,ST++,M'gladbach,Czechia,Bundesliga,75,77,73,66,72,25,77,3600
Danilo D'Ambrosio,D'Ambrosio,CB++,Monza,Italy,Serie A TIM,75,59,56,66,68,77,72,3600
José Miguel da Rocha Fonte,José Fonte,CB++,Casa Pia AC,Portugal,Liga Portugal,75,31,46,62,60,76,79,3600
Otávio Ataíde da Silva,Otávio,CB++,FC Porto,Brazil,Liga Portugal,75,68,29,41,58,75,79,3600
Andrew da Silva Ventura,Andrew,GK++,Gil Vicente,Brazil,Liga Portugal,75,76,73,74,77,45,72,3900
Bobby De Cordova-Reid,De Cordova-Reid,RM++,Leicester City,Jamaica,Premier League,75,74,72,72,76,60,63,3900
Aderllan de Jesus Santos,Aderllan Santos,CB++,Rio Ave FC,Brazil,Liga Portugal,75,59,52,52,57,76,81,3600
Enrico Delprato,Delprato,RB++,Parma,Italy,Serie A TIM,75,81,54,63,69,72,77,3900
Moussa Dembélé,Dembélé,ST++,Ettifaq FC,France,ROSHN Saudi League,75,71,74,62,71,30,80,3600
Leander Dendoncker,Dendoncker,CM++,Aston Villa,Belgium,Premier League,75,53,69,75,70,76,78,3900
Arthur Desmas,Desmas,GK++,Havre AC,France,Ligue 1 Uber Eats,75,75,72,72,76,36,73,3900
Federico Di Francesco,Di Francesco,LW++,Palermo,Italy,Serie BKT,75,80,69,73,77,52,70,3900
Amad Diallo,Diallo,RM++,Manchester Utd,Côte d'Ivoire,Premier League,75,85,71,68,80,25,50,3600
Mory Diaw,Diaw,GK++,Clermont Foot 63,Senegal,Ligue 2 BKT,75,77,74,73,78,43,72,3900
Matías Dituro,Dituro,GK++,Elche CF,Argentina,LALIGA HYPERMOTION,75,74,72,77,77,38,74,3900
Alexander Domínguez,Domínguez,GK++,LDU Quito,Ecuador,Libertadores,75,76,72,71,77,34,75,3900
Niklas Dorsch,Dorsch,CDM++,FC Augsburg,Germany,Bundesliga,75,70,72,73,78,71,72,3900
Mateus dos Santos Castro,Mateus,RW++,Al Taawoun,Brazil,ROSHN Saudi League,75,82,74,71,76,53,69,3900
Abdoulaye Doucouré,Doucouré,CAM++,Everton,Mali,Premier League,75,57,78,72,74,77,82,3900
Flynn Downes,Downes,CDM++,Southampton,England,Premier League,75,64,53,71,73,71,75,3900
Aleksandar Dragović,Dragović,CB++,FK Austria Wien,Austria,Ö. Bundesliga,75,54,51,63,64,77,75,3600
Bartłomiej Drągowski,Drągowski,GK++,Panathinaikos,Poland,Hellas Liga,75,77,71,70,77,37,72,3900
Radu Drăgușin,Drăgușin,CB++,Spurs,Romania,Premier League,75,73,37,53,65,75,75,3600
Leonardo Duarte da Silva,Léo Duarte,CB++,Başakşehir,Brazil,Trendyol Süper Lig,75,57,36,49,60,76,78,3600
Kai Wagner,Wagner,LB++,Philadelphia,Germany,MLS,75,78,50,69,69,70,79,3900
Harry Wilson,Wilson,RM++,Fulham,Wales,Premier League,75,76,77,75,76,43,58,3900
Andriy Yarmolenko,Yarmolenko,RM++,Dynamo Kyiv,Ukraine,Ukrayina Liha,75,60,79,76,76,42,72,3900
Ryan Yates,Yates,CDM++,Nott'm Forest,England,Premier League,75,58,60,67,67,75,81,3900
Kristoffer Zachariassen,Zachariassen,CAM++,Ferencvárosi TC,Norway,Magyar Liga,75,73,71,69,73,69,74,3900
Bryan Zaragoza Martínez,Bryan Zaragoza,RM++,CA Osasuna,Spain,LALIGA EA SPORTS,75,82,72,69,81,30,44,3600
Robin Zentner,Zentner,GK++,1. FSV Mainz 05,Germany,Bundesliga,75,76,73,57,80,65,72,3900
Ramiz Zerrouki,Zerrouki,CDM++,Feyenoord,Algeria,Eredivisie,75,61,65,72,73,68,80,3900
Walker Zimmerman,Zimmerman,CB++,Nashville SC,United States,MLS,75,56,50,55,56,74,84,3600
Philip Zinckernagel,Zinckernagel,LM++,FK Bodø/Glimt,Denmark,Eliteserien,75,82,72,71,76,42,67,3900
Steven Zuber,Zuber,ST++,AEK Athens,Switzerland,Hellas Liga,75,77,74,73,75,65,76,3900
Robert Žulj,Žulj,ST++,LASK,Austria,Ö. Bundesliga,75,60,77,76,74,38,75,3900
Harrison Reed,Reed,CDM++,Fulham,England,Premier League,75,59,60,71,71,72,74,3900
Fabian Reese,Reese,LM++,Hertha Berlin,Germany,Bundesliga 2,75,82,69,70,73,42,80,3900
Sérgio Miguel Relvas de Oliveira,Sérgio Oliveira,CM++,Galatasaray,Portugal,Trendyol Süper Lig,75,48,75,79,71,66,58,3600
Panagiotis Retsos,Retsos,CB++,Olympiacos FC,Greece,Hellas Liga,75,67,37,59,61,74,74,3600
Rodrigo Rey,Rey,GK++,Independiente,Argentina,LPF,75,73,73,70,76,50,75,3900
Giovanni Reyna,Reyna,RM++,Borussia Dortmund,United States,Bundesliga,75,77,72,71,79,37,67,3900
Luis Rioja González,Luis Rioja,LM++,Valencia CF,Spain,LALIGA EA SPORTS,75,77,75,71,78,37,50,3600
Joel Robles Blázquez,Joel Robles,GK++,Estoril Praia,Spain,Liga Portugal,75,76,73,71,77,50,72,3900
Joe Rodon,Rodon,CB++,Leeds United,Wales,EFL Championship,75,70,32,51,59,76,77,3600
Fábio Rafael Rodrigues Cardoso,Fábio Cardoso,CB++,Al Ain FC,Portugal,United Emirates League,75,57,32,53,64,75,81,3600
Paulo André Rodrigues Oliveira,Paulo Oliveira,CB++,SC Braga,Portugal,Liga Portugal,75,54,34,52,61,77,72,3600
Sebastián Rodríguez,Rodríguez,CM++,Alianza Lima,Uruguay,Libertadores,75,63,67,75,73,68,68,3900
Diego Rodríguez,Rodríguez,GK++,Argentinos Jrs.,Argentina,Sudamericana,75,73,72,76,76,45,74,3900
Morgan Rogers,Rogers,LM++,Aston Villa,England,Premier League,75,77,71,71,77,56,71,3900
Merlin Röhl,Röhl,CM++,SC Freiburg,Germany,Bundesliga,75,81,65,69,77,62,72,3900
Matías Rojas,Rojas,RW++,Inter Miami CF,Paraguay,MLS,75,76,76,74,77,56,59,3900
Benjamín Rollheiser,Rollheiser,CAM++,SL Benfica,Argentina,Liga Portugal,75,83,74,70,77,42,64,3900
Zaid Romero,Romero,CB++,Club Brugge,Argentina,1A Pro League,75,73,30,53,64,74,87,3600
Pablo Rosario,Rosario,CDM++,OGC Nice,Netherlands,Ligue 1 Uber Eats,75,58,64,68,72,74,79,3900
Diego Rossi,Rossi,CAM++,Columbus Crew,Uruguay,MLS,75,88,72,70,77,34,55,3600
Anthony Rouault,Rouault,CB++,VfB Stuttgart,France,Bundesliga,75,64,30,61,60,76,73,3600
Daniel Felipe Ruiz,Ruiz,LM++,Millonarios,Colombia,Libertadores,75,70,71,73,75,48,58,3600
Georginio Rutter,Rutter,CAM++,Brighton,France,Premier League,75,79,69,70,79,42,70,3900
Wesley Saïd,Saïd,ST++,RC Lens,France,Ligue 1 Uber Eats,75,76,75,67,78,30,58,3600
Eduardo Salvio,Salvio,RW++,Lanús,Argentina,Sudamericana,75,77,72,72,79,54,66,3900
Lazar Samardžić,Samardžić,CM++,Bergamo Calcio,Serbia,Serie A TIM,75,70,71,73,79,60,62,3900
Albert Sambi Lokonga,Sambi Lokonga,CM++,Sevilla FC,Belgium,LALIGA EA SPORTS,75,64,58,74,76,68,71,3900
Zaidu Sanusi,Sanusi,LB++,FC Porto,Nigeria,Liga Portugal,75,90,37,55,63,73,72,3600
Yusuf Sarı,Sarı,RM++,Adana Demirspor,Türkiye,Trendyol Süper Lig,75,85,70,70,79,33,59,3600
Martín Satriano,Satriano,ST++,RC Lens,Uruguay,Ligue 1 Uber Eats,75,67,74,62,73,34,69,3600
Keven Schlotterbeck,Schlotterbeck,CB++,FC Augsburg,Germany,Bundesliga,75,61,27,53,54,76,73,3600
Romano Schmid,Schmid,CAM++,SV Werder Bremen,Austria,Bundesliga,75,77,63,70,81,53,58,3900
Rob Schoofs,Schoofs,CM++,KV Mechelen,Belgium,1A Pro League,75,53,72,76,74,67,66,3900
Bruno Miguel Semedo Varela,Bruno Varela,GK++,Vitória SC,Cape Verde Islands,Liga Portugal,75,75,73,69,76,39,73,3900
Lawrence Shankland,Shankland,ST++,Hearts,Scotland,cinch Prem,75,63,78,64,74,28,80,3600
Ben Sheaf,Sheaf,CDM++,Coventry City,England,EFL Championship,75,54,47,71,71,74,74,3600
Vincent Sierro,Sierro,CM++,Toulouse FC,Switzerland,Ligue 1 Uber Eats,75,61,67,75,72,70,75,3900
David Silva,Silva,CAM++,Millonarios,Colombia,Libertadores,75,62,69,75,74,54,68,3900
Asger Sørensen,Sørensen,CB++,Sparta Praha,Denmark,Česká Liga,75,57,45,61,61,77,76,3600
Junior Sornoza,Sornoza,CAM++,Independiente DV,Ecuador,Libertadores,75,74,75,75,75,41,51,3600
Borna Sosa,Sosa,LB++,Torino,Croatia,Serie A TIM,75,71,53,78,75,67,71,3900
Ramón Sosa,Sosa,LM++,Nott'm Forest,Paraguay,Premier League,75,82,66,68,76,49,65,3900
Boubakary Soumaré,Soumaré,CDM++,Leicester City,France,Premier League,75,67,56,73,74,70,77,3900
Stijn Spierings,Spierings,CDM++,RC Lens,Netherlands,Ligue 1 Uber Eats,75,54,66,68,70,74,75,3900
Jens Stage,Stage,CM++,SV Werder Bremen,Denmark,Bundesliga,75,65,68,71,73,73,78,3900
Jason Steele,Steele,GK++,Brighton,England,Premier League,75,75,73,80,74,39,75,3900
Renato Steffen,Steffen,RW++,FC Lugano,Switzerland,CSSL,75,86,70,71,77,53,66,3900
Sem Steijn,Steijn,CAM++,FC Twente,Netherlands,Eredivisie,75,66,78,69,75,38,75,3900
Miroslav Stevanović,Stevanović,RM++,Servette FC,Bosnia and Herzegovina,CSSL,75,78,70,75,73,39,69,3900
Luis Javier Suárez,Suárez,ST++,UD Almería,Colombia,LALIGA HYPERMOTION,75,80,77,65,71,38,75,3900
Denis Suárez Fernández,Denis Suárez,CM++,Villarreal CF,Spain,LALIGA EA SPORTS,75,59,70,77,77,64,54,3900
Pavel Šulc,Šulc,CAM++,Viktoria Plzeň,Czechia,Česká Liga,75,71,72,73,76,39,60,3600
Jonas Svensson,Svensson,RB++,Beşiktaş,Norway,Trendyol Süper Lig,75,74,60,70,74,72,79,3900
Mile Svilar,Svilar,GK++,AS Roma,Serbia,Serie A TIM,75,75,73,70,78,58,75,3900
Sammie Szmodics,Szmodics,CAM++,Ipswich,Republic of Ireland,Premier League,75,79,75,70,76,51,67,3900
Ramón Terrats Espacio,Terrats,CM++,Villarreal CF,Spain,LALIGA EA SPORTS,75,60,64,70,71,71,71,3900
Mateus Tetê,Tetê,RM++,Panathinaikos,Brazil,Hellas Liga,75,80,70,70,78,41,56,3600
Adrien Thomasson,Thomasson,CAM++,RC Lens,France,Ligue 1 Uber Eats,75,59,73,76,77,64,72,3900
Guus Til,Til,CAM++,PSV,Netherlands,Eredivisie,75,81,73,71,73,64,74,3900
Tarik Tissoudali,Tissoudali,ST++,PAOK FC,Morocco,Hellas Liga,75,73,75,69,80,37,60,3600
Hamed Traorè,Traorè,CAM++,AFC Bournemouth,Côte d'Ivoire,Premier League,75,76,69,72,78,57,59,3900
Mike Trésor,Trésor,LM++,Burnley,Belgium,EFL Championship,75,85,68,74,77,38,58,3900
Christopher Trimmel,Trimmel,RB++,Union Berlin,Austria,Bundesliga,75,69,65,74,68,74,79,3900
Christos Tzolis,Tzolis,LM++,Club Brugge,Greece,1A Pro League,75,77,73,67,79,38,67,3900
Felix Uduokhai,Uduokhai,CB++,FC Augsburg,Germany,Bundesliga,75,62,39,53,59,76,75,3600
Aurélio Gabriel Ulineia Buta,Aurélio Buta,RM++,Frankfurt,Portugal,Bundesliga,75,87,60,69,77,67,67,3900
Samuel Umtiti,Umtiti,CB++,LOSC Lille,France,Ligue 1 Uber Eats,75,55,57,67,61,76,73,3600
José Ángel Valdés Díaz,Cote,LB++,R. Sporting,Spain,LALIGA HYPERMOTION,75,64,58,80,73,73,70,3900
Donny van de Beek,van de Beek,CM++,Girona FC,Netherlands,LALIGA EA SPORTS,75,65,76,74,75,70,67,3900
Maarten Vandevoordt,Vandevoordt,GK++,RB Leipzig,Belgium,Bundesliga,75,77,74,73,76,40,73,3900
Barnabás Varga,Varga,ST++,Ferencvárosi TC,Hungary,Magyar Liga,75,70,77,56,70,20,72,3600
Ruben Vargas,Vargas,LM++,FC Augsburg,Switzerland,Bundesliga,75,82,70,69,79,54,65,3900
Franco Vázquez,Vázquez,CAM++,Cremonese,Argentina,Serie BKT,75,42,77,77,77,56,77,3900
Kevin Vázquez Comesaña,Kevin,RB++,RC Celta,Spain,LALIGA EA SPORTS,75,67,53,67,66,73,66,3600
Alan Velasco,Velasco,LM++,FC Dallas,Argentina,MLS,75,83,68,71,80,52,61,3900
Alejo Veliz,Veliz,ST++,RCD Espanyol,Argentina,LALIGA EA SPORTS,75,71,74,54,70,25,73,3600
Simone Verdi,Verdi,CAM++,Como,Italy,Serie A TIM,75,77,71,74,79,43,47,3600
Iñigo Vicente Elorduy,Iñigo Vicente,LM++,R. Racing Club,Spain,LALIGA HYPERMOTION,75,78,68,74,76,47,62,3900
Domagoj Vida,Vida,CB++,AEK Athens,Croatia,Hellas Liga,75,70,41,58,59,77,79,3600
Ignacio Vidal Miralles,Nacho Vidal,RB++,CA Osasuna,Spain,LALIGA EA SPORTS,75,75,56,69,69,73,65,3900
Rodrigo Villagra,Villagra,CDM++,River Plate,Argentina,Libertadores,75,70,48,68,73,73,74,3900
Martin Vitík,Vitík,CB++,Sparta Praha,Czechia,Česká Liga,75,73,39,56,63,75,75,3600
Kevin Vogt,Vogt,CB++,Union Berlin,Germany,Bundesliga,75,67,48,71,66,75,76,3900
Aster Vranckx,Vranckx,CM++,VfL Wolfsburg,Belgium,Bundesliga,75,61,65,72,78,72,76,3900
Jordan Lotomba,Lotomba,RB++,OGC Nice,Switzerland,Ligue 1 Uber Eats,75,78,48,65,72,71,68,3900
João Pedro Loureiro da Costa,Costinha,RM++,Olympiacos FC,Portugal,Hellas Liga,75,75,65,72,73,69,77,3900
Eduard Löwen,Löwen,CM++,St. Louis CITY SC,Germany,MLS,75,66,70,74,72,70,82,3900
Jhonatan Luiz Siqueira,Jhonatan,GK++,Rio Ave FC,Brazil,Liga Portugal,75,76,75,73,78,37,74,3900
Saša Lukić,Lukić,CM++,Fulham,Serbia,Premier League,75,53,69,74,75,70,70,3900
Senne Lynen,Lynen,CDM++,SV Werder Bremen,Belgium,Bundesliga,75,70,62,72,67,73,77,3900
Giangiacomo Magnani,Magnani,CB++,Hellas Verona,Italy,Serie A TIM,75,64,39,45,50,76,72,3600
Hugo Magnetti,Magnetti,CDM++,Stade Brestois 29,France,Ligue 1 Uber Eats,75,45,50,68,74,69,75,3600
Ainsley Maitland-Niles,Maitland-Niles,RB++,OL,England,Ligue 1 Uber Eats,75,76,61,71,73,71,72,3900
Víctor Ignacio Malcorra,Malcorra,CAM++,Rosario Central,Argentina,Libertadores,75,68,71,79,76,59,65,3900
Daniel Mancini,Mancini,RM++,Panathinaikos,Argentina,Hellas Liga,75,81,72,70,76,59,68,3900
Federico Mancuello,Mancuello,CAM++,Independiente,Argentina,LPF,75,63,69,80,76,56,63,3900
Petros Mantalos,Mantalos,CAM++,AEK Athens,Greece,Hellas Liga,75,72,68,77,76,55,66,3900
Pablo Marí Villar,Pablo Marí,CB++,Monza,Spain,Serie A TIM,75,55,40,49,53,77,72,3600
Răzvan Marin,Marin,CM++,Cagliari,Romania,Serie A TIM,75,64,74,76,75,67,71,3900
Eric Martel,Martel,CDM++,1. FC Köln,Germany,Bundesliga 2,75,63,51,62,71,76,81,3900
Gonzalo Martínez,Martínez,RM++,River Plate,Argentina,Libertadores,75,75,73,72,81,35,55,3600
Antonio Martínez López,Toni Martínez,ST++,FC Porto,Spain,Liga Portugal,75,68,76,60,72,24,78,3600
Josep Martínez Riera,Josep Martínez,GK++,Lombardia FC,Spain,Serie A TIM,75,75,71,67,74,26,76,3600
Omar Mascarell González,Omar Mascarell,CM++,RCD Mallorca,Spain,LALIGA EA SPORTS,75,53,64,71,74,72,71,3900
Georgios Masouras,Masouras,RM++,Olympiacos FC,Greece,Hellas Liga,75,75,75,73,73,53,70,3900
Philipp Max,Max,LB++,Panathinaikos,Germany,Hellas Liga,75,73,65,74,74,70,72,3900
Alexandru Maxim,Maxim,CAM++,Gaziantep,Romania,Trendyol Süper Lig,75,69,74,77,78,34,60,3600
Brandon Mechele,Mechele,CB++,Club Brugge,Belgium,1A Pro League,75,51,39,51,53,79,77,3600
Cristian Medina,Medina,CM++,Boca Juniors,Argentina,Sudamericana,75,75,64,72,79,69,69,3900
Nampalys Mendy,Mendy,CDM++,RC Lens,Senegal,Ligue 1 Uber Eats,75,56,54,70,74,74,67,3600
Junior Messias,Junior Messias,RM++,Genoa,Brazil,Serie A TIM,75,79,72,72,78,49,56,3900
Alexander Meyer,Meyer,GK++,Borussia Dortmund,Germany,Bundesliga,75,72,71,77,76,41,74,3900
James Milner,Milner,CM++,Brighton,England,Premier League,75,50,70,78,74,74,73,3900
Óscar Mingueza García,Mingueza,RB++,RC Celta,Spain,LALIGA EA SPORTS,75,79,35,65,64,72,75,3600
Mostafa Mohamed,Mohamed,ST++,FC Nantes,Egypt,Ligue 1 Uber Eats,75,72,76,58,69,37,79,3600
Nikola Moro,Moro,CDM++,Bologna,Croatia,Serie A TIM,75,67,73,75,74,70,75,3900
Kevin Müller,Müller,GK++,Heidenheim,Germany,Bundesliga,75,73,71,69,78,48,74,3900
Rodrigo Muniz Carvalho,Rodrigo Muniz,ST++,Fulham,Brazil,Premier League,75,73,74,59,71,42,77,3600
Arijanet Murić,Murić,GK++,Ipswich,Kosovo,Premier League,75,76,73,79,77,45,74,3900
Darlington Nagbe,Nagbe,CM++,Columbus Crew,United States,MLS,75,73,67,71,80,63,73,3900
Nahitan Nández,Nández,RM++,Al Qadisiyah,Uruguay,ROSHN Saudi League,75,81,61,71,77,68,79,3900
Amath Ndiaye,Ndiaye,LM++,R. Valladolid CF,Senegal,LALIGA EA SPORTS,75,89,72,69,77,49,64,3900
Iliman Ndiaye,Ndiaye,ST++,Everton,Senegal,Premier League,75,84,72,63,82,40,62,3900
Dan Ndoye,Ndoye,RM++,Bologna,Switzerland,Serie A TIM,75,81,67,67,78,64,68,3900
Reiss Nelson,Nelson,RW++,Arsenal,England,Premier League,75,85,67,71,78,36,55,3600
Bart Nieuwkoop,Nieuwkoop,RM++,Feyenoord,Netherlands,Eredivisie,75,70,63,73,71,71,77,3900
Tijjani Noslin,Noslin,ST++,Latium,Netherlands,Serie A TIM,75,80,73,66,78,43,74,3900
Jake O'Brien,O'Brien,CB++,Everton,Republic of Ireland,Premier League,75,76,41,53,51,73,79,3600
Warmed Omari,Omari,CB++,Stade Rennais FC,France,Ligue 1 Uber Eats,75,65,34,58,62,77,73,3600
Bećir Omeragić,Omeragić,CB++,Montpellier,Switzerland,Ligue 1 Uber Eats,75,75,40,63,68,75,73,3600
Raphael Onyedika,Onyedika,CDM++,Club Brugge,Nigeria,1A Pro League,75,74,64,64,71,72,80,3900
Aimar Oroz Huarte,Aimar Oroz,CM++,CA Osasuna,Spain,LALIGA EA SPORTS,75,68,74,71,76,58,65,3900
Azzedine Ounahi,Ounahi,CM++,OM,Morocco,Ligue 1 Uber Eats,75,64,63,73,77,63,66,3900
Sebastián Palacios,Palacios,RW++,Talleres,Argentina,Libertadores,75,81,73,71,77,44,66,3900
Alexandros Paschalakis,Paschalakis,GK++,Olympiacos FC,Greece,Hellas Liga,75,76,72,58,77,51,75,3900
Luca Pellegrini,Pellegrini,LB++,Latium,Italy,Serie A TIM,75,71,54,66,76,71,58,3600
Rubén Peña Jiménez,Rubén Peña,RB++,CA Osasuna,Spain,LALIGA EA SPORTS,75,72,69,70,73,72,65,3900
David Pereira da Costa,David Costa,CAM++,RC Lens,Portugal,Ligue 1 Uber Eats,75,76,70,73,81,34,46,3600
Mathias Pereira Lage,Pereira Lage,LW++,Stade Brestois 29,Portugal,Ligue 1 Uber Eats,75,86,72,74,74,61,67,3900
Enzo Pérez,Pérez,CDM++,Estudiantes,Argentina,Libertadores,75,57,66,74,77,71,74,3900
Nehuén Pérez,Pérez,CB++,Udinese,Argentina,Serie A TIM,75,49,25,47,50,77,73,3600
Lucas Pérez Martínez,Lucas Pérez,ST++,RC Deportivo,Spain,LALIGA HYPERMOTION,75,74,76,75,72,30,70,3600
Jaden Philogene,Philogene,LM++,Aston Villa,England,Premier League,75,85,71,69,78,37,59,3600
Diogo Filipe Pinto Leite,Diogo Leite,CB++,Union Berlin,Portugal,Bundesliga,75,55,38,50,61,77,76,3600
Joel Pohjanpalo,Pohjanpalo,ST++,Venezia,Finland,Serie A TIM,75,68,76,63,72,38,76,3600
Ezequiel Ponce,Ponce,ST++,Houston Dynamo,Argentina,MLS,75,75,75,61,73,38,75,3600
Marin Pongračić,Pongračić,CB++,Fiorentina,Croatia,Serie A TIM,75,61,26,52,62,75,75,3600
Denys Popov,Popov,CB++,Dynamo Kyiv,Ukraine,Ukrayina Liha,75,63,40,51,61,75,75,3600
Ángelo Preciado,Preciado,RB++,Sparta Praha,Ecuador,Česká Liga,75,84,63,70,76,66,72,3900
Valeri Qazaishvili,Vako,LM++,Shandong Taishan,Georgia,CSL,75,76,71,70,77,41,69,3900
Jarell Quansah,Quansah,CB++,Liverpool,England,Premier League,75,74,34,59,68,74,77,3600
Sandro Ramírez Castillo,Sandro,ST++,UD Las Palmas,Spain,LALIGA EA SPORTS,75,78,76,67,76,31,63,3600
Christopher Ramos de la Flor,Chris Ramos,ST++,Cádiz CF,Spain,LALIGA HYPERMOTION,75,80,73,64,73,35,68,3600
Milot Rashica,Rashica,RM++,Beşiktaş,Kosovo,Trendyol Süper Lig,75,81,74,71,76,50,73,3900
Yunis Abdelhamid,Abdelhamid,CB++,AS Saint-Étienne,Morocco,Ligue 1 Uber Eats,75,32,33,57,62,76,78,3600
Laurent Abergel,Abergel,CDM++,FC Lorient,France,Ligue 2 BKT,75,65,50,69,72,71,75,3900
Ché Adams,Adams,ST++,Torino,Scotland,Serie A TIM,75,79,76,62,74,40,76,3900
Elijah Adebayo,Adebayo,ST++,Luton Town,England,EFL Championship,75,74,72,53,70,45,80,3600
Firas Al Birekan,Al Birekan,ST++,Al Ahli,Saudi Arabia,ROSHN Saudi League,75,76,73,54,70,30,72,3600
Gastón Álvarez,Álvarez,CB++,Al Qadisiyah,Uruguay,ROSHN Saudi League,75,75,27,59,65,76,75,3600
Juan Cruz Álvaro Armada,Juan Cruz,LB++,CA Osasuna,Spain,LALIGA EA SPORTS,75,73,40,62,64,73,73,3600
Sérgio Miguel Relvas de Oliveira,Sérgio Oliveira,CM++,Olympiacos FC,Portugal,Hellas Liga,75,48,75,79,71,66,58,3600
Juan Bernat Velasco,Juan Bernat,LB++,Villarreal CF,Spain,LALIGA EA SPORTS,75,70,64,76,80,75,53,3900
Leander Dendoncker,Dendoncker,CM++,RSC Anderlecht,Belgium,1A Pro League,75,53,69,75,70,76,78,3900
Maxwel Cornet,Cornet,LM++,Southampton,Côte d'Ivoire,Premier League,75,85,75,70,76,67,70,3900
Frédéric Guilbert,Guilbert,RB++,Lecce,France,Serie A TIM,75,71,47,68,71,73,75,3900
Stijn Spierings,Spierings,CDM++,Brøndby IF,Netherlands,3F Superliga,75,54,66,68,70,74,75,3900
Kevin Vázquez Comesaña,Kevin,RB++,R. Sporting,Spain,LALIGA HYPERMOTION,75,67,53,67,66,73,66,3600
Niklas Dorsch,Dorsch,CDM++,Heidenheim,Germany,Bundesliga,75,70,72,73,78,71,72,3900
Reiss Nelson,Nelson,RW++,Fulham,England,Premier League,75,85,67,71,78,36,55,3600
Felix Uduokhai,Uduokhai,CB++,Beşiktaş,Germany,Trendyol Süper Lig,75,62,39,53,59,76,75,3600
Odsonne Edouard,Edouard,ST++,Leicester City,France,Premier League,75,73,75,67,76,45,69,3900
Aurélio Gabriel Ulineia Buta,Aurélio Buta,RM++,Stade de Reims,Portugal,Ligue 1 Uber Eats,75,87,60,69,77,67,67,3900
Jordan Lotomba,Lotomba,RB++,Feyenoord,Switzerland,Eredivisie,75,78,48,65,72,71,68,3900
Antonio Martínez López,Toni Martínez,ST++,D. Alavés,Spain,LALIGA EA SPORTS,75,68,76,60,72,24,78,3600
Hamed Traorè,Traorè,CAM++,AJ Auxerre,Côte d'Ivoire,Ligue 1 Uber Eats,75,76,69,72,78,57,59,3900
Hyeon Seok Hong,Hong Hyeon Seok,CAM++,1. FSV Mainz 05,Korea Republic,Bundesliga,75,72,71,74,76,66,68,3900
Nehuén Pérez,Pérez,CB++,FC Porto,Argentina,Liga Portugal,75,49,25,47,50,77,73,3600
Billy Gilmour,Gilmour,CDM++,SSC Napoli,Scotland,Serie A TIM,75,60,58,75,76,70,62,3900
Elliot Anderson,Anderson,CM++,Nott'm Forest,England,Premier League,75,72,66,72,79,69,77,3900
Azzedine Ounahi,Ounahi,CM++,Panathinaikos,Morocco,Hellas Liga,75,64,63,73,77,63,66,3900
Warmed Omari,Omari,CB++,OL,France,Ligue 1 Uber Eats,75,65,34,58,62,77,73,3600
Jérémy Le Douaron,Le Douaron,ST++,Palermo,France,Serie BKT,75,66,73,69,74,50,73,3900
Jan Kuchta,Kuchta,ST++,FC Midtjylland,Czechia,3F Superliga,75,79,73,66,72,35,82,3900
Mandela Keita,Keita,CDM++,Parma,Belgium,Serie A TIM,75,78,56,67,75,72,80,3900
Riechedly Bazoer,Bazoer,CB++,Konyaspor,Netherlands,Trendyol Süper Lig,75,67,68,74,75,74,74,3900
Atakan Karazor,Karazor,CDM++,VfB Stuttgart,Türkiye,Bundesliga,75,48,36,62,66,77,73,3600
Warmed Omari,Omari,CB++,Stade Rennais FC,Comoros,Ligue 1 Uber Eats,75,65,34,58,62,77,73,3600
Borjan,Borjan,GK++,Al Riyadh,Canada,ROSHN Saudi League,75,77,72,73,76,44,73,3900
Pinheiro Carvalho,Tozé,CM++,Al Riyadh,Portugal,ROSHN Saudi League,75,74,76,77,79,54,59,3900
Rodrigues,Kévin Rodrigues,LB++,Kasımpaşa,Portugal,Trendyol Süper Lig,75,73,71,76,73,69,66,3900
Abdelmonem,Abdelmonem,CB++,OGC Nice,Egypt,Ligue 1 Uber Eats,75,66,40,63,62,75,75,3600
Aleixo Leite,Helton Leite,GK++,RC Deportivo,Brazil,LALIGA HYPERMOTION,75,74,72,70,76,53,74,3900
Balotelli,Balotelli,ST++,Genoa,Italy,Serie A TIM,75,61,79,71,73,25,78,3600
Wolf,Wolf,RB++,FC Augsburg,Germany,Bundesliga,75,77,71,71,73,70,77,3900
Hwang,Hwang In beom,CM++,Feyenoord,Korea Republic,Eredivisie,75,63,68,75,76,57,64,3900
Tavares Gomes,André Gomes,CDM++,LOSC Lille,Portugal,Ligue 1 Uber Eats,75,42,66,75,73,70,71,3600
De Arruabarrena,De Arruabarrena,GK++,Al Wehda,Uruguay,ROSHN Saudi League,75,73,75,70,77,37,75,3900
Rebic,Rebic,LW++,Lecce,Croatia,Serie A TIM,75,78,75,72,75,46,77,3900
Nastasic,Nastasic,CB++,CD Leganés,Serbia,LALIGA EA SPORTS,75,60,36,63,56,75,74,3600
Maxwel Cornet,Cornet,LM++,Genoa,Côte d'Ivoire,Serie A TIM,75,85,75,70,76,67,70,3900
Albert Grønbæk,Grønbæk,CAM++,Southampton,Denmark,Premier League,75,77,68,72,77,62,72,3900
Georgios Masouras,Masouras,RM++,VfL Bochum,Greece,Bundesliga,75,75,75,73,73,53,70,3900
Adam Armstrong,Armstrong,ST++,West Brom,England,EFL Championship,75,77,76,66,73,35,68,3600
Ramón Terrats Espacio,Terrats,CM++,Getafe CF,Spain,LALIGA EA SPORTS,75,60,64,70,71,71,71,3900
Tom Krauß,Krauß,CDM++,VfL Bochum,Germany,Bundesliga,75,70,66,66,73,72,75,3900
Yusuf Sari,Sari,RM++,Başakşehir,Türkiye,Trendyol Süper Lig,75,85,70,70,79,33,59,3600
Leonardo Lopes de Souza,Leonardo,ST++,Shandong Taishan,Brazil,CSL,75,78,75,59,73,36,73,3600
Jesus Ferreira,Ferreira,ST++,Sounders FC,United States,MLS,75,84,73,71,76,45,67,3900
Ignacio Vidal Miralles,Nacho Vidal,RB++,R. Oviedo,Spain,LALIGA HYPERMOTION,75,75,56,69,69,73,65,3900
Nordin Amrabat,Amrabat,RM++,Hull City,Morocco,EFL Championship,75,78,68,74,76,55,86,3900
Leonardo Lopes de Souza,Leonardo,ST++,Shanghai Port,Brazil,CSL,75,78,75,59,73,36,73,3600
Enzo Pérez,Pérez,CDM++,River Plate,Argentina,Libertadores,75,57,66,74,77,71,74,3900
Aderllan de Jesus Santos,Aderllan Santos,CB++,AVS Futebol SAD,Brazil,Liga Portugal,75,59,52,52,57,76,81,3600
Ruben Vargas,Vargas,LM++,Sevilla FC,Switzerland,LALIGA EA SPORTS,75,82,70,69,79,54,65,3900
Matías Rojas,Rojas,RW++,River Plate,Paraguay,Libertadores,75,76,76,74,77,56,59,3900
Jaden Philogene,Philogene,LM++,Ipswich,England,Premier League,75,85,71,69,78,37,59,3600
