Nombre,Alias,Posición,Club,Nación,Liga,OVR,PAC,SHO,PAS,DRI,DEF,PHY,Precio
Hendry Blank,Blank,CB++,RB Salzburg,Germany,Ö. Bundesliga,64,67,33,46,54,64,65,-1
Israel Suero Fernández,Suero Fernández,CAM++,CD Castellón,Spain,LALIGA HYPERMOTION,64,65,61,63,68,30,46,-1
Martin Šviderský,Šviderský,CDM++,UD Almería,Slovakia,LALIGA HYPERMOTION,64,66,47,61,62,62,62,-1
Ryan Sweeney,Sweeney,CB++,Burton Albion,Republic of Ireland,EFL League One,64,55,34,49,51,61,81,-1
Pierce Sweeney,Sweeney,CB++,Exeter City,Republic of Ireland,EFL League One,64,59,44,56,57,62,74,-1
Dembo Sylla,Sylla,RB++,FCV Dender EH,Guinea,1A Pro League,64,74,51,56,66,57,58,-1
Miłosz Szczepański,Szczepański,CAM++,Piast Gliwice,Poland,PKO BP Ekstraklasa,64,81,56,62,66,36,58,-1
Michał Szromnik,Szromnik,GK++,Górnik Zabrze,Poland,PKO BP Ekstraklasa,64,64,60,62,68,48,60,-1
Tomoki Takamine,Takamine,CDM++,KV Kortrijk,Japan,1A Pro League,64,59,54,59,63,58,70,-1
Callum Talbot,Talbot,RB++,Melbourne City,Australia,A-League,64,78,42,57,63,57,67,-1
Atomu Tanaka,Tanaka,CAM++,HJK Helsinki,Japan,Finnliiga,64,67,58,62,67,56,60,-1
Adil Taoui,Taoui,LM++,LASK,France,Ö. Bundesliga,64,69,62,57,68,24,54,-1
Borys Tashchy,Tashchy,CAM++,FC Erzgebirge Aue,Ukraine,3. Liga,64,64,62,61,62,35,75,-1
Lyle Taylor,Taylor,ST++,Colchester,Montserrat,EFL League Two,64,69,64,57,63,38,62,-1
Allan Tchaptchet,Tchaptchet,CB++,Grenoble Foot 38,France,Ligue 2 BKT,64,54,33,42,44,64,76,-1
Iuri Antônio Teixeira Tavares,Iuri Tavares,LW++,Charlotte FC,Cape Verde Islands,MLS,64,69,58,64,67,25,57,-1
Peter Therkildsen,Therkildsen,RB++,Djurgårdens IF,Denmark,Allsvenskan,64,67,47,59,61,59,73,-1
George Thomas,Thomas,CAM++,Cambridge Utd,Wales,EFL League One,64,77,61,62,67,58,62,-1
Terell Thomas,Thomas,CB++,Carlisle United,St. Lucia,EFL League Two,64,59,39,54,56,63,73,-1
Titouan Thomas,Thomas,CM++,Stade Lavallois,France,Ligue 2 BKT,64,63,56,62,63,60,67,-1
Jens Jakob Thomasen,Thomasen,CM++,IF Elfsborg,Denmark,Allsvenskan,64,55,59,62,64,62,64,-1
Ben Thompson,Thompson,CM++,Stevenage,England,EFL League One,64,69,59,61,66,61,67,-1
Nathan Thompson,Thompson,CB++,Stevenage,England,EFL League One,64,68,38,52,59,63,76,-1
Louis Thompson,Thompson,CM++,Stevenage,Wales,EFL League One,64,69,52,63,67,64,69,-1
Liam Thompson,Thompson,CDM++,Derby County,England,EFL Championship,64,60,46,61,64,61,53,-1
Dagur Dan Þór­halls­son,Þór­halls­son,RB++,Orlando City,Iceland,MLS,64,70,52,58,67,58,58,-1
James Tilley,Tilley,RM++,AFC Wimbledon,England,EFL League Two,64,75,61,59,65,50,52,-1
Alex Timossi Andersson,Timossi Andersson,RM++,Brommapojkarna,Sweden,Allsvenskan,64,86,57,59,64,30,51,-1
Nathan Tjoe-A-On,Tjoe-A-On,LB++,Swansea City,Indonesia,EFL Championship,64,73,39,53,57,58,67,-1
Kacper Tobiasz,Tobiasz,GK++,Legia Warszawa,Poland,PKO BP Ekstraklasa,64,64,60,57,68,28,64,-1
Constantin Toma,Toma,LB++,Unirea Slobozia,Romania,SUPERLIGA,64,59,53,60,59,61,62,-1
Pablo Tomeo Félez,Pablo Tomeo,CM++,CD Mirandés,Spain,LALIGA HYPERMOTION,64,62,54,60,63,62,71,-1
Noel Törnqvist,Törnqvist,GK++,Mjällby AIF,Sweden,Allsvenskan,64,64,65,63,63,46,64,-1
Tomas Totland,Totland,RB++,St. Louis CITY SC,Norway,MLS,64,81,33,49,66,55,64,-1
Ben Hamed Touré,Touré,ST++,AC Ajaccio,Côte d'Ivoire,Ligue 2 BKT,64,60,65,51,62,26,61,-1
Mohamed Touré,Touré,ST++,Randers FC,Australia,3F Superliga,64,85,60,52,65,31,66,-1
Ryley Towler,Towler,CB++,Portsmouth,England,EFL Championship,64,66,36,50,56,63,71,-1
Kristijan Trapanovski,Trapanovski,LW++,Dundee United,North Macedonia,cinch Prem,64,67,61,62,64,33,61,-1
Pol Tristán Jiménez,Tristán,GK++,Granada CF,Spain,LALIGA HYPERMOTION,64,62,62,62,66,28,61,-1
Nick Tsaroulla,Tsaroulla,LB++,Notts County,Cyprus,EFL League Two,64,81,58,56,67,56,58,-1
Antonis Tsiftsis,Tsiftsis,GK++,PAOK FC,Greece,Hellas Liga,64,68,60,63,67,29,62,-1
Grigore Turda,Turda,CB++,FC Gloria Buzău,Romania,SUPERLIGA,64,72,34,45,41,63,71,-1
Ed Turns,Turns,CB++,Brighton,Wales,Premier League,64,59,30,44,52,63,71,-1
Henrik Udahl,Udahl,ST++,HamKam Fotball,Norway,Eliteserien,64,72,64,47,60,23,69,-1
Oğulcan Ülgün,Ülgün,CDM++,Konyaspor,Türkiye,Trendyol Süper Lig,64,65,53,62,62,59,67,-1
Dario Ulrich,Ulrich,RM++,FC Luzern,Switzerland,CSSL,64,67,61,60,65,61,52,-1
Dan Peter Ulvestad,Ulvestad,CB++,Kristiansund BK,Norway,Eliteserien,64,32,44,48,44,63,73,-1
Tomislav Uskok,Uskok,CB++,Macarthur FC,Australia,A-League,64,52,35,47,49,61,79,-1
Ely Valderrey,Valderrey,LM++,Metropolitanos,Venezuela,Sudamericana,64,72,61,61,62,60,66,-1
Gastón Valles,Valles,ST++,FC Cartagena,Uruguay,LALIGA HYPERMOTION,64,68,63,55,62,30,68,-1
Koen Van Langendonck,Van Langendonck,GK++,KVC Westerlo,Belgium,1A Pro League,64,63,63,64,60,27,67,-1
Éric Vandenabeele,Vandenabeele,CB++,Rodez AF,France,Ligue 2 BKT,64,38,38,43,49,64,70,-1
Jeisson Vargas,Vargas,CAM++,Huachipato,Chile,Libertadores,64,65,59,62,68,35,57,-1
Obed Vargas,Vargas,CM++,Sounders FC,Mexico,MLS,64,74,42,62,71,55,51,-1
Ricardo José Varzim Miranda,Ricardinho,RB++,FC Petrolul,Portugal,SUPERLIGA,64,67,55,58,59,61,72,-1
Harry Vaughan,Vaughan,LM++,Hull City,Republic of Ireland,EFL Championship,64,77,55,61,68,41,41,-1
Eric Veiga,Veiga,LB++,AVS Futebol SAD,Luxembourg,Liga Portugal,64,68,38,61,64,62,59,-1
Igor Vekič,Vekič,GK++,Vejle Boldklub,Slovenia,3F Superliga,64,63,64,68,67,30,62,-1
Josh Vela,Vela,CM++,Carlisle United,England,EFL League Two,64,61,59,62,63,61,80,-1
Samuel Velásquez,Velásquez,LB++,Atl. Nacional,Colombia,Liga Colombia,64,66,30,55,59,59,50,-1
Jhon Vélez,Vélez,CM++,Junior,Colombia,Libertadores,64,63,50,61,61,50,66,-1
Stefan Velkov,Velkov,CB++,Vejle Boldklub,Bulgaria,3F Superliga,64,58,41,49,55,62,74,-1
Nishan Velupillay,Velupillay,LM++,Melb. Victory,Australia,A-League,64,92,54,55,68,34,56,-1
Fredy Vera,Vera,RM++,Ind. Rivadavia,Paraguay,LPF,64,79,59,56,62,38,58,-1
Matthias Verreth,Verreth,CAM++,Brisigonza,Belgium,Serie BKT,64,71,62,62,67,37,59,-1
Gaute Vetti,Vetti,CM++,FK Bodø/Glimt,Norway,Eliteserien,64,56,49,61,64,61,64,-1
Mauro Vigorito,Vigorito,GK++,Como,Italy,Serie A TIM,64,63,63,60,65,39,65,-1
Alexis Villalba,Villalba,CB++,Sportivo Luqueño,Paraguay,Sudamericana,64,69,50,57,62,65,62,-1
Miguel Villar Alonso,Miki Villar,RM++,Jagiellonia,Spain,PKO BP Ekstraklasa,64,78,64,57,65,31,60,-1
Sam Vokes,Vokes,ST++,Wycombe,Wales,EFL League One,64,35,64,57,56,42,81,-1
Leonardo Vonić,Vonić,ST++,Rot-Weiss Essen,Croatia,3. Liga,64,71,62,43,66,25,66,-1
Andrija Vukčević,Vukčević,LB++,FC Cartagena,Montenegro,LALIGA HYPERMOTION,64,67,51,57,58,61,69,-1
Luka Vušković,Vušković,CB++,KVC Westerlo,Croatia,1A Pro League,64,61,62,50,58,59,75,-1
Ben Waine,Waine,ST++,Plymouth Argyle,New Zealand,EFL Championship,64,82,63,55,63,44,75,-1
Tim Waker,Waker,LB++,Brommapojkarna,Sweden,Allsvenskan,64,90,57,58,61,56,68,-1
Jamie Walker,Walker,CAM++,Bradford City,Scotland,EFL League Two,64,78,60,63,67,53,67,-1
Michał Walski,Walski,CDM++,Puszcza,Poland,PKO BP Ekstraklasa,64,75,54,63,66,61,68,-1
Gang Wang,Wang Gang,RB++,Beijing Guoan,China PR,CSL,64,74,55,55,61,60,77,-1
Grant Ward,Ward,CM++,Bristol Rovers,England,EFL League One,64,69,58,64,65,56,64,-1
Tennai Watson,Watson,RB++,Charlton Ath,England,EFL League One,64,72,39,55,59,59,60,-1
Tony Watt,Watt,ST++,Motherwell,Scotland,cinch Prem,64,71,65,61,64,46,73,-1
Diego Wayar,Wayar,CDM++,The Strongest,Bolivia,Libertadores,64,61,40,58,58,64,51,-1
Jensen Weir,Weir,CM++,Brighton,England,Premier League,64,67,63,60,64,58,61,-1
Sem Westerveld,Westerveld,GK++,AZ,Spain,Eredivisie,64,65,63,61,66,28,64,-1
Ethan Wheatley,Wheatley,ST++,Manchester Utd,England,Premier League,64,72,64,49,63,31,63,-1
David Wheeler,Wheeler,RM++,Wycombe,England,EFL League One,64,77,60,60,63,58,66,-1
Ben Whitfield,Whitfield,RM++,Burton Albion,England,EFL League One,64,83,60,59,66,49,50,-1
Eirik Wichne,Wichne,RB++,Sarpsborg 08,Norway,Eliteserien,64,79,45,61,60,58,67,-1
Ben Wiles,Wiles,CM++,Huddersfield,England,EFL League One,64,44,58,64,65,59,61,-1
Brynjólfur Willumsson,Willumsson,ST++,FC Groningen,Iceland,Eredivisie,64,70,63,54,64,38,70,-1
James Wilson,Wilson,CB++,Bristol Rovers,Wales,EFL League One,64,51,38,49,48,63,75,-1
Freddy Winsth,Winsth,RB++,IFK Värnamo,Sweden,Allsvenskan,64,67,31,52,59,58,69,-1
Nils Winter,Winter,RB++,Aleman. Aachen,Germany,3. Liga,64,73,56,60,59,59,70,-1
Frederik Winther,Winther,CB++,Hammarby IF,Denmark,Allsvenskan,64,54,31,51,58,65,65,-1
Casper Winther,Winther,CM++,Lyngby BK,Denmark,3F Superliga,64,63,55,61,67,56,60,-1
Owen Wolff,Wolff,CDM++,Austin FC,United States,MLS,64,72,44,61,67,61,53,-1
Jayden Fevrier,Fevrier,RW++,Stockport,England,EFL League One,64,91,55,56,65,51,78,-1
Sebastián Figueredo,Figueredo,RB++,Wanderers,Uruguay,Sudamericana,64,71,41,54,54,61,63,-1
Bradley Fink,Fink,ST++,FC Basel 1893,Switzerland,CSSL,64,73,59,44,60,30,75,-1
Lewis Fiorini,Fiorini,CM++,Stockport,Scotland,EFL League One,64,67,59,60,66,55,59,-1
Jack Fitzwater,Fitzwater,CB++,Exeter City,England,EFL League One,64,65,37,48,54,64,69,-1
Tom Flanagan,Flanagan,CB++,Colchester,Northern Ireland,EFL League Two,64,43,34,49,47,63,77,-1
Brandon Fleming,Fleming,LB++,Doncaster,England,EFL League Two,64,73,36,57,64,60,57,-1
Josh Flint,Flint,CB++,Crawley Town,England,EFL League One,64,75,44,56,60,64,66,-1
Francisco Flores,Flores,CB++,Atlético Tucumán,Argentina,LPF,64,67,36,56,59,62,74,-1
Mariusz Fornalczyk,Fornalczyk,RM++,Korona Kielce,Poland,PKO BP Ekstraklasa,64,88,50,50,71,27,52,-1
Ian Forns Montes,Ian Forns,LB++,RCD Espanyol,Spain,LALIGA EA SPORTS,64,83,53,57,65,57,59,-1
Will Forrester,Forrester,CB++,Bolton,England,EFL League One,64,56,24,47,56,63,71,-1
Jake Forster-Caskey,Forster-Caskey,CM++,Stevenage,England,EFL League One,64,62,60,65,65,57,63,-1
Antonio Foti,Foti,CAM++,B. Dortmund II,Cyprus,3. Liga,64,68,60,60,67,52,55,-1
Guillaume François,François,RB++,R. Union St.-G.,Belgium,1A Pro League,64,60,57,61,66,63,63,-1
Ivan Franjic,Franjic,CAM++,Wehen Wiesbaden,Croatia,3. Liga,64,68,58,62,65,29,55,-1
Liam Fraser,Fraser,CDM++,FC Dallas,Canada,MLS,64,60,35,59,59,61,74,-1
Nick Freeman,Freeman,CM++,Stevenage,England,EFL League One,64,71,57,62,66,54,59,-1
Lewis Freestone,Freestone,CB++,Stevenage,England,EFL League One,64,75,33,50,58,62,76,-1
Toni Fuidias Ribera,Toni Fuidias,GK++,FC Cartagena,Spain,LALIGA HYPERMOTION,64,65,64,62,63,30,63,-1
James Furlong,Furlong,LB++,AFC Wimbledon,Republic of Ireland,EFL League Two,64,67,32,59,62,60,55,-1
Ethan Galbraith,Galbraith,CAM++,Leyton Orient,Northern Ireland,EFL League One,64,72,59,62,66,61,60,-1
Pedro Galindo,Galindo,GK++,Real Tomayapo,Bolivia,Sudamericana,64,67,65,62,63,46,61,-1
Jon Gallagher,Gallagher,RB++,Austin FC,Republic of Ireland,MLS,64,78,58,59,64,55,61,-1
Braian Galván,Galván,RM++,Banfield,Argentina,LPF,64,79,57,58,68,43,58,-1
Marco Gantschnig,Gantschnig,CB++,Grazer AK,Austria,Ö. Bundesliga,64,54,46,51,56,64,63,-1
Matthew Garbett,Garbett,CAM++,NAC Breda,New Zealand,Eredivisie,64,73,60,61,66,51,66,-1
Luke Garbutt,Garbutt,LB++,Salford City,England,EFL League Two,64,67,53,62,60,61,64,-1
Naim García García,Naim García,RM++,CD Leganés,Spain,LALIGA EA SPORTS,64,60,63,60,68,33,50,-1
Luka Gavran,Gavran,GK++,Toronto FC,Canada,MLS,64,64,66,66,63,28,62,-1
Timur Gayret,Gayret,CAM++,SC Verl,Germany,3. Liga,64,69,58,59,66,42,57,-1
Simon Gefvert,Gefvert,RB++,Västerås SK,Sweden,Allsvenskan,64,78,53,60,64,55,65,-1
Aitor Gelardo Vegara,Gelardo,CM++,Racing de Ferrol,Spain,LALIGA HYPERMOTION,64,64,56,63,64,51,55,-1
Georgie Gent,Gent,LB++,Barnsley,England,EFL League One,64,85,48,58,64,55,57,-1
Tyrique George,George,LM++,Chelsea,England,Premier League,64,81,62,58,68,32,52,-1
Alberto Gerbo,Gerbo,CM++,SS Juve Stabia,Italy,Serie BKT,64,78,52,63,70,50,62,-1
Alex Gersbach,Gersbach,LB++,Kalmar FF,Australia,Allsvenskan,64,82,35,55,61,57,73,-1
Thomas Geyer,Geyer,CB++,SSV Ulm 1846,Germany,Bundesliga 2,64,66,25,44,54,65,67,-1
Ion Gheorghe,Gheorghe,LM++,FC Gloria Buzău,Romania,SUPERLIGA,64,84,58,60,64,44,60,-1
Simone Ghidotti,Ghidotti,GK++,Sampdoria,Italy,Serie BKT,64,66,64,59,64,35,63,-1
Óscar Gil Osés,Óscar Gil,CB++,CD Castellón,Spain,LALIGA HYPERMOTION,64,46,43,57,53,64,66,-1
Néstor Giménez,Giménez,LB++,Libertad,Paraguay,Libertadores,64,71,34,52,57,60,59,-1
Andrea Giorgini,Giorgini,CB++,Südtirol,Italy,Serie BKT,64,58,28,51,56,62,75,-1
Edvinas Girdvainis,Girdvainis,CB++,SV Sandhausen,Lithuania,3. Liga,64,54,25,48,43,62,73,-1
Ian Glavinovich,Glavinovich,CB++,Newell's,Argentina,LPF,64,63,32,53,53,66,62,-1
Michael Glück,Glück,CB++,VfB Stuttgart II,Austria,3. Liga,64,62,27,43,50,64,66,-1
Marcus Godinho,Godinho,LB++,Korona Kielce,Canada,PKO BP Ekstraklasa,64,75,31,55,68,57,65,-1
Fernando Godoy,Godoy,CM++,Sarmiento,Argentina,LPF,64,58,55,62,63,64,68,-1
Alan Godoy Domínguez,Alan Godoy,ST++,CD Eldense,Spain,LALIGA HYPERMOTION,64,74,62,48,68,31,60,-1
Udoka Godwin-Malife,Godwin-Malife,CB++,Burton Albion,England,EFL League One,64,81,32,53,59,61,75,-1
Alex Gogić,Gogić,CB++,St. Mirren,Cyprus,cinch Prem,64,46,45,51,52,62,77,-1
Nicolás Goitea,Goitea,CB++,Delfín S.C.,Argentina,Sudamericana,64,57,24,42,51,66,62,-1
Luka Gojković,Gojković,CAM++,FC Rapid 1923,Serbia,SUPERLIGA,64,69,56,64,66,33,54,-1
Julian Gölles,Gölles,RB++,Blau-Weiss Linz,Austria,Ö. Bundesliga,64,74,54,54,58,61,69,-1
David José Gomes O. Tavares,David Tavares,CM++,FC Gloria Buzău,Cape Verde Islands,SUPERLIGA,64,72,56,59,67,59,74,-1
Erick Gonzáles,Gonzáles,CDM++,Dep. Garcilaso,Peru,Sudamericana,64,59,32,56,52,59,69,-1
Brian González,González,RM++,Cerro Largo,Uruguay,Sudamericana,64,75,61,61,65,37,57,-1
David González,González,CM++,Racing Club,Argentina,Sudamericana,64,64,54,65,67,48,51,-1
Diego González Cabanes,Diego González,CB++,SD Huesca,Spain,LALIGA HYPERMOTION,64,61,42,54,56,65,63,-1
David González Plata,Nono,CM++,Korona Kielce,Spain,PKO BP Ekstraklasa,64,79,67,66,68,41,59,-1
Will Goodwin,Goodwin,ST++,Oxford United,England,EFL Championship,64,70,61,46,62,28,74,-1
Tristan Gooijer,Gooijer,RB++,PEC Zwolle,Netherlands,Eredivisie,64,73,38,52,64,61,67,-1
Anthony Gordillo,Gordillo,LB++,Dep. Garcilaso,Peru,Sudamericana,64,63,29,50,55,62,56,-1
Liam Gordon,Gordon,CB++,Motherwell,Scotland,cinch Prem,64,43,28,41,46,63,77,-1
Luis Antonio Gorocito,Gorocito,ST++,Racing Club,Uruguay,Sudamericana,64,55,68,38,59,21,70,-1
Viktor Granath,Granath,ST++,Västerås SK,Sweden,Allsvenskan,64,60,66,47,56,27,70,-1
Rhyan Grant,Grant,RB++,Sydney FC,Australia,A-League,64,66,56,60,62,59,81,-1
Conor Grant,Grant,LB++,Port Vale,England,EFL League Two,64,66,58,61,63,59,67,-1
Christoph Greger,Greger,CB++,Viktoria Köln,Germany,3. Liga,64,53,28,37,40,64,74,-1
Fabian Greilinger,Greilinger,LB++,Wehen Wiesbaden,Germany,3. Liga,64,81,47,55,68,54,61,-1
Daníel Leó Grétarsson,Grétarsson,CB++,Sønderjyske,Iceland,3F Superliga,64,66,52,58,59,64,70,-1
Josh Griffiths,Griffiths,GK++,Bristol Rovers,England,EFL League One,64,65,62,61,66,30,62,-1
Will Grigg,Grigg,ST++,Chesterfield,Northern Ireland,EFL League Two,64,63,64,49,62,32,64,-1
Maximilian Großer,Großer,CB++,Arminia Bielefeld,Germany,3. Liga,64,51,34,53,51,62,75,-1
Emin Grozdanic,Grozdanic,CB++,IFK Värnamo,Sweden,Allsvenskan,64,56,30,52,56,63,68,-1
Zsombor Gruber,Gruber,ST++,Ferencvárosi TC,Hungary,Magyar Liga,64,67,65,51,62,20,56,-1
Fabio Gruber,Gruber,CB++,SC Verl,Germany,3. Liga,64,61,28,46,48,64,69,-1
Sveinn Aron Guðjohnsen,Guðjohnsen,ST++,Hansa Rostock,Iceland,3. Liga,64,40,64,47,62,33,72,-1
Saulo Guerra,Guerra,RM++,Nacional Potosí,Bolivia,Sudamericana,64,68,56,62,63,59,59,-1
Matthew Guillaumier,Guillaumier,CDM++,Stal Mielec,Malta,PKO BP Ekstraklasa,64,67,59,64,64,60,67,-1
Thomas Gundelund,Gundelund,RB++,Vejle Boldklub,Denmark,3F Superliga,64,71,41,57,62,60,60,-1
Niklas Gunnarsson,Gunnarsson,CB++,Yverdon Sport FC,Norway,CSSL,64,52,49,55,56,62,76,-1
Thomas Gutierrez,Gutierrez,CB++,S. Ameliano,Venezuela,Sudamericana,64,61,35,52,49,64,65,-1
Jean Gutiérrez,Gutiérrez,CB++,Dep. Táchira,Venezuela,Libertadores,64,53,25,44,46,64,67,-1
Leon Guwara,Guwara,LB++,FC Ingolstadt 04,Gambia,3. Liga,64,80,39,54,64,60,69,-1
Callum Guy,Guy,CDM++,Carlisle United,England,EFL League Two,64,66,54,63,62,60,68,-1
Nicholas Hagen,Hagen,GK++,Columbus Crew,Guatemala,MLS,64,64,61,60,64,32,63,-1
Jetmir Haliti,Haliti,CB++,Jagiellonia,Kosovo,PKO BP Ekstraklasa,64,89,31,47,61,63,70,-1
Dan Happe,Happe,CB++,Leyton Orient,England,EFL League One,64,54,28,44,46,63,81,-1
Vincent Harper,Harper,LB++,Exeter City,Kenya,EFL League One,64,90,45,55,66,55,74,-1
Shayon Harrison,Harrison,ST++,Politehnica Iași,England,SUPERLIGA,64,87,62,45,66,22,60,-1
Alex Hartridge,Hartridge,CB++,Wycombe,England,EFL League One,64,70,28,50,54,63,75,-1
Daniel Harvie,Harvie,LB++,Wycombe,Scotland,EFL League One,64,75,46,56,61,57,70,-1
Ajdin Hasić,Hasić,RM++,Cracovia,Bosnia and Herzegovina,PKO BP Ekstraklasa,64,78,59,61,72,38,41,-1
Jessé Hautier,Hautier,RM++,Yverdon Sport FC,Switzerland,CSSL,64,60,54,60,65,30,55,-1
Lucien Hawryluk,Hawryluk,GK++,SV Waldhof,Germany,3. Liga,64,64,64,63,67,28,62,-1
Zakaria Hawsawi,Hawsawi,LB++,Al Raed,Saudi Arabia,ROSHN Saudi League,64,91,34,51,71,55,63,-1
Aaron Hayden,Hayden,CB++,Carlisle United,England,EFL League Two,64,64,30,44,52,62,75,-1
Justin Heekeren,Heekeren,GK++,FC Schalke 04,Germany,Bundesliga 2,64,64,62,68,66,39,63,-1
Melker Heier,Heier,RW++,IK Sirius,Sweden,Allsvenskan,64,73,62,59,66,52,63,-1
Karl Hein,Hein,GK++,R. Valladolid CF,Estonia,LALIGA EA SPORTS,64,61,63,56,66,35,64,-1
Mark Helm,Helm,CAM++,Fleetwood Town,England,EFL League Two,64,70,60,61,66,50,57,-1
Zach Hemming,Hemming,GK++,Leyton Orient,England,EFL League One,64,65,64,61,63,28,64,-1
Callum Hendry,Hendry,ST++,MK Dons,Scotland,EFL League Two,64,73,63,55,65,31,72,-1
Ben Heneghan,Heneghan,CB++,Port Vale,England,EFL League Two,64,43,28,42,42,63,74,-1
Yul Heo,Heo Yul,CB++,GwangJu FC,Korea Republic,K League 1,64,82,60,43,58,60,76,-1
Gerónimo Heredia,Heredia,RB++,Belgrano,Argentina,Sudamericana,64,75,43,54,58,59,62,-1
Ronald Hernández,Hernández,RB++,Atlanta United,Venezuela,MLS,64,82,33,52,61,59,65,-1
José Manuel Hernández,Hernández,RM++,Caracas F.C.,Venezuela,Libertadores,64,71,62,61,65,38,59,-1
Simen Hestnes,Hestnes,CM++,KFUM-Kameratene,Norway,Eliteserien,64,72,52,62,64,54,68,-1
Santiago Hidalgo,Hidalgo,ST++,Independiente,Argentina,LPF,64,77,63,56,66,33,48,-1
Ben Hinchliffe,Hinchliffe,GK++,Stockport,England,EFL League One,64,65,60,62,66,40,65,-1
Otto Hindrich,Hindrich,GK++,CFR 1907 Cluj,Romania,SUPERLIGA,64,64,63,54,65,26,63,-1
Brendan Hines-Ike,Hines-Ike,CB++,Austin FC,United States,MLS,64,53,53,54,58,64,73,-1
Patrick Hoban,Hoban,ST++,Derry City,Republic of Ireland,SSE Airtricity PD,64,51,64,52,59,38,72,-1
Joe Hodge,Hodge,CDM++,Wolves,Republic of Ireland,Premier League,64,66,53,61,65,59,60,-1
Jonas Hofmann,Hofmann,CM++,Energie Cottbus,Germany,3. Liga,64,68,52,64,65,61,57,-1
Kasper Høgh,Høgh,ST++,FK Bodø/Glimt,Denmark,Eliteserien,64,77,62,50,62,28,64,-1
Oscar Højlund,Højlund,CM++,Frankfurt,Denmark,Bundesliga,64,74,56,60,66,61,66,-1
Odin Thiago Holm,Holm,CM++,Celtic,Norway,cinch Prem,64,78,55,64,64,55,59,-1
Dinko Horkaš,Horkaš,GK++,UD Las Palmas,Croatia,LALIGA EA SPORTS,64,64,61,61,66,48,62,-1
Diego Hormigo Iturralde,Hormigo,LB++,Sevilla FC,Spain,LALIGA EA SPORTS,64,67,26,53,51,62,57,-1
Santeri Hostikka,Hostikka,LW++,HJK Helsinki,Finland,Finnliiga,64,77,56,61,66,34,59,-1
Marco Huamán,Huamán,RW++,Alianza Lima,Peru,Libertadores,64,70,62,60,65,59,54,-1
Muharem Huskovic,Huskovic,ST++,FK Austria Wien,Austria,Ö. Bundesliga,64,73,62,57,69,20,57,-1
Isaac Hutchinson,Hutchinson,CM++,Bristol Rovers,England,EFL League One,64,72,61,64,66,52,67,-1
Gabriel Iancu,Iancu,ST++,Farul Constanța,Romania,SUPERLIGA,64,63,66,67,67,32,58,-1
Franco Ibarra,Ibarra,CDM++,Rosario Central,Argentina,Libertadores,64,67,45,55,59,65,64,-1
Christopher Ibayi,Ibayi,ST++,AC Ajaccio,Congo,Ligue 2 BKT,64,62,65,48,60,26,66,-1
Sunusi Ibrahim,Ibrahim,ST++,CF Montréal,Nigeria,MLS,64,86,60,53,64,23,70,-1
Emirhan İlkhan,İlkhan,CM++,Torino,Türkiye,Serie A TIM,64,66,58,63,70,50,48,-1
Tomoki Imai,Imai,CB++,Western United,Japan,A-League,64,57,24,48,55,62,77,-1
Sandro Ingolitsch,Ingolitsch,RB++,SCR Altach,Austria,Ö. Bundesliga,64,71,41,58,62,61,65,-1
Jack Iredale,Iredale,CB++,Bolton,Australia,EFL League One,64,72,43,56,58,61,74,-1
Joe Ironside,Ironside,ST++,Doncaster,England,EFL League Two,64,67,63,50,59,41,82,-1
Aziel Jackson,Jackson,CAM++,Columbus Crew,United States,MLS,64,77,57,57,71,33,51,-1
Damian Jakubik,Jakubik,RB++,Radomiak Radom,Poland,PKO BP Ekstraklasa,64,76,32,54,50,60,71,-1
Jeremías James,James,CB++,Dep. Riestra,Argentina,LPF,64,44,33,40,43,64,70,-1
Alexandre Jankewitz,Jankewitz,CDM++,FC Winterthur,Switzerland,CSSL,64,68,57,61,66,58,71,-1
Mohamed Jaouab,Jaouab,CB++,Stade Rennais FC,Morocco,Ligue 1 Uber Eats,64,57,29,42,51,64,65,-1
Paweł Jaroszyński,Jaroszyński,LM++,Cracovia,Poland,PKO BP Ekstraklasa,64,63,53,63,63,64,71,-1
Seedy Jatta,Jatta,ST++,SK Sturm Graz,Norway,Ö. Bundesliga,64,81,61,46,66,26,67,-1
Mikel Jauregizar Alboniga,Jauregizar,CM++,Athletic Club,Spain,LALIGA EA SPORTS,64,60,55,57,62,56,57,-1
Mehdi Jeannin,Jeannin,GK++,Pau FC,Algeria,Ligue 2 BKT,64,66,62,65,66,49,61,-1
Keegan Jelacic,Jelacic,LM++,Brisbane Roar,Australia,A-League,64,74,57,60,65,54,69,-1
Fredrik Oldrup Jensen,Jensen,CDM++,NAC Breda,Norway,Eredivisie,64,50,51,57,60,63,70,-1
Kevin Jensen,Jensen,LW++,Kalmar FF,Sweden,Allsvenskan,64,76,60,59,67,20,47,-1
Anders Finjord Jenssen,Jenssen,CB++,Tromsø IL,Norway,Eliteserien,64,50,32,46,48,63,74,-1
Woo Jae Jeong,Jeong Woo Jae,LB++,Jeonbuk Hyundai,Korea Republic,K League 1,64,73,59,60,66,59,71,-1
Dong Won Ji,Ji Dong Won,ST++,Suwon FC,Korea Republic,K League 1,64,52,64,56,60,40,67,-1
Tao Jian,Jian Tao,GK++,Rongcheng FC,China PR,CSL,64,60,67,57,69,19,64,-1
Magno João Victo,João Magno,ST++,GwangJu FC,Brazil,K League 1,64,68,65,44,56,28,81,-1
Marcel Johnen,Johnen,GK++,Aleman. Aachen,Germany,3. Liga,64,68,60,64,68,27,59,-1
Callum Johnson,Johnson,RB++,Bradford City,England,EFL League Two,64,73,45,57,60,60,71,-1
Max Johnston,Johnston,RB++,SK Sturm Graz,Scotland,Ö. Bundesliga,64,81,36,58,60,57,64,-1
Jamie Jones,Jones,GK++,Salford City,England,EFL League Two,64,64,63,66,64,34,64,-1
Antonio Jonjić,Jonjić,ST++,Wehen Wiesbaden,Germany,3. Liga,64,76,62,57,69,31,64,-1
Viðar Ari Jónsson,Jónsson,RW++,HamKam Fotball,Iceland,Eliteserien,64,80,56,59,63,60,66,-1
Filip Jørgensen,Jørgensen,CM++,Odds BK,Norway,Eliteserien,64,73,55,60,67,57,64,-1
Marcelo Jorquera,Jorquera,LB++,Cobresal,Chile,Libertadores,64,73,39,59,63,58,70,-1
Joel Jorquera Romero,Jorquera,LM++,CD Eldense,Spain,LALIGA HYPERMOTION,64,70,53,61,64,28,51,-1
Kyle Joseph,Joseph,ST++,Blackpool,Scotland,EFL League One,64,75,62,53,65,23,60,-1
Andreas Jungdal,Jungdal,GK++,Cremonese,Denmark,Serie BKT,64,67,61,57,67,23,63,-1
Elton Kabangu,Kabangu,ST++,R. Union St.-G.,Belgium,1A Pro League,64,77,62,60,68,33,52,-1
Sullay Kaikai,Kaikai,RM++,Cambridge Utd,Sierra Leone,EFL League One,64,82,61,60,66,48,52,-1
Sherif Kallaku,Kallaku,CAM++,Sepsi OSK,Albania,SUPERLIGA,64,69,60,62,65,36,44,-1
Brent Kallman,Kallman,CB++,Nashville SC,United States,MLS,64,46,39,49,37,63,76,-1
Mohammed Kamara,Kamara,LW++,CFR 1907 Cluj,Liberia,SUPERLIGA,64,76,59,56,67,29,64,-1
Krzysztof Kamiński,Kamiński,GK++,Pogoń Szczecin,Poland,PKO BP Ekstraklasa,64,64,61,65,65,36,66,-1
Bernard Kamungo,Kamungo,RM++,FC Dallas,United States,MLS,64,77,64,54,67,45,48,-1
Seong Jin Kang,Kang Seong Jin,RM++,FC Seoul,Korea Republic,K League 1,64,80,58,53,67,27,57,-1
Abdoulaye Kanté,Kanté,CDM++,ESTAC Troyes,Côte d'Ivoire,Ligue 2 BKT,64,63,40,55,60,63,62,-1
Juan Cruz Kaprof,Kaprof,ST++,FC Botoșani,Argentina,SUPERLIGA,64,76,63,59,63,32,64,-1
Malte Karbstein,Karbstein,CB++,SV Waldhof,Germany,3. Liga,64,61,36,48,51,63,71,-1
Gregory Karlen,Karlen,CM++,FC St. Gallen,Switzerland,CSSL,64,65,64,63,65,57,65,-1
Sander Erik Kartum,Kartum,CM++,SK Brann,Norway,Eliteserien,64,73,54,64,66,55,64,-1
Jadel Katongo,Katongo,RB++,Manchester City,England,Premier League,64,70,36,55,58,61,68,-1
Lars Kehl,Kehl,RW++,VfL Osnabrück,Germany,3. Liga,64,66,61,61,67,39,57,-1
Felix Keidel,Keidel,CM++,FC Ingolstadt 04,Germany,3. Liga,64,70,42,63,66,57,59,-1
Tidiane Keita,Keita,CM++,FC Petrolul,France,SUPERLIGA,64,70,53,63,64,55,64,-1
Kader Keïta,Keïta,CDM++,CFR 1907 Cluj,Côte d'Ivoire,SUPERLIGA,64,66,44,56,61,61,71,-1
Jonas Kersken,Kersken,GK++,Arminia Bielefeld,Germany,3. Liga,64,67,45,66,70,25,67,-1
Hugo Keto,Keto,GK++,Sandefjord,Finland,Eliteserien,64,65,62,60,64,46,63,-1
Anan Khalaili,Khalaili,RW++,R. Union St.-G.,Israel,1A Pro League,64,76,62,56,67,25,59,-1
Benji Kikanović,Kikanović,LM++,SJ Earthquakes,United States,MLS,64,87,58,49,64,24,63,-1
Alfie Kilgour,Kilgour,CB++,Mansfield Town,England,EFL League One,64,64,46,44,52,62,73,-1
Greg Kiltie,Kiltie,LW++,St. Mirren,Scotland,cinch Prem,64,65,59,60,66,46,61,-1
Tae Han Kim,Kim Tae Han,CB++,Suwon FC,Korea Republic,K League 1,64,52,21,34,32,66,71,-1
Min Hyeok Kim,Kim Min Hyeok,CDM++,Ulsan Hyundai,Korea Republic,K League 1,64,57,59,60,64,56,73,-1
Jin Ya Kim,Kim Jin Ya,RB++,FC Seoul,Korea Republic,K League 1,64,81,53,58,64,56,63,-1
Tae Hyun Kim,Kim Tae Hyun,RB++,Jeonbuk Hyundai,Korea Republic,K League 1,64,68,48,59,62,57,64,-1
Tom King,King,GK++,Wolves,Wales,Premier League,64,64,63,61,64,42,63,-1
Kristian Kirkegaard,Kirkegaard,LM++,Vejle Boldklub,Denmark,3F Superliga,64,75,61,61,64,35,56,-1
Pål Alexander Kirkevold,Kirkevold,ST++,HamKam Fotball,Norway,Eliteserien,64,56,64,62,62,33,77,-1
Philipp Klewin,Klewin,GK++,Hansa Rostock,Germany,3. Liga,64,63,61,60,64,41,65,-1
Thibault Klidje,Klidje,ST++,FC Luzern,Togo,CSSL,64,81,63,56,69,26,63,-1
Antoni Klimek,Klimek,LW++,Widzew Łódź,Poland,PKO BP Ekstraklasa,64,73,58,56,68,51,59,-1
Matija Boben,Boben,CB++,CFR 1907 Cluj,Slovenia,SUPERLIGA,64,48,28,40,42,63,75,-1
Mateusz Bochnak,Bochnak,RM++,Cracovia,Poland,PKO BP Ekstraklasa,64,73,61,56,66,37,58,-1
Melayro Bogarde,Bogarde,CDM++,LASK,Netherlands,Ö. Bundesliga,64,60,30,52,65,65,62,-1
Lamare Bogarde,Bogarde,CDM++,Aston Villa,Netherlands,Premier League,64,64,46,57,61,63,69,-1
Adama Bojang,Bojang,ST++,Stade de Reims,Gambia,Ligue 1 Uber Eats,64,62,64,50,60,36,57,-1
Agustín Bolivar,Bolivar,CDM++,Gimnasia,Argentina,LPF,64,61,46,58,61,64,63,-1
James Bolton,Bolton,CB++,Fleetwood Town,England,EFL League Two,64,72,35,53,58,62,72,-1
Luke Bolton,Bolton,RB++,Wrexham AFC,England,EFL League One,64,83,55,59,66,54,68,-1
André Boman,Boman,RB++,Halmstads BK,Sweden,Allsvenskan,64,79,49,58,65,57,65,-1
Elliot Bonds,Bonds,CDM++,Fleetwood Town,Guyana,EFL League Two,64,65,49,57,60,60,75,-1
Yvandro Borges Sanches,Borges Sanches,LM++,M'gladbach,Luxembourg,Bundesliga,64,77,57,64,63,53,58,-1
Dennis Borkowski,Borkowski,ST++,FC Ingolstadt 04,Germany,3. Liga,64,72,63,54,66,32,64,-1
Tim Boss,Boss,GK++,SV Elversberg,Germany,Bundesliga 2,64,67,62,60,64,48,62,-1
Yassine Bouchama,Bouchama,CAM++,Preußen Münster,Germany,Bundesliga 2,64,67,59,63,66,50,59,-1
Abdelrahman Boudah,Boudah,LW++,Västerås SK,Sweden,Allsvenskan,64,72,59,60,67,41,63,-1
Jordan Bowery,Bowery,RB++,Mansfield Town,England,EFL League One,64,83,57,52,60,57,76,-1
Kieron Bowie,Bowie,ST++,Hibernian,Scotland,cinch Prem,64,75,62,59,63,39,80,-1
Caolán Boyd-Munce,Boyd-Munce,CM++,St. Mirren,Northern Ireland,cinch Prem,64,61,55,61,64,58,63,-1
William Boyle,Boyle,CB++,Wrexham AFC,England,EFL League One,64,46,29,44,48,62,78,-1
Oliver Braude,Braude,RB++,sc Heerenveen,Norway,Eredivisie,64,66,46,61,62,58,61,-1
Zachary Brault-Guillard,Brault-Guillard,RM++,FC Lugano,Canada,CSSL,64,88,58,56,63,60,67,-1
Pedro Bravo,Bravo,CM++,FC Midtjylland,Colombia,3F Superliga,64,72,52,55,62,58,63,-1
Leandro Brey,Brey,GK++,Boca Juniors,Argentina,Sudamericana,64,64,60,50,65,29,65,-1
Sebastian Breza,Breza,GK++,CF Montréal,Canada,MLS,64,63,64,50,68,33,62,-1
Enrico Brignola,Brignola,RM++,Catanzaro,Italy,Serie BKT,64,76,59,62,68,35,58,-1
Joshua Brillante,Brillante,CDM++,WS Wanderers,Australia,A-League,64,47,55,60,62,60,80,-1
Ethan Bristow,Bristow,LB++,Minnesota United,St. Kitts and Nevis,MLS,64,82,38,55,58,56,71,-1
Bennit Bröger,Bröger,CAM++,VfL Wolfsburg,Germany,Bundesliga,64,66,45,59,73,35,41,-1
Ryan Broom,Broom,CM++,Fleetwood Town,Wales,EFL League Two,64,83,57,63,67,56,66,-1
James Brophy,Brophy,LM++,Cambridge Utd,England,EFL League One,64,86,51,58,64,55,69,-1
Jevani Brown,Brown,ST++,Bristol Rovers,Jamaica,EFL League One,64,79,62,60,64,45,68,-1
Jordan Brown,Brown,CDM++,Leyton Orient,England,EFL League One,64,66,41,56,60,61,71,-1
Lewis Brunt,Brunt,CB++,Wrexham AFC,England,EFL League One,64,77,44,56,62,62,72,-1
Omar Bugiel,Bugiel,ST++,AFC Wimbledon,Lebanon,EFL League Two,64,67,62,51,59,37,85,-1
Teal Bunbury,Bunbury,ST++,Nashville SC,United States,MLS,64,67,65,59,62,41,73,-1
Finley Burns,Burns,CDM++,Hull City,England,EFL Championship,64,58,36,52,59,63,67,-1
Marco Bustos,Bustos,RM++,IFK Värnamo,Canada,Allsvenskan,64,69,61,61,66,26,53,-1
Elvis Bwomono,Bwomono,RB++,St. Mirren,Uganda,cinch Prem,64,82,42,54,62,57,68,-1
Jun Soo Byeon,Byeon Jun Soo,CB++,GwangJu FC,Korea Republic,K League 1,64,79,28,38,50,62,80,-1
Gustavo Caballero,Caballero,RM++,Club Nacional,Paraguay,Sudamericana,64,74,56,55,68,28,58,-1
Diego Caballo Alonso,Diego Caballo,LB++,AaB,Spain,3F Superliga,64,72,56,60,62,58,64,-1
Catriel Cabellos,Cabellos,CM++,Alianza Lima,Peru,Libertadores,64,67,56,63,65,54,53,-1
Kévin Cabral,Cabral,LM++,Colorado Rapids,France,MLS,64,85,58,56,66,45,57,-1
Jefferson Caicedo,Caicedo,LM++,Técnico U.,Ecuador,Sudamericana,64,75,56,60,63,23,52,-1
Alejandro Calatrava Torrado,Álex Calatrava,RM++,CD Castellón,Spain,LALIGA HYPERMOTION,64,73,59,60,68,33,49,-1
Josep Calavera Espinach,Calavera,CM++,CD Castellón,Spain,LALIGA HYPERMOTION,64,64,57,60,64,64,68,-1
Diego Calcaterra,Calcaterra,CB++,Sarmiento,Argentina,LPF,64,51,33,45,49,65,70,-1
Drissa Camara,Camara,RM++,Parma,Côte d'Ivoire,Serie A TIM,64,65,57,63,65,54,58,-1
Cole Campbell,Campbell,RM++,Borussia Dortmund,United States,Bundesliga,64,73,57,59,69,26,39,-1
Andy Cannon,Cannon,CM++,Wrexham AFC,England,EFL League One,64,70,57,62,66,61,66,-1
Alexis Cantero,Cantero,LB++,Guaraní,Paraguay,Sudamericana,64,76,27,56,59,59,64,-1
Marko Capan,Capan,CM++,Hajduk Split,Croatia,Liga Hrvatska,64,59,44,69,63,50,60,-1
Osvaldo Pedro Capemba,Capita,LW++,Radomiak Radom,Angola,PKO BP Ekstraklasa,64,75,55,56,71,23,47,-1
Pedro Luis Capó Payeras,Pedro Capó,CB++,Bengaluru FC,Spain,Hero ISL,64,69,50,57,56,63,68,-1
Franco Carboni,Carboni,LB++,River Plate,Argentina,Libertadores,64,62,40,55,57,60,68,-1
Baily Cargill,Cargill,CB++,Mansfield Town,England,EFL League One,64,65,36,54,58,63,77,-1
Jonas Carls,Carls,LB++,SV Waldhof,Germany,3. Liga,64,82,56,56,64,54,58,-1
Frederik Carlsen,Carlsen,CM++,Silkeborg IF,Denmark,3F Superliga,64,72,61,62,67,57,66,-1
Wikelman Carmona,Carmona,RM++,Red Bulls,Venezuela,MLS,64,80,57,57,69,39,58,-1
Hussein Carneil,Carneil,LW++,IFK Göteborg,Sweden,Allsvenskan,64,69,53,60,68,24,48,-1
Luis Casiani,Casiani,RB++,Caracas F.C.,Venezuela,Libertadores,64,73,49,57,60,59,63,-1
Tommaso Cassandro,Cassandro,RB++,Catanzaro,Italy,Serie BKT,64,63,46,58,62,62,64,-1
Santiago Castañeda,Castañeda,CM++,SC Paderborn 07,United States,Bundesliga 2,64,70,46,60,65,65,60,-1
Henrik Castegren,Castegren,CB++,IK Sirius,Sweden,Allsvenskan,64,56,32,53,52,63,70,-1
Marco Jair Castillo,Castillo,RM++,Técnico U.,Ecuador,Sudamericana,64,79,33,57,63,55,65,-1
Luis Armando Castro,Castro,CM++,Delfín S.C.,Ecuador,Sudamericana,64,59,53,66,65,62,60,-1
Tomás Castro Ponce,Castro Ponce,CAM++,Atlético Tucumán,Argentina,LPF,64,67,58,62,66,50,65,-1
Javier Castro Urdín,Javi Castro,CB++,R. Racing Club,Spain,LALIGA HYPERMOTION,64,64,32,42,49,64,69,-1
Bruno André Cavaco Jordão,Bruno Jordão,CM++,Radomiak Radom,Portugal,PKO BP Ekstraklasa,64,65,56,63,68,52,61,-1
Daniel Celea,Celea,CB++,FC Botoșani,Romania,SUPERLIGA,64,54,38,40,45,65,71,-1
Jurgen Çelhaka,Çelhaka,CM++,Legia Warszawa,Albania,PKO BP Ekstraklasa,64,64,51,63,63,59,66,-1
Rodrigo Chagas,Chagas,RW++,Nacional,Uruguay,Libertadores,64,75,59,62,64,60,62,-1
Luke Chambers,Chambers,LB++,Wigan Athletic,England,EFL League One,64,65,41,60,63,61,62,-1
Felipe Chamorro,Chamorro,CAM++,Palestino,Chile,Libertadores,64,67,57,62,66,37,61,-1
Justin Che,Che,RB++,Brøndby IF,United States,3F Superliga,64,73,27,55,62,61,64,-1
Zhongguo Chi,Chi Zhongguo,CM++,Beijing Guoan,China PR,CSL,64,72,56,62,62,63,66,-1
Fabio Chiarodia,Chiarodia,CB++,M'gladbach,Italy,Bundesliga,64,66,33,49,56,65,63,-1
Andrei Chindriș,Chindriș,CB++,Lechia Gdańsk,Romania,PKO BP Ekstraklasa,64,63,36,46,46,63,73,-1
Gu Choi,Choi,CB++,ADT,Peru,Sudamericana,64,51,22,38,35,66,69,-1
Ben Chrisene,Chrisene,LB++,Norwich,England,EFL Championship,64,72,51,61,64,58,62,-1
Peter Buch Christiansen,Christiansen,RW++,Viking FK,Denmark,Eliteserien,64,78,60,55,66,35,66,-1
Sander Christiansen,Christiansen,LB++,Sarpsborg 08,Norway,Eliteserien,64,63,53,64,64,60,60,-1
Luciano Cingolani,Cingolani,RW++,Godoy Cruz,Argentina,LPF,64,80,61,56,67,28,42,-1
Moustapha Cissé,Cissé,ST++,FC St. Gallen,Guinea,CSSL,64,77,64,51,64,21,55,-1
Alphadjo Cissè,Cissè,CAM++,Hellas Verona,Italy,Serie A TIM,64,77,59,62,67,46,51,-1
Tim Civeja,Civeja,CM++,Saarbrücken,Albania,3. Liga,64,65,57,63,66,58,65,-1
Nicky Clark,Clark,ST++,St. Johnstone,Scotland,cinch Prem,64,67,64,59,63,33,60,-1
Daniel Cleary,Cleary,CB++,Shamrock Rovers,Republic of Ireland,SSE Airtricity PD,64,52,36,44,52,62,74,-1
Stefan Cleveland,Cleveland,GK++,Austin FC,United States,MLS,64,64,62,62,66,55,64,-1
Jack Clisby,Clisby,LB++,WS Wanderers,Australia,A-League,64,61,53,59,59,59,72,-1
Josh Coburn,Coburn,ST++,Middlesbrough,England,EFL Championship,64,58,64,47,61,22,70,-1
Ibrahima Conté,Conté,CB++,UTA Arad,Guinea,SUPERLIGA,64,48,43,49,53,62,80,-1
Murphy Cooper,Cooper,GK++,Stevenage,England,EFL League One,64,65,65,60,64,41,61,-1
Brandon Cooper,Cooper,CB++,Leyton Orient,Wales,EFL League One,64,55,34,45,45,64,70,-1
Rezan Corlu,Corlu,CAM++,Lyngby BK,Denmark,3F Superliga,64,78,60,61,67,27,57,-1
David Cornell,Cornell,GK++,Preston,Wales,EFL Championship,64,65,62,60,66,32,60,-1
Leo Cornic,Cornic,RB++,Tromsø IL,Norway,Eliteserien,64,78,38,58,64,56,60,-1
Martín Ortega,Ortega,RB++,Tigre,Argentina,LPF,64,70,33,53,59,58,65,-1
Franco Ortellado,Ortellado,CB++,S. Ameliano,Argentina,Sudamericana,64,56,30,36,46,64,71,-1
Arnau Ortiz Sánchez,Arnau Ortiz,LM++,Śląsk Wrocław,Spain,PKO BP Ekstraklasa,64,76,58,59,66,30,48,-1
Deji Oshilaja,Oshilaja,CDM++,Mansfield Town,England,EFL League One,64,78,52,55,60,63,76,-1
Arild Østbø,Østbø,GK++,Viking FK,Norway,Eliteserien,64,62,63,63,64,31,64,-1
Yari Otto,Otto,CAM++,SC Verl,Germany,3. Liga,64,70,60,56,66,45,66,-1
Sami Ouaissa,Ouaissa,CAM++,N.E.C. Nijmegen,Netherlands,Eredivisie,64,78,57,59,67,40,58,-1
Aziz Ouattara,Ouattara,CDM++,KV Mechelen,Côte d'Ivoire,1A Pro League,64,61,24,53,61,62,70,-1
Samuel Oum Gouet,Oum Gouet,CDM++,Politehnica Iași,Cameroon,SUPERLIGA,64,52,53,61,63,61,73,-1
Casper Øyvann,Øyvann,CB++,Molde FK,Norway,Eliteserien,64,67,41,50,52,64,69,-1
Tomás Palacios,Palacios,CB++,Ind. Rivadavia,Argentina,LPF,64,53,36,34,38,66,69,-1
Ante Palaversa,Palaversa,CM++,Aberdeen,Croatia,cinch Prem,64,51,65,61,64,62,66,-1
Matt Palmer,Palmer,CM++,Notts County,England,EFL League Two,64,76,56,64,66,58,69,-1
Murat Paluli,Paluli,RB++,Sivasspor,Türkiye,Trendyol Süper Lig,64,71,43,56,64,60,67,-1
Aleksander Paluszek,Paluszek,CB++,Śląsk Wrocław,Poland,PKO BP Ekstraklasa,64,51,27,39,44,63,72,-1
Víctor Parada González,Parada,LB++,CD Mirandés,Spain,LALIGA HYPERMOTION,64,70,46,58,61,61,65,-1
Seung Ho Park,Park Seung Ho,RW++,Incheon United,Korea Republic,K League 1,64,80,61,51,66,22,65,-1
Chan Yong Park,Park Chan Yong,CB++,Gimcheon Sangmu,Korea Republic,K League 1,64,61,31,45,40,63,68,-1
Kyu hyun Park,Park Kyu Hyun,LB++,Dynamo Dresden,Korea Republic,3. Liga,64,72,29,50,63,61,65,-1
Se Jin Park,Park Se Jin,CM++,Daegu FC,Korea Republic,K League 1,64,66,52,61,67,59,55,-1
Will Patching,Patching,CAM++,Derry City,England,SSE Airtricity PD,64,59,62,64,64,53,59,-1
Harry Paton,Paton,CM++,Motherwell,Canada,cinch Prem,64,71,58,63,66,57,63,-1
Elvis Patta,Patta,RB++,Técnico U.,Ecuador,Sudamericana,64,76,33,60,59,57,53,-1
Yeferson Paz,Paz,RB++,Sassuolo,Colombia,Serie BKT,64,72,51,60,60,58,71,-1
Myles Peart-Harris,Peart-Harris,CM++,Brentford,England,Premier League,64,72,61,63,65,52,71,-1
Thore Pedersen,Pedersen,RB++,SK Brann,Norway,Eliteserien,64,67,52,58,62,61,68,-1
Matti Peltola,Peltola,CDM++,D.C. United,Finland,MLS,64,65,35,55,58,66,65,-1
Andy Pembélé,Pembélé,RM++,Paris FC,France,Ligue 2 BKT,64,87,53,55,66,33,56,-1
Nicholas Pennington,Pennington,CM++,Perth Glory,Australia,A-League,64,56,54,62,61,60,69,-1
James Penrice,Penrice,LB++,Hearts,Scotland,cinch Prem,64,78,50,59,62,58,63,-1
Agustín Pereira,Pereira,RB++,Racing Club,Uruguay,Sudamericana,64,72,35,55,61,61,59,-1
Hamilton Pereira,Pereira,CDM++,Cerro Largo,Uruguay,Sudamericana,64,63,62,63,64,62,66,-1
Guillermo Pereira,Pereira,CAM++,Dep. Riestra,Argentina,LPF,64,69,56,63,66,43,57,-1
Darlan Pereira Mendes,Darlan,ST++,Wuhan 3 Towns,Brazil,CSL,64,61,62,63,69,56,56,-1
Dylan José Perera Plasencia,Dylan Perera,CAM++,CD Tenerife,Spain,LALIGA HYPERMOTION,64,71,56,65,69,48,46,-1
Javier Pérez Mateo,Javi Pérez,CDM++,SD Huesca,Spain,LALIGA HYPERMOTION,64,45,62,58,59,61,69,-1
Edwuin Pernía,Pernía,ST++,Caracas F.C.,Venezuela,Libertadores,64,59,66,51,55,25,60,-1
Nikola Petkovic,Petkovic,CDM++,Charlotte FC,Serbia,MLS,64,61,50,61,62,61,58,-1
Oscar Pettersson,Pettersson,RW++,IFK Göteborg,Sweden,Allsvenskan,64,81,60,61,63,52,64,-1
Shihao Piao,Piao Shihao,RB++,Qingdao W. Coast,China PR,CSL,64,81,39,54,51,59,75,-1
Selmir Pidro,Pidro,LB++,St. Louis CITY SC,Bosnia and Herzegovina,MLS,64,66,40,57,60,60,63,-1
Lukas Pinckert,Pinckert,CB++,SV Elversberg,Germany,Bundesliga 2,64,66,41,55,59,62,70,-1
Miguel Pinto,Pinto,GK++,Coquimbo Unido,Chile,Sudamericana,64,63,60,64,63,53,64,-1
Ignacio Pintos,Pintos,RM++,Danubio,Uruguay,Sudamericana,64,75,59,57,65,53,58,-1
Onurcan Piri,Piri,GK++,Kayserispor,Türkiye,Trendyol Süper Lig,64,65,64,57,65,19,64,-1
Reno Piscopo,Piscopo,CAM++,Melb. Victory,Australia,A-League,64,79,59,61,69,39,56,-1
Brian Plat,Plat,CB++,K. Beerschot VA,Netherlands,1A Pro League,64,80,27,49,47,62,77,-1
Manuel Polster,Polster,LM++,Lausanne-Sport,Austria,CSSL,64,92,61,58,62,34,62,-1
Dante Polvara,Polvara,RM++,Aberdeen,United States,cinch Prem,64,56,56,62,65,59,73,-1
Joaquín Pombo,Pombo,CB++,Independiente DV,Argentina,Libertadores,64,51,32,38,40,64,73,-1
Matviy Ponomarenko,Ponomarenko,ST++,Dynamo Kyiv,Ukraine,Ukrayina Liha,64,69,64,48,58,26,62,-1
Robert Popa,Popa,GK++,UTA Arad,Romania,SUPERLIGA,64,64,58,66,67,39,63,-1
Konrad Poprawa,Poprawa,CB++,Śląsk Wrocław,Poland,PKO BP Ekstraklasa,64,80,30,38,41,64,71,-1
Francisco Pozzo,Pozzo,ST++,Talleres,Argentina,Libertadores,64,59,69,49,58,34,64,-1
Axel Prado,Prado,CB++,Cerro Largo,Uruguay,Sudamericana,64,64,32,46,44,66,64,-1
Rafael Profini,Profini,CB++,Unión,Argentina,LPF,64,66,31,42,47,64,69,-1
Eric Puerto Huerta,Eric Puerto,GK++,RC Deportivo,Spain,LALIGA HYPERMOTION,64,67,62,60,67,16,58,-1
Joan Puig Mateos,Joan Puig,LB++,RCD Espanyol,Spain,LALIGA EA SPORTS,64,75,47,56,61,59,63,-1
John Pulskamp,Pulskamp,GK++,Sporting KC,United States,MLS,64,67,60,59,67,25,62,-1
Christy Pym,Pym,GK++,Mansfield Town,England,EFL League One,64,59,64,65,66,43,64,-1
Diogo Lucas Queirós,Diogo Queirós,CB++,USL Dunkerque,Portugal,Ligue 2 BKT,64,47,36,46,50,64,70,-1
Juan Jesús Quiñones,Quiñones,CB++,UCV,Peru,Sudamericana,64,62,40,55,56,64,64,-1
Ángel Quiñonez,Quiñonez,ST++,ADT,Ecuador,Sudamericana,64,67,64,51,62,40,63,-1
Santiago Quirós,Quirós,CB++,Racing Club,Argentina,Sudamericana,64,55,36,56,56,63,63,-1
Renzo Rabino,Rabino,LM++,Cerro Largo,Uruguay,Sudamericana,64,65,59,60,64,65,66,-1
Bojan Radulović,Radulović,ST++,Huddersfield,Serbia,EFL League One,64,54,65,48,64,27,65,-1
Simen Rafn,Rafn,RB++,Fredrikstad FK,Norway,Eliteserien,64,76,48,60,63,57,64,-1
Marko Raguž,Raguž,ST++,FK Austria Wien,Austria,Ö. Bundesliga,64,58,63,59,68,22,56,-1
Jacobo Ramón Naveros,Jacobo,CB++,Real Madrid,Spain,LALIGA EA SPORTS,64,63,22,45,48,65,64,-1
Santiago Ramos Mingo,Ramos Mingo,CB++,Defensa,Argentina,Sudamericana,64,47,34,47,51,65,59,-1
Kayne Ramsay,Ramsay,RB++,Charlton Ath,England,EFL League One,64,78,47,55,61,59,67,-1
Lars Mogstad Ranger,Ranger,RB++,Lillestrøm SK,Norway,Eliteserien,64,83,49,54,63,57,72,-1
Dion Rankine,Rankine,RB++,Wigan Athletic,England,EFL League One,64,88,52,58,67,56,46,-1
Cornel Râpă,Râpă,RM++,UTA Arad,Romania,SUPERLIGA,64,73,55,61,64,58,70,-1
Rodney Redes,Redes,RM++,Olimpia,Paraguay,Sudamericana,64,77,61,62,65,45,55,-1
Andrew Redmayne,Redmayne,GK++,Sydney FC,Australia,A-League,64,63,62,62,64,41,65,-1
Jake Reeves,Reeves,CM++,AFC Wimbledon,England,EFL League Two,64,71,56,63,65,57,61,-1
Alberto Reina Campos,Alberto Reina,CM++,CD Mirandés,Spain,LALIGA HYPERMOTION,64,66,55,58,61,53,59,-1
Max Reinthaler,Reinthaler,CB++,1860 München,Italy,3. Liga,64,59,43,53,53,63,73,-1
Omar Rekik,Rekik,CB++,Arsenal,Tunisia,Premier League,64,68,38,55,59,62,69,-1
Hang Ren,Ren Hang,CB++,Wuhan 3 Towns,China PR,CSL,64,59,49,58,56,61,75,-1
Samuel Renel,Renel,CM++,Red Star FC,France,Ligue 2 BKT,64,71,62,66,69,50,59,-1
Tom Reyners,Reyners,RW++,K. Beerschot VA,Belgium,1A Pro League,64,76,55,57,69,37,49,-1
Spencer Richey,Richey,GK++,Chicago Fire FC,United States,MLS,64,63,61,73,65,47,61,-1
Julian Rieckmann,Rieckmann,CDM++,SV Waldhof,Germany,3. Liga,64,65,35,54,55,64,71,-1
Julian Rijkhoff,Rijkhoff,ST++,Ajax,Netherlands,Eredivisie,64,71,63,53,70,25,51,-1
Gonzalo Ríos,Ríos,RM++,Ind. Rivadavia,Argentina,LPF,64,66,58,61,67,34,45,-1
Andrés Ríos,Ríos,ST++,Dep. Táchira,Argentina,Libertadores,64,57,63,63,64,37,79,-1
Daniel Rivas,Rivas,LB++,Club Nacional,Paraguay,Sudamericana,64,76,23,50,49,60,51,-1
Maxence Rivera,Rivera,LM++,USL Dunkerque,France,Ligue 2 BKT,64,77,61,58,68,37,42,-1
Brian Rocha Araújo,Brian Araújo,GK++,Gil Vicente,Portugal,Liga Portugal,64,59,63,58,69,23,64,-1
Mauro Daniel Rodrigues Teixeira,Mauro Rodrigues,RM++,Yverdon Sport FC,Guinea-Bissau,CSSL,64,70,58,60,68,39,51,-1
Steven Rodríguez,Rodríguez,ST++,Junior,Colombia,Libertadores,64,73,66,51,64,19,55,-1
Nicklas Røjkjær,Røjkjær,CM++,Mjällby AIF,Denmark,Allsvenskan,64,70,59,61,63,50,63,-1
Diego Alonso Romero,Romero,GK++,Universitario,Peru,Libertadores,64,62,64,60,63,25,62,-1
Anthony Roncaglia,Roncaglia,CB++,SC Bastia,France,Ligue 2 BKT,64,46,38,54,60,64,68,-1
Jojo Wollacott,Wollacott,GK++,Crawley Town,Ghana,EFL League One,64,65,63,62,64,41,64,-1
Bartosz Wolski,Wolski,CDM++,Motor Lublin,Poland,PKO BP Ekstraklasa,64,66,58,64,60,61,70,-1
Ryan Woods,Woods,CM++,Exeter City,England,EFL League One,64,64,49,65,67,63,64,-1
Akil Wright,Wright,CB++,Ross County,England,cinch Prem,64,69,43,52,57,62,75,-1
Drey Wright,Wright,RM++,St. Johnstone,England,cinch Prem,64,79,56,59,63,55,64,-1
Redon Xhixha,Xhixha,ST++,Qarabağ FK,Albania,Liga Azerbaijan,64,65,65,46,59,20,59,-1
Xin Xu,Xu Xin,CDM++,Shanghai Port,China PR,CSL,64,69,53,58,63,60,73,-1
Roman Yakuba,Yakuba,CB++,Puszcza,Ukraine,PKO BP Ekstraklasa,64,63,26,38,43,62,81,-1
Dinghao Yan,Yan Dinghao,CM++,Rongcheng FC,China PR,CSL,64,66,55,62,64,54,66,-1
Shuai Yang,Yang Shuai,CB++,Rongcheng FC,China PR,CSL,64,61,35,44,42,62,76,-1
Joshua Yaro,Yaro,CB++,St. Louis CITY SC,Ghana,MLS,64,76,39,47,55,64,67,-1
Zeki Yavru,Yavru,RB++,Samsunspor,Türkiye,Trendyol Süper Lig,64,65,60,61,65,59,65,-1
Uğurcan Yazğılı,Yazğılı,CB++,Konyaspor,Türkiye,Trendyol Süper Lig,64,54,34,42,48,63,71,-1
Emmanuel Yeboah,Yeboah,ST++,Brøndby IF,Ghana,3F Superliga,64,83,60,55,63,36,77,-1
Muammer Yıldırım,Yıldırım,GK++,Samsunspor,Türkiye,Trendyol Süper Lig,64,63,64,59,65,26,66,-1
Aygün Yıldırım,Yıldırım,RM++,Arminia Bielefeld,Germany,3. Liga,64,76,62,56,67,23,59,-1
Saku Ylätupa,Ylätupa,CAM++,Kalmar FF,Finland,Allsvenskan,64,80,57,60,69,28,57,-1
Kaina Yoshio,Yoshio,CAM++,Jeju United,Japan,K League 1,64,75,63,63,66,44,50,-1
Jake Young,Young,ST++,Bradford City,England,EFL League Two,64,80,62,46,62,25,64,-1
In Soo Yu,Yu In Soo,RB++,Gangwon FC,Korea Republic,K League 1,64,77,58,58,65,56,66,-1
Kang Hyun Yu,Yu Kang Hyun,ST++,Gimcheon Sangmu,Korea Republic,K League 1,64,71,64,45,61,27,63,-1
Danijel Zagorac,Zagorac,GK++,Dinamo Zagreb,Croatia,Liga Hrvatska,64,64,63,62,65,43,60,-1
Yoram Zague,Zague,RB++,Paris SG,France,Ligue 1 Uber Eats,64,74,47,59,65,59,56,-1
Luka Zahović,Zahović,CAM++,Górnik Zabrze,Slovenia,PKO BP Ekstraklasa,64,76,61,58,66,28,52,-1
David Zalzman,Zalzman,CM++,Metropolitanos,Venezuela,Sudamericana,64,67,61,64,64,53,57,-1
Oliver Zandén,Zandén,LB++,Randers FC,Sweden,3F Superliga,64,63,40,60,54,62,62,-1
Dominick Zator,Zator,RB++,Korona Kielce,Canada,PKO BP Ekstraklasa,64,63,29,43,52,65,82,-1
Gjivai Zechiël,Zechiël,CM++,Feyenoord,Netherlands,Eredivisie,64,75,47,61,70,64,52,-1
Karim Zedadka,Zedadka,LM++,Südtirol,France,Serie BKT,64,72,53,62,69,58,44,-1
Lequincio Zeefuik,Zeefuik,ST++,AZ,Netherlands,Eredivisie,64,80,60,48,64,26,73,-1
Ajdin Zeljković,Zeljković,ST++,IFK Värnamo,Sweden,Allsvenskan,64,73,63,60,65,31,64,-1
Linpeng Zhang,Zhang Linpeng,CB++,Shanghai Port,China PR,CSL,64,60,54,57,56,60,79,-1
Ivan Zhelizko,Zhelizko,CDM++,Lechia Gdańsk,Ukraine,PKO BP Ekstraklasa,64,61,45,57,56,63,72,-1
Yihao Zhong,Zhong Yihao,LM++,Henan SSLM FC,China PR,CSL,64,77,61,56,66,54,74,-1
Théo Zidane,Zidane,CM++,Córdoba CF,France,LALIGA HYPERMOTION,64,68,63,62,66,50,56,-1
Robin Ziegele,Ziegele,CB++,Jahn Regensburg,Germany,Bundesliga 2,64,67,28,38,48,63,74,-1
Tanguy Zoukrou,Zoukrou,CB++,BSC Young Boys,France,CSSL,64,49,32,43,42,66,63,-1
Mateusz Żukowski,Żukowski,RB++,Śląsk Wrocław,Poland,PKO BP Ekstraklasa,64,77,57,57,60,59,66,-1
Shaun Rooney,Rooney,RB++,St. Mirren,Scotland,cinch Prem,64,68,52,59,61,59,81,-1
Joseph Rosales,Rosales,LB++,Minnesota United,Honduras,MLS,64,70,44,57,65,59,59,-1
Ricardo Rosales,Rosales,RB++,Millonarios,Colombia,Libertadores,64,71,44,53,54,62,57,-1
Linus Rosenlöcher,Rosenlöcher,LB++,FC Erzgebirge Aue,Germany,3. Liga,64,76,45,52,61,59,70,-1
Maciej Rosołek,Rosołek,ST++,Piast Gliwice,Poland,PKO BP Ekstraklasa,64,76,61,58,65,32,63,-1
Sigurd Rosted,Rosted,CB++,Toronto FC,Norway,MLS,64,39,47,51,52,62,76,-1
Sean Roughan,Roughan,CB++,Lincoln City,Republic of Ireland,EFL League One,64,65,34,56,58,63,69,-1
Storm Roux,Roux,RB++,Central Coast,New Zealand,A-League,64,76,46,52,60,57,77,-1
Manel Royo Castell,Manel Royo,LB++,NAC Breda,Spain,Eredivisie,64,68,37,54,61,59,70,-1
Josh Ruffels,Ruffels,LB++,Huddersfield,England,EFL League One,64,66,57,60,64,59,66,-1
Emerson Ruiz,Ruiz,CDM++,Metropolitanos,Venezuela,Sudamericana,64,67,39,54,53,65,62,-1
David Ruiz,Ruiz,CM++,Inter Miami CF,Honduras,MLS,64,68,49,59,68,61,57,-1
Ismael Ruiz Sánchez,Isma Ruiz,CM++,Córdoba CF,Spain,LALIGA HYPERMOTION,64,60,46,60,63,64,59,-1
Jan-Luca Rumpf,Rumpf,CB++,Aleman. Aachen,Germany,3. Liga,64,56,39,48,50,61,69,-1
Jon Russell,Russell,CM++,Barnsley,Jamaica,EFL League One,64,50,59,60,60,63,75,-1
Stefano Russo,Russo,CDM++,Arminia Bielefeld,Germany,3. Liga,64,60,53,57,61,61,73,-1
Denis Rusu,Rusu,GK++,Unirea Slobozia,Moldova,SUPERLIGA,64,63,61,62,64,22,65,-1
Gilles Ruyssen,Ruyssen,CB++,FCV Dender EH,Belgium,1A Pro League,64,41,32,43,41,64,70,-1
Halid Šabanović,Šabanović,RB++,Angers SCO,Bosnia and Herzegovina,Ligue 1 Uber Eats,64,64,39,53,60,63,64,-1
Malkolm Nilsson Säfqvist,Säfqvist,GK++,Djurgårdens IF,Sweden,Allsvenskan,64,66,63,65,67,33,68,-1
Jesús Sagredo,Sagredo,CB++,Bolívar,Bolivia,Libertadores,64,65,29,47,54,67,63,-1
Hakim Sahabo,Sahabo,CDM++,Standard Liège,Rwanda,1A Pro League,64,67,45,58,61,61,59,-1
Àlex Sala Herrero,Àlex Sala,CDM++,Córdoba CF,Spain,LALIGA HYPERMOTION,64,63,47,59,60,62,67,-1
Felipe Salomoni,Salomoni,LB++,Guaraní,Argentina,Sudamericana,64,74,44,55,59,57,63,-1
Iván San José Cantalejo,Chuki,CAM++,R. Valladolid CF,Spain,LALIGA EA SPORTS,64,63,63,59,66,35,37,-1
Mateo Sanabria,Sanabria,LM++,Al Ain FC,Argentina,United Emirates League,64,67,54,58,67,26,54,-1
José Manuel Sánchez Guillén,Josema,CB++,Górnik Zabrze,Spain,PKO BP Ekstraklasa,64,61,37,55,51,63,69,-1
Mads Sande,Sande,RW++,SK Brann,Norway,Eliteserien,64,73,56,61,63,48,66,-1
Mohamed Sankoh,Sankoh,ST++,Cosenza,Netherlands,Serie BKT,64,86,62,50,63,24,57,-1
Jesús Santiago Pérez,Yellu Santiago,CDM++,Getafe CF,Spain,LALIGA EA SPORTS,64,54,47,56,53,66,58,-1
Gonçalo Santos Sousa,Gonçalo Sousa,RM++,FC Porto,Portugal,Liga Portugal,64,72,64,56,65,34,56,-1
Facundo Saravia,Saravia,LB++,Danubio,Uruguay,Sudamericana,64,67,56,61,60,61,64,-1
Murat Şatin,Şatin,CAM++,Grazer AK,Austria,Ö. Bundesliga,64,77,61,59,67,33,48,-1
Charlie Savage,Savage,CDM++,Reading,Wales,EFL League One,64,58,57,64,63,61,60,-1
Dane Scarlett,Scarlett,ST++,Oxford United,England,EFL Championship,64,78,63,51,66,20,63,-1
Rodrigo Schlegel,Schlegel,CB++,Orlando City,Argentina,MLS,64,48,32,39,40,65,77,-1
Leon Schneider,Schneider,CB++,Arminia Bielefeld,Germany,3. Liga,64,74,40,56,60,63,71,-1
Oscar Schönfelder,Schönfelder,RM++,Jahn Regensburg,Germany,Bundesliga 2,64,75,58,59,66,48,57,-1
Fabian Schubert,Schubert,ST++,1860 München,Austria,3. Liga,64,69,64,47,56,36,75,-1
Pascal Schürpf,Schürpf,LM++,Grasshopper Club,Switzerland,CSSL,64,58,64,66,61,61,74,-1
Anthony Scully,Scully,LM++,Portsmouth,Republic of Ireland,EFL Championship,64,75,61,58,67,34,53,-1
Edson Seidou,Seidou,LB++,Stade Lavallois,France,Ligue 2 BKT,64,66,54,59,64,58,78,-1
Moritz Seiffert,Seiffert,LB++,FC Ingolstadt 04,Germany,3. Liga,64,76,55,59,66,59,63,-1
Amar Sejdič,Sejdič,CM++,Nashville SC,Germany,MLS,64,47,59,63,65,59,64,-1
Nikola Sekulov,Sekulov,CAM++,Sampdoria,Italy,Serie BKT,64,65,61,64,67,46,51,-1
Vahid Selimović,Selimović,CB++,FC Hermannstadt,Luxembourg,SUPERLIGA,64,43,28,42,51,63,73,-1
Malik Sellouki,Sellouki,RM++,Stade Lavallois,France,Ligue 2 BKT,64,68,61,62,69,47,52,-1
Joel Senior,Senior,RB++,Bristol Rovers,England,EFL League One,64,70,33,50,60,58,65,-1
João Pedro Seno Luís Rêgo,João Rêgo,CAM++,SL Benfica,Portugal,Liga Portugal,64,66,55,62,70,54,50,-1
Nelson Sepúlveda,Sepúlveda,CM++,Cobresal,Chile,Libertadores,64,66,59,64,65,51,66,-1
Femi Seriki,Seriki,RB++,Sheffield Utd,England,EFL Championship,64,87,28,50,63,56,64,-1
Zidan Sertdemir,Sertdemir,CM++,FC Nordsjælland,Denmark,3F Superliga,64,68,56,64,67,49,58,-1
Brandon Servania,Servania,CDM++,Toronto FC,United States,MLS,64,68,50,60,65,61,65,-1
Lorenzo Sgarbi,Sgarbi,ST++,Bari,Italy,Serie BKT,64,59,65,56,62,28,66,-1
Noah Shamoun,Shamoun,LM++,Randers FC,Syria,3F Superliga,64,75,55,57,69,38,48,-1
Aimar Sher,Sher,CDM++,Sarpsborg 08,Sweden,Eliteserien,64,64,44,59,68,56,65,-1
Nick Shinton,Shinton,GK++,K. Beerschot VA,Belgium,1A Pro League,64,70,66,62,64,27,58,-1
Silvan Sidler,Sidler,RB++,FC Winterthur,Switzerland,CSSL,64,64,60,61,59,61,63,-1
Omar Sijarić,Sijarić,RM++,FC Erzgebirge Aue,Montenegro,3. Liga,64,77,54,58,66,43,56,-1
Gard Simenstad,Simenstad,RM++,HamKam Fotball,Norway,Eliteserien,64,74,53,61,61,54,61,-1
Xavier Simons,Simons,CDM++,Hull City,England,EFL Championship,64,67,49,61,64,61,68,-1
Gurpreet Singh Sandhu,Singh Sandhu,GK++,Bengaluru FC,India,Hero ISL,64,63,62,62,63,41,65,-1
Dan Sîrbu,Sîrbu,RB++,Farul Constanța,Romania,SUPERLIGA,64,70,40,58,61,59,71,-1
Javier Siverio Toro,Javi Siverio,ST++,Jamshedpur FC,Spain,Hero ISL,64,55,67,50,62,26,58,-1
Rasmus Sjöstedt,Sjöstedt,CB++,Kalmar FF,Sweden,Allsvenskan,64,72,37,55,57,62,74,-1
Jack Skahan,Skahan,CM++,SJ Earthquakes,United States,MLS,64,64,47,62,67,48,65,-1
Andreas Skovgaard,Skovgaard,CB++,Cracovia,Denmark,PKO BP Ekstraklasa,64,50,27,46,50,63,72,-1
Naatan Skyttä,Skyttä,CM++,Toulouse FC,Finland,Ligue 1 Uber Eats,64,64,53,65,70,45,48,-1
Richard Smallwood,Smallwood,CM++,Bradford City,England,EFL League Two,64,51,56,63,60,60,73,-1
Kees Smit,Smit,CM++,AZ,Netherlands,Eredivisie,64,69,53,62,67,59,63,-1
Brad Smith,Smith,LM++,Houston Dynamo,Australia,MLS,64,79,49,61,63,61,64,-1
Matt Smith,Smith,CM++,St. Johnstone,Wales,cinch Prem,64,70,56,63,68,59,67,-1
Nathan Smith,Smith,CB++,Port Vale,England,EFL League Two,64,54,31,38,42,62,80,-1
Matthew Smith,Smith,CM++,Wigan Athletic,England,EFL League One,64,63,54,60,65,60,60,-1
Oskar Snorre,Snorre,GK++,Randers FC,Denmark,3F Superliga,64,64,63,61,64,32,62,-1
Mads Søndergaard,Søndergaard,CM++,Viborg FF,Denmark,3F Superliga,64,61,51,62,67,50,44,-1
Elias Sørensen,Sørensen,ST++,Portsmouth,Denmark,EFL Championship,64,64,64,57,62,26,65,-1
Matthew Sorinola,Sorinola,LB++,Plymouth Argyle,England,EFL Championship,64,75,47,61,64,58,62,-1
Bent Sørmo,Sørmo,CB++,Strømsgodset IF,Norway,Eliteserien,64,73,40,55,61,61,76,-1
Alessandro Sorrentino,Sorrentino,GK++,Frosinone,Italy,Serie BKT,64,64,64,60,67,40,66,-1
Lucas Soto,Soto,CM++,Colo-Colo,Chile,Libertadores,64,64,57,59,64,53,61,-1
Gabriel Sotomayor,Sotomayor,LM++,The Strongest,Bolivia,Libertadores,64,70,58,57,65,44,61,-1
Hamjatou Soukouna,Soukouna,CB++,AC Beauruelle,France,Ligue 2 BKT,64,80,28,38,49,63,70,-1
Vasilios Sourlis,Sourlis,CM++,Raków,Greece,PKO BP Ekstraklasa,64,72,56,61,66,58,67,-1
Rafael Sousa Gancho Brito,Rafael Brito,CM++,Casa Pia AC,Portugal,Liga Portugal,64,64,57,64,65,61,68,-1
Noé Sow,Sow,CB++,FC Sion,France,CSSL,64,54,29,49,55,64,64,-1
Avdo Spahić,Spahić,GK++,Kaiserslautern,Bosnia and Herzegovina,Bundesliga 2,64,61,61,61,65,31,66,-1
Alex Sposito,Sposito,GK++,Reggiana,Italy,Serie BKT,64,68,62,65,67,23,67,-1
Isak Ssewankambo,Ssewankambo,CB++,IFK Norrköping,Sweden,Allsvenskan,64,75,43,59,63,59,81,-1
Daniel Steres,Steres,LB++,Houston Dynamo,United States,MLS,64,37,27,56,49,67,72,-1
Filip Stevanović,Stevanović,LW++,Manchester City,Serbia,Premier League,64,69,62,61,67,35,52,-1
Mathew Stevens,Stevens,ST++,AFC Wimbledon,England,EFL League Two,64,74,62,49,63,22,68,-1
Jakub Stolarczyk,Stolarczyk,GK++,Leicester City,Poland,Premier League,64,65,64,67,69,36,63,-1
Peter Stroud,Stroud,CDM++,Red Bulls,United States,MLS,64,74,42,59,65,62,62,-1
Sasa Strujic,Strujic,LB++,Aleman. Aachen,Bosnia and Herzegovina,3. Liga,64,73,47,60,58,60,69,-1
Sam Stubbs,Stubbs,CB++,Bradford City,England,EFL League Two,64,63,29,41,53,63,75,-1
Filip Stuparević,Stuparević,ST++,Motherwell,Serbia,cinch Prem,64,68,63,55,63,31,71,-1
Ian Subiabre,Subiabre,LW++,River Plate,Argentina,Libertadores,64,79,60,57,69,31,49,-1
Edoardo Corvi,Corvi,GK++,Parma,Italy,Serie A TIM,64,66,63,61,67,25,58,-1
Barry Cotter,Cotter,RB++,Barnsley,Republic of Ireland,EFL League One,64,83,52,57,60,57,69,-1
Jordan Courtney-Perkins,Courtney-Perkins,LB++,Sydney FC,Australia,A-League,64,72,44,54,60,63,75,-1
Jordan Cousins,Cousins,CDM++,Cambridge Utd,Jamaica,EFL League One,64,69,50,57,63,60,68,-1
Artur Craciun,Craciun,CB++,Puszcza,Moldova,PKO BP Ekstraklasa,64,60,46,43,46,64,66,-1
Michael Craig,Craig,CDM++,Reading,Scotland,EFL League One,64,59,37,55,62,61,63,-1
Gonzalo Crettaz,Crettaz,GK++,CD Castellón,Argentina,LALIGA HYPERMOTION,64,65,66,70,65,35,62,-1
Jack Currie,Currie,LB++,Oxford United,England,EFL Championship,64,76,37,52,63,58,59,-1
Ronan Curtis,Curtis,LM++,Port Vale,Republic of Ireland,EFL League Two,64,74,64,58,64,48,73,-1
Pierre Da Silva,Da Silva,LM++,UCV,United States,Sudamericana,64,70,50,62,65,35,59,-1
Luiz Humberto Da Silva Silva,Beto da Silva,ST++,ADT,Peru,Sudamericana,64,70,65,58,66,31,46,-1
Jasper Dahlhaus,Dahlhaus,LM++,Fortuna Sittard,Netherlands,Eredivisie,64,73,58,57,66,31,54,-1
Muhammed Damar,Damar,CAM++,SV Elversberg,Germany,Bundesliga 2,64,64,60,63,68,38,54,-1
Florian Thomas Danho,Danho,ST++,Randers FC,France,3F Superliga,64,52,62,45,58,21,77,-1
Nicolás Dávila,Dávila,CM++,Dep. Cuenca,Ecuador,Sudamericana,64,64,51,58,66,61,57,-1
Yann-Erik de Lanlay,de Lanlay,CM++,Viking FK,Norway,Eliteserien,64,82,60,63,66,59,65,-1
Bruno de Oliveira Souza,Bruno Oliveira,CB++,GwangJu FC,Brazil,K League 1,64,62,35,45,49,63,69,-1
Mathías De Ritis,De Ritis,LB++,Banfield,Uruguay,LPF,64,61,47,59,59,64,66,-1
Francis de Vries,de Vries,LB++,Auckland FC,New Zealand,A-League,64,64,48,62,61,59,73,-1
Max Dean,Dean,ST++,KAA Gent,England,1A Pro League,64,70,64,50,62,26,68,-1
Harlee Dean,Dean,CB++,Reading,England,EFL League One,64,49,33,45,53,62,72,-1
Patrickson Delgado,Delgado,CM++,FC Dallas,Ecuador,MLS,64,59,54,56,64,62,63,-1
Cheick Diabaté,Diabaté,CB++,Exeter City,England,EFL League One,64,71,30,43,55,62,72,-1
Souleymane Diaby,Diaby,LB++,FC Winterthur,Côte d'Ivoire,CSSL,64,70,51,56,65,59,63,-1
Mamadou Diakhon,Diakhon,RM++,Stade de Reims,France,Ligue 1 Uber Eats,64,75,59,57,68,32,48,-1
Ibrahim Diakité,Diakité,RB++,Cercle Brugge,Guinea,1A Pro League,64,77,42,51,62,61,66,-1
Jack Diamond,Diamond,LW++,Stockport,England,EFL League One,64,88,58,55,65,34,58,-1
Junior Diaz,Diaz,CB++,ESTAC Troyes,France,Ligue 2 BKT,64,77,29,48,49,64,62,-1
Leandro Díaz,Díaz,LB++,Huachipato,Chile,Libertadores,64,74,39,54,62,58,57,-1
Florian Dietz,Dietz,ST++,1. FC Köln,Germany,Bundesliga 2,64,73,62,43,57,25,71,-1
Paul Digby,Digby,CDM++,Cambridge Utd,England,EFL League One,64,42,52,58,56,62,79,-1
Noah Diliberto,Diliberto,CM++,Widzew Łódź,France,PKO BP Ekstraklasa,64,67,47,65,68,52,53,-1
Deniz Dilmen,Dilmen,GK++,Başakşehir,Türkiye,Trendyol Süper Lig,64,65,64,57,67,22,59,-1
Haifeng Ding,Ding Haifeng,LB++,Henan SSLM FC,China PR,CSL,64,80,52,60,65,56,64,-1
Mouhamed Diop,Diop,CM++,ESTAC Troyes,Senegal,Ligue 2 BKT,64,69,54,58,66,52,60,-1
Maximilian Dittgen,Dittgen,ST++,FC Ingolstadt 04,Germany,3. Liga,64,76,59,56,65,51,70,-1
Elijah Dixon-Bonner,Dixon-Bonner,CM++,QPR,England,EFL Championship,64,60,54,62,66,58,60,-1
Alexis Domínguez,Domínguez,ST++,Barracas Central,Argentina,LPF,64,60,63,54,54,27,72,-1
Chunyu Dong,Dong Chunyu,GK++,Zhejiang Pro,China PR,CSL,64,64,64,63,63,43,65,-1
Kyliane Dong,Dong,RM++,ESTAC Troyes,France,Ligue 2 BKT,64,71,61,56,68,23,46,-1
Jamie Donley,Donley,CAM++,Leyton Orient,England,EFL League One,64,66,60,60,64,35,54,-1
Liam Donnelly,Donnelly,CM++,Kilmarnock,Northern Ireland,cinch Prem,64,59,65,60,64,64,69,-1
Patrick Dorgu,Dorgu,LB++,Lecce,Denmark,Serie A TIM,64,78,50,54,67,57,48,-1
Jeriel Dorsett,Dorsett,CB++,Reading,Montserrat,EFL League One,64,71,26,50,57,62,76,-1
Griffin Dorsey,Dorsey,RB++,Houston Dynamo,United States,MLS,64,76,55,61,66,57,67,-1
Renato Barbosa dos Santos Júnior,Renato Júnior,ST++,Viborg FF,Brazil,3F Superliga,64,64,62,47,63,27,70,-1
Moussa Doumbouya,Doumbouya,ST++,Rot-Weiss Essen,Guinea,3. Liga,64,74,62,46,64,19,66,-1
Miloš Drinčić,Drinčić,CB++,Kerala Blasters,Montenegro,Hero ISL,64,53,38,43,43,66,71,-1
Sergio Dueñas Ruiz,Moyita,CAM++,CD Castellón,Spain,LALIGA HYPERMOTION,64,72,63,61,66,45,55,-1
Andrei Dumiter,Dumiter,ST++,UTA Arad,Romania,SUPERLIGA,64,81,64,55,65,38,67,-1
Lucian Dumitriu,Dumitriu,CM++,FC Petrolul,Romania,SUPERLIGA,64,72,61,63,64,55,68,-1
Jakob Maslø Dunsby,Dunsby,RW++,Sandefjord,Norway,Eliteserien,64,78,57,58,66,28,63,-1
Cosmin Dur-Bozoancă,Dur-Bozoancă,GK++,SC Oțelul Galați,Romania,SUPERLIGA,64,62,63,63,66,40,65,-1
Luca Dürholtz,Dürholtz,CM++,SV Elversberg,Germany,Bundesliga 2,64,64,53,61,67,59,62,-1
Dylan Durivaux,Durivaux,RB++,Red Star FC,France,Ligue 2 BKT,64,85,41,50,57,57,72,-1
Xavier Dziekoński,Dziekoński,GK++,Korona Kielce,Poland,PKO BP Ekstraklasa,64,64,64,63,67,32,62,-1
George Earthy,Earthy,CAM++,Bristol City,England,EFL Championship,64,67,58,61,67,38,47,-1
Simon Eastwood,Eastwood,GK++,Oxford United,England,EFL Championship,64,64,64,63,64,50,64,-1
Tom Eaves,Eaves,ST++,Northampton,England,EFL League One,64,49,65,46,59,37,77,-1
Michael Eberwein,Eberwein,CAM++,B. Dortmund II,Germany,3. Liga,64,71,63,60,64,34,72,-1
Eskil Edh,Edh,RB++,AIK,Norway,Allsvenskan,64,80,50,56,63,58,62,-1
Rarmani Edmonds-Green,Edmonds-Green,CB++,Charlton Ath,England,EFL League One,64,68,31,54,58,62,72,-1
Tayo Edun,Edun,LB++,Charlton Ath,England,EFL League One,64,74,44,57,63,60,65,-1
Curtis Edwards,Edwards,CM++,Notts County,England,EFL League Two,64,47,62,65,64,57,67,-1
Tom Edwards,Edwards,RB++,Salford City,England,EFL League Two,64,55,46,62,62,62,74,-1
Ryan Edwards,Edwards,CB++,Chennaiyin FC,England,Hero ISL,64,44,35,43,43,64,72,-1
Malamine Efekele,Efekele,RM++,Cercle Brugge,France,1A Pro League,64,86,63,55,67,19,50,-1
Unai Egiluz Arroyo,Egiluz,CB++,Athletic Club,Spain,LALIGA EA SPORTS,64,54,40,45,45,62,71,-1
Kelvin Ehibhatiomhan,Ehibhatiomhan,ST++,Reading,England,EFL League One,64,75,63,43,62,19,66,-1
Kevin Ehlers,Ehlers,CB++,Braunschweig,Germany,Bundesliga 2,64,63,29,50,52,64,68,-1
Thomas Eisfeld,Eisfeld,CM++,Rot-Weiss Essen,Germany,3. Liga,64,62,65,67,67,41,57,-1
Mourad Daoudi El Ghezouani,El Ghezouani,ST++,Elche CF,Morocco,LALIGA HYPERMOTION,64,51,64,53,62,24,69,-1
Hamza El Kaouakibi,El Kaouakibi,RB++,Südtirol,Morocco,Serie BKT,64,69,42,52,61,61,66,-1
Rodney Elongo-Yombo,Elongo-Yombo,ST++,B. Dortmund II,Germany,3. Liga,64,79,59,57,68,41,71,-1
Xian Emmers,Emmers,CM++,FC Rapid 1923,Belgium,SUPERLIGA,64,70,57,63,65,58,65,-1
Marcel Engelhardt,Engelhardt,GK++,Holstein Kiel,Germany,Bundesliga,64,69,58,61,67,46,64,-1
Ramón Enríquez Rodríguez,Ramón Enríquez,CM++,Málaga CF,Spain,LALIGA HYPERMOTION,64,66,61,64,62,58,64,-1
Matthieu Epolo,Epolo,GK++,Standard Liège,Belgium,1A Pro League,64,66,65,59,66,32,59,-1
Anton Eriksson,Eriksson,CB++,IFK Norrköping,Sweden,Allsvenskan,64,54,32,49,44,63,67,-1
Carlos Niño Espínola,Espínola,RB++,Olimpia,Paraguay,Sudamericana,64,78,34,50,54,62,65,-1
Romain Esse,Esse,RM++,Millwall,England,EFL Championship,64,73,53,59,68,47,56,-1
João Tomé Esteves Baptista,João Tomé,RB++,Rio Ave FC,Portugal,Liga Portugal,64,69,42,54,61,60,63,-1
Pascal Estrada,Estrada,CB++,SCR Altach,Austria,Ö. Bundesliga,64,60,43,52,56,64,68,-1
Sultan Farhan,Farhan,CDM++,Al Taawoun,Saudi Arabia,ROSHN Saudi League,64,63,42,51,57,61,78,-1
Ángel Faría,Faría,RB++,Rayo Zuliano,Venezuela,Sudamericana,64,66,41,57,61,62,56,-1
Chico Faria Camará Lamba,Chico Lamba,CB++,Arouca,Portugal,Liga Portugal,64,66,43,48,56,63,70,-1
Paul Farman,Farman,GK++,Barrow,England,EFL League Two,64,64,58,64,65,43,65,-1
Priestley Farquharson,Farquharson,CB++,Walsall,England,EFL League Two,64,63,33,38,42,62,79,-1
Costantino Favasuli,Favasuli,CM++,Bari,Italy,Serie BKT,64,61,55,64,64,59,55,-1
Morgan Feeney,Feeney,CB++,Shrewsbury,England,EFL League One,64,66,34,41,42,62,79,-1
Kevin Felida,Felida,CDM++,RKC Waalwijk,Curaçao,Eredivisie,64,64,48,57,61,61,67,-1
Joel Felix,Felix,CB++,Arminia Bielefeld,Denmark,3. Liga,64,50,39,48,50,64,70,-1
Gustavo Fernández,Fernández,ST++,Dep. Riestra,Argentina,LPF,64,69,61,58,64,29,63,-1
Brian Ferrares,Ferrares,CB++,Cerro Largo,Uruguay,Sudamericana,64,61,23,50,33,67,64,-1
Ignacio Ferri Julià,Nacho Ferri,ST++,KV Kortrijk,Spain,1A Pro League,64,69,65,49,57,27,66,-1
Haitam Abaida El Achhab,Abaida El Achhab,LM++,Málaga CF,Morocco,LALIGA HYPERMOTION,64,80,56,58,68,25,47,-1
Mohammed Abbas,Abbas,CM++,Al Ain FC,United Arab Emirates,United Emirates League,64,65,49,61,66,55,54,-1
Hakim Abdallah,Abdallah,ST++,FC Dinamo 1948,Madagascar,SUPERLIGA,64,77,62,56,61,36,80,-1
Suleiman Abdullahi,Abdullahi,ST++,IFK Göteborg,Nigeria,Allsvenskan,64,68,64,56,66,20,71,-1
Samuel Abifade,Abifade,LM++,SV Waldhof,Germany,3. Liga,64,84,53,54,68,32,68,-1
Asumah Abubakar-Ankrah,Asumah Abubakar,ST++,Grasshopper Club,Portugal,CSSL,64,82,62,57,67,38,64,-1
Kevin Ackermann,Ackermann,CM++,Brommapojkarna,Sweden,Allsvenskan,64,60,57,59,62,65,79,-1
Diego Acosta,Acosta,ST++,Sportivo Luqueño,Paraguay,Sudamericana,64,64,68,43,68,24,50,-1
Abdulfatah Adam,Adam,ST++,Al Taawoun,Saudi Arabia,ROSHN Saudi League,64,76,63,48,64,19,61,-1
Tayo Adaramola,Adaramola,LB++,Stockport,Republic of Ireland,EFL League One,64,82,50,52,64,59,59,-1
Jonas Adjetey,Adjetey,CB++,FC Basel 1893,Ghana,CSSL,64,70,23,43,45,64,65,-1
Albert Adomah,Adomah,RM++,Walsall,Ghana,EFL League Two,64,65,61,63,65,61,57,-1
Sergio Adrián,Adrián,CM++,Wilstermann,Bolivia,Sudamericana,64,69,55,60,65,60,71,-1
Adnan Aganović,Aganović,CM++,Unirea Slobozia,Croatia,SUPERLIGA,64,57,59,69,64,46,66,-1
Dan Agyei,Agyei,ST++,Leyton Orient,England,EFL League One,64,81,61,52,65,34,76,-1
Ali Ahmed,Ahmed,CM++,Whitecaps FC,Canada,MLS,64,75,55,60,66,61,63,-1
Ange Ahoussou,Ahoussou,CB++,Pau FC,Côte d'Ivoire,Ligue 2 BKT,64,61,33,40,51,64,67,-1
Jack Aitchison,Aitchison,CAM++,Exeter City,Scotland,EFL League One,64,82,60,60,65,26,47,-1
Ahmed Al Ghamdi,Al Ghamdi,LM++,Al Ittihad,Saudi Arabia,ROSHN Saudi League,64,83,59,55,69,41,58,-1
Abdullah Al Hafith,Al Hafith,CB++,Al Wehda,Saudi Arabia,ROSHN Saudi League,64,32,36,50,45,64,74,-1
Nader Al Sharari,Al Sharari,CB++,Al Shabab,Saudi Arabia,ROSHN Saudi League,64,71,25,47,43,64,73,-1
Francisco Alarcón,Alarcón,CB++,Cobresal,Chile,Libertadores,64,44,30,37,39,62,79,-1
Agustín Albarracín,Albarracín,LW++,Wanderers,Uruguay,Sudamericana,64,65,67,59,65,40,50,-1
Tom Aldred,Aldred,CB++,ATK Mohun Bagan,Scotland,Hero ISL,64,36,35,45,46,62,82,-1
Kerim Alıcı,Alıcı,RB++,Hatayspor,Türkiye,Trendyol Süper Lig,64,72,49,58,63,63,62,-1
Noah Allen,Allen,LB++,Inter Miami CF,United States,MLS,64,78,40,53,61,61,64,-1
Gustavo Almada,Almada,GK++,Universitario,Paraguay,Sudamericana,64,62,64,61,63,21,64,-1
Romeo Amane,Amane,CM++,BK Häcken,Côte d'Ivoire,Allsvenskan,64,80,53,61,70,57,67,-1
Mustafa Amini,Amini,CM++,Perth Glory,Australia,A-League,64,54,59,61,67,56,68,-1
Ben Amos,Amos,GK++,Port Vale,England,EFL League Two,64,63,65,67,62,46,62,-1
Youssef Amyn,Amyn,CAM++,Braunschweig,Iraq,Bundesliga 2,64,74,59,57,71,40,43,-1
Costin Amzăr,Amzăr,LB++,FC Dinamo 1948,Romania,SUPERLIGA,64,91,42,52,64,54,68,-1
Joseph Anang,Anang,GK++,St. Pats,England,SSE Airtricity PD,64,64,62,64,63,33,64,-1
Eirik Ulland Andersen,Andersen,LW++,Strømsgodset IF,Norway,Eliteserien,64,63,64,66,64,34,55,-1
Bruce Anderson,Anderson,ST++,Kilmarnock,Scotland,cinch Prem,64,77,64,51,64,19,62,-1
Jorge Andia,Andia,CDM++,Nacional Potosí,Bolivia,Sudamericana,64,53,56,58,58,58,69,-1
Chuks Aneke,Aneke,ST++,Charlton Ath,England,EFL League One,64,53,63,57,61,45,79,-1
Louis Appéré,Appéré,ST++,Stevenage,Scotland,EFL League One,64,81,62,62,66,46,78,-1
Arvin Appiah,Appiah,LM++,Nacional,England,Liga Portugal,64,90,60,53,70,28,40,-1
Jordan Archer,Archer,GK++,Portsmouth,Scotland,EFL Championship,64,64,63,64,64,43,65,-1
Ricard Artero Ruiz,Ricard Artero,CAM++,Girona FC,Spain,LALIGA EA SPORTS,64,68,60,61,65,57,58,-1
Jonas Arweiler,Arweiler,ST++,SC Verl,Germany,3. Liga,64,55,64,51,60,27,67,-1
Mauricio Asenjo,Asenjo,ST++,Ind. Rivadavia,Argentina,LPF,64,58,65,39,64,34,68,-1
Josh Atencio,Atencio,CDM++,Sounders FC,United States,MLS,64,64,46,52,54,66,74,-1
Jonathan Augustinsson,Augustinsson,LB++,Rosenborg BK,Sweden,Eliteserien,64,69,48,60,62,59,68,-1
Brandon Austin,Austin,GK++,Spurs,England,Premier League,64,69,63,55,62,41,64,-1
Jorge Filipe Avelino Teixeira,Jorge Teixeira,CB++,AVS Futebol SAD,Portugal,Liga Portugal,64,32,41,57,44,64,69,-1
Mahamadou Ba,Ba,CDM++,Adana Demirspor,Mali,Trendyol Süper Lig,64,71,55,56,63,61,63,-1
Juraj Badelj,Badelj,CB++,Univ. Craiova,Croatia,SUPERLIGA,64,70,27,40,45,62,71,-1
Bilal Bafdili,Bafdili,CAM++,KV Mechelen,Belgium,1A Pro League,64,73,55,61,71,39,41,-1
Owen Bailey,Bailey,CDM++,Doncaster,England,EFL League Two,64,61,41,56,55,60,78,-1
Gali Balanta,Balanta,GK++,Deportes Tolima,Colombia,Sudamericana,64,64,67,61,65,40,61,-1
Agustín Baldi,Baldi,CDM++,Belgrano,Argentina,Sudamericana,64,53,54,58,62,63,63,-1
Jack Baldwin,Baldwin,CB++,Northampton,England,EFL League One,64,57,40,51,55,63,71,-1
Samuel Ballet,Ballet,RM++,Como,Switzerland,Serie A TIM,64,78,60,55,65,22,72,-1
Samuel Bamba,Bamba,LM++,VfL Bochum,Germany,Bundesliga,64,80,50,57,69,24,44,-1
Nahuel Banegas,Banegas,LB++,Tigre,Argentina,LPF,64,68,44,53,55,62,69,-1
Jaydon Banel,Banel,LW++,Ajax,Netherlands,Eredivisie,64,79,56,56,67,29,48,-1
Nir Bardea,Bardea,CB++,Sepsi OSK,Israel,SUPERLIGA,64,56,35,46,44,64,72,-1
Gabriel Barès,Barès,CM++,Montpellier,Switzerland,Ligue 1 Uber Eats,64,60,49,64,63,60,64,-1
Óscar Barreto,Barreto,CM++,UCV,Colombia,Sudamericana,64,69,59,63,68,47,56,-1
Hamza Barry,Barry,CM++,Vejle Boldklub,Gambia,3F Superliga,64,62,57,61,64,58,62,-1
Jan-Christoph Bartels,Bartels,GK++,SV Waldhof,Germany,3. Liga,64,66,63,61,68,38,65,-1
Ethan Bartlow,Bartlow,CB++,Houston Dynamo,United States,MLS,64,62,34,39,45,64,71,-1
Mateusz Bartolewski,Bartolewski,LB++,Śląsk Wrocław,Poland,PKO BP Ekstraklasa,64,77,41,54,60,59,64,-1
Marek Bartoš,Bartoš,CB++,Motor Lublin,Slovakia,PKO BP Ekstraklasa,64,62,38,45,48,65,65,-1
Anthony Barylla,Barylla,CB++,FC Erzgebirge Aue,Germany,3. Liga,64,69,46,58,59,63,75,-1
Gilberto Dambi Batista,Gilberto,CB++,Moreirense FC,Portugal,Liga Portugal,64,62,29,47,53,64,70,-1
Mika Baur,Baur,CAM++,SC Paderborn 07,Germany,Bundesliga 2,64,66,56,62,66,42,54,-1
Tanner Beason,Beason,CB++,SJ Earthquakes,United States,MLS,64,60,25,42,56,64,70,-1
Franco Bechtholdt,Bechtholdt,CB++,Cobresal,Argentina,Libertadores,64,53,48,53,60,64,69,-1
Dominik Becker,Becker,CB++,Saarbrücken,Germany,3. Liga,64,68,34,49,48,63,67,-1
Visar Bekaj,Bekaj,GK++,Hatayspor,Kosovo,Trendyol Süper Lig,64,62,63,58,66,26,63,-1
Niccoló Belloni,Belloni,LM++,Carrarese Calcio,Italy,Serie BKT,64,71,58,60,66,48,59,-1
Alexandru Benga,Benga,CB++,UTA Arad,Romania,SUPERLIGA,64,62,35,42,40,64,77,-1
Mal Benning,Benning,LB++,Shrewsbury,England,EFL League One,64,72,51,59,62,58,67,-1
Viktor Bergh,Bergh,LB++,Djurgårdens IF,Sweden,Allsvenskan,64,75,54,59,62,58,60,-1
Alejandro Bernal Carreras,Álex Bernal,CM++,CD Eldense,Spain,LALIGA HYPERMOTION,64,66,60,60,64,62,68,-1
Miguel Berry,Miguel Berry,ST++,LA Galaxy,Spain,MLS,64,70,60,48,64,27,69,-1
Mohamed Berte,Berte,LW++,FCV Dender EH,Belgium,1A Pro League,64,82,61,55,64,20,52,-1
Paul-Philipp Besong,Besong,ST++,B. Dortmund II,Germany,3. Liga,64,78,58,42,67,29,68,-1
Kian Best,Best,LB++,Preston,England,EFL Championship,64,64,48,68,64,59,64,-1
Davide Bettella,Bettella,CB++,Monza,Italy,Serie A TIM,64,51,35,47,50,67,56,-1
Quentin Beunardeau,Beunardeau,GK++,Red Star FC,France,Ligue 2 BKT,64,64,61,60,66,51,62,-1
Rahul Bheke,Bheke,RB++,Bengaluru FC,India,Hero ISL,64,61,35,51,49,64,75,-1
Clément Billemaz,Billemaz,LM++,AC Beauruelle,France,Ligue 2 BKT,64,81,62,58,67,44,54,-1
Kristian Bilovar,Bilovar,CB++,Dynamo Kyiv,Ukraine,Ukrayina Liha,64,66,34,38,44,65,68,-1
Nathan Bishop,Bishop,GK++,Wycombe,England,EFL League One,64,65,62,60,65,39,63,-1
Marco Bleve,Bleve,GK++,Carrarese Calcio,Italy,Serie BKT,64,67,64,70,66,19,63,-1
Malachi Boateng,Boateng,CDM++,Hearts,England,cinch Prem,64,60,50,57,63,63,66,-1
Tomáš Bobček,Bobček,ST++,Lechia Gdańsk,Slovakia,PKO BP Ekstraklasa,64,69,65,56,58,42,72,-1
Jonathan Klinsmann,Klinsmann,GK++,Cesena,United States,Serie BKT,64,64,63,64,65,29,64,-1
Ruben Kluivert,Kluivert,CB++,Casa Pia AC,Netherlands,Liga Portugal,64,71,31,44,52,65,63,-1
Gabriel Kobylak,Kobylak,GK++,Legia Warszawa,Poland,PKO BP Ekstraklasa,64,63,62,62,66,32,67,-1
Martin Kobylański,Kobylański,CAM++,SV Waldhof,Poland,3. Liga,64,61,66,66,66,36,53,-1
Tobias Koch,Koch,CM++,Austria Klagenfurt,Austria,Ö. Bundesliga,64,66,54,61,64,59,73,-1
Ozan Can Kökçü,Kökçü,CAM++,HJK Helsinki,Azerbaijan,Finnliiga,64,64,59,65,62,43,50,-1
Leo Kokubo,Kokubo,GK++,STVV,Japan,1A Pro League,64,63,62,60,65,41,63,-1
Niklas Kölle,Kölle,LM++,SSV Ulm 1846,Germany,Bundesliga 2,64,80,48,55,62,59,70,-1
Žan Kolmanič,Kolmanič,LB++,Austin FC,Slovenia,MLS,64,66,52,67,62,56,64,-1
Aleksander Komor,Komor,CB++,GKS Katowice,Poland,PKO BP Ekstraklasa,64,61,24,46,49,63,74,-1
Mert Kömür,Kömür,CAM++,FC Augsburg,Germany,Bundesliga,64,65,61,59,70,38,51,-1
Vegard Kongsro,Kongsro,LB++,HamKam Fotball,Norway,Eliteserien,64,77,42,56,59,58,67,-1
Morten Ågnes Konradsen,Konradsen,CM++,FK Haugesund,Norway,Eliteserien,64,67,57,63,66,61,66,-1
Ja Ryong Koo,Koo Ja Ryong,CB++,Jeonbuk Hyundai,Korea Republic,K League 1,64,66,29,45,48,62,73,-1
Emil Kornvig,Kornvig,CM++,SK Brann,Denmark,Eliteserien,64,64,57,62,65,59,65,-1
Roy Kortsmit,Kortsmit,GK++,NAC Breda,Netherlands,Eredivisie,64,65,61,59,63,27,64,-1
Mirko Kos,Kos,GK++,FK Austria Wien,Austria,Ö. Bundesliga,64,64,62,57,67,41,62,-1
Martin Koscelnik,Koscelnik,RB++,NAC Breda,Slovakia,Eredivisie,64,66,51,59,62,61,62,-1
Charalampos Kostoulas,Kostoulas,ST++,Olympiacos FC,Greece,Hellas Liga,64,68,63,53,61,35,64,-1
Loïc Kouagba,Kouagba,CB++,Red Star FC,France,Ligue 2 BKT,64,68,34,42,47,61,80,-1
Thérence Koudou,Koudou,RB++,Pau FC,France,Ligue 2 BKT,64,65,46,58,61,59,60,-1
Franko Kovačević,Kovačević,ST++,Gangwon FC,Croatia,K League 1,64,73,62,53,69,25,68,-1
Kreshnik Krasniqi,Krasniqi,CM++,Strømsgodset IF,Kosovo,Eliteserien,64,62,57,61,64,59,69,-1
Maximilian Krauß,Krauß,LW++,Energie Cottbus,Germany,3. Liga,64,80,60,54,69,30,59,-1
Luca Kronberger,Kronberger,LM++,SCR Altach,Austria,Ö. Bundesliga,64,69,58,59,62,35,67,-1
Theodore Ku-DiPietro,Ku-DiPietro,LM++,D.C. United,United States,MLS,64,73,59,52,68,35,56,-1
Mykola Kuharevych,Kuharevych,ST++,Hibernian,Ukraine,cinch Prem,64,59,66,49,60,23,74,-1
Garang Kuol,Kuol,LW++,Newcastle Utd,Australia,Premier League,64,88,56,56,66,28,40,-1
Markus Kuster,Kuster,GK++,FC Winterthur,Austria,CSSL,64,63,65,61,61,30,63,-1
Manuel Kuttin,Kuttin,GK++,Grasshopper Club,Austria,CSSL,64,63,62,65,64,34,63,-1
Daniel Kyerewaa,Kyerewaa,RM++,Preußen Münster,Germany,Bundesliga 2,64,79,47,58,70,46,58,-1
Brighton Labeau,Labeau,ST++,En Avant Guingamp,France,Ligue 2 BKT,64,69,64,52,65,21,72,-1
Mathis Lachuer,Lachuer,CM++,CD Mirandés,France,LALIGA HYPERMOTION,64,80,51,67,71,55,41,-1
Bram Lagae,Lagae,CB++,KV Kortrijk,Belgium,1A Pro League,64,67,34,46,54,65,65,-1
Ross Laidlaw,Laidlaw,GK++,Ross County,Scotland,cinch Prem,64,64,63,62,64,25,65,-1
Fynn Lakenmacher,Lakenmacher,ST++,SV Darmstadt 98,Germany,Bundesliga 2,64,74,62,50,63,30,77,-1
Tygo Land,Land,CM++,PSV,Netherlands,Eredivisie,64,74,53,64,71,53,47,-1
Sondre Langås,Langås,CB++,Viking FK,Norway,Eliteserien,64,78,37,51,59,63,73,-1
Dominik Lanius,Lanius,CB++,Hansa Rostock,Germany,3. Liga,64,52,35,42,43,63,80,-1
Michael Lansing,Lansing,GK++,Kristiansund BK,United States,Eliteserien,64,64,65,62,62,38,64,-1
Antoine Larose,Larose,RM++,AC Beauruelle,France,Ligue 2 BKT,64,72,61,58,67,32,56,-1
Mads Larsen,Larsen,CM++,Silkeborg IF,Denmark,3F Superliga,64,69,57,61,64,57,48,-1
David Lazar,Lazar,GK++,Univ. Craiova,Romania,SUPERLIGA,64,64,64,62,64,54,65,-1
Kang Hyeon Lee,Lee Kang Hyeon,CDM++,GwangJu FC,Korea Republic,K League 1,64,61,44,51,57,61,76,-1
Jae won Lee,Lee Jae Won,CM++,Suwon FC,Korea Republic,K League 1,64,65,57,60,68,56,64,-1
Tommy Leigh,Leigh,CAM++,MK Dons,England,EFL League Two,64,71,63,62,64,53,71,-1
Granit Lekaj,Lekaj,CB++,FC Winterthur,Kosovo,CSSL,64,31,37,46,48,66,75,-1
Jonathan Leko,Leko,ST++,MK Dons,England,EFL League Two,64,90,60,55,66,35,65,-1
Noha Lemina,Lemina,LM++,AC Beauruelle,Gabon,Ligue 2 BKT,64,77,60,58,69,29,53,-1
Roberto León,León,GK++,Racing Club,Argentina,Sudamericana,64,65,63,56,64,27,63,-1
Gabriel Leyes,Leyes,ST++,Danubio,Uruguay,Sudamericana,64,66,66,48,60,27,66,-1
Rubén Lezcano,Lezcano,CM++,Libertad,Paraguay,Libertadores,64,67,52,60,65,56,58,-1
Ang Li,Li Ang,CB++,Shanghai Port,China PR,CSL,64,55,57,60,56,62,79,-1
Tixiang Li,Li Tixiang,CDM++,Zhejiang Pro,China PR,CSL,64,66,54,61,63,57,72,-1
Junjian Liao,Liao Junjian,CB++,Meizhou Hakka,China PR,CSL,64,64,46,54,54,64,72,-1
Rai Pablo Lima,Lima,CM++,Real Tomayapo,Bolivia,Sudamericana,64,66,57,63,65,55,62,-1
Axel Lindahl,Lindahl,RB++,BK Häcken,Sweden,Allsvenskan,64,80,48,61,68,54,59,-1
Julius Lindberg,Lindberg,RW++,BK Häcken,Sweden,Allsvenskan,64,71,63,58,67,38,58,-1
Armani Little,Little,CM++,Gillingham,England,EFL League Two,64,78,61,62,66,58,64,-1
Yun Liu,Liu Yun,RM++,Changchun Yatai,China PR,CSL,64,79,60,60,62,54,62,-1
Junshuai Liu,Liu Junshuai,CB++,Qingdao Hainiu,China PR,CSL,64,61,37,49,50,63,75,-1
Enrique Lofolomo,Lofolomo,CB++,Viktoria Köln,Germany,3. Liga,64,69,52,57,64,62,69,-1
Santiago López,López,RW++,Independiente,Argentina,LPF,64,84,65,56,64,25,56,-1
Francisco López Manzanara,Fran Manzanara,CDM++,Racing de Ferrol,Spain,LALIGA HYPERMOTION,64,64,50,57,63,63,64,-1
Javier López Rodríguez,Javi López,RB++,Adelaide United,Spain,A-League,64,54,52,62,64,64,65,-1
Javier López-Pinto Dorado,López-Pinto,LM++,Burgos CF,Spain,LALIGA HYPERMOTION,64,67,61,59,65,28,64,-1
Daniel Lorenzo Guerrero,Dani Lorenzo,CM++,Málaga CF,Spain,LALIGA HYPERMOTION,64,69,52,64,66,60,55,-1
Victor Loturi,Loturi,CDM++,Ross County,Canada,cinch Prem,64,69,54,61,68,60,63,-1
Mathias Løvik,Løvik,LB++,Molde FK,Norway,Eliteserien,64,81,39,52,63,57,65,-1
Boyd Lucassen,Lucassen,RB++,NAC Breda,Netherlands,Eredivisie,64,65,47,53,59,62,66,-1
Angelo Lucena,Lucena,RM++,Metropolitanos,Venezuela,Sudamericana,64,70,61,62,63,50,51,-1
Juan Ludueña,Ludueña,CB++,Unión,Argentina,LPF,64,55,32,42,48,64,72,-1
Marcos Luna Ruiz,Marcos Luna,RB++,Real Zaragoza,Spain,LALIGA HYPERMOTION,64,71,35,45,52,65,75,-1
Gustav Lundgren,Lundgren,RW++,GAIS,Sweden,Allsvenskan,64,66,61,64,64,33,66,-1
Jay Lynch,Lynch,GK++,Fleetwood Town,England,EFL League Two,64,63,65,60,63,41,64,-1
Arthur Lyska,Lyska,GK++,Wehen Wiesbaden,Germany,3. Liga,64,66,63,63,67,42,66,-1
Cristhian Machado,Machado,CDM++,Wilstermann,Bolivia,Sudamericana,64,75,44,54,59,61,68,-1
Manuel Maria Machado C. Namora,Manuel Namora,ST++,Boavista FC,Portugal,Liga Portugal,64,67,65,52,63,26,54,-1
Pedro Luís Machado Ganchas,Pedro Ganchas,CB++,Silkeborg IF,Portugal,3F Superliga,64,46,32,35,38,66,70,-1
Gary Mackay-Steven,Mackay-Steven,LM++,Kilmarnock,Scotland,cinch Prem,64,76,58,59,66,36,54,-1
Abdussalam Magashy,Magashy,CAM++,Kalmar FF,Nigeria,Allsvenskan,64,79,60,59,66,60,78,-1
Josh Magennis,Magennis,ST++,Exeter City,Northern Ireland,EFL League One,64,48,64,54,59,42,79,-1
Enes Mahmutovic,Mahmutovic,CB++,NAC Breda,Luxembourg,Eredivisie,64,53,27,38,40,64,71,-1
Mikkel Maigaard,Maigaard,LM++,Cracovia,Denmark,PKO BP Ekstraklasa,64,60,59,65,63,54,66,-1
Filip Majchrowicz,Majchrowicz,GK++,Górnik Zabrze,Poland,PKO BP Ekstraklasa,64,69,58,63,63,33,65,-1
Erik Majetschak,Majetschak,CB++,FC Erzgebirge Aue,Germany,3. Liga,64,66,53,62,61,63,69,-1
Mateusz Mak,Mak,LW++,GKS Katowice,Poland,PKO BP Ekstraklasa,64,74,58,61,67,43,58,-1
Scott Malone,Malone,LB++,Crawley Town,England,EFL League One,64,69,55,60,59,59,70,-1
Felix Mambimbi,Mambimbi,ST++,FC St. Gallen,Switzerland,CSSL,64,86,62,54,70,24,53,-1
Mikaël Mandron,Mandron,ST++,St. Mirren,France,cinch Prem,64,55,64,53,60,45,76,-1
Luca Maniero,Maniero,GK++,Cittadella,Italy,Serie BKT,64,64,63,60,67,40,66,-1
Giacomo Manzari,Manzari,ST++,Bari,Italy,Serie BKT,64,77,65,57,66,28,51,-1
Julián Marchioni,Marchioni,CM++,Politehnica Iași,Argentina,SUPERLIGA,64,55,59,62,62,61,71,-1
Luc Mares,Mares,CB++,HamKam Fotball,Netherlands,Eliteserien,64,59,52,58,56,62,69,-1
Richonell Margaret,Margaret,RM++,RKC Waalwijk,Netherlands,Eredivisie,64,77,60,56,66,23,65,-1
Eman Marković,Marković,LM++,Sandefjord,Norway,Eliteserien,64,77,57,57,66,32,61,-1
Ar'jany Martha,Martha,LB++,K. Beerschot VA,Curaçao,1A Pro League,64,79,50,61,70,55,50,-1
Ariel Martínez,Martínez,CM++,Palestino,Chile,Libertadores,64,63,59,66,69,49,63,-1
Felipe Martins,Felipe,CDM++,Orlando City,Brazil,MLS,64,47,63,65,65,59,65,-1
Edoardo Masciangelo,Masciangelo,LM++,Cittadella,Italy,Serie BKT,64,80,54,61,65,60,65,-1
Conor Masterson,Masterson,CB++,Gillingham,Republic of Ireland,EFL League Two,64,62,33,44,52,64,72,-1
Jay Matete,Matete,CM++,Bolton,England,EFL League One,64,73,55,61,70,62,67,-1
Aïman Maurer,Maurer,LM++,Clermont Foot 63,Morocco,Ligue 2 BKT,64,59,58,63,69,38,44,-1
Jimmy Maurer,Maurer,GK++,FC Dallas,United States,MLS,64,64,63,64,64,36,67,-1
Niklas May,May,LM++,Viktoria Köln,Germany,3. Liga,64,74,48,59,65,62,61,-1
Ashley Maynard-Brewer,Maynard-Brewer,GK++,Charlton Ath,Australia,EFL League One,64,65,61,64,66,39,60,-1
Danny Mayor,Mayor,CM++,Fleetwood Town,England,EFL League Two,64,62,58,64,66,48,66,-1
Jason McCarthy,McCarthy,RB++,Wycombe,England,EFL League One,64,71,53,57,60,60,75,-1
Aaron McEneff,McEneff,CM++,Shamrock Rovers,Republic of Ireland,SSE Airtricity PD,64,66,59,64,65,58,66,-1
James McGarry,McGarry,LB++,Aberdeen,New Zealand,cinch Prem,64,82,59,58,67,55,75,-1
Tommy McNamara,McNamara,CM++,New England,United States,MLS,64,46,65,66,65,53,64,-1
Christopher McVey,McVey,CB++,D.C. United,Sweden,MLS,64,65,33,56,54,62,78,-1
Ryan Meara,Meara,GK++,Red Bulls,United States,MLS,64,63,62,61,66,46,65,-1
Santiago Mederos,Mederos,LM++,Racing Club,Uruguay,Sudamericana,64,72,65,59,69,43,54,-1
Rick Meissen,Meissen,CB++,Sparta Rotterdam,Netherlands,Eredivisie,64,47,33,42,47,63,72,-1
Howell Mena,Mena,CB++,Junior,Colombia,Libertadores,64,54,24,39,42,64,66,-1
Claudio Mendes Vicente,Clau Mendes,ST++,Casa Pia AC,Guinea-Bissau,Liga Portugal,64,87,63,59,60,35,61,-1
Sergio Mendoza,Mendoza,LB++,S. Trinidense,Paraguay,Sudamericana,64,71,50,59,63,58,60,-1
Jorge Mendoza,Mendoza,CM++,Sportivo Luqueño,Paraguay,Sudamericana,64,63,65,66,67,41,58,-1
Patrik Mercado,Mercado,CM++,Independiente DV,Ecuador,Libertadores,64,72,58,57,64,59,56,-1
Benji Michel,Michel,LM++,Real Salt Lake,United States,MLS,64,82,64,53,64,22,58,-1
Glenn Middleton,Middleton,LW++,Dundee United,Scotland,cinch Prem,64,83,57,60,64,27,57,-1
Alex Mighten,Mighten,LM++,Nott'm Forest,England,Premier League,64,78,54,56,71,27,48,-1
Patrik Mijić,Mijić,ST++,TSV Hartberg,Croatia,Ö. Bundesliga,64,65,63,47,59,27,64,-1
William Mikelbrencis,Mikelbrencis,RB++,Hamburger SV,France,Bundesliga 2,64,75,38,56,62,60,57,-1
Thomas Mikkelsen,Mikkelsen,GK++,Brøndby IF,Denmark,3F Superliga,64,63,65,64,65,32,66,-1
Nikola Mileusnić,Mileusnić,RM++,Perth Glory,Australia,A-League,64,87,59,56,63,42,66,-1
Sebastian Milewski,Milewski,CDM++,GKS Katowice,Poland,PKO BP Ekstraklasa,64,71,53,61,64,60,67,-1
Eric Miller,Miller,RB++,Portland Timbers-Thorns,United States,MLS,64,66,37,52,58,61,69,-1
Jovan Milošević,Milošević,ST++,FC St. Gallen,Serbia,CSSL,64,53,65,51,61,32,65,-1
Sixto Mina,Mina,CB++,Dep. Cuenca,Ecuador,Sudamericana,64,67,47,46,56,64,67,-1
Muzepper Mirahmetjan,Mirahmetjan,CM++,Rongcheng FC,China PR,CSL,64,68,64,65,63,60,76,-1
Andrei Miron,Miron,CB++,FC Botoșani,Romania,SUPERLIGA,64,46,42,48,48,63,73,-1
David Mitov Nilsson,Mitov Nilsson,GK++,IFK Norrköping,North Macedonia,Allsvenskan,64,64,61,64,66,26,64,-1
Clinton Mola,Mola,LB++,Bristol Rovers,England,EFL League One,64,73,42,59,64,61,64,-1
Gavin Molloy,Molloy,CB++,Aberdeen,Republic of Ireland,cinch Prem,64,55,52,53,56,63,70,-1
Luke Molyneux,Molyneux,RM++,Doncaster,England,EFL League Two,64,82,59,58,63,48,61,-1
Ignacio Monsalve Vicente,Nacho Monsalve,CB++,CD Eldense,Spain,LALIGA HYPERMOTION,64,54,31,51,53,65,70,-1
Mikey Moore,Moore,LM++,Spurs,England,Premier League,64,75,60,60,66,35,51,-1
Taylor Moore,Moore,CB++,Bristol Rovers,England,EFL League One,64,61,37,58,58,63,71,-1
Matías Moreno,Moreno,CB++,Belgrano,Argentina,Sudamericana,64,56,28,35,43,66,69,-1
Ryoya Morishita,Morishita,RM++,Legia Warszawa,Japan,PKO BP Ekstraklasa,64,71,57,58,66,59,61,-1
Liam Morrison,Morrison,CB++,QPR,Scotland,EFL Championship,64,53,31,45,53,65,65,-1
Ebiye Moses,Moses,ST++,Motherwell,Nigeria,cinch Prem,64,82,62,52,63,36,72,-1
Carlos Mosquera,Mosquera,GK++,Alianza FC,Colombia,Sudamericana,64,60,66,67,65,15,61,-1
Nicola Mosti,Mosti,CAM++,SS Juve Stabia,Italy,Serie BKT,64,62,52,63,66,42,51,-1
Victor Gabriel Moura de Oliveira,Vitinho,CM++,Arouca,Brazil,Liga Portugal,64,65,64,63,66,53,55,-1
Suphanat Mueanta,Mueanta,RW++,OH Leuven,Thailand,1A Pro League,64,66,61,57,67,23,44,-1
Ji Hwan Mun,Mun Ji Hwan,CM++,Incheon United,Korea Republic,K League 1,64,57,47,57,59,64,77,-1
Romaine Mundle,Mundle,LM++,Sunderland,England,EFL Championship,64,77,56,57,71,38,55,-1
Alex Murphy,Murphy,CB++,Newcastle Utd,Republic of Ireland,Premier League,64,65,34,54,57,62,68,-1
Simon Murray,Murray,ST++,Dundee FC,Scotland,cinch Prem,64,79,64,46,61,22,71,-1
Torben Müsel,Müsel,CM++,Rot-Weiss Essen,Germany,3. Liga,64,68,63,61,68,46,67,-1
Danny Musovski,Musovski,ST++,Sounders FC,United States,MLS,64,63,63,51,63,43,65,-1
Niclas Nadj,Nadj,CAM++,SC Paderborn 07,Germany,Bundesliga 2,64,69,53,60,67,36,56,-1
Michał Nalepa,Nalepa,CB++,Zagłębie Lubin,Poland,PKO BP Ekstraklasa,64,34,42,47,45,62,79,-1
Miguel Navarro,Navarro,LB++,Talleres,Venezuela,Libertadores,64,73,31,51,62,60,62,-1
Corrie Ndaba,Ndaba,LB++,Kilmarnock,Republic of Ireland,cinch Prem,64,70,27,53,58,62,75,-1
Théo Ndicka Matam,Ndicka Matam,LB++,Grasshopper Club,France,CSSL,64,78,48,57,66,56,66,-1
Harrison Neal,Neal,CDM++,Carlisle United,England,EFL League Two,64,43,45,57,56,61,70,-1
Dylan Nealis,Nealis,RB++,Red Bulls,United States,MLS,64,72,40,46,56,64,68,-1
Stephan Negru,Negru,CB++,Salford City,Republic of Ireland,EFL League Two,64,56,25,42,48,63,70,-1
Lewis Neilson,Neilson,CB++,St. Johnstone,Scotland,cinch Prem,64,66,27,48,55,63,66,-1
Aaron Nemane,Nemane,RM++,MK Dons,France,EFL League Two,64,89,53,55,66,52,52,-1
Elliott Nevitt,Nevitt,ST++,Gillingham,England,EFL League Two,64,70,62,48,59,27,79,-1
Ahmad Ngouyamsa,Ngouyamsa,RB++,Rodez AF,Cameroon,Ligue 2 BKT,64,76,40,56,65,59,66,-1
Karol Niemczycki,Niemczycki,GK++,SV Darmstadt 98,Poland,Bundesliga 2,64,65,65,61,66,28,65,-1
Jack Nolan,Nolan,RM++,Gillingham,England,EFL League Two,64,66,61,61,64,47,68,-1
Abdulaziz Noor,Noor,RM++,Al Wehda,Sudan,ROSHN Saudi League,64,77,56,61,60,30,56,-1
Lasse Nordås,Nordås,ST++,Tromsø IL,Norway,Eliteserien,64,76,61,47,61,25,67,-1
Gustaf Norlin,Norlin,LM++,IFK Göteborg,Sweden,Allsvenskan,64,74,56,59,63,37,61,-1
Cameron Norman,Norman,RB++,Tranmere Rovers,England,EFL League Two,64,70,47,57,60,58,78,-1
Conor Noß,Noß,CAM++,Blau-Weiss Linz,Republic of Ireland,Ö. Bundesliga,64,81,57,59,72,32,49,-1
Javier Núñez,Núñez,LW++,Sport Huancayo,Peru,Sudamericana,64,76,58,58,66,50,54,-1
Richard Nuñez,Nuñez,CDM++,Danubio,Uruguay,Sudamericana,64,62,57,60,55,63,65,-1
Ethan Nwaneri,Nwaneri,CAM++,Arsenal,England,Premier League,64,68,62,62,67,39,50,-1
Anthony O'Connor,O'Connor,CB++,Harrogate Town,Republic of Ireland,EFL League Two,64,51,44,52,54,63,78,-1
Warren O'Hora,O'Hora,CB++,Hibernian,Republic of Ireland,cinch Prem,64,52,39,49,52,63,78,-1
Brandon O'Neill,O'Neill,CM++,Perth Glory,Australia,A-League,64,56,59,64,62,61,71,-1
Shane O'Neill,O'Neill,CB++,Toronto FC,United States,MLS,64,52,47,55,55,62,73,-1
Daniel O'Shaughnessy,O'Shaughnessy,CB++,HJK Helsinki,Finland,Finnliiga,64,46,39,56,50,64,62,-1
Abraham Odoh,Odoh,LM++,Peterborough,England,EFL League One,64,88,58,56,67,47,72,-1
Ebenezer Ofori,Ofori,CM++,Vejle Boldklub,Ghana,3F Superliga,64,71,55,62,67,60,69,-1
Alaaddin Okumuş,Okumuş,RB++,Sivasspor,Türkiye,Trendyol Süper Lig,64,68,48,58,63,61,61,-1
Junior Olaitan,Olaitan,CAM++,ESTAC Troyes,Benin,Ligue 2 BKT,64,79,66,60,65,53,77,-1
Roberto Emanuel Oliveira Alves,Roberto Alves,CDM++,Radomiak Radom,Switzerland,PKO BP Ekstraklasa,64,75,64,66,66,57,64,-1
Paweł Olkowski,Olkowski,RM++,Górnik Zabrze,Poland,PKO BP Ekstraklasa,64,66,56,62,64,61,66,-1
Marcus Olsson,Olsson,LB++,Halmstads BK,Sweden,Allsvenskan,64,65,48,59,63,62,58,-1
Elías Már Ómarsson,Ómarsson,ST++,NAC Breda,Iceland,Eredivisie,64,85,60,53,66,37,71,-1
Kristian Onsrud,Onsrud,CM++,HamKam Fotball,Norway,Eliteserien,64,54,61,62,62,58,73,-1
Louis Oppie,Oppie,LB++,Arminia Bielefeld,Germany,3. Liga,64,77,48,56,57,59,76,-1
Renzo Orihuela,Orihuela,CB++,Bolívar,Uruguay,Libertadores,64,74,41,53,63,66,58,-1
Danilo Orsi,Orsi,ST++,Burton Albion,England,EFL League One,64,73,63,51,63,25,66,-1
Gustavo Almada,Almada,GK++,Universitario,Bolivia,Sudamericana,64,62,64,61,63,21,64,-1
Jevani Brown,Brown,ST++,Notts County,Jamaica,EFL League Two,64,79,62,60,64,45,68,-1
Paweł Jaroszyński,Jaroszyński,LM++,Salernitana,Poland,Serie BKT,64,63,53,63,63,64,71,-1
Ben Thompson,Thompson,CM++,Bromley FC,England,EFL League Two,64,69,59,61,66,61,67,-1
Sam Stubbs,Stubbs,CB++,Cheltenham Town,England,EFL League Two,64,63,29,41,53,63,75,-1
Anthony Scully,Scully,LM++,Colchester,Republic of Ireland,EFL League Two,64,75,61,58,67,34,53,-1
Sveinn Aron Guðjohnsen,Guðjohnsen,ST++,Sarpsborg 08,Iceland,Eliteserien,64,40,64,47,62,33,72,-1
Ben Waine,Waine,ST++,Mansfield Town,New Zealand,EFL League One,64,82,63,55,63,44,75,-1
Jensen Weir,Weir,CM++,Wigan Athletic,England,EFL League One,64,67,63,60,64,58,61,-1
Antonio Jonjić,Jonjić,ST++,Hansa Rostock,Germany,3. Liga,64,76,62,57,69,31,64,-1
David Lazar,Lazar,GK++,FC Gloria Buzău,Romania,SUPERLIGA,64,64,64,62,64,54,65,-1
Davide Bettella,Bettella,CB++,Frosinone,Italy,Serie BKT,64,51,35,47,50,67,56,-1
Jonas Carls,Carls,LB++,SV Sandhausen,Germany,3. Liga,64,82,56,56,64,54,58,-1
Jack Iredale,Iredale,CB++,Hibernian,Australia,cinch Prem,64,72,43,56,58,61,74,-1
Jake Young,Young,ST++,Stevenage,England,EFL League One,64,80,62,46,62,25,64,-1
Samuel Ballet,Ballet,RM++,FC Zürich,Switzerland,CSSL,64,78,60,55,65,22,72,-1
Alex Mighten,Mighten,LM++,FC Nordsjælland,England,3F Superliga,64,78,54,56,71,27,48,-1
Cheick Diabaté,Diabaté,CB++,Bradford City,England,EFL League Two,64,71,30,43,55,62,72,-1
Jack Currie,Currie,LB++,Leyton Orient,England,EFL League One,64,76,37,52,63,58,59,-1
Joe Hodge,Hodge,CDM++,Huddersfield,Republic of Ireland,EFL League One,64,66,53,61,65,59,60,-1
Josh Coburn,Coburn,ST++,Millwall,England,EFL Championship,64,58,64,47,61,22,70,-1
Youssef Amyn,Amyn,CAM++,Al Wehda,Iraq,ROSHN Saudi League,64,74,59,57,71,40,43,-1
Naatan Skyttä,Skyttä,CM++,USL Dunkerque,Finland,Ligue 2 BKT,64,64,53,65,70,45,48,-1
Myles Peart-Harris,Peart-Harris,CM++,Swansea City,England,EFL Championship,64,72,61,63,65,52,71,-1
Felipe Salomoni,Salomoni,LB++,Al Ain FC,Argentina,United Emirates League,64,74,44,55,59,57,63,-1
Junior Olaitan,Olaitan,CAM++,Grenoble Foot 38,Benin,Ligue 2 BKT,64,79,66,60,65,53,77,-1
Tomás Palacios,Palacios,CB++,Lombardia FC,Argentina,Serie A TIM,64,53,36,34,38,66,69,-1
Emmanuel Yeboah,Yeboah,ST++,Vejle Boldklub,Ghana,3F Superliga,64,83,60,55,63,36,77,-1
Franco Carboni,Carboni,LB++,Venezia,Argentina,Serie A TIM,64,62,40,55,57,60,68,-1
Matías Moreno,Moreno,CB++,Fiorentina,Argentina,Serie A TIM,64,56,28,35,43,66,69,-1
Adama Bojang,Bojang,ST++,Grasshopper Club,Gambia,CSSL,64,62,64,50,60,36,57,-1
Mohamed Jaouab,Jaouab,CB++,Amiens SC,Morocco,Ligue 2 BKT,64,57,29,42,51,64,65,-1
Jadel Katongo,Katongo,RB++,Peterborough,England,EFL League One,64,70,36,55,58,61,68,-1
Unai Egiluz Arroyo,Egiluz,CB++,CD Mirandés,Spain,LALIGA HYPERMOTION,64,54,40,45,45,62,71,-1
Ian Forns Montes,Ian Forns,LB++,Burgos CF,Spain,LALIGA HYPERMOTION,64,83,53,57,65,57,59,-1
Christy Pym,Pym,GK++,Mansfield Town,Northern Ireland,EFL League One,64,59,64,65,66,43,64,-1
Ahmad Ngouyamsa,Ngouyamsa,RB++,Rodez AF,Chad,Ligue 2 BKT,64,76,40,56,65,59,66,-1
Gilberto Dambi Batista,Gilberto,CB++,Moreirense FC,Guinea-Bissau,Liga Portugal,64,62,29,47,53,64,70,-1
Boiro,Boiro,LB++,Athletic Club,Senegal,LALIGA EA SPORTS,64,73,47,56,60,61,67,-1
Chase,Chase,CB++,VfB Stuttgart,Japan,Bundesliga,64,63,27,41,48,63,68,-1
Brandon Fleming,Fleming,LB++,Hull City,England,EFL Championship,64,73,36,57,64,60,57,-1
Niklas Kölle,Kölle,LM++,VfL Osnabrück,Germany,3. Liga,64,80,48,55,62,59,70,-1
Florian Dietz,Dietz,ST++,SCR Altach,Germany,Ö. Bundesliga,64,73,62,43,57,25,71,-1
Eman Markovic,Markovic,LM++,IFK Göteborg,Norway,Allsvenskan,64,77,57,57,66,32,61,-1
Oliver Zandén,Zandén,LB++,Toulouse FC,Sweden,Ligue 1 Uber Eats,64,63,40,60,54,62,62,-1
Will Patching,Patching,CAM++,Carlisle United,England,EFL League Two,64,59,62,64,64,53,59,-1
Catriel Cabellos,Cabellos,CM++,Racing Club,Peru,Sudamericana,64,67,56,63,65,54,53,-1
Haifeng Ding,Ding Haifeng,LB++,Tianjin JMT FC,China PR,CSL,64,80,52,60,65,56,64,-1
Woo Jae Jeong,Jeong Woo Jae,LB++,Daegu FC,Korea Republic,K League 1,64,73,59,60,66,59,71,-1
Diego Alonso Romero,Romero,GK++,Banfield,Peru,LPF,64,62,64,60,63,25,62,-1
Lewis Neilson,Neilson,CB++,Hearts,Scotland,cinch Prem,64,66,27,48,55,63,66,-1
Tanner Beason,Beason,CB++,New England,United States,MLS,64,60,25,42,56,64,70,-1
Joaquín Pombo,Pombo,CB++,Banfield,Argentina,LPF,64,51,32,38,40,64,73,-1
Stephan Negru,Negru,CB++,Oxford United,Republic of Ireland,EFL Championship,64,56,25,42,48,63,70,-1
Dario Ulrich,Ulrich,RM++,FC Winterthur,Switzerland,CSSL,64,67,61,60,65,61,52,-1
Shaun Rooney,Rooney,RB++,Fleetwood Town,Scotland,EFL League Two,64,68,52,59,61,59,81,-1
Jimmy Maurer,Maurer,GK++,Houston Dynamo,United States,MLS,64,64,63,64,64,36,67,-1
André Boman,Boman,RB++,IF Elfsborg,Sweden,Allsvenskan,64,79,49,58,65,57,65,-1
Elton Kabangu,Kabangu,ST++,Hearts,Belgium,cinch Prem,64,77,62,60,68,33,52,-1
Vegard Kongsro,Kongsro,LB++,Yverdon Sport FC,Norway,CSSL,64,77,42,56,59,58,67,-1
Yul Heo,Heo Yul,CB++,Ulsan Hyundai,Korea Republic,K League 1,64,82,60,43,58,60,76,-1
Mathias Løvik,Løvik,LB++,Parma,Norway,Serie A TIM,64,81,39,52,63,57,65,-1
Will Goodwin,Goodwin,ST++,Wigan Athletic,England,EFL League One,64,70,61,46,62,28,74,-1
Kyu hyun Park,Park Kyu Hyun,LB++,Daejeon Citizen,Korea Republic,K League 1,64,72,29,50,63,61,65,-1
Ian Glavinovich,Glavinovich,CB++,Philadelphia,Argentina,MLS,64,63,32,53,53,66,62,-1
Mohamed Sankoh,Sankoh,ST++,VfB Stuttgart,Netherlands,Bundesliga,64,86,62,50,63,24,57,-1
Zach Hemming,Hemming,GK++,St. Mirren,England,cinch Prem,64,65,64,61,63,28,64,-1
Abdelrahman Boudah,Boudah,LW++,Hammarby IF,Sweden,Allsvenskan,64,72,59,60,67,41,63,-1
Mika Baur,Baur,CAM++,Dynamo Dresden,Germany,3. Liga,64,66,56,62,66,42,54,-1
Naim García García,Naim García,RM++,Racing de Ferrol,Spain,LALIGA HYPERMOTION,64,60,63,60,68,33,50,-1
Renzo Orihuela,Orihuela,CB++,Sarmiento,Uruguay,LPF,64,74,41,53,63,66,58,-1
Lequincio Zeefuik,Zeefuik,ST++,OH Leuven,Netherlands,1A Pro League,64,80,60,48,64,26,73,-1
Hakim Sahabo,Sahabo,CDM++,K. Beerschot VA,Rwanda,1A Pro League,64,67,45,58,61,61,59,-1
Muharem Huskovic,Huskovic,ST++,TSV Hartberg,Austria,Ö. Bundesliga,64,73,62,57,69,20,57,-1
Lorenzo Sgarbi,Sgarbi,ST++,SS Juve Stabia,Italy,Serie BKT,64,59,65,56,62,28,66,-1
Ethan Wheatley,Wheatley,ST++,Walsall,England,EFL League Two,64,72,64,49,63,31,63,-1
Nicolás Goitea,Goitea,CB++,Huracán,Argentina,LPF,64,57,24,42,51,66,62,-1
Andreas Jungdal,Jungdal,GK++,KVC Westerlo,Denmark,1A Pro League,64,67,61,57,67,23,63,-1
Alex Murphy,Murphy,CB++,Bolton,Republic of Ireland,EFL League One,64,65,34,54,57,62,68,-1
Lewis Fiorini,Fiorini,CM++,Dundee United,Scotland,cinch Prem,64,67,59,60,66,55,59,-1
Roberto León,León,GK++,Defensa,Argentina,Sudamericana,64,65,63,56,64,27,63,-1
Xavier Simons,Simons,CDM++,Wycombe,England,EFL League One,64,67,49,61,64,61,68,-1
Alex Hartridge,Hartridge,CB++,Exeter City,England,EFL League One,64,70,28,50,54,63,75,-1
Tomás Palacios,Palacios,CB++,Monza,Argentina,Serie A TIM,64,53,36,34,38,66,69,-1
Odin Thiago Holm,Holm,CM++,LAFC,Norway,MLS,64,78,55,64,64,55,59,-1
Gjivai Zechiël,Zechiël,CM++,Sparta Rotterdam,Netherlands,Eredivisie,64,75,47,61,70,64,52,-1
Ben Whitfield,Whitfield,RM++,Barrow,England,EFL League Two,64,83,60,59,66,49,50,-1
Kian Best,Best,LB++,Bohemian FC,England,SSE Airtricity PD,64,64,48,68,64,59,64,-1
Nathan Bishop,Bishop,GK++,Cambridge Utd,England,EFL League One,64,65,62,60,65,39,63,-1
Bojan Radulovic,Radulovic,ST++,Fortuna Sittard,Serbia,Eredivisie,64,54,65,48,64,27,65,-1
Shayon Harrison,Harrison,ST++,UTA Arad,England,SUPERLIGA,64,87,62,45,66,22,60,-1
Romeo Amane,Amane,CM++,SK Rapid Wien,Côte d'Ivoire,Ö. Bundesliga,64,80,53,61,70,57,67,-1
Tommy Leigh,Leigh,CAM++,Bradford City,England,EFL League Two,64,71,63,62,64,53,71,-1
Dane Scarlett,Scarlett,ST++,Spurs,England,Premier League,64,78,63,51,66,20,63,-1
Tayo Adaramola,Adaramola,LB++,Crystal Palace,Republic of Ireland,Premier League,64,82,50,52,64,59,59,-1
Joel Jorquera Romero,Jorquera,LM++,Moreirense FC,Spain,Liga Portugal,64,70,53,61,64,28,51,-1
Romain Esse,Esse,RM++,Crystal Palace,England,Premier League,64,73,53,59,68,47,56,-1
Kyle Joseph,Joseph,ST++,Hull City,Scotland,EFL Championship,64,75,62,53,65,23,60,-1
Nathan Thompson,Thompson,CB++,MK Dons,England,EFL League Two,64,68,38,52,59,63,76,-1
Antoni Klimek,Klimek,LW++,Puszcza,Poland,PKO BP Ekstraklasa,64,73,58,56,68,51,59,-1
In Soo Yu,Yu In Soo,RB++,Jeju United,Korea Republic,K League 1,64,77,58,58,65,56,66,-1
Sander Erik Kartum,Kartum,CM++,Hearts,Norway,cinch Prem,64,73,54,64,66,55,64,-1
Alex Gersbach,Gersbach,LB++,WS Wanderers,Australia,A-League,64,82,35,55,61,57,73,-1
Harrison Neal,Neal,CDM++,Fleetwood Town,England,EFL League Two,64,43,45,57,56,61,70,-1
Viktor Granath,Granath,ST++,SV Sandhausen,Sweden,3. Liga,64,60,66,47,56,27,70,-1
Vetle Skjærvik,Skjærvik,CB++,Tromsø IL,Norway,Eliteserien,63,71,26,46,53,62,66,-1
Stefan Škrbo,Škrbo,LM++,WSG Tirol,Austria,Ö. Bundesliga,63,74,55,57,65,43,57,-1
Dennis Slamar,Slamar,CB++,Energie Cottbus,Germany,3. Liga,63,72,40,54,55,61,70,-1
Alistair Smith,Smith,CM++,AFC Wimbledon,England,EFL League Two,63,76,59,59,64,57,69,-1
Kane Smith,Smith,RB++,Stevenage,England,EFL League One,63,77,48,53,62,56,63,-1
Amadeus Sögaard,Sögaard,CB++,IFK Norrköping,Sweden,Allsvenskan,63,59,34,53,57,63,69,-1
Momodou Lamin Sonko,Sonko,LW++,KAA Gent,Sweden,1A Pro League,63,80,61,50,69,17,52,-1
Hugo Sotelo Gómez,Hugo Sotelo,CM++,RC Celta,Spain,LALIGA EA SPORTS,63,65,59,59,65,44,54,-1
Sebastian Soto,Soto,ST++,Austria Klagenfurt,United States,Ö. Bundesliga,63,67,64,46,63,22,58,-1
Djibril Soumaré,Soumaré,CDM++,Nacional,Senegal,Liga Portugal,63,55,48,57,62,62,63,-1
Macauley Southam-Hales,Southam-Hales,RB++,Stockport,Wales,EFL League One,63,88,45,57,64,56,55,-1
Kian Spence,Spence,CM++,Barrow,England,EFL League Two,63,69,59,63,65,57,69,-1
Casper Staring,Staring,CDM++,NAC Breda,Netherlands,Eredivisie,63,65,43,56,56,64,67,-1
Julian Stark,Stark,CM++,SC Verl,Germany,3. Liga,63,63,52,61,66,60,66,-1
Simon Stehle,Stehle,ST++,Saarbrücken,Germany,3. Liga,63,91,58,56,64,34,60,-1
Jack Stevens,Stevens,GK++,Cambridge Utd,England,EFL League One,63,63,62,63,63,41,62,-1
Fin Stevens,Stevens,RB++,FC St. Pauli,Wales,Bundesliga,63,62,44,60,63,59,64,-1
Ben Stevenson,Stevenson,CM++,Portsmouth,England,EFL Championship,63,65,60,63,64,59,66,-1
Ryan Stirk,Stirk,CDM++,Walsall,Wales,EFL League Two,63,71,50,59,61,57,70,-1
Jayden Stockley,Stockley,ST++,Port Vale,England,EFL League Two,63,52,62,48,58,33,81,-1
Oliver Strunz,Strunz,RM++,SCR Altach,Austria,Ö. Bundesliga,63,70,65,54,66,29,74,-1
Ignacio Suárez,Suárez,GK++,Nacional,Uruguay,Libertadores,63,65,60,61,66,38,63,-1
Quinn Sullivan,Sullivan,ST++,Philadelphia,United States,MLS,63,76,60,64,67,49,57,-1
Jakub Surovčík,Surovčík,GK++,Sparta Praha,Slovakia,Česká Liga,63,67,63,65,64,29,59,-1
Sam Sutton,Sutton,LB++,Well. Phoenix,New Zealand,A-League,63,77,57,62,66,55,66,-1
Jayden Sweeney,Sweeney,LB++,Leyton Orient,England,EFL League One,63,73,38,56,63,59,60,-1
Kryspin Szcześniak,Szcześniak,CB++,Górnik Zabrze,Poland,PKO BP Ekstraklasa,63,72,27,45,43,64,70,-1
Serafin Szota,Szota,CB++,Śląsk Wrocław,Poland,PKO BP Ekstraklasa,63,77,27,45,48,62,76,-1
Enrique Taborga,Taborga,LB++,Always Ready,Bolivia,Sudamericana,63,71,45,56,60,58,63,-1
Emanuel Taffertshofer,Taffertshofer,CDM++,Wehen Wiesbaden,Germany,3. Liga,63,49,43,55,61,62,66,-1
Madih Talal,Talal,CAM++,East Bengal,France,Hero ISL,63,52,59,63,66,51,65,-1
Chemsdine Talbi,Talbi,RM++,Club Brugge,Belgium,1A Pro League,63,79,52,57,71,29,40,-1
Gregorio Tanco,Tanco,CB++,Spezia,Argentina,Serie BKT,63,59,34,44,51,64,66,-1
Jakob Tånnander,Tånnander,GK++,IK Sirius,Sweden,Allsvenskan,63,64,62,59,64,51,63,-1
Andrew Tarbell,Tarbell,GK++,Houston Dynamo,United States,MLS,63,63,62,67,68,29,62,-1
Fábio André Tavares Desidério,Fábio Tavares,ST++,Coventry City,Portugal,EFL Championship,63,84,64,58,67,30,56,-1
Dale Taylor,Taylor,ST++,Nott'm Forest,Northern Ireland,Premier League,63,73,63,49,64,32,59,-1
Richard Taylor,Taylor,CB++,St. Mirren,England,cinch Prem,63,61,31,41,53,62,67,-1
Matty Taylor,Taylor,ST++,Cheltenham Town,England,EFL League Two,63,66,63,56,64,27,60,-1
Berkan Taz,Taz,CAM++,SC Verl,Germany,3. Liga,63,72,54,60,70,31,57,-1
Franklin Tebo Uchenna,Tebo Uchenna,CB++,Sarpsborg 08,Nigeria,Eliteserien,63,75,34,42,44,60,78,-1
Charlie Telfer,Telfer,CAM++,Ross County,Scotland,cinch Prem,63,75,61,61,67,53,57,-1
Doug Tharme,Tharme,CB++,Grimsby Town,England,EFL League Two,63,57,22,39,43,63,74,-1
Christian Theoharous,Theoharous,LM++,Central Coast,Australia,A-League,63,81,58,53,66,31,41,-1
Mamadou Thiam,Thiam,ST++,FC Univ. Cluj,Senegal,SUPERLIGA,63,78,62,60,65,46,69,-1
Curtis Thompson,Thompson,CM++,Grimsby Town,England,EFL League Two,63,66,58,59,65,63,73,-1
Tommy Thompson,Thompson,RB++,SJ Earthquakes,United States,MLS,63,66,51,58,69,59,59,-1
Dominic Thompson,Thompson,LB++,Blackpool,England,EFL League One,63,74,39,54,58,57,66,-1
George Thomson,Thomson,RM++,Harrogate Town,England,EFL League Two,63,69,60,60,63,51,63,-1
Simon Tibbling,Tibbling,LM++,Sarpsborg 08,Sweden,Eliteserien,63,60,53,62,65,50,59,-1
Curtis Tilt,Tilt,CB++,Salford City,Jamaica,EFL League Two,63,54,33,40,51,63,73,-1
Joona Toivio,Toivio,CB++,HJK Helsinki,Finland,Finnliiga,63,47,52,54,51,61,71,-1
Joe Tomlinson,Tomlinson,LB++,MK Dons,England,EFL League Two,63,76,50,57,64,56,57,-1
Al Hassan Touré,Touré,RM++,AC Ajaccio,Australia,Ligue 2 BKT,63,85,59,56,63,31,68,-1
Mariano Troilo,Troilo,CB++,Belgrano,Argentina,Sudamericana,63,46,29,43,46,62,73,-1
Ángel Troncho Beltrán,Troncho,RM++,SD Eibar,Spain,LALIGA HYPERMOTION,63,70,61,60,63,36,53,-1
Kabongo Tshimanga,Tshimanga,ST++,Peterborough,England,EFL League One,63,79,60,48,65,26,72,-1
Ryan Tunnicliffe,Tunnicliffe,CDM++,Adelaide United,England,A-League,63,50,57,60,60,60,70,-1
Jordan Turnbull,Turnbull,CB++,Tranmere Rovers,England,EFL League Two,63,50,27,43,47,62,78,-1
Lukas Tursch,Tursch,CDM++,Blau-Weiss Linz,Austria,Ö. Bundesliga,63,57,56,55,58,62,71,-1
Ema Twumasi,Twumasi,RB++,FC Dallas,Ghana,MLS,63,75,53,55,65,58,64,-1
Eric Uhlmann,Uhlmann,CB++,Hannover 96,Germany,Bundesliga 2,63,71,47,56,61,62,66,-1
Laurin Ulrich,Ulrich,CM++,SSV Ulm 1846,Germany,Bundesliga 2,63,69,59,62,69,49,61,-1
Jošt Urbančič,Urbančič,LB++,Viking FK,Slovenia,Eliteserien,63,71,33,52,58,58,68,-1
Lenny Vallier,Vallier,LB++,En Avant Guingamp,France,Ligue 2 BKT,63,74,56,59,64,57,65,-1
Roshon van Eijma,van Eijma,CB++,RKC Waalwijk,Curaçao,Eredivisie,63,74,30,36,39,63,65,-1
Liam van Gelderen,van Gelderen,RB++,RKC Waalwijk,Suriname,Eredivisie,63,70,46,53,59,62,61,-1
Lucas Varaldo,Varaldo,ST++,Central Córdoba,Argentina,LPF,63,64,66,46,60,25,64,-1
Vaso Vasić,Vasić,GK++,FC Luzern,Serbia,CSSL,63,63,63,64,63,46,64,-1
Franco Vega,Vega,CM++,Huachipato,Argentina,Libertadores,63,66,47,63,64,50,57,-1
Robin Velasco,Velasco,LM++,Viktoria Köln,Germany,3. Liga,63,72,55,59,65,30,46,-1
Juan Vera,Vera,CB++,S. Trinidense,Argentina,Sudamericana,63,62,42,51,53,62,69,-1
Diego Vera,Vera,LB++,Sportivo Luqueño,Paraguay,Sudamericana,63,64,27,60,62,61,57,-1
Jozhua Vertrouwd,Vertrouwd,LB++,CD Castellón,Netherlands,LALIGA HYPERMOTION,63,73,53,57,61,59,66,-1
Iván Vidaurre,Vidaurre,LB++,Universitario,Bolivia,Sudamericana,63,59,36,58,51,64,66,-1
Jair Veiga Vieira Tavares,Jair Tavares,LM++,Hibernian,Portugal,cinch Prem,63,90,56,55,63,25,43,-1
Carlo Villanueva,Villanueva,CAM++,Huachipato,Chile,Libertadores,63,68,57,58,64,38,59,-1
Matty Virtue,Virtue,CM++,Fleetwood Town,England,EFL League Two,63,66,57,59,65,61,64,-1
Bohdan Viunnyk,Viunnyk,ST++,Lechia Gdańsk,Ukraine,PKO BP Ekstraklasa,63,73,62,52,60,30,61,-1
Emiliano Viveros,Viveros,RM++,Argentinos Jrs.,Argentina,Sudamericana,63,70,48,62,62,57,57,-1
Andrei Vlad,Vlad,GK++,FCSB,Romania,SUPERLIGA,63,62,61,69,68,41,58,-1
Eric Voufack,Voufack,RB++,Rot-Weiss Essen,Germany,3. Liga,63,74,47,55,61,56,62,-1
Patrick Vroegh,Vroegh,CM++,RKC Waalwijk,Netherlands,Eredivisie,63,57,53,61,63,55,61,-1
Ivan Vujica,Vujica,LB++,Macarthur FC,Australia,A-League,63,62,40,53,58,61,73,-1
Oliver Wähling,Wähling,CAM++,Blau-Weiss Linz,Germany,Ö. Bundesliga,63,68,62,65,64,37,60,-1
Silvan Wallner,Wallner,CB++,FC Zürich,Switzerland,CSSL,63,70,38,53,52,63,65,-1
Ziming Wang,Wang Ziming,ST++,Beijing Guoan,China PR,CSL,63,81,61,50,61,32,71,-1
Tong Wang,Wang Tong,RB++,Shandong Taishan,China PR,CSL,63,78,49,58,60,58,66,-1
Martin Wasinski,Wasinski,CB++,FC Schalke 04,Belgium,Bundesliga 2,63,64,27,46,58,63,62,-1
Lukas Watkowiak,Watkowiak,GK++,FC St. Gallen,Germany,CSSL,63,62,60,61,66,21,64,-1
Max Watson,Watson,CB++,IFK Norrköping,Sweden,Allsvenskan,63,64,26,43,54,63,66,-1
Max Watters,Watters,ST++,Barnsley,England,EFL League One,63,75,62,51,62,31,63,-1
Stephen Wearne,Wearne,CAM++,MK Dons,England,EFL League Two,63,76,58,60,64,47,63,-1
Alexander Weidinger,Weidinger,GK++,Jahn Regensburg,Germany,Bundesliga 2,63,64,61,63,62,22,64,-1
Victor Wernersson,Wernersson,LB++,Västerås SK,Sweden,Allsvenskan,63,69,44,57,63,58,63,-1
Quentin Westberg,Westberg,GK++,Atlanta United,United States,MLS,63,62,63,62,63,24,64,-1
Stav Lemkin,Lemkin,CB++,Shakhtar Donetsk,Israel,Ukrayina Liha,63,66,25,39,41,63,67,-1
Maicol León,León,CM++,Huachipato,Chile,Libertadores,63,65,49,59,65,58,61,-1
Dean Lewington,Lewington,CB++,MK Dons,England,EFL League Two,63,32,38,59,57,63,74,-1
Songyi Li,Li Songyi,CB++,Henan SSLM FC,China PR,CSL,63,47,40,60,58,62,73,-1
Liangming Lin,Lin Liangming,LW++,Beijing Guoan,China PR,CSL,63,81,61,60,61,24,60,-1
Lucas Lissens,Lissens,CB++,Lyngby BK,Belgium,3F Superliga,63,66,27,50,55,61,65,-1
Marcin Listkowski,Listkowski,CM++,Jagiellonia,Poland,PKO BP Ekstraklasa,63,80,59,59,69,48,65,-1
Wei Liu,Liu Wei,CB++,Nantong Zhiyun FC,China PR,CSL,63,51,25,33,38,63,69,-1
Lex-Tyger Lobinger,Lobinger,ST++,Viktoria Köln,Germany,3. Liga,63,75,59,45,53,28,70,-1
Klaidi Lolos,Lolos,CAM++,Bolton,Greece,EFL League One,63,69,60,55,65,51,69,-1
Irvyn Lomami,Lomami,RB++,OL,France,Ligue 1 Uber Eats,63,77,41,57,62,59,61,-1
Ariel López,López,CDM++,Unirea Slobozia,Uruguay,SUPERLIGA,63,50,48,55,58,63,70,-1
Erik López,López,ST++,Olimpia,Paraguay,Sudamericana,63,64,65,48,60,25,65,-1
Luis Federico López Andúgar,Luis López,GK++,CD Mirandés,Spain,LALIGA HYPERMOTION,63,66,62,58,63,30,58,-1
Leonardo Loria,Loria,GK++,Pisa,Italy,Serie BKT,63,65,63,60,65,25,63,-1
Tomasz Loska,Loska,GK++,Śląsk Wrocław,Poland,PKO BP Ekstraklasa,63,65,60,59,67,37,61,-1
Andreas Lukse,Lukse,GK++,Blau-Weiss Linz,Austria,Ö. Bundesliga,63,64,62,60,63,39,62,-1
Senwen Luo,Luo Senwen,CM++,Wuhan 3 Towns,China PR,CSL,63,65,61,60,62,58,71,-1
Ismet Lushaku,Lushaku,CM++,IFK Norrköping,Kosovo,Allsvenskan,63,68,49,61,63,51,60,-1
Ridwane M'Barki,M'Barki,LM++,FCV Dender EH,Belgium,1A Pro League,63,64,53,60,64,28,41,-1
Zhen Ma,Ma Zhen,GK++,Shanghai Shenhua,China PR,CSL,63,62,62,58,65,54,58,-1
Aimé Mabika,Mabika,CB++,Toronto FC,Zambia,MLS,63,68,32,39,41,61,73,-1
Alex MacDonald,MacDonald,RM++,Rotherham Utd,Scotland,EFL League One,63,70,58,60,64,56,72,-1
Roman Macek,Macek,CM++,FC Lugano,Czechia,CSSL,63,63,56,63,65,59,60,-1
Craig MacGillivray,MacGillivray,GK++,MK Dons,Scotland,EFL League Two,63,63,62,64,63,51,62,-1
Tim Maciejewski,Maciejewski,RM++,SV Sandhausen,Germany,3. Liga,63,77,61,55,65,45,57,-1
Paddy Madden,Madden,ST++,Chesterfield,Republic of Ireland,EFL League Two,63,53,64,56,62,39,69,-1
Niilo Mäenpää,Mäenpää,CM++,Halmstads BK,Finland,Allsvenskan,63,72,50,62,61,56,66,-1
Laurence Maguire,Maguire,CB++,MK Dons,England,EFL League Two,63,62,36,48,54,62,70,-1
Jon Magunazelaia,Magunazelaia,CAM++,Real Sociedad,Spain,LALIGA EA SPORTS,63,75,64,60,66,46,55,-1
Brian Maher,Maher,GK++,Derry City,Republic of Ireland,SSE Airtricity PD,63,63,59,60,64,49,65,-1
Ibrahim Mahnashi,Mahnashi,CDM++,Al Qadisiyah,Saudi Arabia,ROSHN Saudi League,63,70,44,56,60,59,72,-1
Moïse Mahop,Mahop,LB++,AC Beauruelle,Cameroon,Ligue 2 BKT,63,66,46,51,59,61,70,-1
Gabriel Maioli da Silva,Gabriel Maioli,RW++,Apoel FC,Brazil,Liga Cyprus,63,71,59,60,63,35,53,-1
Jordan Majchrzak,Majchrzak,ST++,Legia Warszawa,Poland,PKO BP Ekstraklasa,63,56,61,47,60,25,57,-1
Piotr Malarczyk,Malarczyk,CB++,Korona Kielce,Poland,PKO BP Ekstraklasa,63,40,29,44,50,63,71,-1
Josué Limberth Mamani,Mamani,CDM++,Wilstermann,Bolivia,Sudamericana,63,66,50,56,64,63,50,-1
Rahil Məmmədov,Məmmədov,CB++,Radomiak Radom,Azerbaijan,PKO BP Ekstraklasa,63,55,25,32,44,64,71,-1
Liam Mandeville,Mandeville,RM++,Chesterfield,England,EFL League Two,63,72,58,61,62,47,61,-1
Jovan Manev,Manev,CB++,Adana Demirspor,North Macedonia,Trendyol Süper Lig,63,77,48,42,58,61,72,-1
Will Mannion,Mannion,GK++,Charlton Ath,England,EFL League One,63,65,59,59,63,37,63,-1
Elias Manoel,Elias Manoel,ST++,Red Bulls,Brazil,MLS,63,88,57,46,68,19,70,-1
Jérémy Manzorro,Manzorro,CAM++,Mumbai City FC,France,Hero ISL,63,67,55,60,67,27,60,-1
Raimon Marchán Vidal,Rai Marchán,CDM++,Albacete BP,Spain,LALIGA HYPERMOTION,63,56,31,55,55,63,53,-1
Gustavo Marins Silva,Gustavo Marins,CB++,Farul Constanța,Brazil,SUPERLIGA,63,64,36,48,52,62,70,-1
Lucas Maronnier,Maronnier,LB++,En Avant Guingamp,France,Ligue 2 BKT,63,69,29,55,60,59,53,-1
Jack Marriott,Marriott,ST++,Wrexham AFC,England,EFL League One,63,76,63,50,63,25,63,-1
Fredy Martínez,Martínez,LB++,Nacional,Uruguay,Libertadores,63,72,30,54,63,58,50,-1
Jayson Martínez,Martínez,RM++,Metropolitanos,Venezuela,Sudamericana,63,70,50,60,65,45,50,-1
Marcos Martinich,Martinich,LB++,S. Ameliano,Argentina,Sudamericana,63,75,26,55,56,59,60,-1
Yegor Matsenko,Matsenko,LB++,Śląsk Wrocław,Ukraine,PKO BP Ekstraklasa,63,73,39,49,49,60,68,-1
Remi Matthews,Matthews,GK++,Crystal Palace,England,Premier League,63,64,63,62,63,45,62,-1
Faïz Mattoir,Mattoir,LM++,Almere City FC,Comoros,Eredivisie,63,70,61,58,66,27,46,-1
Konrad Matuszewski,Matuszewski,LM++,Korona Kielce,Poland,PKO BP Ekstraklasa,63,76,44,60,60,58,65,-1
Moses Mawa,Mawa,ST++,HamKam Fotball,Norway,Eliteserien,63,82,60,53,64,30,74,-1
Ethan Mbappé,Mbappé,CM++,LOSC Lille,France,Ligue 1 Uber Eats,63,61,54,65,65,57,49,-1
Malick Mbaye,Mbaye,RM++,FC Metz,Senegal,Ligue 2 BKT,63,82,63,54,63,29,56,-1
Conor McCarthy,McCarthy,CB++,Barnsley,Republic of Ireland,EFL League One,63,55,28,49,51,63,73,-1
Sam McClelland,McClelland,CB++,St. Johnstone,Northern Ireland,cinch Prem,63,43,32,39,45,63,72,-1
James McConnell,McConnell,CM++,Liverpool,England,Premier League,63,64,50,62,63,57,64,-1
Jon McCracken,McCracken,GK++,Dundee FC,Scotland,cinch Prem,63,64,62,60,65,35,62,-1
Patrick McEleney,McEleney,CAM++,Derry City,Republic of Ireland,SSE Airtricity PD,63,53,61,61,67,53,48,-1
Luke McGee,McGee,GK++,Tranmere Rovers,England,EFL League Two,63,62,65,61,62,37,63,-1
Cameron McGeehan,McGeehan,CM++,Northampton,Northern Ireland,EFL League One,63,67,61,59,65,59,74,-1
Conor McGrandles,McGrandles,CM++,Lincoln City,Scotland,EFL League One,63,65,55,61,61,59,76,-1
Cameron McJannet,McJannet,CB++,Grimsby Town,England,EFL League Two,63,53,39,53,56,63,67,-1
Harry McKirdy,McKirdy,RM++,Hibernian,England,cinch Prem,63,90,58,55,64,32,47,-1
Stephen McLaughlin,McLaughlin,LB++,Mansfield Town,Republic of Ireland,EFL League One,63,74,58,59,61,56,63,-1
Shane McLoughlin,McLoughlin,RB++,Newport County,Republic of Ireland,EFL League Two,63,76,58,58,64,55,60,-1
Conor McMenamin,McMenamin,RW++,St. Mirren,Northern Ireland,cinch Prem,63,76,57,57,64,28,48,-1
Paolo Medina,Medina,RB++,Unirea Slobozia,Mexico,SUPERLIGA,63,75,37,55,62,58,63,-1
Marcus Johansen Mehnert,Mehnert,RW++,Strømsgodset IF,Norway,Eliteserien,63,77,61,52,64,31,71,-1
Francisco Meira Meixedo,Francisco Meixedo,GK++,Estrela Amadora,Portugal,Liga Portugal,63,61,63,58,64,31,64,-1
Filippo Melegoni,Melegoni,CAM++,Genoa,Italy,Serie A TIM,63,43,54,67,64,57,60,-1
Elias Hoff Melkersen,Melkersen,ST++,Strømsgodset IF,Norway,Eliteserien,63,74,63,52,62,30,67,-1
Jon Mellish,Mellish,CB++,Carlisle United,England,EFL League Two,63,71,58,58,57,61,77,-1
Camilo Mena,Mena,RW++,Lechia Gdańsk,Colombia,PKO BP Ekstraklasa,63,79,56,58,68,38,48,-1
Adilson Mendes-Martins,Adilson Mendes,LM++,Córdoba CF,Portugal,LALIGA HYPERMOTION,63,76,60,59,66,31,49,-1
Mateo Mendoza,Mendoza,CB++,Godoy Cruz,Argentina,LPF,63,59,31,45,51,66,64,-1
Rodrigo Mendoza Martinez,Rodri Mendoza,CM++,Elche CF,Spain,LALIGA HYPERMOTION,63,60,56,56,62,55,56,-1
Paul Mensah,Mensah,RW++,Blau-Weiss Linz,Ghana,Ö. Bundesliga,63,83,56,53,66,24,48,-1
Juan José Mera,Mera,CB++,Deportes Tolima,Colombia,Sudamericana,63,62,34,33,37,63,69,-1
George Merloi,Merloi,RM++,Farul Constanța,Romania,SUPERLIGA,63,77,55,59,68,37,58,-1
John Mero,Mero,GK++,Técnico U.,Ecuador,Sudamericana,63,65,63,59,60,33,58,-1
Daniel Mesenhöler,Mesenhöler,GK++,Dynamo Dresden,Germany,3. Liga,63,63,65,56,62,49,61,-1
Ivan Mesík,Mesík,CB++,Heracles Almelo,Slovakia,Eredivisie,63,61,41,59,60,60,74,-1
Blondon Meyapya,Meyapya,CB++,Red Star FC,Cameroon,Ligue 2 BKT,63,68,31,44,51,62,71,-1
Tom Mickel,Mickel,GK++,Hamburger SV,Germany,Bundesliga 2,63,63,61,64,64,46,60,-1
Cristian Mihai,Mihai,CDM++,UTA Arad,Romania,SUPERLIGA,63,65,51,60,60,58,65,-1
Daniel Mikić,Mikić,CB++,SC Verl,Germany,3. Liga,63,81,26,42,54,64,67,-1
Noel Milleskog,Milleskog,RM++,IK Sirius,Sweden,Allsvenskan,63,83,57,52,63,28,51,-1
Matías Mir,Mir,RM++,Cerro Largo,Uruguay,Sudamericana,63,71,55,60,63,62,63,-1
Iyad Mohamed,Mohamed,CDM++,Pau FC,Comoros,Ligue 2 BKT,63,55,43,55,58,61,66,-1
Naeem Mohammed,Mohammed,ST++,Halmstads BK,Ghana,Allsvenskan,63,82,60,47,64,24,65,-1
Dinu Moldovan,Moldovan,GK++,Sepsi OSK,Romania,SUPERLIGA,63,64,63,60,63,36,62,-1
Thaddäus-Monju Momuluh,Momuluh,RM++,Hannover 96,Germany,Bundesliga 2,63,80,61,55,66,27,49,-1
Manuel Mónaco,Mónaco,RM++,Sarmiento,Argentina,LPF,63,65,57,62,61,48,54,-1
Lisandro Montenegro,Montenegro,CM++,Platense,Argentina,LPF,63,67,56,62,63,54,67,-1
Marco Weymans,Weymans,LB++,K. Beerschot VA,Burundi,1A Pro League,63,77,46,56,61,58,69,-1
Jordan White,White,ST++,Ross County,Scotland,cinch Prem,63,36,64,49,56,27,72,-1
Joe White,White,CM++,Newcastle Utd,England,Premier League,63,65,57,65,63,55,58,-1
Alfie Whiteman,Whiteman,GK++,Spurs,England,Premier League,63,68,58,56,71,32,60,-1
Dennis Widgren,Widgren,LB++,IK Sirius,Sweden,Allsvenskan,63,66,48,59,60,60,66,-1
Jannes Wieckhoff,Wieckhoff,RB++,Heracles Almelo,Germany,Eredivisie,63,77,44,55,61,56,62,-1
Rasmus Wiedesheim-Paul,Wiedesheim-Paul,ST++,Halmstads BK,Sweden,Allsvenskan,63,76,63,55,64,27,64,-1
Rasmus Wikström,Wikström,CB++,Mjällby AIF,Sweden,Allsvenskan,63,63,30,49,57,62,62,-1
George Williams,Williams,RB++,Mansfield Town,England,EFL League One,63,69,39,55,59,60,73,-1
David Williams,Williams,ST++,Perth Glory,Australia,A-League,63,74,62,54,63,39,67,-1
Jonny Williams,Williams,LM++,Gillingham,Wales,EFL League Two,63,63,59,62,66,53,48,-1
Ryan Williams,Williams,ST++,Bengaluru FC,Australia,Hero ISL,63,79,62,60,67,49,65,-1
Jordan Willis,Willis,CB++,Northampton,England,EFL League One,63,71,29,51,63,61,71,-1
Dustin Willms,Willms,ST++,Aleman. Aachen,Germany,3. Liga,63,89,62,55,62,47,65,-1
James Wilson,Wilson,ST++,Northampton,England,EFL League One,63,70,62,55,61,26,65,-1
Manuel Wintzheimer,Wintzheimer,ST++,Rot-Weiss Essen,Germany,3. Liga,63,62,62,61,65,27,68,-1
Tomasz Wójtowicz,Wójtowicz,LM++,Lechia Gdańsk,Poland,PKO BP Ekstraklasa,63,70,52,60,61,39,63,-1
Krzysztof Wołkowicz,Wołkowicz,LM++,Stal Mielec,Poland,PKO BP Ekstraklasa,63,78,56,60,58,53,67,-1
Will Wright,Wright,CB++,Swindon Town,England,EFL League Two,63,69,52,60,57,61,75,-1
Tyreik Wright,Wright,LW++,Bradford City,Republic of Ireland,EFL League Two,63,84,55,57,63,40,48,-1
D'Margio Wright-Phillips,Wright-Phillips,LW++,K. Beerschot VA,England,1A Pro League,63,83,59,51,66,28,40,-1
Xinghan Wu,Wu Xinghan,RB++,Shandong Taishan,China PR,CSL,63,78,57,60,65,54,67,-1
Mingyang Yang,Yang Mingyang,CM++,Nantong Zhiyun FC,Switzerland,CSL,63,72,48,61,68,53,60,-1
Zexiang Yang,Yang Zexiang,RB++,Shanghai Shenhua,China PR,CSL,63,75,54,56,58,59,73,-1
Lamar Yarbrough,Yarbrough,CB++,SSV Ulm 1846,Germany,Bundesliga 2,63,62,38,43,50,60,77,-1
Anıl Yaşar,Yaşar,CB++,Çaykur Rizespor,Türkiye,Trendyol Süper Lig,63,60,22,47,39,62,68,-1
Mert Yılmaz,Yılmaz,RB++,Antalyaspor,Türkiye,Trendyol Süper Lig,63,83,46,52,66,56,62,-1
Recep Burak Yılmaz,Yılmaz,CB++,Hatayspor,Türkiye,Trendyol Süper Lig,63,62,30,42,46,63,65,-1
Ali Youssef,Youssef,LW++,BK Häcken,Tunisia,Allsvenskan,63,74,56,57,65,36,62,-1
Miguel Zabaco Tomé,Míchel Zabaco,CB++,NorthEast United,Spain,Hero ISL,63,36,39,50,44,62,68,-1
Rafik Zekhnini,Zekhnini,LM++,Sarpsborg 08,Norway,Eliteserien,63,87,54,55,66,30,41,-1
Honglue Zhao,Zhao Honglue,LB++,Qingdao W. Coast,China PR,CSL,63,66,35,55,61,60,62,-1
Kaimu Zheng,Zheng Kaimu,CB++,Cangzhou FC,China PR,CSL,63,65,51,52,54,60,77,-1
Oliwier Zych,Zych,GK++,Aston Villa,Poland,Premier League,63,62,64,69,61,23,64,-1
Thomas Castella,Castella,GK++,Lausanne-Sport,Switzerland,CSSL,63,65,62,62,62,45,64,-1
Antonio Castillo,Castillo,LB++,Huachipato,Chile,Libertadores,63,68,34,43,56,61,70,-1
Denil Castillo,Castillo,CDM++,FC Midtjylland,Ecuador,3F Superliga,63,62,34,57,50,60,69,-1
Federico Castro,Castro,LW++,Ind. Rivadavia,Argentina,LPF,63,67,62,53,65,31,74,-1
Jesper Ceesay,Ceesay,CM++,IFK Norrköping,Gambia,Allsvenskan,63,62,45,60,62,61,66,-1
Piotr Ceglarz,Ceglarz,CAM++,Motor Lublin,Poland,PKO BP Ekstraklasa,63,64,62,64,61,57,72,-1
Mikkel Ceïde,Ceïde,CB++,Rosenborg BK,Norway,Eliteserien,63,66,26,51,53,62,69,-1
Mervan Çelik,Çelik,LW++,GAIS,Sweden,Allsvenskan,63,73,61,60,64,31,63,-1
Diego Céspedes,Céspedes,CB++,Cobresal,Chile,Libertadores,63,61,23,43,48,63,70,-1
Tarek Chahed,Chahed,RB++,1. FC Magdeburg,Germany,Bundesliga 2,63,74,57,56,63,58,62,-1
Alfie Chang,Chang,CDM++,Birmingham City,England,EFL League One,63,64,48,58,62,60,62,-1
Lucas Chávez,Chávez,RW++,Bolívar,Bolivia,Libertadores,63,81,61,56,63,39,59,-1
Binbin Chen,Chen Binbin,LM++,Shanghai Port,China PR,CSL,63,83,58,58,62,40,67,-1
Seong Hoon Cheon,Cheon Seong Hoon,ST++,Daejeon Citizen,Korea Republic,K League 1,63,55,60,43,59,31,65,-1
James Chester,Chester,CB++,Salford City,Wales,EFL League Two,63,47,34,53,55,63,66,-1
Tio Cipot,Cipot,CM++,Grazer AK,Slovenia,Ö. Bundesliga,63,63,49,61,67,56,51,-1
Lamine Cissé,Cissé,LM++,SC Bastia,France,Ligue 2 BKT,63,76,54,55,68,22,46,-1
James Clarke,Clarke,CAM++,Bohemian FC,Republic of Ireland,SSE Airtricity PD,63,72,56,55,67,56,64,-1
Brendan Clarke,Clarke,GK++,Galway United,Republic of Ireland,SSE Airtricity PD,63,62,64,65,61,41,64,-1
Max Cleworth,Cleworth,CB++,Wrexham AFC,England,EFL League One,63,65,26,40,51,62,70,-1
Ethan Coleman,Coleman,CDM++,Gillingham,England,EFL League Two,63,66,47,56,57,59,75,-1
Nnamdi Collins,Collins,CB++,Frankfurt,Germany,Bundesliga,63,83,25,45,50,61,68,-1
Brandon Comley,Comley,CDM++,Walsall,Montserrat,EFL League Two,63,64,50,57,57,60,73,-1
Chris Conn-Clarke,Conn-Clarke,CAM++,Peterborough,Northern Ireland,EFL League One,63,73,63,58,64,40,56,-1
Kamil Conteh,Conteh,CDM++,Bristol Rovers,Sierra Leone,EFL League One,63,72,46,56,65,57,72,-1
Kobe Cools,Cools,CB++,FCV Dender EH,Belgium,1A Pro League,63,57,26,44,45,65,65,-1
Jo Coppens,Coppens,GK++,STVV,Belgium,1A Pro League,63,65,60,62,62,43,64,-1
Romoney Crichlow,Crichlow,CB++,Peterborough,England,EFL League One,63,63,34,43,55,63,70,-1
Ryan Croasdale,Croasdale,CDM++,Port Vale,England,EFL League Two,63,64,53,57,64,60,59,-1
Alexis Cuello,Cuello,LM++,San Lorenzo,Argentina,Libertadores,63,87,58,50,69,24,48,-1
Santiago Cuiza,Cuiza,RB++,Real Tomayapo,Bolivia,Sudamericana,63,76,47,60,61,57,60,-1
Robbie Cundy,Cundy,CB++,Notts County,England,EFL League Two,63,55,26,40,47,63,69,-1
Szymon Czyż,Czyż,CM++,Raków,Poland,PKO BP Ekstraklasa,63,68,60,63,69,46,65,-1
Mateusz Czyżycki,Czyżycki,LM++,Korona Kielce,Poland,PKO BP Ekstraklasa,63,71,62,57,64,54,57,-1
Louis D'Arrigo,D'Arrigo,CDM++,Lechia Gdańsk,Australia,PKO BP Ekstraklasa,63,71,47,61,62,58,63,-1
Diogo da Costa Silva,Diogo Silva,CB++,Tianjin JMT FC,Brazil,CSL,63,52,33,38,50,64,61,-1
Petter Dahl,Dahl,LW++,KV Mechelen,Norway,1A Pro League,63,87,55,54,68,25,51,-1
Marian Danciu,Danciu,RM++,Univ. Craiova,Romania,SUPERLIGA,63,74,44,56,66,29,47,-1
Donervon Daniels,Daniels,CB++,Walsall,Montserrat,EFL League Two,63,57,35,46,48,62,76,-1
Jayden Danns,Danns,ST++,Liverpool,England,Premier League,63,69,62,51,62,27,61,-1
Ronan Darcy,Darcy,CAM++,Crawley Town,England,EFL League One,63,71,56,60,66,48,60,-1
Quentin Daubin,Daubin,CM++,Gaziantep,France,Trendyol Süper Lig,63,53,55,61,62,62,80,-1
Victor Dávalos,Dávalos,RB++,S. Trinidense,Paraguay,Sudamericana,63,69,51,57,57,60,59,-1
Promise David,David,ST++,R. Union St.-G.,Canada,1A Pro League,63,61,63,39,53,27,67,-1
Tom Davies,Davies,CB++,Tranmere Rovers,England,EFL League Two,63,50,27,41,47,61,74,-1
Filipe de Carvalho,de Carvalho,LM++,Grasshopper Club,Switzerland,CSSL,63,72,58,56,67,26,37,-1
Kaj de Rooij,de Rooij,RM++,PEC Zwolle,Netherlands,Eredivisie,63,66,54,60,64,31,57,-1
Maxime Delanghe,Delanghe,GK++,Cercle Brugge,Belgium,1A Pro League,63,63,62,63,65,21,64,-1
James Delianov,Delianov,GK++,Adelaide United,Australia,A-League,63,65,59,60,66,30,59,-1
Vesel Demaku,Demaku,CM++,SCR Altach,Austria,Ö. Bundesliga,63,55,52,58,67,62,60,-1
Anthony Descotte,Descotte,ST++,FC Utrecht,Belgium,Eredivisie,63,78,62,54,70,29,57,-1
Thorben Deters,Deters,RM++,Preußen Münster,Germany,Bundesliga 2,63,68,42,60,67,54,58,-1
Terry Devlin,Devlin,CM++,Portsmouth,Northern Ireland,EFL Championship,63,67,54,61,64,60,69,-1
Ibrahim Diabate,Diabate,ST++,Västerås SK,Côte d'Ivoire,Allsvenskan,63,75,62,50,58,18,70,-1
Lamine Diaby Fadiga,Diaby Fadiga,ST++,Jagiellonia,France,PKO BP Ekstraklasa,63,66,62,56,63,25,66,-1
Samba Diallo,Diallo,LM++,Dynamo Kyiv,Senegal,Ukrayina Liha,63,70,59,55,66,22,57,-1
Ousmane Diao,Diao,CB++,FC Midtjylland,Senegal,3F Superliga,63,69,34,46,58,62,65,-1
Moussa Diarra,Diarra,CB++,Málaga CF,Mali,LALIGA HYPERMOTION,63,72,35,49,46,62,69,-1
Mahamadou Diarra,Diarra,ST++,WSG Tirol,Mali,Ö. Bundesliga,63,68,65,43,60,21,49,-1
Kandet Diawara,Diawara,RM++,Havre AC,France,Ligue 1 Uber Eats,63,78,61,52,66,24,50,-1
Andrea Dini,Dini,GK++,Catanzaro,Italy,Serie BKT,63,64,64,56,66,29,65,-1
Julius Dirksen,Dirksen,LB++,Go Ahead Eagles,Netherlands,Eredivisie,63,70,31,49,57,62,59,-1
Armando Dobra,Dobra,LM++,Chesterfield,Albania,EFL League Two,63,81,58,57,67,31,51,-1
Alin Dobrosavlevici,Dobrosavlevici,CB++,FC Gloria Buzău,Romania,SUPERLIGA,63,52,27,39,40,62,71,-1
Owen Dodgson,Dodgson,LB++,Burnley,England,EFL Championship,63,68,46,61,59,59,65,-1
Aaron Donnelly,Donnelly,CB++,Nott'm Forest,Northern Ireland,Premier League,63,65,40,53,61,64,62,-1
Mario Dorgeles,Dorgeles,CM++,FC Nordsjælland,Côte d'Ivoire,3F Superliga,63,77,46,61,69,51,50,-1
Maïdine Douane,Douane,LM++,Clermont Foot 63,Algeria,Ligue 2 BKT,63,64,56,60,67,29,49,-1
Fodé Doucouré,Doucouré,RB++,Red Star FC,Mali,Ligue 2 BKT,63,76,37,55,64,58,56,-1
Alex Douglas,Douglas,CB++,Lech Poznań,Sweden,PKO BP Ekstraklasa,63,62,30,49,59,62,67,-1
Tim Drexler,Drexler,CB++,TSG Hoffenheim,Germany,Bundesliga,63,74,31,42,43,65,62,-1
Liuyu Duan,Duan Liuyu,CAM++,Qingdao W. Coast,China PR,CSL,63,78,54,63,63,40,63,-1
Saxon Earley,Earley,LB++,Plymouth Argyle,England,EFL Championship,63,77,34,57,64,56,56,-1
Gwion Edwards,Edwards,RM++,Morecambe,Wales,EFL League Two,63,81,59,59,64,52,48,-1
Earl Edwards Jr.,Edwards Jr.,GK++,New England,United States,MLS,63,63,62,63,63,42,65,-1
Max Ehmer,Ehmer,CB++,Gillingham,Germany,EFL League Two,63,50,54,52,55,61,78,-1
Joachim Eickmayer,Eickmayer,CDM++,Red Star FC,France,Ligue 2 BKT,63,67,52,60,61,60,66,-1
Julian Eitschberger,Eitschberger,RB++,Rot-Weiss Essen,Germany,3. Liga,63,68,38,57,63,59,57,-1
Emmanuel Ekong,Ekong,ST++,Empoli,Sweden,Serie A TIM,63,74,64,47,63,24,57,-1
Issam El Maach,El Maach,GK++,FC Twente,Morocco,Eredivisie,63,64,60,64,65,41,62,-1
Ayman El Wafi,El Wafi,CB++,FC Lugano,Morocco,CSSL,63,55,33,53,60,62,68,-1
Abu Bekir Ömer El Zein,El Zein,CM++,1. FC Magdeburg,Germany,Bundesliga 2,63,67,59,60,68,48,60,-1
Zachary Elbouzedi,Elbouzedi,RM++,St. Pats,Republic of Ireland,SSE Airtricity PD,63,89,54,56,62,35,54,-1
Umeh Emmanuel,Emmanuel,LW++,FC Zürich,Nigeria,CSSL,63,80,64,52,66,29,53,-1
Carljohan Eriksson,Eriksson,GK++,Sarpsborg 08,Finland,Eliteserien,63,62,63,64,64,54,63,-1
Dylan Escobar,Escobar,RB++,Coquimbo Unido,Chile,Sudamericana,63,77,28,51,52,57,65,-1
Bert Esselink,Esselink,CB++,Stal Mielec,Netherlands,PKO BP Ekstraklasa,63,58,31,46,43,62,73,-1
Mauro Estol,Estol,CM++,Cerro Largo,Uruguay,Sudamericana,63,58,64,66,59,55,61,-1
Jonah Fabisch,Fabisch,CM++,FC Erzgebirge Aue,Zimbabwe,3. Liga,63,64,58,57,64,59,61,-1
Philip Fahrner,Fahrner,RB++,Saarbrücken,Germany,3. Liga,63,69,51,59,66,61,59,-1
Boubacar Fall,Fall,GK++,AS Saint-Étienne,Senegal,Ligue 1 Uber Eats,63,64,63,63,65,26,61,-1
Oskar Fallenius,Fallenius,RW++,Djurgårdens IF,Sweden,Allsvenskan,63,82,53,56,66,18,50,-1
Alexis Fariña,Fariña,CAM++,Cerro Porteño,Paraguay,Libertadores,63,66,55,62,65,32,41,-1
Mikayil Faye,Faye,CB++,Stade Rennais FC,Senegal,Ligue 1 Uber Eats,63,74,41,51,54,59,73,-1
Adrian Fein,Fein,CDM++,SV Waldhof,Germany,3. Liga,63,51,57,62,65,61,62,-1
Will Ferry,Ferry,LB++,Dundee United,Republic of Ireland,cinch Prem,63,73,52,60,66,55,53,-1
Frank Fielding,Fielding,GK++,Stoke City,England,EFL Championship,63,61,62,59,65,34,63,-1
Wouter Prins,Prins,LB++,FC Groningen,Netherlands,Eredivisie,63,75,29,51,59,60,54,-1
Miguel Puche García,Miguel Puche,ST++,Arouca,Spain,Liga Portugal,63,73,63,62,66,42,60,-1
Maximiliano Puig,Puig,CDM++,Barracas Central,Argentina,LPF,63,62,53,61,63,60,59,-1
Joedrick Pupe,Pupe,CB++,FCV Dender EH,Belgium,1A Pro League,63,54,28,36,40,65,67,-1
Ben Purrington,Purrington,CB++,Exeter City,England,EFL League One,63,70,48,58,62,61,68,-1
Leandro Putaro,Putaro,LM++,Aleman. Aachen,Germany,3. Liga,63,75,62,56,64,39,60,-1
Ethan Pye,Pye,CB++,Stockport,England,EFL League One,63,66,25,45,51,63,69,-1
Niklas Pyyhtiä,Pyyhtiä,CM++,Bologna,Finland,Serie A TIM,63,44,57,65,65,52,59,-1
Ahmed Qasem,Qasem,CAM++,IF Elfsborg,Sweden,Allsvenskan,63,70,55,60,66,38,57,-1
Joshua Quarshie,Quarshie,CB++,Düsseldorf,Germany,Bundesliga 2,63,55,33,45,45,63,72,-1
Stephen Quinn,Quinn,CM++,Mansfield Town,Republic of Ireland,EFL League One,63,51,59,64,66,56,63,-1
Nelson Quiñónes,Quiñónes,LM++,Houston Dynamo,Colombia,MLS,63,81,53,54,69,38,48,-1
Lucas Quintana,Quintana,CB++,Cerro Porteño,Paraguay,Libertadores,63,71,35,42,43,64,68,-1
Armando Quitirna Junior,Junior Quitirna,CAM++,Crawley Town,Guinea-Bissau,EFL League One,63,73,59,60,68,41,44,-1
Eduard Radaslavescu,Radaslavescu,CM++,Farul Constanța,Romania,SUPERLIGA,63,74,62,65,64,45,62,-1
Haris Radetinac,Radetinac,RW++,Djurgårdens IF,Serbia,Allsvenskan,63,54,60,65,63,59,71,-1
Toon Raemaekers,Raemaekers,CB++,KV Mechelen,Belgium,1A Pro League,63,44,46,58,55,62,63,-1
Arnau Rafús Aulet,Arnau Rafús,GK++,R. Valladolid CF,Spain,LALIGA EA SPORTS,63,65,63,70,64,25,63,-1
Sebastián Ramírez,Ramírez,RW++,Huracán,Argentina,LPF,63,77,54,57,65,34,60,-1
Grant-Leon Ranos,Ranos,ST++,M'gladbach,Armenia,Bundesliga,63,62,65,53,65,27,56,-1
Franco Ravizzoli,Ravizzoli,GK++,Wycombe,Argentina,EFL League One,63,63,63,63,62,27,63,-1
Arthur Read,Read,CDM++,Colchester,England,EFL League Two,63,67,58,64,64,56,68,-1
Joe Redmond,Redmond,CB++,St. Pats,Republic of Ireland,SSE Airtricity PD,63,54,33,45,52,62,71,-1
Vicente Reyes,Reyes,GK++,Cambridge Utd,Chile,EFL League One,63,64,61,62,64,38,63,-1
Maykel Reyes,Reyes,RM++,Delfín S.C.,Ecuador,Sudamericana,63,69,56,61,65,61,61,-1
Nico Rieble,Rieble,LB++,Wehen Wiesbaden,Germany,3. Liga,63,71,42,54,59,59,71,-1
Lasse Rieß,Rieß,GK++,1. FSV Mainz 05,Germany,Bundesliga,63,63,62,59,64,32,63,-1
Erik Ring,Ring,LM++,Lincoln City,Sweden,EFL League One,63,80,54,56,63,33,69,-1
Juan Pablo Rioja,Rioja,CB++,Real Tomayapo,Bolivia,Sudamericana,63,49,31,53,45,62,73,-1
Matthis Riou,Riou,CB++,En Avant Guingamp,France,Ligue 2 BKT,63,51,32,54,57,63,69,-1
Óscar Rivas Viondi,Óscar Rivas,CB++,Vitória SC,Spain,Liga Portugal,63,57,32,43,42,63,67,-1
Thiago Rodrigues de Souza,Thiago,LM++,Puszcza,Brazil,PKO BP Ekstraklasa,63,76,49,59,66,48,58,-1
Damián Rodríguez Sousa,Damián,CM++,RC Celta,Spain,LALIGA EA SPORTS,63,67,50,62,59,62,62,-1
Benjamín Rojas,Rojas,RB++,Palestino,Chile,Libertadores,63,70,38,54,53,59,61,-1
Fernando Román,Román,CB++,Guaraní,Paraguay,Sudamericana,63,56,37,42,43,63,68,-1
Henry Rorig,Rorig,RB++,Energie Cottbus,Germany,3. Liga,63,78,47,63,62,53,62,-1
Danny Rose,Rose,ST++,Grimsby Town,England,EFL League Two,63,76,62,54,64,43,68,-1
Colin Rösler,Rösler,CB++,Malmö FF,Norway,Allsvenskan,63,65,30,44,53,62,70,-1
Leândro Rossi Pereira,Leândro,RM++,Radomiak Radom,Brazil,PKO BP Ekstraklasa,63,55,65,62,70,29,49,-1
Tim Rossmann,Rossmann,LW++,Düsseldorf,Germany,Bundesliga 2,63,84,58,52,67,27,51,-1
Sebastián Ruíz Díaz,Ruíz Díaz,LM++,Sportivo Luqueño,Paraguay,Sudamericana,63,69,55,60,63,35,63,-1
Juan Saborido,Saborido,RB++,Platense,Argentina,LPF,63,65,31,50,58,59,63,-1
Omar Sadik,Sadik,ST++,RCD Espanyol,Morocco,LALIGA EA SPORTS,63,69,61,52,59,28,61,-1
Rijad Sadiku,Sadiku,CB++,FC Botoșani,Bosnia and Herzegovina,SUPERLIGA,63,58,32,47,51,61,69,-1
Kieran Sadlier,Sadlier,LM++,Wycombe,Republic of Ireland,EFL League One,63,76,61,58,66,50,64,-1
Ryan Sailor,Sailor,CB++,Inter Miami CF,United States,MLS,63,63,24,34,39,64,69,-1
Israel Salazar Piriz,Salazar,ST++,Estoril Praia,Spain,Liga Portugal,63,52,67,48,62,23,48,-1
Edilson Salinas,Salinas,GK++,Godoy Cruz,Argentina,LPF,63,63,62,65,63,34,66,-1
Mirko Salvi,Salvi,GK++,FC Basel 1893,Switzerland,CSSL,63,64,59,61,64,40,63,-1
Martin Samuelsen,Samuelsen,ST++,FK Haugesund,Norway,Eliteserien,63,71,60,59,69,30,54,-1
Lucas Sanabria,Sanabria,CDM++,Nacional,Uruguay,Libertadores,63,57,48,57,62,60,59,-1
Florent Sanchez,Sanchez,CM++,OL,France,Ligue 1 Uber Eats,63,65,53,66,66,50,56,-1
Isaías Sánchez Cortes,Isaías,CDM++,Adelaide United,Spain,A-League,63,37,50,61,63,58,69,-1
Diego Sánchez Pérez,Diego Sánchez,CB++,R. Sporting,Spain,LALIGA HYPERMOTION,63,72,37,57,61,63,65,-1
Theo Sander,Sander,GK++,F.C. København,Denmark,3F Superliga,63,64,62,63,65,39,62,-1
Will Sands,Sands,LM++,New England,United States,MLS,63,73,49,55,65,57,61,-1
Ibou Sané,Sané,ST++,FC Metz,Senegal,Ligue 2 BKT,63,73,62,50,65,22,52,-1
Tom Sang,Sang,RB++,Port Vale,England,EFL League Two,63,60,48,58,61,61,65,-1
Gino Santilli,Santilli,GK++,Cerro Largo,Argentina,Sudamericana,63,64,63,60,66,30,63,-1
Jabes Saralegui,Saralegui,CM++,Boca Juniors,Argentina,Sudamericana,63,69,55,60,66,56,62,-1
Antoni Sarcevic,Sarcevic,CM++,Bradford City,England,EFL League Two,63,47,62,64,64,57,70,-1
Lukas Scepanik,Scepanik,LM++,Aleman. Aachen,Germany,3. Liga,63,72,59,58,63,54,64,-1
Sem Scheperman,Scheperman,CDM++,Heracles Almelo,Netherlands,Eredivisie,63,56,60,60,64,56,73,-1
Niek Schiks,Schiks,GK++,PSV,Netherlands,Eredivisie,63,63,62,63,60,18,64,-1
Frederik Schmahl,Schmahl,CAM++,SV Elversberg,Germany,Bundesliga 2,63,70,60,61,65,38,60,-1
Alexander Schmidt,Schmidt,ST++,Blau-Weiss Linz,Austria,Ö. Bundesliga,63,52,61,46,59,32,74,-1
Lewis Schouten,Schouten,CDM++,AZ,Netherlands,Eredivisie,63,69,47,59,59,60,65,-1
Lion Schuster,Schuster,CDM++,SV Sandhausen,Austria,3. Liga,63,68,45,58,62,63,61,-1
Brian Schwake,Schwake,GK++,CD Castellón,United States,LALIGA HYPERMOTION,63,66,60,58,63,20,60,-1
Julian Schwermann,Schwermann,CDM++,Aleman. Aachen,Germany,3. Liga,63,70,54,55,61,59,79,-1
Tim Sechelmann,Sechelmann,CB++,SV Waldhof,Germany,3. Liga,63,59,33,50,54,61,75,-1
Steve Seddon,Seddon,LB++,Motherwell,England,cinch Prem,63,70,48,59,62,57,66,-1
Erlend Segberg,Segberg,CDM++,Kristiansund BK,Norway,Eliteserien,63,44,54,61,62,57,71,-1
Dennis Seimen,Seimen,GK++,VfB Stuttgart,Germany,Bundesliga,63,64,58,61,65,40,59,-1
Astrit Selmani,Selmani,ST++,FC Dinamo 1948,Kosovo,SUPERLIGA,63,67,65,54,60,29,77,-1
Lion Semić,Semić,RB++,VfL Osnabrück,Germany,3. Liga,63,83,38,50,63,56,64,-1
Marvin Senger,Senger,CB++,Stal Mielec,Germany,PKO BP Ekstraklasa,63,71,29,43,45,62,73,-1
Luis Sequeira,Sequeira,CAM++,Ind. Rivadavia,Argentina,LPF,63,66,57,63,66,38,56,-1
Jakub Serafin,Serafin,CDM++,Puszcza,Poland,PKO BP Ekstraklasa,63,64,49,63,65,58,62,-1
Alin Șeroni,Șeroni,CB++,FC Botoșani,Romania,SUPERLIGA,63,31,35,43,35,62,69,-1
Javier Serrano Martínez,Javi Serrano,CDM++,Atlético de Madrid,Spain,LALIGA EA SPORTS,63,69,56,58,62,59,65,-1
Ismaïl Seydi,Seydi,LW++,SK Rapid Wien,France,Ö. Bundesliga,63,88,55,53,64,24,54,-1
Kacper Sezonienko,Sezonienko,ST++,Lechia Gdańsk,Poland,PKO BP Ekstraklasa,63,77,60,55,63,27,61,-1
Jan Shcherbakovski,Shcherbakovski,CAM++,Energie Cottbus,Belarus,3. Liga,63,74,51,58,70,34,52,-1
Juljan Shehu,Shehu,CDM++,Widzew Łódź,Albania,PKO BP Ekstraklasa,63,57,51,61,56,62,62,-1
Yeljan Shinar,Yeljan Shinar,RB++,Henan SSLM FC,China PR,CSL,63,76,39,50,57,61,67,-1
Walid Shour,Shour,CDM++,Brisbane Roar,Lebanon,A-League,63,66,52,55,58,60,70,-1
Craig Sibbald,Sibbald,CM++,Dundee United,Scotland,cinch Prem,63,78,58,60,65,57,58,-1
Adama Sidibeh,Sidibeh,ST++,St. Johnstone,Gambia,cinch Prem,63,88,60,48,63,19,64,-1
Francisco Silva,Kiki Silva,RW++,Casa Pia AC,Portugal,Liga Portugal,63,72,62,59,65,43,51,-1
Jan-Carlo Simić,Simić,CB++,RSC Anderlecht,Serbia,1A Pro League,63,68,28,42,43,64,58,-1
Tyreece Simpson,Simpson,ST++,Stevenage,England,EFL League One,63,84,60,52,60,44,78,-1
Scott Sinclair,Sinclair,LM++,Bristol Rovers,England,EFL League One,63,70,58,59,65,41,60,-1
Bipin Singh,Singh,LM++,Mumbai City FC,India,Hero ISL,63,83,60,54,59,26,59,-1
Michal Sipľak,Sipľak,LM++,Puszcza,Slovakia,PKO BP Ekstraklasa,63,70,45,59,65,59,73,-1
Jacques Siwe,Siwe,ST++,En Avant Guingamp,France,Ligue 2 BKT,63,64,63,47,63,24,53,-1
Alexander Abrahamsson,Abrahamsson,CB++,Brommapojkarna,Sweden,Allsvenskan,63,66,25,47,57,62,65,-1
Noah Adedeji-Sternberg,Adedeji-Sternberg,LW++,KRC Genk,Belgium,1A Pro League,63,77,63,49,70,21,49,-1
Baba Adeeko,Adeeko,CM++,Wigan Athletic,Republic of Ireland,EFL League One,63,66,47,59,65,58,61,-1
Samuel Adeniran,Adeniran,ST++,Philadelphia,United States,MLS,63,57,65,43,48,25,73,-1
Moïse Adilèhou,Adilèhou,CB++,Stade Lavallois,Benin,Ligue 2 BKT,63,66,29,45,46,62,69,-1
William Agada,Agada,ST++,Sporting KC,Nigeria,MLS,63,74,62,46,61,21,63,-1
Federico Aguirre,Aguirre,ST++,Barracas Central,Argentina,LPF,63,63,65,55,58,36,68,-1
Mattéo Ahlinvi,Ahlinvi,CDM++,Västerås SK,Benin,Allsvenskan,63,60,55,59,66,58,68,-1
Tae Hyun Ahn,Ahn Tae Hyun,LB++,Jeju United,Korea Republic,K League 1,63,79,56,52,62,57,65,-1
Lucas Akins,Akins,ST++,Mansfield Town,Grenada,EFL League One,63,71,59,58,61,54,80,-1
Ali Akman,Akman,ST++,FCV Dender EH,Türkiye,1A Pro League,63,78,62,57,68,24,51,-1
Michael Akoto,Akoto,CB++,AGF,Ghana,3F Superliga,63,69,32,52,56,62,70,-1
Waleed Al Ahmed,Al Ahmed,CB++,Al Taawoun,Saudi Arabia,ROSHN Saudi League,63,64,28,43,41,63,66,-1
Turki Al Ammar,Al Ammar,LW++,Al Qadisiyah,Saudi Arabia,ROSHN Saudi League,63,72,55,59,65,48,61,-1
Mohammed Al Fehaid,Al Fehaid,CM++,Al Fateh,Saudi Arabia,ROSHN Saudi League,63,47,50,57,61,62,71,-1
Alaa Al Hajji,Al Hajji,CM++,Al Wehda,Saudi Arabia,ROSHN Saudi League,63,66,56,61,64,56,61,-1
Ahmed Al Kassar,Al Kassar,GK++,Al Qadisiyah,Saudi Arabia,ROSHN Saudi League,63,62,63,55,65,40,63,-1
Mukhair Al Rashidi,Al Rashidi,CB++,Al Fayha,Saudi Arabia,ROSHN Saudi League,63,76,36,49,54,65,64,-1
Mohammed Al Saiari,Al Saiari,ST++,Al Orobah,Saudi Arabia,ROSHN Saudi League,63,66,64,54,60,36,74,-1
Rodrigo Alborno,Alborno,LB++,Sportivo Luqueño,Paraguay,Sudamericana,63,63,58,58,61,60,57,-1
Juan María Alcedo Serrano,Alcedo,LB++,Albacete BP,Spain,LALIGA HYPERMOTION,63,69,35,44,58,62,61,-1
Ryan Alebiosu,Alebiosu,RB++,KV Kortrijk,England,1A Pro League,63,67,41,57,62,58,69,-1
Khusniddin Alikulov,Alikulov,CB++,Çaykur Rizespor,Uzbekistan,Trendyol Süper Lig,63,63,31,48,47,63,63,-1
Ibrahim Aliyu,Aliyu,ST++,Houston Dynamo,Nigeria,MLS,63,70,65,57,66,30,56,-1
Joel Allansson,Allansson,CM++,Halmstads BK,Sweden,Allsvenskan,63,52,49,64,66,52,61,-1
Pedro Álvarez,Álvarez,CDM++,Dep. La Guaira,Venezuela,Sudamericana,63,71,32,52,52,58,68,-1
William Álvarez,Álvarez,ST++,Nacional Potosí,Bolivia,Sudamericana,63,63,62,48,61,24,63,-1
Hugo Álvarez Antúnez,Hugo Álvarez,LM++,RC Celta,Spain,LALIGA EA SPORTS,63,65,57,63,63,53,50,-1
Gonzalo Álvez,Álvez,RM++,Ind. Rivadavia,Argentina,LPF,63,68,55,61,66,25,39,-1
Jonathan Amon,Amon,LW++,Lyngby BK,United States,3F Superliga,63,84,55,54,66,27,53,-1
Achille Anani,Anani,ST++,Red Star FC,Côte d'Ivoire,Ligue 2 BKT,63,79,61,54,61,25,68,-1
Karoy Anderson,Anderson,CM++,Charlton Ath,Jamaica,EFL League One,63,71,56,60,64,57,68,-1
Joe Anderson,Anderson,CB++,Sunderland,England,EFL Championship,63,55,35,48,50,63,64,-1
Tobias Anselm,Anselm,ST++,WSG Tirol,Austria,Ö. Bundesliga,63,77,62,59,63,41,59,-1
Marvelous Antolín Garzón,Marvel,CB++,Real Madrid,Spain,LALIGA EA SPORTS,63,68,32,46,52,60,68,-1
Irwin Antón,Antón,ST++,Metropolitanos,Venezuela,Sudamericana,63,53,66,62,60,39,69,-1
Bill Antonio,Antonio,RM++,KV Mechelen,Zimbabwe,1A Pro League,63,82,56,55,65,41,45,-1
Brian Anunga,Anunga,CDM++,Nashville SC,Cameroon,MLS,63,59,40,58,56,58,70,-1
Paul Arano,Arano,LM++,Real Tomayapo,Bolivia,Sudamericana,63,66,61,54,66,39,65,-1
Musa Araz,Araz,CM++,FC Winterthur,Switzerland,CSSL,63,75,60,62,69,45,53,-1
Maximilian Arfsten,Arfsten,RM++,Columbus Crew,United States,MLS,63,70,58,56,65,51,60,-1
Jack Armer,Armer,LB++,Burton Albion,Scotland,EFL League One,63,70,44,55,58,57,68,-1
Luke Armstrong,Armstrong,ST++,Carlisle United,England,EFL League Two,63,68,62,46,60,25,82,-1
Ömürcan Artan,Artan,RB++,Gaziantep,Türkiye,Trendyol Süper Lig,63,68,32,50,61,60,59,-1
Rocco Ascone,Ascone,CM++,FC Nordsjælland,France,3F Superliga,63,68,52,64,68,55,49,-1
Harrison Ashby,Ashby,RB++,Newcastle Utd,Scotland,Premier League,63,75,44,53,59,56,62,-1
Zac Ashworth,Ashworth,LB++,Blackpool,Wales,EFL League One,63,68,52,56,60,59,65,-1
Ahmed Asiri,Asiri,CB++,Al Riyadh,Saudi Arabia,ROSHN Saudi League,63,61,30,45,41,63,73,-1
Jaider Asprilla,Asprilla,LM++,Atl. Nacional,Colombia,Liga Colombia,63,60,54,59,63,30,48,-1
Jonathan Aspropotamitis,Aspropotamitis,CB++,Pohang Steelers,Australia,K League 1,63,70,29,47,50,60,77,-1
Ryan Astley,Astley,CB++,Dundee FC,Wales,cinch Prem,63,50,34,51,49,64,63,-1
Abdullah Ateef,Ateef,CDM++,Al Ahli,Saudi Arabia,ROSHN Saudi League,63,31,46,70,62,61,46,-1
Axel Atum,Atum,RM++,Estudiantes,Argentina,Libertadores,63,70,57,59,66,50,49,-1
Sondre Auklend,Auklend,CM++,FK Bodø/Glimt,Norway,Eliteserien,63,76,62,61,66,57,67,-1
Leon Avdullahu,Avdullahu,CDM++,FC Basel 1893,Switzerland,CSSL,63,59,48,59,59,57,63,-1
Yavuz Aygün,Aygün,GK++,Konyaspor,Türkiye,Trendyol Süper Lig,63,65,63,58,64,46,62,-1
Víctor Wehbi Aznar Ussen,Víctor Aznar,GK++,Cádiz CF,Brazil,LALIGA HYPERMOTION,63,63,61,63,66,29,64,-1
Ahmed Ba Masoud,Ba Masoud,LB++,Al Ittihad,Saudi Arabia,ROSHN Saudi League,63,77,49,57,60,55,65,-1
Dorian Babunski,Babunski,ST++,Grasshopper Club,North Macedonia,CSSL,63,50,67,45,55,21,64,-1
Josef Brian Baccay,Baccay,LB++,Odds BK,Norway,Eliteserien,63,78,43,55,60,57,62,-1
Tobias Bach,Bach,LM++,AGF,Denmark,3F Superliga,63,71,61,59,61,54,70,-1
Anders Bærtelsen,Bærtelsen,CB++,FK Haugesund,Denmark,Eliteserien,63,60,29,43,52,62,71,-1
Nicolás Baeza,Baeza,LB++,Everton,Chile,Sudamericana,63,75,47,57,64,58,68,-1
Joel Bagan,Bagan,LB++,Cardiff City,Republic of Ireland,EFL Championship,63,68,38,54,57,60,60,-1
Elkan Baggott,Baggott,CB++,Blackpool,Indonesia,EFL League One,63,55,24,40,46,62,73,-1
Florian Bähr,Bähr,LB++,1860 München,Germany,3. Liga,63,78,31,61,64,55,69,-1
Mateo Bajamich,Bajamich,ST++,Atlético Tucumán,Argentina,LPF,63,67,64,64,63,27,59,-1
Esmir Bajraktarevic,Bajraktarevic,CAM++,New England,United States,MLS,63,73,52,56,69,34,56,-1
Tyreeq Bakinson,Bakinson,CM++,Wycombe,England,EFL League One,63,59,56,58,63,62,73,-1
Monsef Bakrar,Bakrar,ST++,New York City FC,Algeria,MLS,63,59,67,38,56,25,57,-1
Alejandro Balboa Bandeira,Álex Balboa,CM++,Almere City FC,Equatorial Guinea,Eredivisie,63,62,57,56,63,50,60,-1
Ibrahima Baldé,Baldé,RW++,Rodez AF,France,Ligue 2 BKT,63,66,61,54,66,20,47,-1
Michael Baldisimo,Baldisimo,CDM++,SJ Earthquakes,Canada,MLS,63,49,44,66,61,58,55,-1
Andri Fannar Baldursson,Baldursson,CDM++,IF Elfsborg,Iceland,Allsvenskan,63,52,49,60,63,60,65,-1
David Ball,Ball,ST++,Well. Phoenix,England,A-League,63,56,62,62,64,53,74,-1
Saad Balobaid,Balobaid,LB++,Al Ahli,Saudi Arabia,ROSHN Saudi League,63,79,29,45,60,57,67,-1
Ahmed Bani,Bani,CAM++,FC Dinamo 1948,Romania,SUPERLIGA,63,75,58,60,66,27,47,-1
Scott Banks,Banks,RM++,FC St. Pauli,Scotland,Bundesliga,63,77,60,59,63,32,56,-1
Ryan Barnett,Barnett,RB++,Wrexham AFC,England,EFL League One,63,82,49,58,64,54,59,-1
Luis Barraza,Barraza,GK++,New York City FC,United States,MLS,63,63,61,71,58,22,66,-1
Cristopher Barrera,Barrera,RM++,Coquimbo Unido,Chile,Sudamericana,63,76,38,61,63,54,58,-1
Paddy Barrett,Barrett,CB++,Shelbourne,Republic of Ireland,SSE Airtricity PD,63,40,42,45,47,62,74,-1
Djakaría Barro,Barro,CM++,FC Cartagena,Côte d'Ivoire,LALIGA HYPERMOTION,63,70,52,61,59,59,70,-1
Alex Bass,Bass,GK++,Notts County,England,EFL League Two,63,64,61,63,65,58,60,-1
Jacob Bedeau,Bedeau,CB++,Notts County,Grenada,EFL League Two,63,74,36,46,54,62,72,-1
Semi Belkahia,Belkahia,CB++,Arminia Bielefeld,Germany,3. Liga,63,67,37,42,54,60,75,-1
Jonathan Bell,Bell,CB++,Sounders FC,Jamaica,MLS,63,72,25,36,46,63,69,-1
Mimeirhel Benita,Benita,RB++,Heracles Almelo,Netherlands,Eredivisie,63,80,55,55,68,58,62,-1
Charlison Benschop,Benschop,ST++,Aleman. Aachen,Curaçao,3. Liga,63,43,64,56,56,41,77,-1
Josh Benson,Benson,CM++,Barnsley,England,EFL League One,63,59,57,64,65,60,64,-1
Daniel Benzar,Benzar,RW++,FC Gloria Buzău,Romania,SUPERLIGA,63,81,56,57,64,44,65,-1
Romario Benzar,Benzar,RB++,FC Botoșani,Romania,SUPERLIGA,63,68,54,59,59,59,60,-1
Théo Berdayes,Berdayes,RM++,FC Sion,Switzerland,CSSL,63,64,60,56,61,21,62,-1
Sebastian Bergier,Bergier,ST++,GKS Katowice,Poland,PKO BP Ekstraklasa,63,75,63,53,62,24,63,-1
Fredrik Berglie,Berglie,CB++,Sandefjord,Norway,Eliteserien,63,55,26,41,45,64,65,-1
Jacob Bergström,Bergström,ST++,Mjällby AIF,Sweden,Allsvenskan,63,64,61,44,57,37,80,-1
Sebastian Berhalter,Berhalter,CM++,Whitecaps FC,United States,MLS,63,68,45,60,64,59,64,-1
Nicolò Bertola,Bertola,CB++,Spezia,Italy,Serie BKT,63,54,32,36,40,64,71,-1
Dino Beširović,Beširović,CAM++,AIK,Portugal,Allsvenskan,63,64,57,61,64,48,63,-1
Florian Bianchini,Bianchini,RM++,Swansea City,France,EFL Championship,63,85,58,54,67,16,39,-1
Ionuț Biceanu,Biceanu,CM++,FC Hermannstadt,Romania,SUPERLIGA,63,66,59,61,62,58,68,-1
Nicholas Bilokapic,Bilokapic,GK++,Peterborough,Australia,EFL League One,63,67,60,57,62,19,66,-1
Egzon Binaku,Binaku,LB++,GAIS,Albania,Allsvenskan,63,80,41,52,64,57,64,-1
Nicolas Binder,Binder,ST++,Austria Klagenfurt,Austria,Ö. Bundesliga,63,63,60,45,58,27,77,-1
Alexander Bittroff,Bittroff,CB++,Jahn Regensburg,Germany,Bundesliga 2,63,60,45,58,61,62,65,-1
Emmanuel Biumla,Biumla,CB++,Angers SCO,France,Ligue 1 Uber Eats,63,56,44,52,55,65,64,-1
Eric Björkander,Björkander,CB++,Brommapojkarna,Sweden,Allsvenskan,63,69,35,49,58,61,72,-1
Adrian Błąd,Błąd,RM++,GKS Katowice,Poland,PKO BP Ekstraklasa,63,86,58,50,66,50,54,-1
Jakov Blagaić,Blagaić,CAM++,Puszcza,Croatia,PKO BP Ekstraklasa,63,79,62,57,66,37,63,-1
Frazer Blake-Tracy,Blake-Tracy,CB++,Mansfield Town,England,EFL League One,63,62,37,56,58,62,72,-1
Dawid Błanik,Błanik,LM++,Korona Kielce,Poland,PKO BP Ekstraklasa,63,79,54,59,64,42,63,-1
Tom Boere,Boere,ST++,NAC Breda,Netherlands,Eredivisie,63,66,64,52,59,31,72,-1
Omar Bogle,Bogle,ST++,Crewe Alexandra,England,EFL League Two,63,64,62,50,61,30,73,-1
Mathis Bolly,Bolly,LM++,Lillestrøm SK,Côte d'Ivoire,Eliteserien,63,89,58,55,65,31,64,-1
Noah Botić,Botić,ST++,Western United,Australia,A-League,63,67,62,46,61,28,63,-1
Ousseni Bouda,Bouda,LM++,SJ Earthquakes,Burkina Faso,MLS,63,73,50,55,70,20,52,-1
Nassim Boujellab,Boujellab,CAM++,Arminia Bielefeld,Morocco,3. Liga,63,67,58,59,69,50,53,-1
Teddy Boulhendi,Boulhendi,GK++,OGC Nice,Algeria,Ligue 1 Uber Eats,63,63,62,62,63,49,61,-1
Nawaf Boushal,Boushal,RB++,Al Nassr,Saudi Arabia,ROSHN Saudi League,63,80,36,47,61,58,72,-1
Ramiro Brazionis,Brazionis,CB++,Danubio,Uruguay,Sudamericana,63,56,27,36,40,65,66,-1
Niko Bretschneider,Bretschneider,LB++,Energie Cottbus,Germany,3. Liga,63,75,36,52,60,58,61,-1
Marius Broholm,Broholm,RW++,Rosenborg BK,Norway,Eliteserien,63,70,55,60,65,49,48,-1
Eamonn Brophy,Brophy,ST++,Ross County,Scotland,cinch Prem,63,76,64,57,64,31,68,-1
Arvid Brorsson,Brorsson,CM++,Mjällby AIF,Sweden,Allsvenskan,63,55,51,57,61,63,75,-1
Roman Buess,Buess,ST++,FC Winterthur,Switzerland,CSSL,63,75,63,60,61,42,71,-1
Lee Burge,Burge,GK++,Northampton,England,EFL League One,63,62,61,61,64,42,63,-1
Jasmin Burić,Burić,GK++,Zagłębie Lubin,Bosnia and Herzegovina,PKO BP Ekstraklasa,63,63,63,60,63,24,63,-1
Darragh Burns,Burns,RW++,Shamrock Rovers,Republic of Ireland,SSE Airtricity PD,63,75,59,58,67,42,51,-1
Bobby Burns,Burns,LB++,Galway United,Northern Ireland,SSE Airtricity PD,63,68,55,58,63,59,65,-1
Jack Burroughs,Burroughs,RB++,Kilmarnock,Scotland,cinch Prem,63,72,52,56,62,60,71,-1
Liam Burt,Burt,LM++,Shelbourne,Scotland,SSE Airtricity PD,63,75,56,59,65,36,50,-1
Callum Burton,Burton,GK++,Wrexham AFC,England,EFL League One,63,65,62,60,65,43,59,-1
Evan Bush,Bush,GK++,Columbus Crew,United States,MLS,63,66,63,62,60,17,63,-1
Justin Butler,Butler,LM++,B. Dortmund II,United States,3. Liga,63,85,58,51,64,23,68,-1
Khalid Butti,Butti,CDM++,Al Ain FC,United Arab Emirates,United Emirates League,63,61,52,59,59,60,58,-1
David Button,Button,GK++,Reading,England,EFL League One,63,64,62,63,60,54,61,-1
Nicolás Cabral,Cabral,CB++,Cerro Largo,Argentina,Sudamericana,63,67,46,51,51,65,66,-1
Sebastián Cabrera,Cabrera,LB++,Coquimbo Unido,Chile,Sudamericana,63,69,40,56,62,59,59,-1
Julio Cabrera Ortega,Julio Cabrera,LB++,Cádiz CF,Spain,LALIGA HYPERMOTION,63,73,41,57,62,57,55,-1
Alex Cairns,Cairns,GK++,Leeds United,England,EFL Championship,63,63,61,62,63,49,62,-1
Ross Callachan,Callachan,CAM++,Motherwell,Scotland,cinch Prem,63,56,63,61,63,62,72,-1
Thomas Callens,Callens,GK++,AC Beauruelle,France,Ligue 2 BKT,63,67,64,58,63,17,61,-1
Daniel Camacho,Camacho,CM++,Universitario,Bolivia,Sudamericana,63,67,55,59,64,59,57,-1
Thibault Campanini,Campanini,RB++,AC Ajaccio,France,Ligue 2 BKT,63,62,46,58,60,62,67,-1
Chem Campbell,Campbell,CAM++,Wolves,Wales,Premier League,63,80,60,61,65,41,55,-1
Dean Campbell,Campbell,CDM++,Barrow,Scotland,EFL League Two,63,69,53,64,64,57,65,-1
Callum Camps,Camps,CM++,Stockport,Northern Ireland,EFL League One,63,67,60,62,64,57,65,-1
Dario Čanađija,Čanađija,CM++,FC Gloria Buzău,Croatia,SUPERLIGA,63,61,53,60,63,61,66,-1
Erick Canales,Canales,RB++,Dep. Garcilaso,Peru,Sudamericana,63,70,49,55,60,57,59,-1
Niall Canavan,Canavan,CB++,Barrow,Republic of Ireland,EFL League Two,63,36,26,37,41,63,76,-1
Alan Cantero,Cantero,CAM++,Barracas Central,Argentina,LPF,63,57,64,57,61,26,62,-1
Christian Cappis,Cappis,CM++,Viking FK,United States,Eliteserien,63,68,49,61,64,58,66,-1
Edison Carcelén,Carcelén,CB++,Técnico U.,Ecuador,Sudamericana,63,66,30,47,52,59,75,-1
Cristian Carracedo García,Cristian Carracedo,LM++,Córdoba CF,Spain,LALIGA HYPERMOTION,63,71,55,61,64,32,57,-1
Maher Carrizo,Carrizo,ST++,Vélez Sarsfield,Argentina,LPF,63,79,65,49,65,21,60,-1
Scott Carson,Carson,GK++,Manchester City,England,Premier League,63,61,63,61,62,35,65,-1
Francesco Cassata,Cassata,CM++,Spezia,Italy,Serie BKT,63,47,50,65,65,53,60,-1
Sam Finley,Finley,CM++,Tranmere Rovers,England,EFL League Two,63,54,57,62,65,61,69,-1
John Patrick Finn Benoa,John Patrick,CAM++,Getafe CF,Republic of Ireland,LALIGA EA SPORTS,63,72,61,52,64,21,56,-1
Steven Fletcher,Fletcher,ST++,Wrexham AFC,Scotland,EFL League One,63,37,65,55,61,32,65,-1
Nicolai Flø,Flø,GK++,Sønderjyske,Denmark,3F Superliga,63,63,65,55,63,39,61,-1
Freddy Flórez,Flórez,CDM++,Alianza FC,Colombia,Sudamericana,63,62,46,54,63,59,73,-1
Riccardo Fogliata,Fogliata,CM++,Brisigonza,Italy,Serie BKT,63,69,48,63,64,42,47,-1
Anthony Fontana,Fontana,CAM++,PEC Zwolle,United States,Eredivisie,63,64,63,61,64,46,59,-1
Sander Moen Foss,Foss,CB++,Lillestrøm SK,Norway,Eliteserien,63,50,25,41,46,64,69,-1
Ben Fox,Fox,CM++,Northampton,England,EFL League One,63,76,60,58,63,59,74,-1
Kobe Franklin,Franklin,RB++,Toronto FC,Canada,MLS,63,69,33,54,62,60,49,-1
Pierluigi Frattali,Frattali,GK++,Frosinone,Italy,Serie BKT,63,62,62,60,62,50,63,-1
Marlon Frey,Frey,CM++,1860 München,Germany,3. Liga,63,59,49,61,63,62,71,-1
Moritz Fritz,Fritz,CB++,Viktoria Köln,Germany,3. Liga,63,47,41,48,47,61,77,-1
Alexander Fuchs,Fuchs,CB++,SV Sandhausen,Germany,3. Liga,63,59,50,63,65,62,69,-1
Aidi Fulangxisi,Aidi Fulangxisi,LB++,Shanghai Shenhua,China PR,CSL,63,68,36,55,57,59,76,-1
Loránd Fülöp,Fülöp,LW++,FC Botoșani,Romania,SUPERLIGA,63,68,60,63,64,41,64,-1
Ryan Fulton,Fulton,GK++,Hearts,Scotland,cinch Prem,63,63,62,63,65,32,62,-1
Jeffrey Gal,Jeff Gal,GK++,Chicago Fire FC,United States,MLS,63,63,59,65,64,18,65,-1
Matías Galarza,Galarza,CM++,Talleres,Paraguay,Libertadores,63,63,58,63,62,54,48,-1
Thierry Gale,Gale,LW++,SK Rapid Wien,Barbados,Ö. Bundesliga,63,76,59,57,68,26,38,-1
Einar Galilea Azaceta,Einar Galilea,CB++,Málaga CF,Spain,LALIGA HYPERMOTION,63,56,32,41,46,63,70,-1
Dejan Galjen,Galjen,ST++,Jahn Regensburg,Germany,Bundesliga 2,63,69,62,45,61,18,68,-1
Scott Galloway,Galloway,RB++,Auckland FC,Australia,A-League,63,77,55,56,62,58,73,-1
Hugo Gambor,Gambor,CB++,KAA Gent,Central African Republic,1A Pro League,63,65,33,51,57,62,63,-1
Yimy Gamero,Gamero,CDM++,ADT,Peru,Sudamericana,63,58,44,57,52,64,62,-1
Mario García Alvear,Mario García,LB++,R. Racing Club,Spain,LALIGA HYPERMOTION,63,66,33,49,59,61,56,-1
Alejandro García Morata,Álex Morata,CB++,Cádiz CF,Spain,LALIGA HYPERMOTION,63,60,31,50,46,65,60,-1
Ignacio Gariglio,Gariglio,CB++,Delfín S.C.,Argentina,Sudamericana,63,55,32,46,41,65,63,-1
Chase Gasper,Gasper,LB++,Chicago Fire FC,United States,MLS,63,67,34,55,60,60,67,-1
Alec Georgen,Georgen,RB++,USL Dunkerque,France,Ligue 2 BKT,63,71,50,55,65,61,56,-1
Łukasz Gerstenstein,Gerstenstein,RM++,Śląsk Wrocław,Poland,PKO BP Ekstraklasa,63,75,54,58,62,55,57,-1
Mark Gevorgyan,Gevorgyan,RB++,Hannover 96 II,Germany,3. Liga,63,80,38,54,63,56,47,-1
James Gibbons,Gibbons,RB++,Cambridge Utd,England,EFL League One,63,69,43,56,61,58,67,-1
Alex Gilbert,Gilbert,LM++,Middlesbrough,Republic of Ireland,EFL Championship,63,66,61,58,64,27,57,-1
Thomas Gillier,Gillier,GK++,Uni. Católica,Chile,Sudamericana,63,64,58,60,67,21,63,-1
Jake Girdwood-Reich,Girdwood-Reich,CB++,St. Louis CITY SC,Australia,MLS,63,60,41,53,54,61,73,-1
Kevin Goden,Goden,RM++,Aleman. Aachen,Germany,3. Liga,63,87,55,54,63,52,68,-1
Gerrit Gohlke,Gohlke,CB++,Arminia Bielefeld,Germany,3. Liga,63,61,28,42,45,61,73,-1
Rafael Tavares Gomes Fernandes,Rafael Fernandes,CB++,LOSC Lille,Portugal,Ligue 1 Uber Eats,63,50,37,49,47,63,64,-1
Román Gómez,Gómez,RB++,Estudiantes,Argentina,Libertadores,63,71,40,58,61,59,61,-1
Jonathan Germán Gómez,Gómez,LB++,PAOK FC,Mexico,Hellas Liga,63,72,33,48,60,59,53,-1
Yoni Gomis,Gomis,CB++,Havre AC,France,Ligue 1 Uber Eats,63,58,26,43,52,64,63,-1
Ramiro González,González,CB++,Colo-Colo,Argentina,Libertadores,63,32,37,44,47,62,72,-1
Omar Gonzalez,Gonzalez,CB++,FC Dallas,United States,MLS,63,33,36,48,44,61,75,-1
Enso González,González,LW++,Wolves,Paraguay,Premier League,63,81,52,58,69,35,40,-1
Matías González,González,CB++,Danubio,Uruguay,Sudamericana,63,64,39,42,42,66,65,-1
Ethyan Jesús González Morales,Ethyan,ST++,CD Tenerife,Spain,LALIGA HYPERMOTION,63,65,63,58,59,30,61,-1
Andrei Gorcea,Gorcea,GK++,FC Univ. Cluj,Romania,SUPERLIGA,63,63,63,64,68,28,60,-1
Lewis Gordon,Gordon,LB++,Chesterfield,Scotland,EFL League Two,63,81,42,54,61,55,56,-1
Minos Gouras,Gouras,LM++,SV Waldhof,Germany,3. Liga,63,77,59,55,68,25,54,-1
Fernand Goure,Goure,ST++,FC Zürich,Côte d'Ivoire,CSSL,63,62,60,48,58,26,66,-1
Lee Grace,Grace,CB++,Shamrock Rovers,Republic of Ireland,SSE Airtricity PD,63,44,27,43,52,63,69,-1
Pier Grazziani,Grazziani,GK++,Alianza FC,Colombia,Sudamericana,63,66,63,58,62,43,61,-1
Kosta Grozos,Grozos,CM++,Newcastle Jets,Australia,A-League,63,68,53,64,62,55,69,-1
Sinan Gümüş,Gümüş,RM++,Eyüpspor,Türkiye,Trendyol Süper Lig,63,65,65,64,65,29,57,-1
Julian Günther-Schmidt,Günther-Schmidt,CAM++,Saarbrücken,Germany,3. Liga,63,69,60,59,66,51,74,-1
Viktor Gustafson,Gustafson,CDM++,Mjällby AIF,Sweden,Allsvenskan,63,57,45,55,59,59,73,-1
Jesper Gustavsson,Gustavsson,CDM++,Mjällby AIF,Sweden,Allsvenskan,63,57,47,59,59,58,74,-1
Frederik Gytkjær,Gytkjær,ST++,Lyngby BK,Denmark,3F Superliga,63,63,62,58,64,35,72,-1
Irfan Hadžić,Hadžić,ST++,Gangwon FC,Bosnia and Herzegovina,K League 1,63,63,61,41,60,25,64,-1
Antoine Hainaut,Hainaut,RB++,Parma,France,Serie A TIM,63,65,50,58,62,63,54,-1
Wojciech Hajda,Hajda,CAM++,Puszcza,Poland,PKO BP Ekstraklasa,63,63,50,54,65,59,73,-1
Phil Halbauer,Halbauer,LW++,Energie Cottbus,Germany,3. Liga,63,78,57,61,64,41,57,-1
Belal Halbouni,Halbouni,CB++,Whitecaps FC,Syria,MLS,63,61,45,46,47,61,73,-1
Ben Halloran,Halloran,LM++,Brisbane Roar,Australia,A-League,63,78,58,58,62,41,71,-1
Anas Hamzaoui,Hamzaoui,LB++,Perth Glory,Belgium,A-League,63,71,27,53,63,61,56,-1
Jiaqi Han,Han Jiaqi,GK++,Beijing Guoan,China PR,CSL,63,66,62,58,69,34,59,-1
Kyo Won Han,Han Kyo Won,RM++,Suwon FC,Korea Republic,K League 1,63,74,61,58,65,47,64,-1
Rongze Han,Han Rongze,GK++,Cangzhou FC,China PR,CSL,63,62,61,64,63,41,63,-1
Brandon Hanlan,Hanlan,ST++,Wycombe,England,EFL League One,63,84,60,52,64,35,71,-1
Mika Hanraths,Hanraths,CB++,Aleman. Aachen,Germany,3. Liga,63,60,27,43,47,63,70,-1
Tomer Haran,Haran,GK++,Cerro Largo,Israel,Sudamericana,63,64,66,52,55,32,76,-1
Phil Harres,Harres,ST++,Holstein Kiel,Germany,Bundesliga,63,73,62,45,58,29,72,-1
Ellis Harrison,Harrison,ST++,MK Dons,Wales,EFL League Two,63,79,61,54,63,41,77,-1
Thomas Hasal,Hasal,GK++,LAFC,Canada,MLS,63,63,60,58,66,27,61,-1
Mike Hauptmeijer,Hauptmeijer,GK++,PEC Zwolle,Netherlands,Eredivisie,63,60,62,61,64,34,63,-1
Maxime Hautbois,Hautbois,GK++,Stade Lavallois,France,Ligue 2 BKT,63,61,65,62,64,43,62,-1
Ibe Hautekiet,Hautekiet,CB++,Standard Liège,Belgium,1A Pro League,63,65,33,47,37,64,66,-1
Elias Havel,Havel,LW++,TSV Hartberg,Austria,Ö. Bundesliga,63,71,64,59,63,28,63,-1
Sanousi Hawsawi,Hawsawi,RB++,Damac FC,Saudi Arabia,ROSHN Saudi League,63,89,30,46,60,53,80,-1
Guan He,He Guan,CB++,Henan SSLM FC,China PR,CSL,63,71,31,52,53,61,70,-1
Jaheim Headley,Headley,LB++,Huddersfield,England,EFL League One,63,86,54,54,67,55,65,-1
Oscar Hedvall,Hedvall,GK++,Viborg FF,Denmark,3F Superliga,63,66,62,64,64,31,63,-1
Aune Selland Heggebø,Heggebø,ST++,SK Brann,Norway,Eliteserien,63,67,61,48,64,23,66,-1
Ammar Helac,Helac,GK++,SCR Altach,Austria,Ö. Bundesliga,63,65,64,57,66,32,63,-1
Regan Hendry,Hendry,CM++,Tranmere Rovers,Scotland,EFL League Two,63,71,58,64,63,56,64,-1
Éder Hermoza,Hermoza,GK++,ADT,Peru,Sudamericana,63,62,61,61,63,53,64,-1
Felipe Hernandez,Hernandez,CM++,Sporting KC,United States,MLS,63,69,58,64,64,56,58,-1
Nahuel Herrera,Herrera,CB++,Peñarol,Uruguay,Libertadores,63,55,34,36,39,66,66,-1
Thomas Heward-Belle,Heward-Belle,GK++,Western United,Australia,A-League,63,64,65,58,63,34,60,-1
Elliott Hewitt,Hewitt,CB++,Mansfield Town,Wales,EFL League One,63,71,45,56,58,61,75,-1
Felix Higl,Higl,ST++,SSV Ulm 1846,Germany,Bundesliga 2,63,64,60,56,57,27,71,-1
Brad Hills,Hills,CB++,Norwich,England,EFL Championship,63,65,39,41,50,62,74,-1
Lukas Hinterseer,Hinterseer,ST++,WSG Tirol,Austria,Ö. Bundesliga,63,30,64,60,64,40,65,-1
Andreas Eines Hopmark,Hopmark,CB++,Kristiansund BK,Norway,Eliteserien,63,34,44,52,53,61,77,-1
Tomáš Huk,Huk,CB++,Piast Gliwice,Slovakia,PKO BP Ekstraklasa,63,58,29,47,44,64,62,-1
Adam Montgomery,Montgomery,LB++,Celtic,Scotland,cinch Prem,63,75,53,58,67,57,61,-1
Jasper Moon,Moon,CB++,Burton Albion,England,EFL League One,63,60,26,41,41,64,66,-1
Min Seo Moon,Moon Min Seo,LM++,GwangJu FC,Korea Republic,K League 1,63,64,54,61,62,49,49,-1
Martin Moormann,Moormann,LB++,Blau-Weiss Linz,Austria,Ö. Bundesliga,63,61,33,49,45,63,74,-1
Leandro Morante,Morante,CB++,FC Martigues,France,Ligue 2 BKT,63,56,36,50,51,61,74,-1
James Morris,Morris,LB++,Watford,England,EFL Championship,63,63,34,50,60,63,64,-1
Bryn Morris,Morris,CDM++,Newport County,England,EFL League Two,63,67,59,57,60,59,70,-1
Michael Morrison,Morrison,CB++,Cambridge Utd,England,EFL League One,63,34,38,41,42,62,71,-1
Louis Moult,Moult,ST++,Dundee United,England,cinch Prem,63,36,64,52,60,38,71,-1
Tom Moustier,Moustier,CM++,Rot-Weiss Essen,France,3. Liga,63,64,52,61,65,57,63,-1
Louis Mouton,Mouton,CM++,AS Saint-Étienne,France,Ligue 1 Uber Eats,63,66,43,58,62,58,64,-1
Loris Mouyokolo,Mouyokolo,CB++,FC Lorient,France,Ligue 2 BKT,63,57,34,39,46,61,75,-1
Christos Mouzakitis,Mouzakitis,CM++,Olympiacos FC,Greece,Hellas Liga,63,67,54,64,70,51,52,-1
Marek Mróz,Mróz,CAM++,Zagłębie Lubin,Poland,PKO BP Ekstraklasa,63,74,63,62,63,41,64,-1
François Mughe,Mughe,RM++,OM,Cameroon,Ligue 1 Uber Eats,63,87,59,56,64,35,55,-1
Liridon Mulaj,Mulaj,LM++,VfL Osnabrück,Switzerland,3. Liga,63,69,59,62,65,31,51,-1
Toby Mullarkey,Mullarkey,RB++,Crawley Town,England,EFL League One,63,69,33,54,57,59,72,-1
Iker Muñoz Cameros,Iker Muñoz,CM++,CA Osasuna,Spain,LALIGA EA SPORTS,63,60,53,57,62,53,55,-1
Joseph N'Duquidi,N'Duquidi,CDM++,FC Metz,Angola,Ligue 2 BKT,63,68,47,60,65,61,64,-1
Bilal Nadir,Nadir,CM++,OM,Morocco,Ligue 1 Uber Eats,63,58,52,61,63,57,59,-1
Abdenego Nankishi,Nankishi,LM++,SV Werder Bremen,Germany,Bundesliga,63,83,52,54,69,29,57,-1
Johannes Naschberger,Naschberger,CM++,WSG Tirol,Austria,Ö. Bundesliga,63,78,58,60,67,55,55,-1
Mark Natta,Natta,CB++,Newcastle Jets,Australia,A-League,63,76,33,49,56,61,76,-1
Ben Nelson,Nelson,CB++,Leicester City,England,Premier League,63,67,33,45,53,62,70,-1
Lucas Ness,Ness,CB++,Notts County,England,EFL League Two,63,65,32,44,48,63,73,-1
Tomasz Neugebauer,Neugebauer,CDM++,Lechia Gdańsk,Poland,PKO BP Ekstraklasa,63,66,57,61,58,59,69,-1
Scott Neville,Neville,CB++,Brisbane Roar,Australia,A-League,63,55,44,53,54,62,72,-1
Thijmen Nijhuis,Nijhuis,GK++,HJK Helsinki,Netherlands,Finnliiga,63,65,57,58,64,17,63,-1
Lasse Nilsen,Nilsen,LB++,Tromsø IL,Norway,Eliteserien,63,81,54,54,62,56,69,-1
Snorre Strand Nilsen,Nilsen,RB++,HamKam Fotball,Norway,Eliteserien,63,65,42,55,59,59,71,-1
Ilmari Niskanen,Niskanen,RB++,Exeter City,Finland,EFL League One,63,75,57,59,65,56,63,-1
Rob Nizet,Nizet,LB++,Willem II,Belgium,Eredivisie,63,81,54,57,61,56,57,-1
Moussa Njie,Njie,LW++,KFUM-Kameratene,Norway,Eliteserien,63,86,56,54,66,24,59,-1
Bilal Njie,Njie,LM++,Odds BK,Somalia,Eliteserien,63,87,58,51,65,27,56,-1
Steffen Nkansah,Nkansah,CB++,FC Erzgebirge Aue,Germany,3. Liga,63,71,30,44,48,64,69,-1
Béni Nkololo,Nkololo,RM++,CFR 1907 Cluj,France,SUPERLIGA,63,80,58,57,63,30,60,-1
Dong Geon No,No Dong Geon,GK++,Suwon FC,Korea Republic,K League 1,63,65,63,62,62,42,61,-1
Luiz Gustavo Novaes Palhares,Luizão,CDM++,Radomiak Radom,Brazil,PKO BP Ekstraklasa,63,69,46,56,59,60,71,-1
Lee O'Connor,O'Connor,RB++,Tranmere Rovers,Republic of Ireland,EFL League Two,63,70,52,57,60,58,68,-1
Thomas O'Connor,O'Connor,CB++,Wrexham AFC,Republic of Ireland,EFL League One,63,66,57,62,60,60,72,-1
Stephen O'Donnell,O'Donnell,RB++,Motherwell,Scotland,cinch Prem,63,60,43,56,57,61,65,-1
Connor O'Riordan,O'Riordan,CB++,Cambridge Utd,Republic of Ireland,EFL League One,63,55,32,47,49,63,74,-1
Magnar Ødegaard,Ødegaard,CB++,Sarpsborg 08,Norway,Eliteserien,63,45,30,49,51,63,69,-1
Clarke Oduor,Oduor,RW++,Bradford City,Kenya,EFL League Two,63,78,50,57,69,57,58,-1
Odel Offiah,Offiah,CB++,Brighton,England,Premier League,63,62,33,50,59,64,62,-1
Luke Offord,Offord,CB++,MK Dons,England,EFL League Two,63,65,28,48,54,61,71,-1
Andreas Oggesen,Oggesen,CM++,Sønderjyske,Denmark,3F Superliga,63,74,54,61,69,53,59,-1
Shadrach Ogie,Ogie,CB++,Gillingham,Republic of Ireland,EFL League Two,63,75,41,47,58,61,73,-1
Funso Ojo,Ojo,CM++,Port Vale,Belgium,EFL League Two,63,58,57,61,63,60,68,-1
Jubril Okedina,Okedina,CB++,Cambridge Utd,Malawi,EFL League One,63,72,34,50,55,63,71,-1
Raúl Olivares,Olivares,GK++,Universitario,Chile,Sudamericana,63,62,63,64,66,31,57,-1
Bruno Oliveira Bertinato,Bruno Bertinato,GK++,Venezia,Brazil,Serie A TIM,63,64,62,58,63,19,62,-1
Andrea Oliveri,Oliveri,RM++,Bari,Italy,Serie BKT,63,74,56,62,65,45,44,-1
Oliver Olsen,Olsen,RB++,Randers FC,Denmark,3F Superliga,63,68,48,58,60,57,69,-1
Halvor Rødølen Opsahl,Opsahl,CB++,HamKam Fotball,Norway,Eliteserien,63,56,25,43,47,63,67,-1
Alexandru Oroian,Oroian,LB++,FC Hermannstadt,Romania,SUPERLIGA,63,82,59,58,66,56,61,-1
Rasmus Örqvist,Örqvist,CAM++,Brommapojkarna,Sweden,Allsvenskan,63,68,60,59,64,62,78,-1
Eneko Ortiz Díaz,Eneko Ortiz,LB++,D. Alavés,Spain,LALIGA EA SPORTS,63,73,26,53,57,58,63,-1
Jesse Öst,Öst,GK++,HJK Helsinki,Finland,Finnliiga,63,62,63,65,63,29,61,-1
Bogdan Oteliță,Oteliță,RB++,Sepsi OSK,Romania,SUPERLIGA,63,83,30,51,53,58,54,-1
Fabricio Oviedo,Oviedo,ST++,Lausanne-Sport,Argentina,CSSL,63,53,65,48,61,35,60,-1
Yasin Özcan,Özcan,LB++,Kasımpaşa,Türkiye,Trendyol Süper Lig,63,65,36,45,55,64,67,-1
Can Özkan,Özkan,RB++,FC Erzgebirge Aue,Germany,3. Liga,63,73,42,56,61,59,75,-1
David Ozoh,Ozoh,CDM++,Derby County,England,EFL Championship,63,65,53,56,64,60,71,-1
Antonio Pacheco Ruiz,Pacheco,CAM++,Albacete BP,Spain,LALIGA HYPERMOTION,63,60,58,61,63,58,62,-1
Alejandro Padilla Pérez,Álex Padilla,GK++,Athletic Club,Mexico,LALIGA EA SPORTS,63,64,64,60,62,31,67,-1
Ollie Palmer,Palmer,ST++,Wrexham AFC,England,EFL League One,63,44,63,53,55,28,80,-1
Federico Paradela,Paradela,CM++,Sarmiento,Argentina,LPF,63,68,56,61,67,51,58,-1
Abel Paredes,Paredes,LB++,S. Ameliano,Paraguay,Sudamericana,63,59,25,47,53,61,69,-1
Martín Parra,Parra,GK++,Huachipato,Chile,Libertadores,63,62,61,57,65,31,63,-1
Tim Paterok,Paterok,GK++,Saarbrücken,Germany,3. Liga,63,66,62,62,66,33,63,-1
Alex Pattison,Pattison,CM++,Bradford City,England,EFL League Two,63,81,59,61,65,58,71,-1
Cristian Paz,Paz,CB++,Dep. Riestra,Argentina,LPF,63,53,34,35,44,64,69,-1
Xinli Peng,Peng Xinli,CDM++,Shandong Taishan,China PR,CSL,63,76,61,61,64,61,68,-1
Kevin Pereira,Pereira,LM++,Sportivo Luqueño,Paraguay,Sudamericana,63,70,54,60,68,25,45,-1
Carlos Pérez,Pérez,CB++,Técnico U.,Colombia,Sudamericana,63,47,25,44,44,64,68,-1
Simeon Petrov,Petrov,CB++,Śląsk Wrocław,France,PKO BP Ekstraklasa,63,53,26,40,56,63,63,-1
Tom Pett,Pett,CM++,Cheltenham Town,England,EFL League Two,63,52,55,61,64,56,59,-1
David Philipp,Philipp,ST++,1860 München,Germany,3. Liga,63,78,62,57,68,39,57,-1
Matteo Piacentini,Piacentini,CB++,Cesena,Italy,Serie BKT,63,62,40,40,44,64,70,-1
Maksymilian Pingot,Pingot,CB++,Lech Poznań,Poland,PKO BP Ekstraklasa,63,62,32,44,47,62,71,-1
Ricardo Manuel Pinho Matos,Ricardo Matos,ST++,FC Gloria Buzău,Portugal,SUPERLIGA,63,71,62,57,66,27,60,-1
Joel Pinto,Pinto,GK++,Sport Huancayo,Peru,Sudamericana,63,59,62,59,62,51,64,-1
Hugo Alberto Pires Cunha,Hugo Cunha,GK++,FC Famalicão,Portugal,Liga Portugal,63,68,60,65,68,19,61,-1
Matthew Platt,Platt,CB++,Notts County,England,EFL League Two,63,57,28,44,53,61,76,-1
Denis-Will Poha,Poha,CM++,FC Sion,France,CSSL,63,65,52,60,64,63,65,-1
Liam Polworth,Polworth,CM++,Kilmarnock,Scotland,cinch Prem,63,63,59,66,65,57,62,-1
Paris Polykarpou,Polykarpou,CDM++,Apoel FC,Cyprus,Liga Cyprus,63,63,34,52,56,63,64,-1
Walter Ponce,Ponce,ST++,Unión La Calera,Chile,Sudamericana,63,66,61,45,64,27,62,-1
Alexandar Popović,Popović,CB++,GwangJu FC,Australia,K League 1,63,67,32,48,53,60,75,-1
Marcos Portillo,Portillo,CM++,Talleres,Argentina,Libertadores,63,72,58,59,66,56,53,-1
Bruno Poveda,Poveda,GK++,Wilstermann,Bolivia,Sudamericana,63,63,66,60,64,49,65,-1
Jack Powell,Powell,CM++,Crewe Alexandra,England,EFL League Two,63,62,60,63,64,54,65,-1
Cameron Humphreys,Humphreys,CDM++,Wycombe,England,EFL League One,63,64,56,64,65,57,63,-1
Rob Hunt,Hunt,RB++,Colchester,England,EFL League Two,63,73,35,56,63,57,61,-1
Elias Huth,Huth,ST++,Jahn Regensburg,Germany,Bundesliga 2,63,78,61,54,62,40,73,-1
Alex Iacovitti,Iacovitti,CB++,St. Mirren,Scotland,cinch Prem,63,68,35,50,51,61,77,-1
Lukas Ibertsberger,Ibertsberger,LB++,Blau-Weiss Linz,Austria,Ö. Bundesliga,63,70,47,61,60,59,56,-1
Buhari Ibrahim,Ibrahim,CB++,IF Elfsborg,Nigeria,Allsvenskan,63,72,31,52,50,61,72,-1
Uche Ikpeazu,Ikpeazu,ST++,St. Johnstone,Uganda,cinch Prem,63,55,62,50,59,27,80,-1
Mitja Ilenič,Ilenič,RB++,New York City FC,Slovenia,MLS,63,80,40,53,66,55,57,-1
Florin Ilie,Ilie,CB++,Politehnica Iași,Romania,SUPERLIGA,63,61,35,43,41,62,74,-1
Kristall Máni Ingason,Ingason,CAM++,Sønderjyske,Iceland,3F Superliga,63,74,57,62,66,45,46,-1
Alain Ipiélé,Ipiélé,LW++,FC Martigues,Congo,Ligue 2 BKT,63,73,58,57,65,23,52,-1
Zidane Iqbal,Iqbal,CM++,FC Utrecht,Iraq,Eredivisie,63,68,58,61,70,52,56,-1
Rubén Iranzo Lendínez,Rubén Iranzo,CB++,Valencia CF,Spain,LALIGA EA SPORTS,63,53,44,55,50,64,64,-1
Alexandru Ișfan,Ișfan,RM++,FC Gloria Buzău,Romania,SUPERLIGA,63,75,59,58,63,34,65,-1
Harry Isted,Isted,GK++,Burton Albion,England,EFL League One,63,63,63,63,63,35,62,-1
Mohammed Jahfali,Jahfali,CB++,Al Kholood,Saudi Arabia,ROSHN Saudi League,63,59,36,48,44,63,68,-1
Maudo Lamine Jarjué,Jarjué,CB++,Sandefjord,Gambia,Eliteserien,63,65,35,45,52,60,77,-1
Will Jarvis,Jarvis,LM++,Hull City,England,EFL Championship,63,74,61,58,64,26,52,-1
Dany Jean,Jean,LM++,Rodez AF,Haiti,Ligue 2 BKT,63,80,62,52,68,23,52,-1
Malcolm Jeng,Jeng,CB++,IK Sirius,Sweden,Allsvenskan,63,69,32,52,59,63,65,-1
Jekob Abiezer Jeno,Jeno,CDM++,Grenoble Foot 38,France,Ligue 2 BKT,63,56,39,56,57,63,65,-1
Dong Ho Jeong,Jeong Dong Ho,LB++,Suwon FC,Korea Republic,K League 1,63,70,37,56,60,58,64,-1
Herman Johansson,Johansson,RB++,Mjällby AIF,Sweden,Allsvenskan,63,71,54,58,63,58,72,-1
Ryan Johansson,Johansson,RM++,Wehen Wiesbaden,Republic of Ireland,3. Liga,63,62,46,61,62,53,58,-1
Kelvin John,John,RM++,AaB,Tanzania,3F Superliga,63,79,61,50,69,24,52,-1
Dan Jones,Jones,CB++,Port Vale,England,EFL League Two,63,64,27,53,56,61,72,-1
Thomas Jørgensen,Jørgensen,CM++,Viborg FF,Denmark,3F Superliga,63,65,57,56,61,52,58,-1
Miloš Jovičić,Jovičić,CB++,Grazer AK,Serbia,Ö. Bundesliga,63,58,37,41,40,62,72,-1
Fernando Juárez,Juárez,CM++,Platense,Argentina,LPF,63,59,44,63,62,58,63,-1
Sam Junqua,Junqua,LB++,FC Dallas,United States,MLS,63,57,40,51,59,65,67,-1
Elias Kachunga,Kachunga,CAM++,Cambridge Utd,Congo DR,EFL League One,63,72,62,60,65,46,64,-1
Dimitrije Kamenović,Kamenović,LB++,Yverdon Sport FC,Serbia,CSSL,63,72,35,54,56,59,61,-1
Patrick Kammerbauer,Kammerbauer,CM++,SC Verl,Germany,3. Liga,63,68,52,61,67,57,68,-1
Daniel Kanu,Kanu,ST++,Charlton Ath,Sierra Leone,EFL League One,63,75,62,52,63,31,65,-1
Augustus Kargbo,Kargbo,ST++,Cesena,Sierra Leone,Serie BKT,63,81,62,53,64,20,53,-1
Thomas Kastanaras,Kastanaras,ST++,VfB Stuttgart,Germany,Bundesliga,63,64,64,51,60,22,62,-1
Bálint Katona,Katona,CAM++,Ferencvárosi TC,Hungary,Magyar Liga,63,76,52,62,60,43,51,-1
Bryang Kayo,Kayo,CM++,VfL Osnabrück,United States,3. Liga,63,67,50,59,66,59,71,-1
Emilio Kehrer,Kehrer,ST++,Willem II,Germany,Eredivisie,63,72,63,47,67,25,55,-1
Johnny Kenny,Kenny,ST++,Shamrock Rovers,Republic of Ireland,SSE Airtricity PD,63,82,59,54,64,32,68,-1
Sebastian Kerk,Kerk,CAM++,Widzew Łódź,Germany,PKO BP Ekstraklasa,63,54,66,67,64,34,53,-1
Alan Kerouedan,Kerouedan,RW++,Grenoble Foot 38,France,Ligue 2 BKT,63,70,58,63,66,40,58,-1
Awadh Khamis,Khamis,LB++,Al Okhdood,Saudi Arabia,ROSHN Saudi League,63,61,50,58,64,59,67,-1
Saidou Khan,Khan,CDM++,Swindon Town,Gambia,EFL League Two,63,66,52,57,62,57,73,-1
Jong Woo Kim,Kim Jong Woo,CM++,Pohang Steelers,Korea Republic,K League 1,63,72,60,63,64,54,64,-1
Jun Yub Kim,Kim Jun Yub,RB++,Incheon United,Korea Republic,K League 1,63,71,52,57,63,58,67,-1
Seung Dae Kim,Kim Seung Dae,ST++,Daejeon Citizen,Korea Republic,K League 1,63,78,59,60,66,44,61,-1
Ju Kong Kim,Kim Ju Kong,CM++,Jeju United,Korea Republic,K League 1,63,74,61,61,65,48,65,-1
Tae Hwan Kim,Kim Tae Hwan,RB++,Jeju United,Korea Republic,K League 1,63,67,42,54,58,58,73,-1
Joel King,King,LB++,Sydney FC,Australia,A-League,63,69,33,54,58,56,71,-1
Ryan Kitto,Kitto,LB++,Adelaide United,Australia,A-League,63,78,55,58,62,54,74,-1
Jeppe Kjær,Kjær,CAM++,Fredrikstad FK,Denmark,Eliteserien,63,77,53,60,68,38,52,-1
Bartłomiej Kłudka,Kłudka,RB++,Zagłębie Lubin,Poland,PKO BP Ekstraklasa,63,80,50,51,57,57,65,-1
Marco Knaller,Knaller,GK++,Austria Klagenfurt,Austria,Ö. Bundesliga,63,61,64,51,62,42,63,-1
Tobias Knost,Knost,RB++,SC Verl,Kenya,3. Liga,63,73,31,49,57,58,66,-1
Kyle Knoyle,Knoyle,RB++,Stockport,England,EFL League One,63,82,46,54,62,56,69,-1
Olaf Kobacki,Kobacki,LM++,Sheffield Wed,Poland,EFL Championship,63,76,57,58,65,44,64,-1
Raphael Kofler,Kofler,CDM++,Südtirol,Italy,Serie BKT,63,56,48,56,57,61,74,-1
Ali Koiki,Koiki,LB++,Northampton,England,EFL League One,63,89,55,50,64,57,75,-1
Thomas Kok,Kok,CB++,Preußen Münster,Netherlands,Bundesliga 2,63,63,47,59,61,62,64,-1
Apostolos Konstantopoulos,Konstantopoulos,CB++,K. Beerschot VA,Greece,1A Pro League,63,60,26,53,59,61,67,-1
Filip Koperski,Koperski,RB++,Lechia Gdańsk,Poland,PKO BP Ekstraklasa,63,67,46,58,57,60,58,-1
Meriton Korenica,Korenica,RW++,CFR 1907 Cluj,Kosovo,SUPERLIGA,63,73,64,61,65,29,56,-1
Michalis Kosidis,Kosidis,ST++,Puszcza,Greece,PKO BP Ekstraklasa,63,71,64,47,60,23,68,-1
Tihomir Kostadinov,Kostadinov,CAM++,Piast Gliwice,North Macedonia,PKO BP Ekstraklasa,63,67,58,63,64,33,54,-1
Rachid Kouda,Kouda,CM++,Spezia,Italy,Serie BKT,63,83,39,58,66,53,70,-1
Johnny Koutroumbis,Koutroumbis,RB++,Motherwell,Australia,cinch Prem,63,73,31,52,57,60,74,-1
Ilias Koutsoupias,Koutsoupias,CM++,Catanzaro,Greece,Serie BKT,63,65,53,58,64,56,70,-1
Antoni Kozubal,Kozubal,CM++,Lech Poznań,Poland,PKO BP Ekstraklasa,63,68,54,57,63,53,73,-1
Anders Kristiansen,Kristiansen,GK++,IFK Göteborg,Norway,Allsvenskan,63,64,61,62,65,24,63,-1
Kamil Kruk,Kruk,CB++,Motor Lublin,Poland,PKO BP Ekstraklasa,63,58,43,41,44,63,72,-1
David Kruse,Kruse,CM++,IFK Göteborg,Denmark,Allsvenskan,63,58,59,64,61,56,58,-1
Sergiy Krykun,Krykun,LM++,Piast Gliwice,Ukraine,PKO BP Ekstraklasa,63,84,60,56,63,38,68,-1
Krzysztof Kubica,Kubica,CDM++,Motor Lublin,Poland,PKO BP Ekstraklasa,63,59,56,55,59,63,68,-1
William Kurtović,Kurtović,CM++,HamKam Fotball,Sweden,Eliteserien,63,48,57,63,62,59,80,-1
Giorgi Kvernadze,Kvernadze,LW++,Frosinone,Georgia,Serie BKT,63,74,58,59,67,29,50,-1
Youness Lachhab,Lachhab,CDM++,CD Eldense,Morocco,LALIGA HYPERMOTION,63,60,44,60,58,60,65,-1
Justin Lacombe,Lacombe,GK++,Toulouse FC,France,Ligue 1 Uber Eats,63,63,62,62,67,23,63,-1
Qasem Lajami,Lajami,CB++,Al Qadisiyah,Saudi Arabia,ROSHN Saudi League,63,68,26,43,47,64,70,-1
Michael Lallemand,Lallemand,ST++,FCV Dender EH,Belgium,1A Pro League,63,73,63,53,61,29,64,-1
Mathis Lambourde,Lambourde,RM++,Stade Rennais FC,France,Ligue 1 Uber Eats,63,78,60,55,65,21,54,-1
Ricki Lamie,Lamie,CB++,Ross County,Scotland,cinch Prem,63,42,30,48,56,62,73,-1
Jack Lankester,Lankester,CAM++,Crewe Alexandra,England,EFL League Two,63,75,59,60,64,43,58,-1
Gaëtan Laura,Laura,ST++,Samsunspor,France,Trendyol Süper Lig,63,84,60,51,64,24,74,-1
Sam Lavelle,Lavelle,CB++,Carlisle United,Scotland,EFL League Two,63,54,29,41,46,62,75,-1
Joshua Laws,Laws,CB++,Grasshopper Club,Australia,CSSL,63,59,34,53,52,62,70,-1
Ryan Leak,Leak,CB++,Ross County,Wales,cinch Prem,63,41,31,44,46,62,75,-1
Alan Ledesma,Ledesma,CB++,Sportivo Luqueño,Argentina,Sudamericana,63,61,40,40,49,65,62,-1
Sang Min Lee,Lee Sang Min,CDM++,Gimcheon Sangmu,Korea Republic,K League 1,63,59,47,58,59,59,66,-1
Chan Dong Lee,Lee Chan Dong,CM++,Daegu FC,Korea Republic,K League 1,63,56,58,60,60,65,79,-1
Eu Ddeum Lee,Lee Eu Ddeum,LB++,GwangJu FC,Korea Republic,K League 1,63,68,57,61,61,57,68,-1
You Hyeon Lee,Lee You Hyeon,RB++,Gangwon FC,Korea Republic,K League 1,63,71,38,58,62,58,69,-1
Sang Ki Lee,Lee Sang Ki,RB++,GwangJu FC,Korea Republic,K League 1,63,78,57,58,61,55,74,-1
Bum Soo Lee,Lee Bum Soo,GK++,Incheon United,Korea Republic,K League 1,63,64,61,58,63,61,61,-1
Jung Taek Lee,Lee Jung Taek,CB++,Daejeon Citizen,Korea Republic,K League 1,63,85,26,40,47,62,73,-1
Young Jun Lee,Lee Young Jun,ST++,Grasshopper Club,Korea Republic,CSSL,63,64,62,46,56,23,75,-1
Funso Ojo,Ojo,CM++,Shrewsbury,Belgium,EFL League One,63,58,57,61,63,60,68,-1
Kabongo Tshimanga,Tshimanga,ST++,Swindon Town,England,EFL League Two,63,79,60,48,65,26,72,-1
Chem Campbell,Campbell,CAM++,Reading,Wales,EFL League One,63,80,60,61,65,41,55,-1
Joe White,White,CM++,MK Dons,England,EFL League Two,63,65,57,65,63,55,58,-1
Lamar Yarbrough,Yarbrough,CB++,Aleman. Aachen,Germany,3. Liga,63,62,38,43,50,60,77,-1
Jasper Moon,Moon,CB++,Harrogate Town,England,EFL League Two,63,60,26,41,41,64,66,-1
Harrison Ashby,Ashby,RB++,QPR,Scotland,EFL Championship,63,75,44,53,59,56,62,-1
Silvan Wallner,Wallner,CB++,Blau-Weiss Linz,Switzerland,Ö. Bundesliga,63,70,38,53,52,63,65,-1
Loris Mouyokolo,Mouyokolo,CB++,Grenoble Foot 38,France,Ligue 2 BKT,63,57,34,39,46,61,75,-1
Sergiy Krykun,Krykun,LM++,Stal Mielec,Ukraine,PKO BP Ekstraklasa,63,84,60,56,63,38,68,-1
Kandet Diawara,Diawara,RM++,Pau FC,France,Ligue 2 BKT,63,78,61,52,66,24,50,-1
Odel Offiah,Offiah,CB++,Blackpool,England,EFL League One,63,62,33,50,59,64,62,-1
Aaron Donnelly,Donnelly,CB++,Colchester,Northern Ireland,EFL League Two,63,65,40,53,61,64,62,-1
Lucas Chávez,Chávez,RW++,Al Taawoun,Bolivia,ROSHN Saudi League,63,81,61,56,63,39,59,-1
Dale Taylor,Taylor,ST++,Wigan Athletic,Northern Ireland,EFL League One,63,73,63,49,64,32,59,-1
Jekob Abiezer Jeno,Jeno,CDM++,Grenoble Foot 38,New Caledonia,Ligue 2 BKT,63,56,39,56,57,63,65,-1
Jair Veiga Vieira Tavares,Jair Tavares,LM++,Motherwell,Portugal,cinch Prem,63,90,56,55,63,25,43,-1
Saxon Earley,Earley,LB++,Lincoln City,England,EFL League One,63,77,34,57,64,56,56,-1
Saidou Khan,Khan,CDM++,Tranmere Rovers,Gambia,EFL League Two,63,66,52,57,62,57,73,-1
Ben Nelson,Nelson,CB++,Oxford United,England,EFL Championship,63,67,33,45,53,62,70,-1
Yoni Gomis,Gomis,CB++,Strasbourg,France,Ligue 1 Uber Eats,63,58,26,43,52,64,63,-1
Marvelous Antolín Garzón,Marvel,CB++,Córdoba CF,Spain,LALIGA HYPERMOTION,63,68,32,46,52,60,68,-1
Mathis Lambourde,Lambourde,RM++,Hellas Verona,France,Serie A TIM,63,78,60,55,65,21,54,-1
Alexandar Popovic,Popovic,CB++,Sydney FC,Australia,A-League,63,67,32,48,53,60,75,-1
Simeon Petrov,Petrov,CB++,Śląsk Wrocław,Bulgaria,PKO BP Ekstraklasa,63,53,26,40,56,63,63,-1
Esmir Bajraktarevic,Bajraktarevic,CAM++,New England,Bosnia and Herzegovina,MLS,63,73,52,56,69,34,56,-1
Liam Burt,Burt,LM++,Shamrock Rovers,Scotland,SSE Airtricity PD,63,75,56,59,65,36,50,-1
Darragh Burns,Burns,RW++,MK Dons,Republic of Ireland,EFL League Two,63,75,59,58,67,42,51,-1
Johnny Kenny,Kenny,ST++,Celtic,Republic of Ireland,cinch Prem,63,82,59,54,64,32,68,-1
Savona,Savona,RB++,Juventus,Italy,Serie A TIM,63,64,36,47,57,61,62,-1
Dylan Escobar,Escobar,RB++,Uni. Católica,Chile,Sudamericana,63,77,28,51,52,57,65,-1
Will Jarvis,Jarvis,LM++,Notts County,England,EFL League Two,63,74,61,58,64,26,52,-1
Anders Kristiansen,Kristiansen,GK++,Sarpsborg 08,Norway,Eliteserien,63,64,61,62,65,24,63,-1
Bryn Morris,Morris,CDM++,Harrogate Town,England,EFL League Two,63,67,59,57,60,59,70,-1
Franco Vega,Vega,CM++,Vélez Sarsfield,Argentina,LPF,63,66,47,63,64,50,57,-1
Jon Magunazelaia,Magunazelaia,CAM++,Córdoba CF,Spain,LALIGA HYPERMOTION,63,75,64,60,66,46,55,-1
Andri Fannar Baldursson,Baldursson,CDM++,Bologna,Iceland,Serie A TIM,63,52,49,60,63,60,65,-1
Connor O'Riordan,O'Riordan,CB++,Blackburn Rovers,Republic of Ireland,EFL Championship,63,55,32,47,49,63,74,-1
Kyo Won Han,Han Kyo Won,RM++,Jeonbuk Hyundai,Korea Republic,K League 1,63,74,61,58,65,47,64,-1
Vicente Reyes,Reyes,GK++,Norwich,Chile,EFL Championship,63,64,61,62,64,38,63,-1
Rongze Han,Han Rongze,GK++,Shandong Taishan,China PR,CSL,63,62,61,64,63,41,63,-1
Sam Junqua,Junqua,LB++,Real Salt Lake,United States,MLS,63,57,40,51,59,65,67,-1
Guan He,He Guan,CB++,Shanghai Port,China PR,CSL,63,71,31,52,53,61,70,-1
Justin Butler,Butler,LM++,SV Sandhausen,United States,3. Liga,63,85,58,51,64,23,68,-1
Owen Dodgson,Dodgson,LB++,Burton Albion,England,EFL League One,63,68,46,61,59,59,65,-1
Esmir Bajraktarevic,Bajraktarevic,CAM++,PSV,Bosnia and Herzegovina,Eredivisie,63,73,52,56,69,34,56,-1
Laurin Ulrich,Ulrich,CM++,VfB Stuttgart,Germany,Bundesliga,63,69,59,62,69,49,61,-1
Elias Manoel,Elias Manoel,ST++,Real Salt Lake,Brazil,MLS,63,88,57,46,68,19,70,-1
Jeppe Kjær,Kjær,CAM++,FK Bodø/Glimt,Denmark,Eliteserien,63,77,53,60,68,38,52,-1
Samuel Adeniran,Adeniran,ST++,LASK,United States,Ö. Bundesliga,63,57,65,43,48,25,73,-1
Jaheim Headley,Headley,LB++,Port Vale,England,EFL League Two,63,86,54,54,67,55,65,-1
Aaron Donnelly,Donnelly,CB++,Dundee FC,Northern Ireland,cinch Prem,63,65,40,53,61,64,62,-1
Liuyu Duan,Duan Liuyu,CAM++,Shandong Taishan,China PR,CSL,63,78,54,63,63,40,63,-1
Tim Drexler,Drexler,CB++,1. FC Nürnberg,Germany,Bundesliga 2,63,74,31,42,43,65,62,-1
Luke Armstrong,Armstrong,ST++,Motherwell,England,cinch Prem,63,68,62,46,60,25,82,-1
Ilias Koutsoupias,Koutsoupias,CM++,Frosinone,Greece,Serie BKT,63,65,53,58,64,56,70,-1
Grant-Leon Ranos,Ranos,ST++,Kaiserslautern,Armenia,Bundesliga 2,63,62,65,53,65,27,56,-1
Ahmed Ba Masoud,Ba Masoud,LB++,Ettifaq FC,Saudi Arabia,ROSHN Saudi League,63,77,49,57,60,55,65,-1
Rafael Tavares Gomes Fernandes,Rafael Fernandes,CB++,Rangers,Portugal,cinch Prem,63,50,37,49,47,63,64,-1
Connor O'Riordan,O'Riordan,CB++,Crewe Alexandra,Republic of Ireland,EFL League Two,63,55,32,47,49,63,74,-1
Zac Ashworth,Ashworth,LB++,Ross County,Wales,cinch Prem,63,68,52,56,60,59,65,-1
Niklas Pyyhtiä,Pyyhtiä,CM++,Südtirol,Finland,Serie BKT,63,44,57,65,65,52,59,-1
Tyreece Simpson,Simpson,ST++,Colchester,England,EFL League Two,63,84,60,52,60,44,78,-1
Jabes Saralegui,Saralegui,CM++,Tigre,Argentina,LPF,63,69,55,60,66,56,62,-1
Brad Hills,Hills,CB++,Stockport,England,EFL League One,63,65,39,41,50,62,74,-1
Ben Stevenson,Stevenson,CM++,Cambridge Utd,England,EFL League One,63,65,60,63,64,59,66,-1
Brandon Hanlan,Hanlan,ST++,Stevenage,England,EFL League One,63,84,60,52,64,35,71,-1
Alex Gilbert,Gilbert,LM++,Charlton Ath,Republic of Ireland,EFL League One,63,66,61,58,64,27,57,-1
Ryan Alebiosu,Alebiosu,RB++,St. Mirren,England,cinch Prem,63,67,41,57,62,58,69,-1
Alfie Chang,Chang,CDM++,Walsall,England,EFL League Two,63,64,48,58,62,60,62,-1
Jayden Danns,Danns,ST++,Sunderland,England,EFL Championship,63,69,62,51,62,27,61,-1
Joshua Quarshie,Quarshie,CB++,Fürth,Germany,Bundesliga 2,63,55,33,45,45,63,72,-1
Fábio André Tavares Desidério,Fábio Tavares,ST++,Burton Albion,Portugal,EFL League One,63,84,64,58,67,30,56,-1
Stephen Wearne,Wearne,CAM++,Carlisle United,England,EFL League Two,63,76,58,60,64,47,63,-1
Senwen Luo,Luo Senwen,CM++,Qingdao Hainiu,China PR,CSL,63,65,61,60,62,58,71,-1
Earl Edwards Jr.,Edwards Jr.,GK++,SJ Earthquakes,United States,MLS,63,63,62,63,63,42,65,-1
Brian Schwake,Schwake,GK++,Nashville SC,United States,MLS,63,66,60,58,63,20,60,-1
Andrei Gorcea,Gorcea,GK++,UTA Arad,Romania,SUPERLIGA,63,63,63,64,68,28,60,-1
John Patrick Finn Benoa,John Patrick,CAM++,Stade de Reims,Republic of Ireland,Ligue 1 Uber Eats,63,72,61,52,64,21,56,-1
Dorian Babunski,Babunski,ST++,Sepsi OSK,North Macedonia,SUPERLIGA,63,50,67,45,55,21,64,-1
Filippo Melegoni,Melegoni,CAM++,Carrarese Calcio,Italy,Serie BKT,63,43,54,67,64,57,60,-1
Malcolm Jeng,Jeng,CB++,Stade de Reims,Sweden,Ligue 1 Uber Eats,63,69,32,52,59,63,65,-1
Kaimu Zheng,Zheng Kaimu,CB++,Wuhan 3 Towns,China PR,CSL,63,65,51,52,54,60,77,-1
Ahmed Bani,Bani,CAM++,SC Oțelul Galați,Romania,SUPERLIGA,63,75,58,60,66,27,47,-1
Brian Anunga,Anunga,CDM++,FC Cincinnati,Cameroon,MLS,63,59,40,58,56,58,70,-1
Rongze Han,Han Rongze,GK++,Qingdao Hainiu,China PR,CSL,63,62,61,64,63,41,63,-1
Marian Danciu,Danciu,RM++,UTA Arad,Romania,SUPERLIGA,63,74,44,56,66,29,47,-1
Jack Burroughs,Burroughs,RB++,Coventry City,Scotland,EFL Championship,63,72,52,56,62,60,71,-1
Darragh Burns,Burns,RW++,Grimsby Town,Republic of Ireland,EFL League Two,63,75,59,58,67,42,51,-1
Dominic Thompson,Thompson,LB++,Motherwell,England,cinch Prem,63,74,39,54,58,57,66,-1
Lisandro Montenegro,Montenegro,CM++,Newell's,Argentina,LPF,63,67,56,62,63,54,67,-1
Alexander Abrahamsson,Abrahamsson,CB++,Zagłębie Lubin,Sweden,PKO BP Ekstraklasa,63,66,25,47,57,62,65,-1
Jon Mellish,Mellish,CB++,Wigan Athletic,England,EFL League One,63,71,58,58,57,61,77,-1
Dino Beširovic,Beširovic,CAM++,AIK,Bosnia and Herzegovina,Allsvenskan,63,64,57,61,64,48,63,-1
Adam Daghim,Daghim,ST++,RB Salzburg,Denmark,Ö. Bundesliga,62,81,58,53,67,50,65,-1
Bobby Clark,Clark,CM++,RB Salzburg,England,Ö. Bundesliga,62,68,54,62,69,50,56,-1
Preston Judd,Judd,ST++,SJ Earthquakes,United States,MLS,62,66,63,41,54,20,68,-1
Dong Yoon Jung,Jung Dong Yoon,RB++,Incheon United,Korea Republic,K League 1,62,69,41,56,56,55,65,-1
Marc Jurado Gómez,Marc Jurado,RB++,RCD Espanyol,Spain,LALIGA EA SPORTS,62,74,49,62,65,57,55,-1
Matthew Jurman,Jurman,CB++,Macarthur FC,Australia,A-League,62,33,35,46,42,60,78,-1
Miłosz Kałahur,Kałahur,LB++,Lechia Gdańsk,Poland,PKO BP Ekstraklasa,62,75,31,53,63,58,55,-1
Abdoulaye Kamara,Kamara,CM++,Portsmouth,Guinea,EFL Championship,62,67,43,60,67,58,65,-1
Florian Kamberi,Kamberi,ST++,Politehnica Iași,Albania,SUPERLIGA,62,66,62,56,60,36,67,-1
Georgios Kanellopoulos,Kanellopoulos,CM++,HJK Helsinki,Greece,Finnliiga,62,69,55,60,66,46,57,-1
Yoon Gu Kang,Kang Yoon Gu,RM++,Ulsan Hyundai,Korea Republic,K League 1,62,68,49,60,63,35,59,-1
Sang Yoon Kang,Kang Sang Yoon,CM++,Suwon FC,Korea Republic,K League 1,62,72,51,58,65,53,57,-1
Julian Kania,Kania,ST++,Arminia Bielefeld,Germany,3. Liga,62,65,63,47,58,25,61,-1
Markus Seehusen Karlsbakk,Karlsbakk,LM++,Lillestrøm SK,Norway,Eliteserien,62,72,59,57,66,51,59,-1
Daniel Karlsbakk,Karlsbakk,ST++,sc Heerenveen,Norway,Eredivisie,62,78,57,50,62,27,67,-1
Lirim Kastrati,Kastrati,RB++,Widzew Łódź,Kosovo,PKO BP Ekstraklasa,62,66,40,52,55,59,63,-1
Dennis Kaygin,Kaygin,CAM++,SK Rapid Wien,Germany,Ö. Bundesliga,62,71,62,63,63,41,57,-1
Joshua Kayode,Kayode,ST++,Shrewsbury,Republic of Ireland,EFL League One,62,73,60,52,60,23,66,-1
Ciarán Kelly,Kelly,CB++,Bradford City,Republic of Ireland,EFL League Two,62,55,34,46,48,60,75,-1
Georgie Kelly,Kelly,ST++,Carlisle United,Republic of Ireland,EFL League Two,62,60,62,48,55,22,72,-1
Jeremy Kelly,Kelly,LM++,Crawley Town,United States,EFL League One,62,75,45,55,63,56,65,-1
Omari Kellyman,Kellyman,CAM++,Chelsea,England,Premier League,62,64,59,60,65,43,57,-1
Kristoffer Khazeni,Khazeni,CM++,IFK Norrköping,Sweden,Allsvenskan,62,79,58,63,67,45,66,-1
Daniil Khudyakov,Khudyakov,GK++,SK Sturm Graz,Russia,Ö. Bundesliga,62,60,59,65,66,40,61,-1
Han Gil Kim,Kim Han Gil,RM++,GwangJu FC,Korea Republic,K League 1,62,79,54,50,64,38,66,-1
Ji Soo Kim,Kim Ji Soo,CB++,Brentford,Korea Republic,Premier League,62,51,24,43,34,62,69,-1
Min Jun Kim,Kim Min Jun,RW++,Ulsan Hyundai,Korea Republic,K League 1,62,79,57,58,63,29,68,-1
Jun Ho Kim,Kim Jun Ho,CDM++,Gimcheon Sangmu,Korea Republic,K League 1,62,63,46,57,56,58,58,-1
Jung Min Kim,Kim Jung Min,CM++,Jeju United,Korea Republic,K League 1,62,56,54,62,60,55,63,-1
Kang San Kim,Kim Kang San,CB++,Gimcheon Sangmu,Korea Republic,K League 1,62,67,34,38,47,63,71,-1
Chan Kim,Kim Chan,ST++,Gimcheon Sangmu,Korea Republic,K League 1,62,75,61,37,57,18,70,-1
Liam Kinsella,Kinsella,CM++,Cheltenham Town,Republic of Ireland,EFL League Two,62,66,52,57,63,58,72,-1
Lukas Klemenz,Klemenz,CB++,GKS Katowice,Poland,PKO BP Ekstraklasa,62,57,25,38,36,60,75,-1
Niklas Klinger,Klinger,GK++,VfL Wolfsburg,Germany,Bundesliga,62,59,60,63,64,33,60,-1
Myeong Seok Ko,Ko Myeong Seok,CB++,Daegu FC,Korea Republic,K League 1,62,71,32,47,46,59,75,-1
Arif Kocaman,Kocaman,CB++,Kayserispor,Türkiye,Trendyol Süper Lig,62,57,36,42,55,63,63,-1
Lennart Koerdt,Koerdt,CAM++,VfL Bochum,Germany,Bundesliga,62,58,52,65,65,48,49,-1
Ali Yavuz Kol,Kol,ST++,Adana Demirspor,Türkiye,Trendyol Süper Lig,62,75,61,56,64,22,61,-1
Niklas Kolbe,Kolbe,CB++,SSV Ulm 1846,Germany,Bundesliga 2,62,61,25,38,38,63,69,-1
Kevin Komar,Komar,GK++,Puszcza,Poland,PKO BP Ekstraklasa,62,66,58,59,62,28,64,-1
Josue Kongolo,Kongolo,CB++,KRC Genk,Belgium,1A Pro League,62,68,29,46,44,61,65,-1
Timo Königsmann,Königsmann,GK++,SV Sandhausen,Germany,3. Liga,62,65,58,46,68,48,62,-1
Iker Kortajarena,Kortajarena,CM++,SD Huesca,Spain,LALIGA HYPERMOTION,62,61,59,65,64,45,60,-1
Pritam Kotal,Kotal,CB++,Kerala Blasters,India,Hero ISL,62,67,40,47,52,61,78,-1
Kylian Kouassi,Kouassi,ST++,Blackpool,England,EFL League One,62,75,60,48,62,34,68,-1
Billy Koumetio,Koumetio,CB++,Dundee FC,France,cinch Prem,62,58,32,43,45,60,71,-1
Mustafa Kourouma,Kourouma,CB++,Rot-Weiss Essen,Germany,3. Liga,62,75,32,44,47,63,61,-1
Elijah Krahn,Krahn,CDM++,Saarbrücken,Germany,3. Liga,62,57,39,57,63,59,59,-1
Jan Kronig,Kronig,CB++,FC Sion,Switzerland,CSSL,62,67,30,42,50,61,69,-1
Oscar Krusnell,Krusnell,LB++,FK Haugesund,Sweden,Eliteserien,62,78,39,56,59,56,60,-1
Noah Kruth,Kruth,GK++,1. FC Magdeburg,Germany,Bundesliga 2,62,65,64,64,63,27,63,-1
Max Kucheriavyi,Kucheriavyi,CM++,St. Johnstone,Ukraine,cinch Prem,62,72,57,61,66,57,48,-1
Dawid Kudła,Kudła,GK++,GKS Katowice,Poland,PKO BP Ekstraklasa,62,62,56,67,64,45,63,-1
Roy Kuijpers,Kuijpers,RM++,NAC Breda,Netherlands,Eredivisie,62,75,59,57,64,32,49,-1
Willy Kumado,Kumado,RB++,Lyngby BK,Ghana,3F Superliga,62,82,41,53,64,53,55,-1
Filip Kusić,Kusić,CB++,Energie Cottbus,Serbia,3. Liga,62,71,33,45,51,61,67,-1
Märten Kuusk,Kuusk,CB++,GKS Katowice,Estonia,PKO BP Ekstraklasa,62,62,26,44,37,62,69,-1
Simen Kvia-Egeskog,Kvia-Egeskog,CM++,Viking FK,Norway,Eliteserien,62,72,59,59,66,56,67,-1
Amine Lachkar,Lachkar,CDM++,Willem II,Netherlands,Eredivisie,62,60,51,61,59,58,60,-1
Michael Lang,Lang,RB++,Grazer AK,Austria,Ö. Bundesliga,62,59,54,62,60,59,62,-1
Ziyad Larkeche,Larkeche,LB++,Dundee FC,France,cinch Prem,62,79,42,55,63,57,55,-1
Tobias Lauritsen,Lauritsen,CM++,Vejle Boldklub,Denmark,3F Superliga,62,72,57,61,66,56,62,-1
Lucas Lavagnino,Lavagnino,GK++,River Plate,Argentina,Libertadores,62,61,59,58,67,48,59,-1
Henry Lawrence,Lawrence,RB++,Standard Liège,England,1A Pro League,62,75,44,53,60,57,61,-1
Jun Lee,Lee Jun,GK++,GwangJu FC,Korea Republic,K League 1,62,65,57,63,66,26,61,-1
Seung Mo Lee,Lee Seung Mo,CDM++,FC Seoul,Korea Republic,K League 1,62,70,57,56,63,56,76,-1
Adam Legzdins,Legzdins,GK++,Dundee FC,England,cinch Prem,62,60,59,62,62,33,61,-1
Jamie Lennon,Lennon,CDM++,St. Pats,Republic of Ireland,SSE Airtricity PD,62,51,52,59,59,58,72,-1
Joe Lewis,Lewis,CB++,AFC Wimbledon,Wales,EFL League Two,62,61,39,43,51,60,76,-1
Harry Lewis,Lewis,GK++,Carlisle United,England,EFL League Two,62,60,60,65,63,56,62,-1
Aaron Lewis,Lewis,CM++,Mansfield Town,Wales,EFL League One,62,65,55,61,64,59,69,-1
Chengjian Liao,Liao Chengjian,RB++,Changchun Yatai,China PR,CSL,62,68,36,49,52,58,69,-1
Lorenzo Libutti,Libutti,RB++,Reggiana,Italy,Serie BKT,62,59,32,53,54,61,58,-1
Christian Lichtenberger,Lichtenberger,CAM++,Grazer AK,Austria,Ö. Bundesliga,62,58,57,62,61,35,48,-1
Yann Lienard,Lienard,GK++,AS Monaco,France,Ligue 1 Uber Eats,62,60,61,60,62,23,63,-1
Marcus Lindberg,Lindberg,ST++,IK Sirius,Denmark,Allsvenskan,62,66,62,44,60,20,57,-1
Harvey Lintott,Lintott,RB++,Northampton,England,EFL League One,62,79,40,47,57,57,75,-1
Raphaël Lipinski,Lipinski,LB++,Rodez AF,France,Ligue 2 BKT,62,66,43,53,59,57,59,-1
Sondre Liseth,Liseth,CAM++,FK Haugesund,Norway,Eliteserien,62,62,57,58,63,30,65,-1
Yiming Liu,Liu Yiming,CB++,Wuhan 3 Towns,China PR,CSL,62,65,30,46,46,59,76,-1
Tao Liu,Liu Tao,CB++,Rongcheng FC,China PR,CSL,62,33,38,47,45,64,62,-1
Marc Llinares Barragán,Marc Llinares,LB++,Hammarby IF,Spain,Allsvenskan,62,71,42,55,61,58,62,-1
Franco Lobos,Lobos,LW++,Cobresal,Chile,Libertadores,62,70,56,58,64,19,64,-1
Chris Long,Long,LM++,Crewe Alexandra,England,EFL League Two,62,76,63,52,62,31,65,-1
Lucas Fabrizio Lopez,Lopez,RM++,Barracas Central,Argentina,LPF,62,68,50,59,61,59,56,-1
Enzo López,López,GK++,Wanderers,Uruguay,Sudamericana,62,57,61,67,67,27,63,-1
Yordi López,López,CM++,Liverpool,Uruguay,Libertadores,62,59,51,59,63,53,51,-1
Noel López de la Fuente,Noel,ST++,Real Madrid,Spain,LALIGA EA SPORTS,62,65,62,55,63,28,46,-1
Nathan Lowe,Lowe,ST++,Walsall,England,EFL League Two,62,56,62,44,56,29,65,-1
Esteban Lozano,Lozano,ST++,R. Sporting,Mexico,LALIGA HYPERMOTION,62,57,63,46,58,32,70,-1
Wenjun Lü,Lü Wenjun,LB++,Shanghai Port,China PR,CSL,62,72,60,59,62,56,71,-1
Beryly Lubala,Lubala,ST++,Wycombe,Congo DR,EFL League One,62,82,65,58,64,35,60,-1
Lorenzo Lucchesi,Lucchesi,CB++,Venezia,Italy,Serie A TIM,62,57,30,45,50,62,67,-1
Anton Logi Ludviksson,Ludviksson,CDM++,FK Haugesund,Iceland,Eliteserien,62,60,44,57,58,60,64,-1
Andreas Ludwig,Ludwig,CM++,SSV Ulm 1846,Germany,Bundesliga 2,62,68,60,62,65,56,66,-1
Yannik Lührs,Lührs,CB++,B. Dortmund II,Germany,3. Liga,62,64,26,42,45,62,70,-1
Taylor Luvambo,Luvambo,RB++,En Avant Guingamp,France,Ligue 2 BKT,62,84,53,57,66,58,64,-1
Calum MacDonald,MacDonald,LB++,Mansfield Town,Scotland,EFL League One,62,73,52,57,57,58,70,-1
Kelvin Abrefa,Abrefa,RB++,Reading,Ghana,EFL League One,62,76,33,48,59,58,61,-1
Cristian Acerete Pañeda,Acerete,ST++,R. Sporting,Spain,LALIGA HYPERMOTION,62,62,66,45,60,24,50,-1
Emile Acquah,Acquah,ST++,Barrow,England,EFL League Two,62,69,59,41,58,25,75,-1
Dennis Adeniran,Adeniran,CM++,St. Mirren,England,cinch Prem,62,70,57,58,62,62,71,-1
Lukas Ahrend,Ahrend,CDM++,SSV Ulm 1846,Germany,Bundesliga 2,62,63,40,55,63,61,59,-1
Rassambek Akhmatov,Akhmatov,CDM++,FC Gloria Buzău,Russia,SUPERLIGA,62,65,43,55,61,59,66,-1
Akinsola Akinyemi,Akinyemi,CB++,KFUM-Kameratene,Norway,Eliteserien,62,64,46,50,55,59,71,-1
Saleh Al Abbas,Al Abbas,ST++,Al Okhdood,Saudi Arabia,ROSHN Saudi League,62,77,60,44,62,18,59,-1
Ali Al Asmari,Al Asmari,CDM++,Al Ahli,Saudi Arabia,ROSHN Saudi League,62,66,56,59,64,57,65,-1
Khaled Al Blooshi,Al Blooshi,CAM++,Al Ain FC,United Arab Emirates,United Emirates League,62,67,50,60,66,44,49,-1
Abdullah Al Fahad,Al Fahad,CB++,Al Khaleej,Saudi Arabia,ROSHN Saudi League,62,73,46,51,55,61,71,-1
Khalid Al Ghannam,Al Ghannam,LM++,Ettifaq FC,Saudi Arabia,ROSHN Saudi League,62,71,53,53,72,29,44,-1
Saeed Al Hamsal,Al Hamsal,RB++,Al Khaleej,Saudi Arabia,ROSHN Saudi League,62,83,36,48,54,55,67,-1
Bassam Al Hurayji,Al Hurayji,RB++,Al Ahli,Saudi Arabia,ROSHN Saudi League,62,67,37,57,60,58,66,-1
Hamad Al Jayzani,Al Jayzani,RB++,Al Raed,Saudi Arabia,ROSHN Saudi League,62,75,40,52,54,53,69,-1
Fahad Al Jumayah,Al Jumayah,RB++,Al Taawoun,Saudi Arabia,ROSHN Saudi League,62,74,54,59,62,54,56,-1
Abdulelah Al Khaibari,Al Khaibari,LB++,Al Riyadh,Saudi Arabia,ROSHN Saudi League,62,73,42,56,55,58,55,-1
Hamad Al Mansour,Al Mansour,LB++,Al Nassr,Saudi Arabia,ROSHN Saudi League,62,69,56,60,61,58,67,-1
Saad Al Mousa,Al Mousa,CB++,Al Ittihad,Saudi Arabia,ROSHN Saudi League,62,63,25,51,54,61,69,-1
Fawaz Al Qarni,Al Qarni,GK++,Al Shabab,Saudi Arabia,ROSHN Saudi League,62,65,59,60,63,44,62,-1
Fahad Al Rashidi,Al Rashidi,RM++,Al Ahli,Saudi Arabia,ROSHN Saudi League,62,87,58,52,66,39,59,-1
Mohammed Al Rubaie,Al Rubaie,GK++,Al Hilal,Saudi Arabia,ROSHN Saudi League,62,67,55,60,63,37,63,-1
Rafea Al Ruwaili,Al Ruwaili,GK++,Al Orobah,Saudi Arabia,ROSHN Saudi League,62,63,59,56,62,45,64,-1
Ziyad Al Sahafi,Al Sahafi,CB++,Al Riyadh,Saudi Arabia,ROSHN Saudi League,62,44,56,52,51,59,72,-1
Hussain Al Shuwaysh,Al Shuwaysh,CB++,Al Orobah,Saudi Arabia,ROSHN Saudi League,62,33,24,45,51,60,78,-1
Yazan Al-Arab,Al-Arab,CB++,FC Seoul,Jordan,K League 1,62,58,29,37,42,62,71,-1
Néstor Albiach Roger,Néstor Albiach,ST++,NorthEast United,Spain,Hero ISL,62,63,63,60,66,25,65,-1
Paolo Alcocer,Alcocer,CDM++,Universitario,Bolivia,Sudamericana,62,65,51,55,63,61,63,-1
Hussein Ali,Ali,RB++,sc Heerenveen,Iraq,Eredivisie,62,73,34,49,59,58,61,-1
Millenic Alli,Alli,ST++,Exeter City,Republic of Ireland,EFL League One,62,83,61,46,62,20,63,-1
Matías Almeida,Almeida,ST++,Olimpia,Paraguay,Sudamericana,62,69,63,57,63,22,50,-1
Iker Almena Horcajo,Iker Almena,RM++,Girona FC,Spain,LALIGA EA SPORTS,62,73,54,56,63,25,46,-1
Wildo Alonso,Alonso,LB++,S. Trinidense,Paraguay,Sudamericana,62,59,37,53,51,59,59,-1
Vitor Alves Meer,Vitor Meer,LB++,Apoel FC,Brazil,Liga Cyprus,62,72,33,59,64,54,58,-1
Lucas Ambrogio,Ambrogio,LM++,Atlético Tucumán,Argentina,LPF,62,66,63,58,66,32,53,-1
Simon Amin,Amin,CM++,Sandefjord,Syria,Eliteserien,62,67,44,60,64,54,64,-1
Mohamed Amsif,Amsif,GK++,Wehen Wiesbaden,Morocco,3. Liga,62,63,60,60,61,36,61,-1
Jacob Andersen,Andersen,RB++,AGF,Denmark,3F Superliga,62,78,34,54,54,58,64,-1
Tom Anderson,Anderson,CB++,Doncaster,England,EFL League Two,62,34,33,41,38,61,76,-1
Max Anderson,Anderson,CM++,Crawley Town,Scotland,EFL League One,62,77,57,60,64,54,69,-1
Prince Aning,Aning,LB++,B. Dortmund II,Netherlands,3. Liga,62,83,37,54,70,51,53,-1
Tobias Anker,Anker,CB++,AGF,Denmark,3F Superliga,62,71,35,50,56,60,73,-1
Eugene Ansah,Ansah,ST++,FC Dallas,Ghana,MLS,62,79,58,55,67,40,57,-1
Niclas Anspach,Anspach,CAM++,Jahn Regensburg,Germany,Bundesliga 2,62,70,51,60,63,31,62,-1
Stredair Appuah,Appuah,LM++,Palermo,France,Serie BKT,62,67,60,56,68,27,41,-1
Ylies Aradj,Aradj,LB++,Toulouse FC,France,Ligue 1 Uber Eats,62,62,33,55,59,58,57,-1
Jakub Arak,Arak,ST++,GKS Katowice,Poland,PKO BP Ekstraklasa,62,73,56,58,59,37,69,-1
Alex Arancibia,Arancibia,GK++,Real Tomayapo,Bolivia,Sudamericana,62,62,61,62,61,26,64,-1
Guilherme Araújo Soares,Guilherme Soares,CB++,Politehnica Iași,Portugal,SUPERLIGA,62,53,29,42,44,63,62,-1
Alessandro Arena,Arena,RM++,Pisa,Italy,Serie BKT,62,79,55,56,62,35,51,-1
Juan Arias,Arias,CB++,Atl. Nacional,Colombia,Liga Colombia,62,57,26,40,43,62,64,-1
Juan David Arizala,Arizala,RM++,Indep. Medellín,Colombia,Sudamericana,62,82,52,49,64,25,50,-1
Fynn Arkenberg,Arkenberg,RB++,Hannover 96 II,Germany,3. Liga,62,58,35,50,53,63,67,-1
Jaurès Assoumou,Assoumou,ST++,ESTAC Troyes,Côte d'Ivoire,Ligue 2 BKT,62,68,64,49,65,21,45,-1
Ander Astralaga Aranguren,Astralaga,GK++,FC Barcelona,Spain,LALIGA EA SPORTS,62,58,61,63,61,24,64,-1
Philip Aukland,Aukland,CB++,Fredrikstad FK,Norway,Eliteserien,62,56,26,43,55,63,63,-1
Jérémy Aymes,Aymes,GK++,FC Martigues,France,Ligue 2 BKT,62,60,62,61,62,47,62,-1
Alejandro Azócar,Azócar,LM++,Coquimbo Unido,Chile,Sudamericana,62,72,59,58,61,22,59,-1
Sanoussy Ba,Ba,RB++,Braunschweig,Germany,Bundesliga 2,62,74,34,55,65,56,55,-1
Kwadwo Baah,Baah,RW++,Watford,Germany,EFL Championship,62,81,57,53,65,31,56,-1
Boris Babić,Babić,ST++,FC Lugano,Switzerland,CSSL,62,81,59,50,64,27,66,-1
Fin Back,Back,RB++,Nott'm Forest,England,Premier League,62,67,34,54,59,58,63,-1
Algassime Bah,Bah,ST++,Apoel FC,Guinea,Liga Cyprus,62,86,56,53,63,27,66,-1
António Félix Vladmiro Etson,Felix Vá,RW++,Lillestrøm SK,Angola,Eliteserien,62,89,57,55,62,22,58,-1
Romeo Vucic,Vucic,ST++,Grazer AK,Austria,Ö. Bundesliga,62,64,62,48,61,19,63,-1
Jacob Wakeling,Wakeling,ST++,Gillingham,England,EFL League Two,62,80,60,50,63,21,61,-1
Tim Walbrecht,Walbrecht,CB++,Hannover 96 II,Germany,3. Liga,62,55,35,50,55,62,64,-1
Lukas Wallner,Wallner,CB++,Hannover 96 II,Austria,3. Liga,62,68,29,46,50,61,66,-1
Guoming Wang,Wang Guoming,GK++,Henan SSLM FC,China PR,CSL,62,64,61,59,63,53,63,-1
Qiuming Wang,Wang Qiuming,CM++,Tianjin JMT FC,China PR,CSL,62,80,54,60,62,52,66,-1
Haijian Wang,Wang Haijian,CM++,Shanghai Shenhua,China PR,CSL,62,72,57,57,65,61,61,-1
Tyrell Warren,Warren,RB++,Grimsby Town,England,EFL League Two,62,68,31,50,57,59,69,-1
Taylor Washington,Washington,LB++,Nashville SC,United States,MLS,62,70,25,44,47,61,56,-1
Marcin Wasielewski,Wasielewski,RB++,GKS Katowice,Poland,PKO BP Ekstraklasa,62,76,34,54,58,56,67,-1
Niklas Jensen Wassberg,Wassberg,LW++,SK Brann,Norway,Eliteserien,62,68,54,58,67,50,53,-1
Ryan Watson,Watson,CM++,Salford City,England,EFL League Two,62,63,60,59,63,58,73,-1
Dylan Watts,Watts,CM++,Shamrock Rovers,Republic of Ireland,SSE Airtricity PD,62,53,55,63,62,56,60,-1
Caleb Watts,Watts,RM++,Exeter City,Australia,EFL League One,62,62,56,60,67,51,55,-1
Akil Watts,Watts,RB++,St. Louis CITY SC,United States,MLS,62,71,49,53,62,59,68,-1
Byron Webster,Webster,CB++,Bromley FC,England,EFL League Two,62,39,39,43,42,61,73,-1
Marius Wegmann,Wegmann,CB++,Wehen Wiesbaden,Germany,3. Liga,62,60,24,41,47,63,63,-1
Max Weiß,Weiß,GK++,Karlsruher SC,Germany,Bundesliga 2,62,64,60,64,70,32,52,-1
Moritz Wels,Wels,CAM++,FK Austria Wien,Austria,Ö. Bundesliga,62,68,60,60,63,31,61,-1
Jonas Wendlinger,Wendlinger,GK++,Almere City FC,Austria,Eredivisie,62,66,60,62,65,25,55,-1
Zain Westbrooke,Westbrooke,CM++,Doncaster,England,EFL League Two,62,65,56,62,62,55,67,-1
Ben Westermeier,Westermeier,CM++,Hannover 96 II,Germany,3. Liga,62,68,42,63,61,52,66,-1
Shaun Whalley,Whalley,RM++,Accrington,England,EFL League Two,62,68,60,58,64,51,54,-1
Harvey White,White,CDM++,Stevenage,England,EFL League One,62,65,59,64,65,60,55,-1
Yanic Wildschut,Wildschut,LM++,Exeter City,Suriname,EFL League One,62,75,61,58,63,48,69,-1
MJ Williams,Williams,CDM++,MK Dons,Wales,EFL League Two,62,50,45,56,55,61,71,-1
Levin Winkler,Winkler,CM++,FC Luzern,Switzerland,CSSL,62,62,48,61,62,61,57,-1
Norbert Wojtuszek,Wojtuszek,RM++,Górnik Zabrze,Poland,PKO BP Ekstraklasa,62,75,48,56,64,51,55,-1
Richard Wood,Wood,CB++,Doncaster,England,EFL League Two,62,30,35,46,41,61,66,-1
Michael Woud,Woud,GK++,Auckland FC,New Zealand,A-League,62,70,50,60,67,39,56,-1
Luuk Wouters,Wouters,LB++,RKC Waalwijk,Netherlands,Eredivisie,62,49,37,50,56,63,69,-1
Jacob Wright,Wright,CDM++,Manchester City,England,Premier League,62,64,52,62,62,57,57,-1
Wenneng Xie,Xie Wenneng,RM++,Shandong Taishan,China PR,CSL,62,73,56,56,64,28,55,-1
Haoyang Xu,Xu Haoyang,CM++,Shanghai Shenhua,China PR,CSL,62,76,56,63,65,55,60,-1
Yun Yang,Yang Yun,CB++,Cangzhou FC,China PR,CSL,62,55,52,48,54,61,71,-1
Kuo Yang,Yang Kuo,RB++,Henan SSLM FC,China PR,CSL,62,75,52,55,56,56,69,-1
Junsheng Yao,Yao Junsheng,RM++,Zhejiang Pro,China PR,CSL,62,71,58,60,63,55,63,-1
Terry Yegbe,Yegbe,CB++,IF Elfsborg,Ghana,Allsvenskan,62,64,36,48,50,59,73,-1
Moussa Yeo,Yeo,CM++,RB Salzburg,Mali,Ö. Bundesliga,62,69,55,64,68,53,43,-1
Pyung Gook Yoon,Yoon Pyung Gook,GK++,Pohang Steelers,Korea Republic,K League 1,62,63,62,60,64,47,58,-1
Luke Young,Young,CM++,Cheltenham Town,England,EFL League Two,62,51,58,62,63,57,64,-1
Dabao Yu,Yu Dabao,CB++,Beijing Guoan,China PR,CSL,62,44,57,57,56,58,70,-1
Hanchao Yu,Yu Hanchao,LM++,Shanghai Shenhua,China PR,CSL,62,71,59,60,59,40,62,-1
Yang Yu,Yu Yang,CB++,Tianjin JMT FC,China PR,CSL,62,55,26,44,48,60,71,-1
Tze nam Yue,Yue Tze nam,RB++,Meizhou Hakka,Hong Kong,CSL,62,75,50,45,60,56,53,-1
Eriq Zavaleta,Zavaleta,CB++,LA Galaxy,El Salvador,MLS,62,46,46,50,53,59,72,-1
Davor Zdravkovski,Zdravkovski,CDM++,Motherwell,North Macedonia,cinch Prem,62,64,45,57,57,60,63,-1
Yan Zhang,Zhang Yan,GK++,Rongcheng FC,China PR,CSL,62,63,58,52,66,32,59,-1
Jiaqi Zhang,Zhang Jiaqi,CDM++,Zhejiang Pro,China PR,CSL,62,55,57,52,52,61,79,-1
Xiaobin Zhang,Zhang Xiaobin,CM++,Wuhan 3 Towns,China PR,CSL,62,57,55,57,57,58,74,-1
Bo Zhao,Zhao Bo,GK++,Zhejiang Pro,China PR,CSL,62,63,60,56,67,19,61,-1
Dalun Zheng,Zheng Dalun,RM++,Cangzhou FC,China PR,CSL,62,79,55,56,66,49,54,-1
Melvin Zinga,Zinga,GK++,Angers SCO,France,Ligue 1 Uber Eats,62,63,65,60,66,24,60,-1
Kellan Gordon,Gordon,RB++,Notts County,England,EFL League Two,62,80,50,55,60,55,66,-1
Felix Göttlicher,Göttlicher,CB++,Hannover 96 II,Germany,3. Liga,62,60,30,37,47,60,72,-1
Gregorio Gracia Sánchez,Gori,CM++,Real Zaragoza,Spain,LALIGA HYPERMOTION,62,73,56,60,66,57,60,-1
Kieran Green,Green,CDM++,Grimsby Town,England,EFL League Two,62,62,47,51,57,58,72,-1
Aaron Greene,Greene,ST++,Shamrock Rovers,Republic of Ireland,SSE Airtricity PD,62,76,61,54,61,41,68,-1
Dragoș Grigore,Grigore,CB++,FC Gloria Buzău,Romania,SUPERLIGA,62,36,54,54,43,61,62,-1
Jamie Grimes,Grimes,CB++,Chesterfield,England,EFL League Two,62,52,28,44,43,61,71,-1
Cao Gu,Gu Cao,CB++,Henan SSLM FC,China PR,CSL,62,35,40,44,57,64,58,-1
Théo Guivarch,Guivarch,GK++,Clermont Foot 63,France,Ligue 2 BKT,62,61,59,60,65,38,61,-1
Deniz Gül,Gül,ST++,FC Porto,Sweden,Liga Portugal,62,65,61,48,60,25,64,-1
Serhat-Semih Güler,Güler,ST++,Viktoria Köln,Germany,3. Liga,62,81,61,46,61,32,64,-1
Quanbo Guo,Guo Quanbo,GK++,Meizhou Hakka,China PR,CSL,62,59,58,56,65,51,61,-1
Hao Guo,Guo Hao,CDM++,Tianjin JMT FC,China PR,CSL,62,66,39,54,64,58,69,-1
Musa Gurbanli,Gurbanli,ST++,Qarabağ FK,Azerbaijan,Liga Azerbaijan,62,69,63,42,61,22,63,-1
Yahav Gurfinkel,Gurfinkel,LB++,Rongcheng FC,Israel,CSL,62,71,35,44,60,55,59,-1
Jhohan Gutiérrez,Gutiérrez,GK++,The Strongest,Bolivia,Libertadores,62,63,60,62,62,50,61,-1
Juan Gutiérrez Martínez,Juan Gutiérrez,CB++,CD Mirandés,Spain,LALIGA HYPERMOTION,62,61,29,39,42,63,67,-1
Santiago Guzmán,Guzmán,LM++,Wanderers,Uruguay,Sudamericana,62,66,58,62,64,51,60,-1
Stephen Annor Gyamfi,Gyamfi,ST++,Houston Dynamo,Ghana,MLS,62,76,64,53,57,25,55,-1
Mohamed Hafid,Hafid,CAM++,SM Caen,Morocco,Ligue 2 BKT,62,69,56,61,67,57,52,-1
Romario Hajrulla,Hajrulla,ST++,Energie Cottbus,Albania,3. Liga,62,69,61,56,61,37,66,-1
Ronan Hale,Hale,ST++,Ross County,Republic of Ireland,cinch Prem,62,72,62,54,63,26,60,-1
Connor Hall,Hall,CB++,Port Vale,England,EFL League Two,62,47,27,39,42,61,77,-1
Tyrese Hall,Hall,CDM++,Spurs,England,Premier League,62,69,50,60,65,58,58,-1
Denzel Hall,Hall,RB++,sc Heerenveen,Netherlands,Eredivisie,62,75,44,47,59,58,65,-1
Brian Hämäläinen,Hämäläinen,CB++,Lyngby BK,Denmark,3F Superliga,62,59,55,64,63,61,70,-1
Micah Hamilton,Hamilton,LW++,Middlesbrough,England,EFL Championship,62,75,61,56,65,29,49,-1
Fredrik Hammar,Hammar,CM++,Hammarby IF,Sweden,Allsvenskan,62,66,54,58,65,58,71,-1
Saïd Hamulić,Hamulić,ST++,Widzew Łódź,Bosnia and Herzegovina,PKO BP Ekstraklasa,62,75,59,57,62,27,64,-1
Omer Hanin,Hanin,GK++,SV Waldhof,Israel,3. Liga,62,66,57,58,64,34,59,-1
Isak Hansen-Aarøen,Hansen-Aarøen,CAM++,SV Werder Bremen,Norway,Bundesliga,62,70,50,60,68,47,50,-1
Riley Harbottle,Harbottle,CB++,AFC Wimbledon,England,EFL League Two,62,67,29,45,49,61,73,-1
Conrad Harder,Harder,ST++,FC Nordsjælland,Denmark,3F Superliga,62,74,61,47,63,23,60,-1
Kian Harratt,Harratt,ST++,Huddersfield,England,EFL League One,62,75,59,40,61,23,68,-1
Abdullah Hassoun,Hassoun,RB++,Al Qadisiyah,Saudi Arabia,ROSHN Saudi League,62,74,40,50,59,57,70,-1
Herman Haugen,Haugen,RB++,Viking FK,Norway,Eliteserien,62,72,42,49,57,58,74,-1
Josh Hawkes,Hawkes,LM++,Tranmere Rovers,England,EFL League Two,62,71,61,59,62,35,57,-1
Florian Heister,Heister,RB++,Aleman. Aachen,Germany,3. Liga,62,83,51,58,65,54,61,-1
Mustafa Erhan Hekimoğlu,Hekimoğlu,ST++,Beşiktaş,Türkiye,Trendyol Süper Lig,62,64,60,50,61,27,58,-1
Andreas Helmersen,Helmersen,ST++,FK Bodø/Glimt,Norway,Eliteserien,62,70,61,47,60,29,73,-1
Ewan Henderson,Henderson,CAM++,K. Beerschot VA,Scotland,1A Pro League,62,58,57,64,62,47,51,-1
Axel Henriksson,Henriksson,CM++,GAIS,Sweden,Allsvenskan,62,60,57,61,62,52,59,-1
Rushian Hepburn-Murphy,Hepburn-Murphy,ST++,Crawley Town,England,EFL League One,62,90,62,49,66,25,41,-1
Wilbert Hernández,Hernández,GK++,Caracas F.C.,Venezuela,Libertadores,62,64,58,62,60,22,62,-1
Bode Hidalgo,Hidalgo,RB++,Real Salt Lake,United States,MLS,62,77,43,45,66,58,58,-1
Jack Hingert,Hingert,RB++,Brisbane Roar,Sri Lanka,A-League,62,64,41,55,59,57,66,-1
Myles Hippolyte,Hippolyte,LB++,AFC Wimbledon,Grenada,EFL League Two,62,82,60,60,62,53,70,-1
Seán Hoare,Hoare,CB++,Shamrock Rovers,Republic of Ireland,SSE Airtricity PD,62,37,35,49,48,62,70,-1
Armin Hodžić,Hodžić,CDM++,Hatayspor,Bosnia and Herzegovina,Trendyol Süper Lig,62,64,47,58,57,61,67,-1
Yoav Hofmeister,Hofmeister,CDM++,Korona Kielce,Israel,PKO BP Ekstraklasa,62,63,37,51,59,60,69,-1
Gavan Holohan,Holohan,CM++,Crawley Town,Republic of Ireland,EFL League One,62,68,58,59,63,54,68,-1
Kevin Holt,Holt,CB++,Dundee United,Scotland,cinch Prem,62,58,33,50,56,61,70,-1
Felix Holzhacker,Holzhacker,LB++,Grazer AK,Austria,Ö. Bundesliga,62,59,57,59,61,60,60,-1
Josué Homawoo,Homawoo,CB++,FC Dinamo 1948,Togo,SUPERLIGA,62,71,30,44,46,58,76,-1
Will Hondermarck,Hondermarck,CM++,Northampton,Congo,EFL League One,62,78,53,58,65,59,66,-1
Si Hoo Hong,Hong Si Hoo,RW++,Incheon United,Korea Republic,K League 1,62,83,57,56,65,30,59,-1
Luca Hoole,Hoole,RB++,Shrewsbury,Wales,EFL League One,62,72,32,54,59,58,67,-1
Mattis Hoppe,Hoppe,RB++,FC Ingolstadt 04,Germany,3. Liga,62,71,45,54,62,56,56,-1
Eric Hottmann,Hottmann,ST++,Jahn Regensburg,Germany,Bundesliga 2,62,65,59,53,60,26,70,-1
Cameron Howieson,Howieson,CM++,Auckland FC,New Zealand,A-League,62,70,59,61,62,54,67,-1
Andrea Hristov,Hristov,CB++,Cosenza,Bulgaria,Serie BKT,62,64,40,46,48,59,72,-1
Ruibao Hu,Hu Ruibao,CB++,SZ Peng City,China PR,CSL,62,71,30,47,55,61,67,-1
Denver Hume,Hume,LB++,Grimsby Town,England,EFL League Two,62,79,37,55,63,57,61,-1
Fabricio Iacovich,Iacovich,GK++,Estudiantes,Argentina,Libertadores,62,62,60,61,64,48,59,-1
Dragoș Iancu,Iancu,LM++,FC Hermannstadt,Romania,SUPERLIGA,62,72,55,58,59,58,57,-1
Melih Ibrahimoglu,Ibrahimoglu,CM++,Konyaspor,Türkiye,Trendyol Süper Lig,62,70,51,59,68,45,55,-1
Arijon Ibrahimović,Ibrahimović,LW++,FC Bayern München,Germany,Bundesliga,62,59,62,56,67,26,48,-1
Burak İnce,İnce,RM++,Śląsk Wrocław,Türkiye,PKO BP Ekstraklasa,62,75,50,55,69,30,51,-1
César Inga,Inga,LB++,ADT,Peru,Sudamericana,62,62,30,53,57,59,57,-1
Dane Ingham,Ingham,RB++,Newcastle Jets,New Zealand,A-League,62,86,47,54,60,52,79,-1
Clint Irwin,Irwin,GK++,Minnesota United,United States,MLS,62,62,62,63,62,46,62,-1
Jesper Isaksen,Isaksen,CM++,Kristiansund BK,Norway,Eliteserien,62,69,50,60,61,58,65,-1
Taofeek Ismaheel,Ismaheel,LW++,Górnik Zabrze,Nigeria,PKO BP Ekstraklasa,62,82,58,50,68,25,45,-1
Cătălin Itu,Itu,CM++,Politehnica Iași,Romania,SUPERLIGA,62,66,58,58,60,59,71,-1
Ben Jackson,Jackson,LB++,Barrow,England,EFL League Two,62,72,43,53,61,55,61,-1
Michael Jacobs,Jacobs,LM++,Chesterfield,England,EFL League Two,62,62,60,62,65,48,54,-1
Jérémy Jacquet,Jacquet,CB++,Clermont Foot 63,France,Ligue 2 BKT,62,64,31,47,52,61,66,-1
Diallang Jaiyesimi,Jaiyesimi,LM++,Leyton Orient,England,EFL League One,62,91,54,57,63,50,58,-1
Konrad Jałocha,Jałocha,GK++,Stal Mielec,Poland,PKO BP Ekstraklasa,62,60,61,70,58,28,68,-1
Dean James,James,LB++,Go Ahead Eagles,Netherlands,Eredivisie,62,77,29,50,56,60,59,-1
Seong Won Jang,Jang Seong Won,RB++,Daegu FC,Korea Republic,K League 1,62,74,46,52,60,57,69,-1
Budimir Janošević,Janošević,GK++,AIK,Serbia,Allsvenskan,62,61,62,55,63,23,63,-1
Alassana Jatta,Jatta,ST++,Notts County,Gambia,EFL League Two,62,53,59,48,60,34,67,-1
Matt Jay,Jay,CAM++,Colchester,England,EFL League Two,62,79,59,60,66,33,48,-1
Dominic Jefferies,Jefferies,CM++,Lincoln City,Wales,EFL League One,62,73,55,60,64,59,70,-1
Connor Jennings,Jennings,ST++,Tranmere Rovers,England,EFL League Two,62,60,62,56,61,48,70,-1
Sandesh Jhingan,Jhingan,CB++,FC Goa,India,Hero ISL,62,53,33,42,39,61,77,-1
Jiabao Ji,Ji Jiabao,GK++,Qingdao W. Coast,China PR,CSL,62,59,60,56,69,16,58,-1
Hector Jimenez,Jimenez,RB++,Austin FC,United States,MLS,62,57,58,62,62,60,62,-1
Juan David Jiménez,Jiménez,CDM++,Técnico U.,Colombia,Sudamericana,62,58,41,54,59,60,59,-1
Nestor Jiménez,Jiménez,ST++,Caracas F.C.,Venezuela,Libertadores,62,65,62,49,65,24,49,-1
Seong Uk Jin,Jin Seong Uk,ST++,Jeju United,Korea Republic,K League 1,62,68,61,53,65,28,70,-1
Alexandru Jipa,Jipa,LM++,FC Hermannstadt,Romania,SUPERLIGA,62,80,50,54,62,50,63,-1
Sung Joon Jo,Jo Sung Joon,RW++,Pohang Steelers,Korea Republic,K League 1,62,81,54,54,65,31,58,-1
Alexander Johansson,Johansson,ST++,Mjällby AIF,Sweden,Allsvenskan,62,71,59,57,63,50,71,-1
Ryan Johnson,Johnson,CB++,AFC Wimbledon,Northern Ireland,EFL League Two,62,69,24,43,52,62,71,-1
Levonte Johnson,Johnson,LM++,Whitecaps FC,Canada,MLS,62,73,61,52,64,42,68,-1
James Jones,Jones,CM++,Wrexham AFC,Scotland,EFL League One,62,67,58,60,64,56,64,-1
Anyelo Ortíz,Ortíz,CB++,Nacional Potosí,Bolivia,Sudamericana,62,67,50,56,56,64,58,-1
Sebastian Osigwe,Osigwe,GK++,FC Lugano,Nigeria,CSSL,62,62,61,62,62,31,64,-1
Silas Ostrzinski,Ostrzinski,GK++,B. Dortmund II,Germany,3. Liga,62,65,59,59,65,29,59,-1
Marcos Ovejero,Ovejero,ST++,Always Ready,Argentina,Sudamericana,62,76,64,58,68,35,48,-1
Arda Özçimen,Özçimen,GK++,Göztepe,Türkiye,Trendyol Süper Lig,62,64,61,61,68,27,59,-1
Doğukan Özkan,Özkan,GK++,Antalyaspor,Türkiye,Trendyol Süper Lig,62,62,64,62,60,55,62,-1
Riccardo Pagano,Pagano,CAM++,Catanzaro,Italy,Serie BKT,62,55,55,62,64,46,37,-1
Pierangelo Pagnano,Pagnano,CM++,Rayo Zuliano,Venezuela,Sudamericana,62,70,60,59,61,54,52,-1
Nicolás Palavecino,Palavecino,LM++,Defensa,Argentina,Sudamericana,62,63,61,63,62,46,57,-1
Jorge Palomino,Palomino,CDM++,ADT,Peru,Sudamericana,62,54,34,50,49,62,65,-1
Jan Paluska,Paluska,CB++,Viktoria Plzeň,Czechia,Česká Liga,62,66,33,46,49,63,66,-1
Elliot Panicco,Panicco,GK++,Nashville SC,United States,MLS,62,63,58,58,68,29,60,-1
Joaquín Panichelli,Panichelli,ST++,CD Mirandés,Argentina,LALIGA HYPERMOTION,62,54,65,44,57,20,58,-1
Ștefan Pănoiu,Pănoiu,CAM++,FC Botoșani,Romania,SUPERLIGA,62,71,60,60,64,37,59,-1
Isaac Pappoe,Pappoe,CM++,Ferencvárosi TC,Ghana,Magyar Liga,62,67,50,58,63,58,65,-1
Chung Hyo Park,Park Chung Hyo,GK++,Gangwon FC,Korea Republic,K League 1,62,62,61,58,63,46,65,-1
Seong Hun Park,Park Seong Hun,CB++,FC Seoul,Korea Republic,K League 1,62,60,34,49,53,62,66,-1
Tae Joon Park,Park Tae Joon,CM++,GwangJu FC,Korea Republic,K League 1,62,72,53,60,64,45,69,-1
Răzvan Pașcalău,Pașcalău,CB++,FC Dinamo 1948,Romania,SUPERLIGA,62,61,37,45,43,62,69,-1
Maksim Paskotši,Paskotši,CB++,Grasshopper Club,Estonia,CSSL,62,60,40,53,56,62,66,-1
Alfonso Pastor Vacas,Alfonso Pastor,GK++,Levante UD,Spain,LALIGA HYPERMOTION,62,69,63,66,60,23,58,-1
Răzvan Patriche,Patriche,CB++,FC Dinamo 1948,Romania,SUPERLIGA,62,41,30,48,48,60,71,-1
Omari Patrick,Patrick,LM++,Tranmere Rovers,England,EFL League Two,62,83,59,53,61,27,68,-1
Dominik Pelivan,Pelivan,CDM++,Energie Cottbus,Germany,3. Liga,62,62,51,57,54,58,74,-1
Mateo Pellegrino,Pellegrino,ST++,Platense,Argentina,LPF,62,54,63,46,57,30,69,-1
Sebastián Pereira,Pereira,CB++,Everton,Chile,Sudamericana,62,39,25,33,39,61,75,-1
Brayann Pereira,Pereira,RB++,N.E.C. Nijmegen,France,Eredivisie,62,77,33,53,64,56,48,-1
Ovidiu Perianu,Perianu,CDM++,Unirea Slobozia,Romania,SUPERLIGA,62,72,53,57,63,60,68,-1
Sonny Perkins,Perkins,ST++,Leyton Orient,England,EFL League One,62,67,61,53,62,24,62,-1
Taylor Perry,Perry,CM++,Shrewsbury,England,EFL League One,62,68,56,61,65,50,60,-1
Joel Persson,Persson,ST++,IFK Värnamo,Sweden,Allsvenskan,62,54,60,42,56,31,71,-1
Oliver Petersen,Petersen,GK++,Molde FK,Norway,Eliteserien,62,64,62,62,64,41,61,-1
Luca Petrasso,Petrasso,LB++,Orlando City,Canada,MLS,62,75,42,59,62,55,64,-1
Charles Petro,Petro,RB++,FC Botoșani,Malawi,SUPERLIGA,62,81,37,52,55,56,66,-1
Gabriele Piccinini,Piccinini,CDM++,Pisa,Italy,Serie BKT,62,65,51,59,61,59,64,-1
Dylan Pierias,Pierias,RM++,Adelaide United,Australia,A-League,62,88,49,51,66,50,63,-1
Aaron Pierre,Pierre,CB++,Shrewsbury,Grenada,EFL League One,62,53,37,44,47,60,74,-1
Joe Pigott,Pigott,ST++,AFC Wimbledon,England,EFL League Two,62,63,61,52,61,30,69,-1
Luke Plange,Plange,ST++,HJK Helsinki,England,Finnliiga,62,68,63,49,64,33,54,-1
Iustin Popescu,Popescu,GK++,SC Oțelul Galați,Romania,SUPERLIGA,62,65,58,60,60,19,60,-1
Dylan Portilla,Portilla,CM++,Colo-Colo,Chile,Libertadores,62,66,52,60,64,52,64,-1
Tobías Portillo,Portillo,LM++,Cerro Porteño,Paraguay,Libertadores,62,72,59,60,61,30,57,-1
Aaron Pressley,Pressley,ST++,Stevenage,Scotland,EFL League One,62,70,59,44,56,24,75,-1
Joe Pritchard,Pritchard,CAM++,MK Dons,England,EFL League Two,62,72,59,61,65,57,61,-1
Bjarne Pudel,Pudel,CB++,AaB,Germany,3F Superliga,62,58,31,50,51,61,68,-1
Simone Rabbi,Rabbi,ST++,Cittadella,Italy,Serie BKT,62,62,62,52,62,40,55,-1
Mateusz Radecki,Radecki,CAM++,Puszcza,Poland,PKO BP Ekstraklasa,62,63,60,59,61,56,68,-1
Adam Radwański,Radwański,CAM++,Zagłębie Lubin,Poland,PKO BP Ekstraklasa,62,72,58,60,63,49,64,-1
Sidney Raebiger,Raebiger,CM++,Braunschweig,Germany,Bundesliga 2,62,68,52,65,66,55,43,-1
Luca Raimund,Raimund,CAM++,VfB Stuttgart,Germany,Bundesliga,62,69,56,61,62,44,54,-1
Mikkel Rakneberg,Rakneberg,LB++,Kristiansund BK,Norway,Eliteserien,62,72,54,56,60,58,58,-1
Lalengmawia Ralte,Ralte,CM++,ATK Mohun Bagan,India,Hero ISL,62,60,50,55,61,59,72,-1
Alexander Ranacher,Ranacher,RB++,WSG Tirol,Austria,Ö. Bundesliga,62,78,54,55,67,53,63,-1
Alex Rangel,Rangel,CB++,Barcelona SC,Ecuador,Libertadores,62,61,31,40,47,62,68,-1
Farrend Rawson,Rawson,CB++,Accrington,England,EFL League Two,62,49,32,41,40,63,74,-1
George Ray,Ray,CB++,Morecambe,Wales,EFL League Two,62,49,26,36,47,63,72,-1
Andre Raymond,Raymond,LB++,St. Johnstone,Trinidad and Tobago,cinch Prem,62,73,46,54,59,56,64,-1
Givairo Read,Read,RM++,Feyenoord,Netherlands,Eredivisie,62,81,51,53,62,57,61,-1
João Pedro Reginaldo,João Pedro,LB++,Charlotte FC,Brazil,MLS,62,58,27,52,48,62,66,-1
Jan Reichert,Reichert,GK++,1. FC Nürnberg,Germany,Bundesliga 2,62,63,61,61,62,29,65,-1
Oskar Repka,Repka,CDM++,GKS Katowice,Poland,PKO BP Ekstraklasa,62,55,42,48,52,62,72,-1
Paulo Retre,Retre,CDM++,Well. Phoenix,Australia,A-League,62,40,49,58,60,57,68,-1
Sebastian Revan,Revan,LB++,Wrexham AFC,England,EFL League One,62,59,36,51,59,62,54,-1
Ioan-Călin Revenco,Revenco,RB++,Puszcza,Moldova,PKO BP Ekstraklasa,62,64,33,54,63,57,57,-1
Rodrigo Ribeiro de Macedo,Rodrigo Macedo,ST++,SC Braga,Portugal,Liga Portugal,62,60,62,47,58,22,66,-1
Gorka Rivera Alonso,Gorka,LB++,Getafe CF,Spain,LALIGA EA SPORTS,62,69,40,50,53,58,66,-1
Cristiano Robert do Amaral,Cristiano,RW++,FK Austria Wien,Brazil,Ö. Bundesliga,62,74,56,54,67,25,49,-1
Luke Robinson,Robinson,LB++,Wigan Athletic,Scotland,EFL League One,62,73,32,50,52,58,67,-1
Yomar Rocha,Rocha,RB++,Bolívar,Bolivia,Libertadores,62,73,43,58,59,56,56,-1
Nathan Rodes,Rodes,CDM++,FCV Dender EH,Belgium,1A Pro League,62,54,34,54,50,63,60,-1
Harvey Rodgers,Rodgers,CB++,Grimsby Town,England,EFL League Two,62,66,39,52,55,61,73,-1
Pontus Rödin,Rödin,CB++,Silkeborg IF,Sweden,3F Superliga,62,61,26,44,58,63,62,-1
Grzegorz Rogala,Rogala,LB++,GKS Katowice,Poland,PKO BP Ekstraklasa,62,64,41,59,54,57,67,-1
Logan Rogerson,Rogerson,RW++,Auckland FC,New Zealand,A-League,62,81,59,53,64,43,62,-1
Joel Román,Román,RM++,S. Trinidense,Paraguay,Sudamericana,62,69,54,59,62,43,48,-1
Abraham Romero,Romero,GK++,Columbus Crew,United States,MLS,62,65,60,60,63,51,64,-1
Imad Rondić,Rondić,ST++,Widzew Łódź,Bosnia and Herzegovina,PKO BP Ekstraklasa,62,63,62,43,58,28,68,-1
Jake Rooney,Rooney,CB++,Derby County,England,EFL Championship,62,62,41,54,60,61,68,-1
Martin Ove Roseth,Roseth,CB++,Lillestrøm SK,Norway,Eliteserien,62,69,30,48,54,61,65,-1
Jordan Rossiter,Rossiter,CDM++,Shrewsbury,England,EFL League One,62,50,50,55,60,60,68,-1
Neluț Roșu,Roșu,CM++,SC Oțelul Galați,Romania,SUPERLIGA,62,68,60,63,64,53,62,-1
Aaron Rowe,Rowe,RM++,Gillingham,England,EFL League Two,62,84,55,56,62,52,69,-1
Sebastian Rudol,Rudol,CB++,Motor Lublin,Poland,PKO BP Ekstraklasa,62,65,35,53,50,61,71,-1
Armando Ruiz Díaz,Ruiz Díaz,RB++,S. Trinidense,Paraguay,Sudamericana,62,68,40,51,59,59,61,-1
Jacen Russell-Rowe,Russell-Rowe,ST++,Columbus Crew,Canada,MLS,62,71,59,46,58,17,63,-1
Ryan Rydel,Rydel,LB++,Stockport,England,EFL League One,62,81,53,56,59,55,64,-1
Ramien Safi,Safi,LW++,Rot-Weiss Essen,Netherlands,3. Liga,62,77,64,53,64,27,51,-1
Yousef Salech,Salech,ST++,IK Sirius,Denmark,Allsvenskan,62,66,61,42,61,20,67,-1
Nathan-Dylan Saliba,Saliba,CM++,CF Montréal,Canada,MLS,62,63,45,58,69,56,59,-1
Dikeni Salifou,Salifou,CDM++,Austria Klagenfurt,Togo,Ö. Bundesliga,62,54,45,58,58,60,65,-1
Alberto Sánchez Vivas,Alberto Sánchez,GK++,RC Deportivo,Spain,LALIGA HYPERMOTION,62,62,63,70,62,31,58,-1
Max Sanders,Sanders,CM++,Crewe Alexandra,England,EFL League Two,62,65,54,61,63,58,65,-1
Lucas Sanseviero,Sanseviero,RW++,Danubio,Uruguay,Sudamericana,62,84,62,46,65,25,50,-1
Jonatas Santos,Jonatas Santos,RM++,Al Ain FC,Brazil,United Emirates League,62,82,60,53,65,26,59,-1
Tobias Schättin,Schättin,LB++,FC Winterthur,Switzerland,CSSL,62,63,39,54,59,58,67,-1
Dion Conroy,Conroy,CB++,Crawley Town,England,EFL League One,62,55,28,49,57,61,72,-1
Cameron Cook,Cook,GK++,Perth Glory,Australia,A-League,62,61,60,64,64,30,63,-1
Lucas Copado,Copado,ST++,Energie Cottbus,Germany,3. Liga,62,60,65,53,68,22,45,-1
Dean Cornelius,Cornelius,CDM++,Harrogate Town,Scotland,EFL League Two,62,73,48,61,63,57,62,-1
Sam Cosgrove,Cosgrove,ST++,Barnsley,England,EFL League One,62,53,64,49,56,27,77,-1
Liam Coyle,Coyle,CDM++,Accrington,Northern Ireland,EFL League Two,62,61,50,55,62,59,69,-1
Tristan Crama,Crama,CB++,Exeter City,France,EFL League One,62,59,31,46,53,62,65,-1
Charlie Crew,Crew,CDM++,Leeds United,Wales,EFL Championship,62,64,33,57,61,57,59,-1
Federico Cristóforo,Cristóforo,GK++,S. Ameliano,Uruguay,Sudamericana,62,60,60,63,64,27,66,-1
Joan Cruz,Cruz,CAM++,Everton,Chile,Sudamericana,62,66,58,60,65,23,42,-1
Víctor Cuellar,Cuellar,CM++,The Strongest,Bolivia,Libertadores,62,65,57,59,60,54,62,-1
Francesco D'Alessio,D'Alessio,CM++,Cittadella,Italy,Serie BKT,62,63,46,62,64,58,54,-1
João Luiz da Silva Cipriano,Cipriano,CB++,Apoel FC,Brazil,Liga Cyprus,62,59,36,41,45,60,72,-1
Adniellyson da Silva Oliveira,Silva,CDM++,Yverdon Sport FC,Brazil,CSSL,62,69,47,60,60,59,63,-1
Christian Dalle Mura,Dalle Mura,CB++,Cosenza,Italy,Serie BKT,62,55,30,45,42,65,61,-1
Matty Daly,Daly,CAM++,Harrogate Town,England,EFL League Two,62,65,57,61,63,53,58,-1
Dawda Dambelleh Danso,Dawda,RM++,CD Tenerife,Spain,LALIGA HYPERMOTION,62,72,58,60,63,30,53,-1
Emmanuel Danso,Danso,CDM++,Strømsgodset IF,Ghana,Eliteserien,62,73,39,59,65,58,53,-1
Riku Danzaki,Danzaki,RM++,Western United,Japan,A-League,62,80,56,56,64,29,53,-1
Gabriel David,David,CM++,FC Botoșani,Romania,SUPERLIGA,62,72,57,59,65,48,61,-1
Archie Davies,Davies,RB++,Carlisle United,England,EFL League Two,62,72,41,57,60,56,64,-1
Ronaldo De Jesús,De Jesús,CB++,Cerro Porteño,Paraguay,Libertadores,62,52,38,47,46,61,69,-1
Geovane de Jesus Rocha,Geovane Jesus,RB++,FC Dallas,Brazil,MLS,62,81,39,44,58,60,63,-1
Tika de Jonge,de Jonge,LM++,FC Groningen,Netherlands,Eredivisie,62,68,57,62,62,31,42,-1
Tibe De Vlieger,De Vlieger,CAM++,KAA Gent,Belgium,1A Pro League,62,67,67,63,64,36,41,-1
Ryan Delaney,Delaney,CB++,Swindon Town,Republic of Ireland,EFL League Two,62,48,28,42,41,61,75,-1
Jacopo Desogus,Desogus,CAM++,Cittadella,Italy,Serie BKT,62,76,61,58,69,28,49,-1
Adam Devine,Devine,RB++,Rangers,Scotland,cinch Prem,62,65,44,54,63,56,61,-1
Dawson Devoy,Devoy,CM++,Bohemian FC,Republic of Ireland,SSE Airtricity PD,62,63,54,61,63,56,63,-1
Lautaro Di Lollo,Di Lollo,CB++,Boca Juniors,Argentina,Sudamericana,62,61,30,37,36,63,70,-1
Fabio Di Michele Sanchez,Di Michele Sanchez,LB++,Braunschweig,Germany,Bundesliga 2,62,75,35,54,60,57,66,-1
Alan Di Pippa,Di Pippa,CDM++,Cerro Largo,Argentina,Sudamericana,62,63,41,57,56,58,60,-1
Cheick Mamadou Diabaté,Diabaté,CB++,Wolfsberger AC,Côte d'Ivoire,Ö. Bundesliga,62,68,27,41,40,63,62,-1
Carlos Díaz,Díaz,CB++,Metropolitanos,Venezuela,Sudamericana,62,55,25,46,43,62,62,-1
Pedro Díaz,Díaz,GK++,ADT,Peru,Sudamericana,62,60,63,61,60,35,62,-1
Timothée Dieng,Dieng,CM++,Gillingham,France,EFL League Two,62,52,56,58,59,61,78,-1
Daan Dierckx,Dierckx,CB++,Standard Liège,Belgium,1A Pro League,62,53,31,47,50,62,62,-1
Oumar Diouf,Diouf,ST++,Çaykur Rizespor,Senegal,Trendyol Süper Lig,62,73,64,51,59,24,54,-1
James Donachie,Donachie,CB++,Western United,Australia,A-League,62,47,32,48,43,61,74,-1
Marian Drăghiceanu,Drăghiceanu,CAM++,Sepsi OSK,Romania,SUPERLIGA,62,69,55,61,64,29,48,-1
Freddie Draper,Draper,ST++,Lincoln City,England,EFL League One,62,63,60,51,60,34,76,-1
Jed Drew,Drew,LM++,Macarthur FC,Australia,A-League,62,90,53,53,62,40,65,-1
Diego Duarte,Duarte,ST++,Club Nacional,Paraguay,Sudamericana,62,72,65,48,62,18,60,-1
Răzvan Ducan,Ducan,GK++,Farul Constanța,Romania,SUPERLIGA,62,62,60,64,64,33,60,-1
Olivier Dumont,Dumont,CM++,STVV,Belgium,1A Pro League,62,63,48,65,65,54,55,-1
Marco Ehmann,Ehmann,CB++,Stal Mielec,Romania,PKO BP Ekstraklasa,62,78,25,39,46,58,72,-1
Kai Eisele,Eisele,GK++,Unterhaching,Germany,3. Liga,62,65,61,61,64,19,60,-1
Omar El Sawy,El Sawy,CAM++,FC Rapid 1923,Romania,SUPERLIGA,62,80,55,58,67,33,46,-1
Callan Elliot,Elliot,RB++,Auckland FC,New Zealand,A-League,62,76,48,57,64,54,64,-1
Marius Elvius,Elvius,RB++,Vejle Boldklub,Denmark,3F Superliga,62,79,54,55,63,55,69,-1
Ole Enersen,Enersen,LW++,Strømsgodset IF,Norway,Eliteserien,62,88,47,56,65,47,60,-1
Martin Ens,Ens,CB++,SC Paderborn 07,Germany,Bundesliga 2,62,64,40,53,56,61,65,-1
Tim Erlandsson,Erlandsson,GK++,Halmstads BK,Sweden,Allsvenskan,62,58,63,72,59,29,60,-1
Lee Erwin,Erwin,ST++,HJK Helsinki,Scotland,Finnliiga,62,67,61,51,61,27,63,-1
Josué Escartin,Escartin,CB++,Red Star FC,France,Ligue 2 BKT,62,62,30,46,44,63,61,-1
Marco Esteban Fernández,Marco Esteban,CB++,R. Oviedo,Spain,LALIGA HYPERMOTION,62,65,25,53,58,61,62,-1
Connor Evans,Evans,CM++,MK Dons,Wales,EFL League Two,62,74,60,60,64,56,62,-1
Junior Eyamba,Eyamba,ST++,Śląsk Wrocław,Switzerland,PKO BP Ekstraklasa,62,62,60,54,58,36,67,-1
Imoh Ezekiel,Ezekiel,ST++,UTA Arad,Nigeria,SUPERLIGA,62,57,63,59,65,30,56,-1
Mo Faal,Faal,ST++,West Brom,Gambia,EFL Championship,62,73,59,44,61,24,70,-1
Aslak Falch,Falch,GK++,FK Haugesund,Norway,Eliteserien,62,62,60,57,63,35,60,-1
Jean Falconí,Falconí,RB++,ADT,Peru,Sudamericana,62,65,26,51,57,58,58,-1
Muath Faqihi,Faqihi,LB++,Al Ittihad,Saudi Arabia,ROSHN Saudi League,62,75,35,48,55,58,70,-1
Christian Fernandes Marques,Christian Marques,CB++,Yverdon Sport FC,Portugal,CSSL,62,52,37,53,49,64,60,-1
Nehemiah Fernandez,Fernandez,CB++,USL Dunkerque,France,Ligue 2 BKT,62,59,36,51,53,61,64,-1
Jesús Fernández Collado,Jesús Fernández,GK++,Politehnica Iași,Spain,SUPERLIGA,62,61,64,58,59,48,58,-1
Diego Gustavo Ferraresso Scheda,Diego Ferraresso,LB++,FC Gloria Buzău,Bulgaria,SUPERLIGA,62,63,25,55,62,58,67,-1
Marcelo Ferreira,Ferreira,ST++,Sportivo Luqueño,Paraguay,Sudamericana,62,51,63,54,63,25,64,-1
Nuno Miguel Ferreira Matos,Nuno Matos,CB++,SC Braga,Portugal,Liga Portugal,62,56,26,28,39,66,63,-1
Nick Fichtinger,Fichtinger,CM++,PEC Zwolle,Netherlands,Eredivisie,62,61,50,60,63,55,59,-1
Marcelo Filla,Filla,RB++,Cobresal,Chile,Libertadores,62,71,28,57,61,57,58,-1
Jonathan Fischer,Fischer,GK++,Fredrikstad FK,Denmark,Eliteserien,62,64,63,62,63,24,65,-1
Franchesco Flores,Flores,CAM++,UCV,Peru,Sudamericana,62,67,59,60,63,37,46,-1
Matty Foulds,Foulds,LB++,Harrogate Town,England,EFL League Two,62,69,36,56,56,58,71,-1
Melkamu Frauendorf,Frauendorf,RM++,Hannover 96 II,Germany,3. Liga,62,85,50,53,64,22,48,-1
Orrin McKinze Gaines,Gaines,RM++,Houston Dynamo,United States,MLS,62,89,55,53,62,26,56,-1
Sean Gannon,Gannon,RB++,Shelbourne,Republic of Ireland,SSE Airtricity PD,62,59,51,54,58,61,67,-1
Gary Gardner,Gardner,CM++,Cambridge Utd,England,EFL League One,62,49,63,65,60,64,68,-1
Sékou Gassama,Gassama,CAM++,Al Ain FC,Mali,United Emirates League,62,72,55,58,62,34,47,-1
Filimon Gerezgiher,Gerezgiher,RM++,SV Elversberg,Germany,Bundesliga 2,62,79,57,56,64,36,61,-1
Andrei Gheorghiță,Gheorghiță,LM++,Politehnica Iași,Romania,SUPERLIGA,62,72,57,56,66,33,57,-1
Liam Gibson,Gibson,CB++,Harrogate Town,England,EFL League Two,62,68,35,53,57,61,68,-1
Diego Gil,Gil,GK++,Carabobo FC,Venezuela,Sudamericana,62,62,60,58,62,33,60,-1
Alex Gilliead,Gilliead,CM++,Bradford City,England,EFL League Two,62,73,56,58,64,57,73,-1
Zak Gilsenan,Gilsenan,LM++,Blackburn Rovers,Republic of Ireland,EFL Championship,62,72,53,59,66,41,43,-1
Romeo Giovannini,Giovannini,CAM++,Modena,Italy,Serie BKT,62,75,62,59,64,36,54,-1
Stefano Girelli,Girelli,CM++,Sampdoria,Italy,Serie BKT,62,63,48,57,67,50,46,-1
Anthony Glennon,Glennon,LB++,Newport County,England,EFL League Two,62,75,47,61,60,54,68,-1
Alan Gómez,Gómez,ST++,Club Nacional,Paraguay,Sudamericana,62,63,61,54,60,32,59,-1
Christian Gomis,Gomis,ST++,FC Winterthur,Senegal,CSSL,62,73,64,47,61,27,51,-1
Tidiam Gomis,Gomis,LM++,SM Caen,France,Ligue 2 BKT,62,75,52,54,68,25,49,-1
Taras Gomulka,Gomulka,CDM++,Perth Glory,Australia,A-League,62,65,52,59,59,59,64,-1
Ben Goodliffe,Goodliffe,CB++,Colchester,England,EFL League Two,62,54,25,42,45,60,78,-1
Owen Goodman,Goodman,GK++,AFC Wimbledon,England,EFL League Two,62,64,59,64,64,38,59,-1
Kaide Gordon,Gordon,RW++,Liverpool,England,Premier League,62,71,57,54,67,25,44,-1
Jae Yong Bak,Bak Jae Yong,ST++,Jeonbuk Hyundai,Korea Republic,K League 1,62,68,61,42,56,24,75,-1
Courtney Baker-Richardson,Baker-Richardson,ST++,Newport County,England,EFL League Two,62,69,61,43,59,25,71,-1
Ulrich Bapoh,Bapoh,CAM++,Aleman. Aachen,Germany,3. Liga,62,72,58,56,65,47,67,-1
Matías Barboza Van Hoeckel,Matías Barboza,CB++,Córdoba CF,Spain,LALIGA HYPERMOTION,62,67,47,49,55,61,70,-1
Joselpho Barnes,Barnes,ST++,STVV,Ghana,1A Pro League,62,67,62,50,57,27,57,-1
Daniel Bassi,Bassi,LW++,FK Bodø/Glimt,Norway,Eliteserien,62,83,49,53,68,46,44,-1
Zorhan Bassong,Bassong,LB++,Sporting KC,Canada,MLS,62,74,35,53,62,58,62,-1
Benedikt Bauer,Bauer,LB++,Karlsruher SC,Germany,Bundesliga 2,62,73,29,51,60,56,59,-1
Brian Jepthe Bayeye,Bayeye,RM++,Torino,Congo DR,Serie A TIM,62,76,50,59,60,55,69,-1
Tom Beadling,Beadling,CB++,WS Wanderers,England,A-League,62,56,53,55,58,59,76,-1
Ayman Benarous,Benarous,CAM++,Bristol City,England,EFL Championship,62,72,49,58,68,38,44,-1
Joe Bendik,Bendik,GK++,Whitecaps FC,United States,MLS,62,61,60,70,62,35,60,-1
Alessandro Berardi,Berardi,GK++,Hellas Verona,Italy,Serie A TIM,62,61,58,56,64,50,63,-1
Sofus Berger,Berger,CAM++,Viborg FF,Denmark,3F Superliga,62,72,52,58,65,49,49,-1
Michele Besaggio,Besaggio,CM++,Brisigonza,Italy,Serie BKT,62,69,60,64,69,50,60,-1
Elias Bethke,Bethke,GK++,Energie Cottbus,Germany,3. Liga,62,65,59,60,62,18,60,-1
Owen Bevan,Bevan,CB++,AFC Bournemouth,Wales,Premier League,62,60,33,43,47,62,63,-1
William Bianda,Bianda,CB++,Stade Lavallois,France,Ligue 2 BKT,62,51,28,42,49,60,69,-1
Jan Biegański,Biegański,CDM++,Sivasspor,Poland,Trendyol Süper Lig,62,61,48,52,55,61,72,-1
Harrison Biggins,Biggins,CM++,Shrewsbury,England,EFL League One,62,54,56,60,63,57,65,-1
Elis Bishesari,Bishesari,GK++,IFK Göteborg,Sweden,Allsvenskan,62,64,61,66,63,27,61,-1
Jóannes Bjartalíð,Bjartalíð,ST++,Fredrikstad FK,Faroe Islands,Eliteserien,62,70,61,49,60,24,62,-1
Axel Björnström,Björnström,LB++,AIK,Sweden,Allsvenskan,62,73,45,56,60,55,66,-1
Adrian Blake,Blake,LM++,FC Utrecht,England,Eredivisie,62,79,54,52,66,25,41,-1
Shane Blaney,Blaney,CB++,Motherwell,Republic of Ireland,cinch Prem,62,50,42,51,43,61,72,-1
Vladislav Blănuță,Blănuță,ST++,FC Univ. Cluj,Moldova,SUPERLIGA,62,66,60,42,60,25,64,-1
Davor Blažević,Blažević,GK++,Hammarby IF,Sweden,Allsvenskan,62,63,57,55,66,26,61,-1
Tom Bloxham,Bloxham,RM++,Shrewsbury,England,EFL League One,62,77,59,53,61,27,67,-1
Hiram Boateng,Boateng,CM++,Mansfield Town,England,EFL League One,62,68,60,62,63,58,71,-1
Ben Bobzien,Bobzien,RW++,Austria Klagenfurt,Germany,Ö. Bundesliga,62,63,60,56,69,29,46,-1
Luca Bolay,Bolay,LB++,Preußen Münster,Germany,Bundesliga 2,62,71,38,58,60,55,53,-1
Antonio Bordușanu,Bordușanu,RW++,FC Dinamo 1948,Romania,SUPERLIGA,62,77,54,55,65,31,50,-1
Raphael Borges Rodrigues,Borges Rodrigues,LM++,Coventry City,Australia,EFL Championship,62,84,52,50,66,35,68,-1
Subhasish Bose,Bose,CB++,ATK Mohun Bagan,India,Hero ISL,62,68,28,48,54,59,79,-1
Ismaïl Bouneb,Bouneb,CAM++,Havre AC,France,Ligue 1 Uber Eats,62,66,52,61,67,38,50,-1
Elyas Bouzaiene,Bouzaiene,RB++,Västerås SK,Sweden,Allsvenskan,62,74,39,58,61,56,60,-1
Harry Boyes,Boyes,LB++,Sheffield Utd,England,EFL Championship,62,71,44,55,62,57,54,-1
Roko Brajković,Brajković,RM++,Hajduk Split,Croatia,Liga Hrvatska,62,79,60,52,67,26,60,-1
José Briceño,Briceño,ST++,Always Ready,Bolivia,Sudamericana,62,61,65,57,60,31,61,-1
Mario Briceño,Briceño,RW++,Huachipato,Chile,Libertadores,62,77,60,52,66,41,54,-1
Maximiliano Brito,Brito,ST++,Dep. Riestra,Uruguay,LPF,62,51,60,46,49,28,73,-1
Nathan Buayi-Kiala,Buayi-Kiala,CM++,AJ Auxerre,France,Ligue 1 Uber Eats,62,63,54,62,62,59,57,-1
Trent Buhagiar,Buhagiar,ST++,Brisigonza,Australia,Serie BKT,62,93,57,52,62,33,64,-1
Aleksander Buksa,Buksa,ST++,Górnik Zabrze,Poland,PKO BP Ekstraklasa,62,58,62,48,61,23,61,-1
Harry Burgoyne,Burgoyne,GK++,Morecambe,England,EFL League Two,62,63,62,62,63,34,61,-1
Antonee Burke-Gilroy,Burke-Gilroy,LB++,Brisbane Roar,Australia,A-League,62,79,50,57,63,54,61,-1
Ronald Bustos,Bustos,RB++,The Strongest,Bolivia,Libertadores,62,74,53,55,58,56,66,-1
Neill Byrne,Byrne,CB++,Bradford City,Republic of Ireland,EFL League Two,62,45,26,38,45,61,73,-1
Valdemar Byskov,Byskov,LM++,FC Midtjylland,Denmark,3F Superliga,62,70,51,60,64,39,40,-1
Abraham Cabrera,Cabrera,CB++,Nacional Potosí,Bolivia,Sudamericana,62,53,30,46,56,63,64,-1
Jake Cain,Cain,CM++,Swindon Town,England,EFL League Two,62,64,57,60,64,58,60,-1
Joe Caletti,Caletti,CDM++,Brisbane Roar,Australia,A-League,62,60,43,58,64,57,53,-1
André Calisir,Calisir,CB++,Brommapojkarna,Armenia,Allsvenskan,62,45,34,54,58,62,68,-1
Carlos Calzadilla,Calzadilla,RW++,Dep. Táchira,Venezuela,Libertadores,62,77,50,56,64,51,59,-1
Mamadi Caba Camará,Mamadi Camará,CAM++,Reading,Guinea-Bissau,EFL League One,62,73,51,58,65,42,41,-1
Amady Camara,Camara,ST++,SK Sturm Graz,Mali,Ö. Bundesliga,62,74,62,55,62,22,60,-1
Christian Camarillo,Camarillo,CB++,Metropolitanos,Venezuela,Sudamericana,62,65,26,36,39,62,67,-1
Axel Camblan,Camblan,LW++,Stade Brestois 29,France,Ligue 1 Uber Eats,62,76,54,60,66,41,40,-1
Kyle Cameron,Cameron,CB++,St. Johnstone,Scotland,cinch Prem,62,54,38,46,55,60,73,-1
Tyreece Campbell,Campbell,LW++,Charlton Ath,England,EFL League One,62,81,56,53,65,27,52,-1
Matías Campos,Campos,ST++,Everton,Chile,Sudamericana,62,47,65,45,57,27,64,-1
Tim Campulka,Campulka,CB++,Energie Cottbus,Germany,3. Liga,62,52,31,48,45,64,64,-1
Marco Camus Muñoz,Marco Camus,LM++,Valencia CF,Spain,LALIGA EA SPORTS,62,69,56,58,63,32,50,-1
Phillip Cancar,Cancar,CB++,Newcastle Jets,Australia,A-League,62,66,32,48,50,59,78,-1
Ezequiel Cannavó,Cannavó,RB++,Defensa,Argentina,Sudamericana,62,67,52,61,63,55,62,-1
Erick Cano,Cano,LW++,Universitario,Bolivia,Sudamericana,62,75,47,57,62,38,73,-1
Juan Cardozo,Cardozo,CM++,Argentinos Jrs.,Paraguay,Sudamericana,62,61,55,60,64,59,66,-1
Tobias Carlsson,Carlsson,CB++,IK Sirius,Sweden,Allsvenskan,62,51,26,44,44,63,69,-1
Tom Carroll,Carroll,CM++,MK Dons,England,EFL League Two,62,55,58,65,66,62,51,-1
Harvey Cartwright,Cartwright,GK++,Hull City,England,EFL Championship,62,62,65,57,64,29,58,-1
Niklas Castelle,Castelle,ST++,SSV Ulm 1846,Germany,Bundesliga 2,62,72,61,48,66,20,55,-1
Tomé Castro Sousa,Tomé Sousa,GK++,Boavista FC,Portugal,Liga Portugal,62,60,58,63,68,30,61,-1
Erdem Çetinkaya,Çetinkaya,RW++,Kasımpaşa,Türkiye,Trendyol Süper Lig,62,72,59,54,67,30,54,-1
Ellis Chapman,Chapman,CAM++,Sligo Rovers,England,SSE Airtricity PD,62,66,60,61,62,53,66,-1
Noah Chilvers,Chilvers,CM++,Ross County,England,cinch Prem,62,79,60,62,64,54,67,-1
Hyun Taek Cho,Cho Hyun Taek,LB++,Gimcheon Sangmu,Korea Republic,K League 1,62,72,39,52,61,57,61,-1
Mateusz Cholewiak,Cholewiak,LM++,Puszcza,Poland,PKO BP Ekstraklasa,62,83,60,55,60,57,68,-1
Frederik Christensen,Christensen,LM++,Brommapojkarna,Denmark,Allsvenskan,62,69,51,58,61,55,62,-1
Yunus Emre Çift,Çift,CB++,Samsunspor,Türkiye,Trendyol Süper Lig,62,61,31,36,42,63,66,-1
Baldovino Cimino,Cimino,RB++,Cosenza,Italy,Serie BKT,62,78,46,54,60,59,59,-1
Andrei Ciobanu,Ciobanu,CAM++,Farul Constanța,Romania,SUPERLIGA,62,68,60,63,64,33,53,-1
Thomas Claes,Claes,CM++,KRC Genk,Belgium,1A Pro League,62,63,51,66,65,36,55,-1
Max Clark,Clark,LB++,Gillingham,England,EFL League Two,62,71,46,57,59,57,69,-1
Mitch Clark,Clark,RB++,Port Vale,Wales,EFL League Two,62,72,44,54,60,56,67,-1
Ollie Clarke,Clarke,CM++,Swindon Town,England,EFL League Two,62,65,61,59,62,58,75,-1
Gabriel Cléùr,Cléùr,RB++,WS Wanderers,Australia,A-League,62,61,40,52,57,59,66,-1
Ben Close,Close,CM++,Doncaster,England,EFL League Two,62,69,60,61,62,58,64,-1
Ionuţ Coadă,Coadă,CDM++,Unirea Slobozia,Romania,SUPERLIGA,62,61,54,56,59,59,65,-1
Ryan Colclough,Colclough,LM++,Chesterfield,England,EFL League Two,62,72,57,57,63,29,57,-1
Marius Coman,Coman,ST++,Sepsi OSK,Romania,SUPERLIGA,62,64,62,48,59,30,64,-1
Mattia Compagnon,Compagnon,ST++,Catanzaro,Italy,Serie BKT,62,68,63,60,69,27,44,-1
Mark Connolly,Connolly,CB++,Derry City,Republic of Ireland,SSE Airtricity PD,62,39,36,49,43,61,71,-1
James Connolly,Connolly,CB++,Crewe Alexandra,Wales,EFL League Two,62,57,28,47,51,61,70,-1
Max Scholze,Scholze,RB++,SC Verl,Germany,3. Liga,62,64,32,44,55,63,57,-1
Youri Schoonderwaldt,Schoonderwaldt,GK++,Sparta Rotterdam,Netherlands,Eredivisie,62,62,60,58,61,20,60,-1
Mika Schroers,Schroers,LM++,Arminia Bielefeld,Germany,3. Liga,62,66,64,62,63,37,48,-1
Philipp Schulze,Schulze,GK++,SC Verl,Germany,3. Liga,62,63,60,59,65,26,60,-1
Aaron-Sky Schwarz,Schwarz,LW++,TSV Hartberg,Austria,Ö. Bundesliga,62,71,60,59,63,30,63,-1
Matías Segovia,Segovia,RM++,Al Ain FC,Paraguay,United Emirates League,62,65,56,59,63,23,40,-1
Vicko Ševelj,Ševelj,CB++,Dundee United,Croatia,cinch Prem,62,61,37,50,55,63,65,-1
Joaquin Seys,Seys,LB++,Club Brugge,Belgium,1A Pro League,62,78,27,51,60,56,52,-1
Puliang Shao,Shao Puliang,GK++,Cangzhou FC,China PR,CSL,62,58,62,63,59,33,63,-1
Khiry Shelton,Shelton,ST++,Sporting KC,United States,MLS,62,73,57,56,61,36,78,-1
Connor Shields,Shields,ST++,Chennaiyin FC,Scotland,Hero ISL,62,71,61,56,63,38,59,-1
Shola Shoretire,Shoretire,CAM++,PAOK FC,England,Hellas Liga,62,73,54,57,67,37,54,-1
Stiven Shpendi,Shpendi,ST++,Empoli,Albania,Serie A TIM,62,61,64,46,64,22,54,-1
Matías Silva,Silva,CM++,Liverpool,Uruguay,Libertadores,62,56,49,58,61,56,56,-1
Aidan Simmons,Simmons,RB++,WS Wanderers,Australia,A-League,62,76,44,54,67,55,48,-1
Christopher Simon,Simon,CDM++,Motor Lublin,Senegal,PKO BP Ekstraklasa,62,70,52,57,59,57,70,-1
Amrinder Singh,Singh,GK++,Odisha FC,India,Hero ISL,62,64,56,55,65,43,60,-1
Oskar Sivertsen,Sivertsen,LW++,Kristiansund BK,Norway,Eliteserien,62,81,56,56,63,28,39,-1
Robert Slevin,Slevin,CB++,Galway United,Republic of Ireland,SSE Airtricity PD,62,76,28,49,52,62,68,-1
Andy Smith,Smith,CB++,Hull City,England,EFL Championship,62,64,32,44,49,61,72,-1
Harry Smith,Smith,ST++,Swindon Town,England,EFL League Two,62,51,61,48,53,41,79,-1
Liam Smith,Smith,RB++,Bohemian FC,Scotland,SSE Airtricity PD,62,72,45,53,57,57,68,-1
Tommy Smith,Smith,CB++,Auckland FC,New Zealand,A-League,62,39,37,48,47,60,67,-1
Jackson Smith,Smith,GK++,Barnsley,England,EFL League One,62,61,59,59,63,37,61,-1
Hubert Sobol,Sobol,ST++,Widzew Łódź,Poland,PKO BP Ekstraklasa,62,69,63,45,57,31,59,-1
Noah Söderberg,Söderberg,CM++,Halmstads BK,Sweden,Allsvenskan,62,65,49,57,61,56,63,-1
Łukasz Sołowiej,Sołowiej,CB++,Puszcza,Poland,PKO BP Ekstraklasa,62,33,27,37,35,63,74,-1
Daniele Sommariva,Sommariva,GK++,Genoa,Italy,Serie A TIM,62,64,56,62,68,42,59,-1
Sondre Sørløkk,Sørløkk,CM++,Fredrikstad FK,Norway,Eliteserien,62,80,56,58,63,57,74,-1
Matías Sosa,Sosa,RM++,Defensa,Argentina,Sudamericana,62,69,60,57,64,25,52,-1
Jaushua Sotirio,Sotirio,RM++,Kerala Blasters,Australia,Hero ISL,62,90,61,52,58,44,76,-1
Tyrese Spicer,Spicer,LW++,Toronto FC,Trinidad and Tobago,MLS,62,70,58,54,66,32,44,-1
Tony Springett,Springett,RM++,Norwich,Republic of Ireland,EFL Championship,62,80,58,56,67,41,53,-1
Toni Stahl,Stahl,GK++,Hannover 96 II,Germany,3. Liga,62,63,61,62,64,25,61,-1
Stefan Stefanovici,Stefanovici,LB++,Politehnica Iași,Romania,SUPERLIGA,62,72,33,52,58,57,59,-1
Luca Stephenson,Stephenson,RB++,Dundee United,England,cinch Prem,62,73,48,56,61,57,65,-1
Konrad Stępień,Stępień,CDM++,Puszcza,Poland,PKO BP Ekstraklasa,62,61,30,51,47,62,73,-1
Jamie Sterry,Sterry,RB++,Doncaster,England,EFL League Two,62,71,50,56,60,56,70,-1
Manuel Stiefler,Stiefler,CB++,Unterhaching,Germany,3. Liga,62,62,50,63,65,60,72,-1
Paweł Stolarski,Stolarski,RB++,Motor Lublin,Poland,PKO BP Ekstraklasa,62,70,51,56,56,57,66,-1
Jannich Storch,Storch,GK++,Lyngby BK,Denmark,3F Superliga,62,65,58,61,63,49,59,-1
Tobias Storm,Storm,RB++,Lyngby BK,Denmark,3F Superliga,62,72,42,57,61,57,55,-1
Robert Street,Street,ST++,Lincoln City,England,EFL League One,62,67,61,52,58,30,73,-1
Nikola Štulić,Štulić,ST++,Sp. Charleroi,Serbia,1A Pro League,62,54,63,52,60,25,63,-1
Marcelo Suárez,Suárez,CB++,Always Ready,Bolivia,Sudamericana,62,59,36,48,49,62,67,-1
Martín Suárez,Suárez,CM++,Wanderers,Uruguay,Sudamericana,62,65,56,61,61,58,56,-1
Aleksandar Šušnjar,Šušnjar,CB++,Newcastle Jets,Australia,A-League,62,58,43,53,54,59,75,-1
Will Swan,Swan,ST++,Mansfield Town,England,EFL League One,62,75,61,46,61,34,59,-1
Fodé Sylla,Sylla,CDM++,Yverdon Sport FC,France,CSSL,62,57,51,59,60,60,65,-1
Youssuf Sylla,Sylla,ST++,Sp. Charleroi,Belgium,1A Pro League,62,69,61,47,61,20,72,-1
Karol Szymański,Szymański,GK++,Piast Gliwice,Poland,PKO BP Ekstraklasa,62,65,63,52,61,24,61,-1
Clayton Taylor,Taylor,LM++,Newcastle Jets,Australia,A-League,62,83,58,50,66,36,64,-1
Semir Telalovic,Telalovic,ST++,SSV Ulm 1846,Germany,Bundesliga 2,62,57,64,51,58,33,67,-1
Dom Telford,Telford,ST++,Barrow,England,EFL League Two,62,77,62,49,66,25,60,-1
Muhammet Taha Tepe,Tepe,GK++,Trabzonspor,Türkiye,Trendyol Süper Lig,62,64,65,55,63,24,56,-1
Emre Tezgel,Tezgel,ST++,Stoke City,Türkiye,EFL Championship,62,68,63,47,60,33,55,-1
Anirudh Thapa,Thapa,CM++,ATK Mohun Bagan,India,Hero ISL,62,62,52,62,64,56,66,-1
Timmy Thiele,Thiele,ST++,Energie Cottbus,Germany,3. Liga,62,66,62,50,59,22,61,-1
Conor Thomas,Thomas,CDM++,Crewe Alexandra,England,EFL League Two,62,61,55,56,59,58,75,-1
Kolbeinn Thórdarson,Thórdarson,CM++,IFK Göteborg,Iceland,Allsvenskan,62,66,48,60,58,59,67,-1
Nökkvi Þórisson,Þórisson,LM++,St. Louis CITY SC,Iceland,MLS,62,69,65,54,62,28,58,-1
Alexandru Țigănașu,Țigănașu,LB++,FC Botoșani,Romania,SUPERLIGA,62,67,51,55,52,58,70,-1
Demir Ege Tıknaz,Tıknaz,CDM++,Beşiktaş,Türkiye,Trendyol Süper Lig,62,66,48,63,67,53,61,-1
Dawid Tkacz,Tkacz,LW++,Stal Mielec,Poland,PKO BP Ekstraklasa,62,72,58,62,61,36,56,-1
Todor Todoroski,Todoroski,RB++,Politehnica Iași,North Macedonia,SUPERLIGA,62,73,35,57,57,57,60,-1
Jonathan Tomkinson,Tomkinson,CB++,Norwich,United States,EFL Championship,62,72,31,40,41,61,72,-1
Franco Tongya,Tongya,RW++,Salernitana,Italy,Serie BKT,62,71,49,65,63,37,62,-1
Thilo Töpken,Töpken,ST++,Aleman. Aachen,Germany,3. Liga,62,70,60,50,57,46,73,-1
Sebastian Tounekti,Tounekti,LM++,FK Haugesund,Tunisia,Eliteserien,62,75,54,55,65,24,52,-1
Shilow Tracey,Tracey,RM++,Crewe Alexandra,England,EFL League Two,62,86,54,55,63,42,56,-1
Kacper Trelowski,Trelowski,GK++,Raków,Poland,PKO BP Ekstraklasa,62,62,59,58,64,30,63,-1
Răzvan Trif,Trif,LB++,UTA Arad,Romania,SUPERLIGA,62,73,47,55,59,57,61,-1
Jack Tucker,Tucker,CB++,MK Dons,England,EFL League Two,62,63,30,44,49,60,77,-1
Alexandru Tudorie,Tudorie,ST++,FC Petrolul,Romania,SUPERLIGA,62,59,61,44,52,32,69,-1
Rayhaan Tulloch,Tulloch,LM++,Shelbourne,England,SSE Airtricity PD,62,78,57,54,65,24,57,-1
Jake Turner,Turner,GK++,Gillingham,England,EFL League Two,62,63,64,59,63,22,61,-1
Lukas Ullrich,Ullrich,LB++,M'gladbach,Germany,Bundesliga,62,67,43,54,62,56,61,-1
Franco Umeh-Chibueze,Umeh-Chibueze,RW++,Crystal Palace,Republic of Ireland,Premier League,62,76,60,52,64,53,60,-1
Emrecan Uzunhan,Uzunhan,CB++,Antalyaspor,Türkiye,Trendyol Süper Lig,62,64,30,44,52,60,73,-1
Sebastián Valdéz,Valdéz,CB++,Central Córdoba,Argentina,LPF,62,52,29,35,41,64,63,-1
Gonzalo Valdivia,Valdivia,LB++,Platense,Argentina,LPF,62,64,61,57,64,61,64,-1
Jack Vale,Vale,ST++,Blackburn Rovers,Wales,EFL Championship,62,72,61,50,62,26,57,-1
Jort van der Sande,van der Sande,ST++,Dundee United,Netherlands,cinch Prem,62,62,63,56,62,27,59,-1
Cristhian Vargas,Vargas,RW++,ADT,Peru,Sudamericana,62,64,60,50,66,23,43,-1
Alenis Vargas,Vargas,RW++,Sporting KC,Honduras,MLS,62,88,56,57,60,30,65,-1
Theo Vassell,Vassell,CB++,Barrow,England,EFL League Two,62,72,37,50,54,61,72,-1
Yannis Verdier,Verdier,LW++,Rodez AF,France,Ligue 2 BKT,62,62,57,60,62,30,61,-1
Kenneth Vermeer,Vermeer,GK++,PEC Zwolle,Netherlands,Eredivisie,62,62,60,64,62,45,64,-1
Valentino Vermeulen,Vermeulen,RB++,Willem II,Netherlands,Eredivisie,62,73,50,59,62,55,64,-1
Pau Víctor Delgado,Pau Víctor,ST++,FC Barcelona,Spain,LALIGA EA SPORTS,62,76,58,60,65,52,67,-1
Julio Vila,Vila,CB++,Universitario,Argentina,Sudamericana,62,64,29,36,38,62,69,-1
Ramón Vila Rovira,Ramón Vila,GK++,Córdoba CF,Spain,LALIGA HYPERMOTION,62,61,64,56,63,48,59,-1
Dionisio Villalba Rojano,Dioni,ST++,Málaga CF,Spain,LALIGA HYPERMOTION,62,58,62,47,58,25,67,-1
Agustín Villalobos,Villalobos,CM++,Godoy Cruz,Argentina,LPF,62,69,55,64,62,51,58,-1
Jaime Villamil,Villamil,LB++,Real Tomayapo,Bolivia,Sudamericana,62,73,26,52,52,55,58,-1
Radek Vitek,Vitek,GK++,Blau-Weiss Linz,Czechia,Ö. Bundesliga,62,61,62,55,62,46,59,-1
Renzo Machado,Machado,ST++,Liverpool,Uruguay,Libertadores,62,68,65,49,61,30,60,-1
Lukas MacNaughton,MacNaughton,CB++,Nashville SC,Canada,MLS,62,60,31,39,49,62,69,-1
Eros Maddy,Maddy,RM++,AJ Auxerre,Netherlands,Ligue 1 Uber Eats,62,84,55,52,66,26,48,-1
Tyler Magloire,Magloire,CB++,Northampton,England,EFL League One,62,90,33,41,52,60,72,-1
Júlíus Magnússon,Magnússon,CDM++,Fredrikstad FK,Iceland,Eliteserien,62,66,49,58,59,60,64,-1
John Mahon,Mahon,CB++,Sligo Rovers,Republic of Ireland,SSE Airtricity PD,62,53,33,45,49,60,75,-1
Curtis Main,Main,ST++,Dundee FC,England,cinch Prem,62,69,61,47,56,32,77,-1
Anthony Maisonnial,Maisonnial,GK++,SC Bastia,France,Ligue 2 BKT,62,62,60,59,66,49,60,-1
Aldo Maiz,Maiz,CM++,S. Ameliano,Paraguay,Sudamericana,62,68,49,62,65,58,55,-1
Aaron Malouda,Malouda,CAM++,LOSC Lille,France,Ligue 1 Uber Eats,62,74,54,57,67,32,44,-1
Navin Malysh,Malysh,RB++,Dynamo Kyiv,Ukraine,Ukrayina Liha,62,75,39,45,52,56,59,-1
Christopher Mamengi,Mamengi,CB++,Almere City FC,Netherlands,Eredivisie,62,70,35,47,53,59,70,-1
Parfait Mandanda,Mandanda,GK++,SM Caen,Congo DR,Ligue 2 BKT,62,62,59,61,65,41,62,-1
Alassan Manjam Gutiérrez,Alassan,LM++,CD Tenerife,Spain,LALIGA HYPERMOTION,62,85,58,56,64,35,51,-1
Hector Manrique,Manrique,CAM++,Caracas F.C.,Venezuela,Libertadores,62,83,49,56,70,33,45,-1
Agustín Manzur,Manzur,CM++,Guaraní,Argentina,Sudamericana,62,67,52,57,62,59,61,-1
George Maris,Maris,CM++,Mansfield Town,England,EFL League One,62,68,58,61,62,58,66,-1
Benjamin Markuš,Markuš,CDM++,TSV Hartberg,Slovenia,Ö. Bundesliga,62,64,39,51,56,62,65,-1
John Marquis,Marquis,ST++,Shrewsbury,England,EFL League One,62,51,62,51,58,39,79,-1
Max Mata,Mata,ST++,Auckland FC,New Zealand,A-League,62,72,61,48,58,24,72,-1
Kuryu Matsuki,Matsuki,CM++,Göztepe,Japan,Trendyol Süper Lig,62,66,61,58,61,58,71,-1
Noam Mayoka-Tika,Mayoka-Tika,CM++,Sp. Charleroi,Belgium,1A Pro League,62,58,51,61,60,58,61,-1
Luke Mbete,Mbete,CB++,Northampton,England,EFL League One,62,70,32,48,58,59,71,-1
Conor McAleny,McAleny,LW++,Salford City,England,EFL League Two,62,80,60,56,64,26,55,-1
Alfie McCalmont,McCalmont,CM++,Central Coast,Northern Ireland,A-League,62,65,58,59,66,56,62,-1
Rod McDonald,McDonald,CB++,Notts County,England,EFL League Two,62,49,30,46,48,61,74,-1
George McEachran,McEachran,CM++,Grimsby Town,England,EFL League Two,62,60,45,63,65,57,52,-1
Dylan McGeouch,McGeouch,CM++,Carlisle United,Scotland,EFL League Two,62,57,53,61,63,59,66,-1
JJ McKiernan,McKiernan,CAM++,Lincoln City,Northern Ireland,EFL League One,62,75,59,59,63,44,64,-1
Callum McManaman,McManaman,RM++,Wigan Athletic,England,EFL League One,62,66,59,59,64,30,60,-1
Paul McMullan,McMullan,RM++,Derry City,Scotland,SSE Airtricity PD,62,76,52,58,62,27,44,-1
Charlie McNeill,McNeill,ST++,Sheffield Wed,England,EFL Championship,62,70,63,55,61,22,60,-1
Daylam Meddah,Meddah,CB++,SM Caen,France,Ligue 2 BKT,62,68,44,55,64,59,64,-1
Marlon Medranda,Medranda,LB++,Técnico U.,Ecuador,Sudamericana,62,71,37,54,59,58,68,-1
Richard Meier,Meier,ST++,SV Sandhausen,Germany,3. Liga,62,64,61,50,60,34,70,-1
Marcel Mendes-Dudziński,Mendes-Dudziński,GK++,Legia Warszawa,Poland,PKO BP Ekstraklasa,62,66,61,58,68,19,59,-1
Jacob Mendy,Mendy,LB++,Wrexham AFC,Gambia,EFL League One,62,89,42,53,58,54,70,-1
José Menor Molinero,José Menor,ST++,Burgos CF,Spain,LALIGA HYPERMOTION,62,74,66,51,62,23,46,-1
Kai Meriluoto,Meriluoto,ST++,HJK Helsinki,Finland,Finnliiga,62,73,61,52,64,19,56,-1
Leny Meyer,Meyer,LB++,FC Luzern,Switzerland,CSSL,62,61,39,54,60,60,58,-1
Andreas Mihaiu,Mihaiu,RM++,FC Gloria Buzău,Romania,SUPERLIGA,62,74,55,56,62,21,54,-1
George Miller,Miller,ST++,Cheltenham Town,England,EFL League Two,62,83,61,51,61,37,69,-1
Stanley Mills,Mills,RM++,Everton,England,Premier League,62,69,63,55,65,30,51,-1
Sang Gi Min,Min Sang Gi,CB++,Pohang Steelers,Korea Republic,K League 1,62,67,41,50,52,60,71,-1
Mariano Miño,Miño,RM++,Delfín S.C.,Argentina,Sudamericana,62,60,61,62,68,48,36,-1
Kevin Miranda,Miranda,CB++,Sassuolo,Italy,Serie BKT,62,53,31,39,37,64,63,-1
Akash Mishra,Mishra,LB++,Mumbai City FC,India,Hero ISL,62,74,40,52,56,57,72,-1
Jae Hyeon Mo,Mo Jae Hyeon,RM++,Gimcheon Sangmu,Korea Republic,K League 1,62,77,61,55,64,22,59,-1
Baran Mogultay,Mogultay,LB++,B. Dortmund II,Germany,3. Liga,62,72,39,54,59,56,58,-1
Yannik Möker,Möker,CDM++,Energie Cottbus,Germany,3. Liga,62,73,52,56,60,58,68,-1
Stian Molde,Molde,LB++,Fredrikstad FK,Norway,Eliteserien,62,68,46,55,60,59,61,-1
Estivel Moreira,Moreira,CM++,Guaraní,Paraguay,Sudamericana,62,72,48,61,60,57,57,-1
Cláudio Moreira Silva,Cláudio Silva,CB++,Politehnica Iași,Portugal,SUPERLIGA,62,50,29,41,37,63,64,-1
Marco Moreno Ojeda,Marco Moreno,CB++,Farense,Spain,Liga Portugal,62,58,33,43,46,60,72,-1
Rodrigo Morínigo,Morínigo,GK++,Libertad,Paraguay,Libertadores,62,61,58,59,65,29,62,-1
Kieron Morris,Morris,LM++,Tranmere Rovers,England,EFL League Two,62,67,60,58,64,53,67,-1
Jack Moylan,Moylan,ST++,Lincoln City,Republic of Ireland,EFL League One,62,73,62,58,64,45,62,-1
Samuel Mráz,Mráz,ST++,Motor Lublin,Slovakia,PKO BP Ekstraklasa,62,72,60,53,62,32,58,-1
Vlad Muțiu,Muțiu,GK++,FC Hermannstadt,Romania,SUPERLIGA,62,64,60,57,65,19,60,-1
Pierre Nadjombe,Nadjombe,RB++,1. FC Magdeburg,Togo,Bundesliga 2,62,72,45,52,64,58,60,-1
Shuma Nagamatsu,Nagamatsu,CAM++,Korona Kielce,Japan,PKO BP Ekstraklasa,62,71,53,60,64,34,47,-1
Amine Naïfi,Naïfi,ST++,Saarbrücken,France,3. Liga,62,80,61,59,68,32,54,-1
Arkadiusz Najemski,Najemski,CB++,Motor Lublin,Poland,PKO BP Ekstraklasa,62,58,24,34,41,63,75,-1
Amjhad Nazih,Nazih,GK++,Stade Lavallois,Morocco,Ligue 2 BKT,62,66,61,59,65,41,58,-1
Elliot Newby,Newby,LB++,Barrow,England,EFL League Two,62,77,45,59,62,52,61,-1
Oumar Ngom,Ngom,CM++,Pau FC,Mauritania,Ligue 2 BKT,62,60,48,58,65,61,65,-1
Aurélien Nguiamba,Nguiamba,CM++,Jagiellonia,France,PKO BP Ekstraklasa,62,66,47,59,62,59,67,-1
Tom Nichols,Nichols,ST++,Mansfield Town,England,EFL League One,62,76,60,59,65,41,67,-1
Mathys Niflore,Niflore,GK++,Toulouse FC,France,Ligue 1 Uber Eats,62,64,63,62,64,39,61,-1
Will Nightingale,Nightingale,CB++,Ross County,England,cinch Prem,62,53,33,47,52,61,70,-1
Axel Norén,Norén,CB++,GAIS,Sweden,Allsvenskan,62,53,28,41,37,63,70,-1
Dominik Nothnagel,Nothnagel,CB++,VfB Stuttgart II,Germany,3. Liga,62,69,42,53,56,62,66,-1
Charly Nouck,Nouck,LW++,Viborg FF,Denmark,3F Superliga,62,87,50,46,69,22,51,-1
Patrick Nwadike,Nwadike,CB++,IK Sirius,Sweden,Allsvenskan,62,54,36,50,56,60,74,-1
Silas Nwankwo,Nwankwo,ST++,Mjällby AIF,Nigeria,Allsvenskan,62,82,59,46,61,27,72,-1
Moses Nyeman,Nyeman,CDM++,Minnesota United,United States,MLS,62,70,40,57,65,58,50,-1
Richard O'Donnell,O'Donnell,GK++,Blackpool,England,EFL League One,62,62,62,60,62,52,62,-1
Gary O'Neill,O'Neill,CM++,Shamrock Rovers,Republic of Ireland,SSE Airtricity PD,62,51,56,62,60,61,69,-1
Adam O'Reilly,O'Reilly,CDM++,Derry City,Republic of Ireland,SSE Airtricity PD,62,64,46,58,65,56,65,-1
Kevin O'Toole,O'Toole,LB++,New York City FC,United States,MLS,62,67,53,51,63,59,60,-1
Rhys Oates,Oates,ST++,Mansfield Town,England,EFL League One,62,83,60,51,61,38,72,-1
Ayo Obileye,Obileye,CB++,Cangzhou FC,England,CSL,62,69,51,51,50,59,76,-1
Wilmer Odefalk,Odefalk,CM++,Brommapojkarna,Sweden,Allsvenskan,62,67,56,59,64,54,58,-1
Obilor Denzel Okeke,Okeke,LW++,KFUM-Kameratene,Norway,Eliteserien,62,78,59,55,65,21,60,-1
Armstrong Oko-Flex,Oko-Flex,LM++,FC Zürich,Republic of Ireland,CSSL,62,78,59,52,66,26,56,-1
João Pedro Oliveira,João Oliveira,GK++,Vitória SC,Portugal,Liga Portugal,62,62,57,56,64,22,61,-1
Alberto Oliveira Baio,Alberto Costa,RB++,Vitória SC,Portugal,Liga Portugal,62,67,32,51,57,59,56,-1
César Olmedo,Olmedo,RB++,Olimpia,Paraguay,Sudamericana,62,75,59,58,63,54,61,-1
Elias Olsson,Olsson,CB++,Lechia Gdańsk,Sweden,PKO BP Ekstraklasa,62,68,24,38,45,63,68,-1
Toyosi Olusanya,Olusanya,ST++,St. Mirren,England,cinch Prem,62,83,59,51,64,22,42,-1
Promise Omochere,Omochere,ST++,Bristol Rovers,Republic of Ireland,EFL League One,62,74,59,55,63,43,73,-1
Justin Omoregie,Omoregie,CDM++,TSV Hartberg,Austria,Ö. Bundesliga,62,69,52,60,63,60,61,-1
Wyatt Omsberg,Omsberg,CB++,Chicago Fire FC,United States,MLS,62,39,24,40,34,63,71,-1
Octavio Ontivero,Ontivero,LB++,Lanús,Argentina,Sudamericana,62,70,36,53,61,59,54,-1
Sondre Ørjasæter,Ørjasæter,LM++,Sarpsborg 08,Norway,Eliteserien,62,77,51,54,66,30,53,-1
Darius Oroian,Oroian,RB++,Sepsi OSK,Romania,SUPERLIGA,62,79,41,56,54,56,59,-1
Nando Pijnaker,Pijnaker,CB++,Sligo Rovers,New Zealand,SSE Airtricity PD,62,48,41,52,50,61,74,-1
Alex Gilliead,Gilliead,CM++,Shrewsbury,England,EFL League One,62,73,56,58,64,57,73,-1
Harrison Biggins,Biggins,CM++,Carlisle United,England,EFL League Two,62,54,56,60,63,57,65,-1
Jack Vale,Vale,ST++,Motherwell,Wales,cinch Prem,62,72,61,50,62,26,57,-1
Oliver Petersen,Petersen,GK++,Lillestrøm SK,Norway,Eliteserien,62,64,62,62,64,41,61,-1
Khalid Al Ghannam,Al Ghannam,LM++,Al Hilal,Saudi Arabia,ROSHN Saudi League,62,71,53,53,72,29,44,-1
Nando Pijnaker,Pijnaker,CB++,Auckland FC,New Zealand,A-League,62,48,41,52,50,61,74,-1
Kian Harratt,Harratt,ST++,Fleetwood Town,England,EFL League Two,62,75,59,40,61,23,68,-1
Will Swan,Swan,ST++,Crawley Town,England,EFL League One,62,75,61,46,61,34,59,-1
Kaide Gordon,Gordon,RW++,Norwich,England,EFL Championship,62,71,57,54,67,25,44,-1
Kylian Kouassi,Kouassi,ST++,Salford City,England,EFL League Two,62,75,60,48,62,34,68,-1
Noel López de la Fuente,Noel,ST++,CA Osasuna,Spain,LALIGA EA SPORTS,62,65,62,55,63,28,46,-1
Jonatas Santos,Jonatas Santos,RM++,Al Ain FC,United Arab Emirates,United Emirates League,62,82,60,53,65,26,59,-1
Alexandru Jipa,Jipa,LM++,FC Gloria Buzău,Romania,SUPERLIGA,62,80,50,54,62,50,63,-1
Leny Meyer,Meyer,LB++,VfB Stuttgart II,Switzerland,3. Liga,62,61,39,54,60,60,58,-1
Matías Silva,Silva,CM++,Cerro Largo,Uruguay,Sudamericana,62,56,49,58,61,56,56,-1
Mo Faal,Faal,ST++,Wrexham AFC,Gambia,EFL League One,62,73,59,44,61,24,70,-1
Omar El Sawy,El Sawy,CAM++,Sepsi OSK,Romania,SUPERLIGA,62,80,55,58,67,33,46,-1
Stiven Shpendi,Shpendi,ST++,Carrarese Calcio,Albania,Serie BKT,62,61,64,46,64,22,54,-1
Conrad Harder,Harder,ST++,Sporting CP,Denmark,Liga Portugal,62,74,61,47,63,23,60,-1
Demir Ege Tıknaz,Tıknaz,CDM++,Rio Ave FC,Türkiye,Liga Portugal,62,66,48,63,67,53,61,-1
Lorenzo Lucchesi,Lucchesi,CB++,Reggiana,Italy,Serie BKT,62,57,30,45,50,62,67,-1
Iker Almena Horcajo,Iker Almena,RM++,Al Qadisiyah,Spain,ROSHN Saudi League,62,73,54,56,63,25,46,-1
Jackson Smith,Smith,GK++,Grimsby Town,England,EFL League Two,62,61,59,59,63,37,61,-1
Emre Tezgel,Tezgel,ST++,Stoke City,England,EFL Championship,62,68,63,47,60,33,55,-1
Trent Buhagiar,Buhagiar,ST++,Brisigonza,Malta,Serie BKT,62,93,57,52,62,33,64,-1
Deniz Gül,Gül,ST++,FC Porto,Türkiye,Liga Portugal,62,65,61,48,60,25,64,-1
Cordero Campillo,Antoñito Cordero,LM++,Málaga CF,Spain,LALIGA HYPERMOTION,62,74,60,58,63,31,52,-1
Yoon Gu Kang,Kang Yoon Gu,RM++,Gangwon FC,Korea Republic,K League 1,62,68,49,60,63,35,59,-1
Joel Persson,Persson,ST++,Lecce,Sweden,Serie A TIM,62,54,60,42,56,31,71,-1
Seán Hoare,Hoare,CB++,St. Pats,Republic of Ireland,SSE Airtricity PD,62,37,35,49,48,62,70,-1
Luke Plange,Plange,ST++,Crystal Palace,England,Premier League,62,68,63,49,64,33,54,-1
Mariano Miño,Miño,RM++,Belgrano,Argentina,Sudamericana,62,60,61,62,68,48,36,-1
Aaron Pressley,Pressley,ST++,Barrow,Scotland,EFL League Two,62,70,59,44,56,24,75,-1
Lukas MacNaughton,MacNaughton,CB++,D.C. United,Canada,MLS,62,60,31,39,49,62,69,-1
Robert Street,Street,ST++,Doncaster,England,EFL League Two,62,67,61,52,58,30,73,-1
Xiaobin Zhang,Zhang Xiaobin,CM++,SZ Peng City,China PR,CSL,62,57,55,57,57,58,74,-1
Noah Söderberg,Söderberg,CM++,IF Elfsborg,Sweden,Allsvenskan,62,65,49,57,61,56,63,-1
Kyle Cameron,Cameron,CB++,Barrow,Scotland,EFL League Two,62,54,38,46,55,60,73,-1
Fredrik Hammar,Hammar,CM++,KV Mechelen,Sweden,1A Pro League,62,66,54,58,65,58,71,-1
Ellis Chapman,Chapman,CAM++,Shelbourne,England,SSE Airtricity PD,62,66,60,61,62,53,66,-1
Jiabao Ji,Ji Jiabao,GK++,SZ Peng City,China PR,CSL,62,59,60,56,69,16,58,-1
Niklas Castelle,Castelle,ST++,Aleman. Aachen,Germany,3. Liga,62,72,61,48,66,20,55,-1
Isak Hansen-Aarøen,Hansen-Aarøen,CAM++,AaB,Norway,3F Superliga,62,70,50,60,68,47,50,-1
Sang Yoon Kang,Kang Sang Yoon,CM++,Jeonbuk Hyundai,Korea Republic,K League 1,62,72,51,58,65,53,57,-1
Youssuf Sylla,Sylla,ST++,Willem II,Belgium,Eredivisie,62,69,61,47,61,20,72,-1
Arijon Ibrahimovic,Ibrahimovic,LW++,Latium,Germany,Serie A TIM,62,59,62,56,67,26,48,-1
Razvan Pa?calau,Pa?calau,CB++,UTA Arad,Romania,SUPERLIGA,62,61,37,45,43,62,69,-1
Tom Nichols,Nichols,ST++,Swindon Town,England,EFL League Two,62,76,60,59,65,41,67,-1
Micah Hamilton,Hamilton,LW++,Stockport,England,EFL League One,62,75,61,56,65,29,49,-1
Dennis Kaygin,Kaygin,CAM++,Willem II,Germany,Eredivisie,62,71,62,63,63,41,57,-1
Jack Tucker,Tucker,CB++,Colchester,England,EFL League Two,62,63,30,44,49,60,77,-1
Aaron-Sky Schwarz,Schwarz,LW++,Austria Klagenfurt,Austria,Ö. Bundesliga,62,71,60,59,63,30,63,-1
Nökkvi Þórisson,Þórisson,LM++,Sparta Rotterdam,Iceland,Eredivisie,62,69,65,54,62,28,58,-1
Stefano Girelli,Girelli,CM++,Salernitana,Italy,Serie BKT,62,63,48,57,67,50,46,-1
Charlie Crew,Crew,CDM++,Doncaster,Wales,EFL League Two,62,64,33,57,61,57,59,-1
Jonathan Tomkinson,Tomkinson,CB++,Ross County,United States,cinch Prem,62,72,31,40,41,61,72,-1
JJ McKiernan,McKiernan,CAM++,Burton Albion,Northern Ireland,EFL League One,62,75,59,59,63,44,64,-1
Harvey Lintott,Lintott,RB++,Sligo Rovers,England,SSE Airtricity PD,62,79,40,47,57,57,75,-1
Luke Plange,Plange,ST++,Motherwell,England,cinch Prem,62,68,63,49,64,33,54,-1
Jacob Wright,Wright,CDM++,Norwich,England,EFL Championship,62,64,52,62,62,57,57,-1
Kaide Gordon,Gordon,RW++,Portsmouth,England,EFL Championship,62,71,57,54,67,25,44,-1
Andy Smith,Smith,CB++,Gillingham,England,EFL League Two,62,64,32,44,49,61,72,-1
João Pedro Reginaldo,João Pedro,LB++,Rio Ave FC,Brazil,Liga Portugal,62,58,27,52,48,62,66,-1
Tom Bloxham,Bloxham,RM++,Blackpool,England,EFL League One,62,77,59,53,61,27,67,-1
Yousef Salech,Salech,ST++,Cardiff City,Denmark,EFL Championship,62,66,61,42,61,20,67,-1
Sebastián Valdéz,Valdéz,CB++,Independiente,Argentina,LPF,62,52,29,35,41,64,63,-1
Sondre Liseth,Liseth,CAM++,Górnik Zabrze,Norway,PKO BP Ekstraklasa,62,62,57,58,63,30,65,-1
Puliang Shao,Shao Puliang,GK++,Wuhan 3 Towns,China PR,CSL,62,58,62,63,59,33,63,-1
Chengjian Liao,Liao Chengjian,RB++,Wuhan 3 Towns,China PR,CSL,62,68,36,49,52,58,69,-1
Wyatt Omsberg,Omsberg,CB++,New England,United States,MLS,62,39,24,40,34,63,71,-1
Alberto Oliveira Baio,Alberto Costa,RB++,Juventus,Portugal,Serie A TIM,62,67,32,51,57,59,56,-1
Dalun Zheng,Zheng Dalun,RM++,Henan SSLM FC,China PR,CSL,62,79,55,56,66,49,54,-1
Mateo Pellegrino,Pellegrino,ST++,Vélez Sarsfield,Argentina,LPF,62,54,63,46,57,30,69,-1
Jaushua Sotirio,Sotirio,RM++,Sydney FC,Australia,A-League,62,90,61,52,58,44,76,-1
Marc Llinares Barragán,Marc Llinares,LB++,Śląsk Wrocław,Spain,PKO BP Ekstraklasa,62,71,42,55,61,58,62,-1
Min Jun Kim,Kim Min Jun,RW++,Gangwon FC,Korea Republic,K League 1,62,79,57,58,63,29,68,-1
Tristan Crama,Crama,CB++,Millwall,France,EFL Championship,62,59,31,46,53,62,65,-1
Pritam Kotal,Kotal,CB++,Chennaiyin FC,India,Hero ISL,62,67,40,47,52,61,78,-1
Sang Gi Min,Min Sang Gi,CB++,GwangJu FC,Korea Republic,K League 1,62,67,41,50,52,60,71,-1
MJ Williams,Williams,CDM++,Barrow,Wales,EFL League Two,62,50,45,56,55,61,71,-1
Joshua Kayode,Kayode,ST++,Rotherham Utd,Republic of Ireland,EFL League One,62,73,60,52,60,23,66,-1
Christoffer Aasbak,Aasbak,LB++,Kristiansund BK,Norway,Eliteserien,61,52,53,61,61,58,68,-1
Abduhamit Abdugheni,Abdugheni,RB++,Changchun Yatai,China PR,CSL,61,77,42,48,60,57,71,-1
Sahal Abdul Samad,Abdul Samad,CM++,ATK Mohun Bagan,India,Hero ISL,61,53,51,63,62,55,59,-1
Jalal Abdullai,Abdullai,ST++,IF Elfsborg,Ghana,Allsvenskan,61,76,59,54,61,26,58,-1
Mohamed Achi,Achi,CM++,Rodez AF,France,Ligue 2 BKT,61,65,49,61,66,56,50,-1
Mo Adams,Adams,CDM++,Al Khaleej,England,ROSHN Saudi League,61,60,48,52,61,61,62,-1
Emmanuel Adegboyega,Adegboyega,CB++,Dundee United,Republic of Ireland,cinch Prem,61,60,36,41,45,61,72,-1
Dan Adu-Adjei,Adu-Adjei,ST++,Carlisle United,England,EFL League Two,61,77,61,49,60,27,51,-1
Christ Afalna,Afalna,CAM++,Unirea Slobozia,Cameroon,SUPERLIGA,61,68,61,56,60,46,61,-1
Oscar Aga,Aga,ST++,Fredrikstad FK,Norway,Eliteserien,61,71,59,41,60,22,58,-1
Alexander Ahl Holmström,Ahl Holmström,ST++,GAIS,Sweden,Allsvenskan,61,70,60,42,58,29,75,-1
Abdelhamid Ait Boudlal,Ait Boudlal,CB++,Stade Rennais FC,Morocco,Ligue 1 Uber Eats,61,68,30,47,47,60,66,-1
Mohammed Al Baqawi,Al Baqawi,CB++,Al Fayha,Saudi Arabia,ROSHN Saudi League,61,72,28,54,54,60,70,-1
Hussain Al Eissa,Al Eissa,LM++,Al Wehda,Saudi Arabia,ROSHN Saudi League,61,83,50,52,65,43,61,-1
Marwan Al Haidari,Al Haidari,GK++,Al Khaleej,Saudi Arabia,ROSHN Saudi League,61,60,56,55,60,31,65,-1
Abdullah Al Hamdan,Al Hamdan,ST++,Al Hilal,Saudi Arabia,ROSHN Saudi League,61,71,59,58,60,34,65,-1
Ziyad Al Johani,Al Johani,CM++,Al Ahli,Saudi Arabia,ROSHN Saudi League,61,64,44,59,60,59,56,-1
Nouh Al Mousa,Al Mousa,CDM++,Al Fateh,Saudi Arabia,ROSHN Saudi League,61,42,52,61,63,59,61,-1
Fahad Al Muwallad,Al Muwallad,LM++,Al Shabab,Saudi Arabia,ROSHN Saudi League,61,84,58,55,60,44,62,-1
Eid Al Muwallad,Al Muwallad,CDM++,Al Okhdood,Saudi Arabia,ROSHN Saudi League,61,66,41,53,55,59,62,-1
Salem Al Najdi,Al Najdi,LB++,Al Nassr,Saudi Arabia,ROSHN Saudi League,61,66,35,46,54,60,60,-1
Mohammed Al Qahtani,Al Qahtani,RM++,Al Hilal,Saudi Arabia,ROSHN Saudi League,61,78,50,52,66,29,46,-1
Ahmad Al Ruhaili,Al Ruhaili,GK++,Ettifaq FC,Saudi Arabia,ROSHN Saudi League,61,62,59,55,59,39,60,-1
Abdulrahman Al Safri,Al Safri,CDM++,Al Kholood,Saudi Arabia,ROSHN Saudi League,61,55,36,57,58,56,67,-1
Abdullah Al Salem,Al Salem,ST++,Al Khaleej,Saudi Arabia,ROSHN Saudi League,61,58,61,58,59,52,70,-1
Khaled Al Samiri,Al Samiri,CM++,Al Khaleej,Saudi Arabia,ROSHN Saudi League,61,56,50,60,66,57,60,-1
Mohammed Al Shuwayrikh,Al Shuwayrikh,CB++,Al Riyadh,Saudi Arabia,ROSHN Saudi League,61,61,29,47,52,60,66,-1
Hussain Al Zabdani,Al Zabdani,RB++,Al Okhdood,Saudi Arabia,ROSHN Saudi League,61,71,30,49,55,58,63,-1
Ibrahim Al Zubaidi,Al Zubaidi,LB++,Al Orobah,Saudi Arabia,ROSHN Saudi League,61,66,33,54,63,57,65,-1
Mohamed Al-Taay,Al-Taay,CDM++,Well. Phoenix,Iraq,A-League,61,73,46,52,59,59,69,-1
Edgar Alcañiz Baldovi,Edgar Alcañiz,CM++,Levante UD,Spain,LALIGA HYPERMOTION,61,62,53,60,61,54,49,-1
Agustín Alcaraz,Alcaraz,CDM++,Real Tomayapo,Argentina,Sudamericana,61,62,50,58,60,55,61,-1
Ayoub Aleesami,Aleesami,CB++,KFUM-Kameratene,Norway,Eliteserien,61,68,36,43,49,59,72,-1
Taylor Allen,Allen,CB++,Walsall,England,EFL League Two,61,77,50,54,58,59,71,-1
Fernando Álvarez,Álvarez,CB++,CF Montréal,Colombia,MLS,61,67,34,43,45,60,68,-1
Will Alves,Alves,CAM++,Leicester City,England,Premier League,61,66,53,60,65,45,52,-1
Ricardo Alves,Alves,CAM++,Yverdon Sport FC,Switzerland,CSSL,61,70,44,59,70,48,44,-1
Nelson Amadin,Amadin,RM++,TSV Hartberg,Netherlands,Ö. Bundesliga,61,74,58,56,62,26,48,-1
Lukáš Ambros,Ambros,CAM++,Górnik Zabrze,Czechia,PKO BP Ekstraklasa,61,68,50,58,66,38,44,-1
Samuel Amo-Ameyaw,Amo-Ameyaw,LW++,Southampton,England,Premier League,61,78,54,53,65,28,40,-1
Pádraig Amond,Amond,ST++,Waterford,Republic of Ireland,SSE Airtricity PD,61,36,64,50,59,33,67,-1
Adriano Luís Amorim Santos,Adriano,ST++,Raków,Brazil,PKO BP Ekstraklasa,61,79,57,61,69,24,53,-1
Harry Anderson,Anderson,RM++,Colchester,England,EFL League Two,61,82,54,55,61,50,72,-1
Ayman Aourir,Aourir,CAM++,Leverkusen,Morocco,Bundesliga,61,66,54,59,67,42,39,-1
Thomas Aquilina,Aquilina,RM++,Newcastle Jets,Australia,A-League,61,81,45,55,62,53,63,-1
Telmo Arcanjo,Telmo Arcanjo,CAM++,Vitória SC,Cape Verde Islands,Liga Portugal,61,69,51,60,64,38,50,-1
Mateo Argüello,Argüello,RB++,Danubio,Uruguay,Sudamericana,61,67,37,47,53,63,61,-1
Nahuel Arias,Arias,RB++,San Lorenzo,Argentina,Libertadores,61,71,40,52,59,56,54,-1
Emilio Aristizábal,Aristizábal,ST++,Atl. Nacional,Colombia,Liga Colombia,61,72,62,42,60,22,62,-1
Maleace Asamoah,Asamoah,RM++,Fleetwood Town,England,EFL League Two,61,84,55,48,66,29,56,-1
Patric Åslund,Åslund,CM++,Djurgårdens IF,Sweden,Allsvenskan,61,69,61,61,62,39,57,-1
Loick Ayina,Ayina,CB++,Huddersfield,Congo,EFL League One,61,83,29,47,55,58,67,-1
Marcus Baggesen,Baggesen,LB++,IFK Norrköping,Denmark,Allsvenskan,61,75,31,56,62,52,60,-1
Yang Bai,Bai Yang,CB++,Beijing Guoan,China PR,CSL,61,57,26,36,37,60,68,-1
Ignacio Bailone,Bailone,ST++,Club Nacional,Argentina,Sudamericana,61,54,60,51,58,34,65,-1
Elias Bakatukanda,Bakatukanda,CB++,1. FC Köln,Germany,Bundesliga 2,61,64,25,33,38,63,60,-1
Anas Bakhat,Bakhat,CAM++,Aleman. Aachen,Germany,3. Liga,61,70,52,57,65,46,64,-1
James Balagizi,Balagizi,CM++,Liverpool,England,Premier League,61,76,61,59,65,46,66,-1
Ellery Balcombe,Balcombe,GK++,St. Mirren,England,cinch Prem,61,61,59,61,64,39,59,-1
Aden Baldwin,Baldwin,CB++,Bradford City,England,EFL League Two,61,68,40,48,52,59,69,-1
Noahkai Banks,Banks,CB++,FC Augsburg,United States,Bundesliga,61,61,34,48,46,61,67,-1
Ollie Banks,Banks,CM++,Chesterfield,England,EFL League Two,61,53,62,61,57,57,80,-1
Tammer Bany,Bany,ST++,Randers FC,Denmark,3F Superliga,61,69,62,50,63,19,59,-1
Moussa Baradji,Baradji,CM++,Yverdon Sport FC,France,CSSL,61,67,51,58,57,56,60,-1
Hugo Barbet,Barbet,GK++,FC Nantes,France,Ligue 1 Uber Eats,61,62,58,59,64,35,57,-1
Cristian Bărbuț,Bărbuț,RM++,Unirea Slobozia,Romania,SUPERLIGA,61,84,56,54,63,30,52,-1
Tom Barlow,Barlow,ST++,Chicago Fire FC,United States,MLS,61,77,57,49,54,35,77,-1
Abubakr Barry,Barry,CM++,FK Austria Wien,Gambia,Ö. Bundesliga,61,66,54,60,62,51,72,-1
Elias Baum,Baum,RB++,SV Elversberg,Germany,Bundesliga 2,61,68,40,53,63,57,57,-1
Frederic Baum,Baum,CDM++,Aleman. Aachen,Germany,3. Liga,61,71,52,53,54,62,67,-1
Luis Becerra,Becerra,CB++,Delfín S.C.,Ecuador,Sudamericana,61,71,50,55,60,59,64,-1
Jan Bekkema,Bekkema,GK++,sc Heerenveen,Netherlands,Eredivisie,61,62,57,50,63,25,62,-1
Eghosa Bello,Bello,ST++,Granada CF,Nigeria,LALIGA HYPERMOTION,61,65,60,45,54,19,65,-1
Pierre Bellolio,Bellolio,GK++,Delfín S.C.,Ecuador,Sudamericana,61,60,59,60,60,28,60,-1
James Belshaw,Belshaw,GK++,Harrogate Town,England,EFL League Two,61,61,59,60,63,50,61,-1
Nehuen Benedetti,Benedetti,CM++,Estudiantes,Argentina,Libertadores,61,70,54,59,64,54,61,-1
Victory Beniangba,Beniangba,ST++,Servette FC,Nigeria,CSSL,61,60,64,44,49,21,57,-1
Frankarlos Benítez,Benítez,GK++,Caracas F.C.,Venezuela,Libertadores,61,64,63,62,61,32,62,-1
Scot Bennett,Bennett,CDM++,Cheltenham Town,England,EFL League Two,61,37,50,50,51,61,70,-1
Rhys Bennett,Bennett,CB++,Manchester Utd,England,Premier League,61,59,37,48,52,59,66,-1
Robbie Benson,Benson,CAM++,Dundalk,Republic of Ireland,SSE Airtricity PD,61,48,61,62,62,48,56,-1
Vicente Bernedo,Bernedo,GK++,Uni. Católica,Chile,Sudamericana,61,62,61,60,63,27,55,-1
Joel Bichsel,Bichsel,CB++,BSC Young Boys,Switzerland,CSSL,61,54,29,41,43,60,67,-1
Noah Bischof,Bischof,ST++,SK Rapid Wien,Austria,Ö. Bundesliga,61,78,59,49,64,22,55,-1
Clement Bischoff,Bischoff,LB++,Brøndby IF,Denmark,3F Superliga,61,69,48,58,64,54,59,-1
Parfait Bizoza,Bizoza,CM++,FK Haugesund,Burundi,Eliteserien,61,65,54,55,62,62,72,-1
Carl Björk,Björk,ST++,IFK Norrköping,Sweden,Allsvenskan,61,78,59,52,60,27,63,-1
Ernest Boahene,Boahene,RB++,Strømsgodset IF,Ghana,Eliteserien,61,75,44,53,62,56,60,-1
Thomas Boakye,Boakye,RM++,Halmstads BK,Ghana,Allsvenskan,61,82,45,54,62,56,64,-1
Donny Bogicevic,Bogicevic,CAM++,Viktoria Köln,Germany,3. Liga,61,63,57,55,61,30,61,-1
Hugo Bolin,Bolin,CAM++,Malmö FF,Sweden,Allsvenskan,61,76,58,53,67,37,52,-1
Joshua Bolma,Bolma,LM++,New England,Ghana,MLS,61,75,57,52,68,21,36,-1
Giovanni Bonfanti,Bonfanti,CB++,Pisa,Italy,Serie BKT,61,39,35,49,50,65,56,-1
Gennaro Borrelli,Borrelli,ST++,Brisigonza,Italy,Serie BKT,61,45,60,38,55,24,62,-1
Ivann Botella,Botella,CAM++,Red Star FC,France,Ligue 2 BKT,61,63,62,56,61,32,63,-1
Nikolaos Botis,Botis,GK++,Olympiacos FC,Greece,Hellas Liga,61,64,60,55,63,31,60,-1
Théo Bouchlarhem,Bouchlarhem,LM++,FC Sion,France,CSSL,61,68,61,60,60,46,48,-1
Dean Bouzanis,Bouzanis,GK++,Stevenage,Australia,EFL League One,61,61,59,63,61,59,60,-1
Ryan Bowman,Bowman,ST++,Cheltenham Town,England,EFL League Two,61,58,60,47,59,31,78,-1
Ronan Boyce,Boyce,RB++,Derry City,Republic of Ireland,SSE Airtricity PD,61,65,48,55,57,57,65,-1
Coniah Boyce-Clarke,Boyce-Clarke,GK++,Reading,Jamaica,EFL League One,61,58,56,65,64,28,61,-1
Mustafa Burak Bozan,Bozan,GK++,Gaziantep,Türkiye,Trendyol Süper Lig,61,63,60,64,62,19,58,-1
Rosen Bozhinov,Bozhinov,CB++,Royal Antwerp FC,Bulgaria,1A Pro League,61,63,31,49,50,60,64,-1
Tom Bradbury,Bradbury,CB++,Cheltenham Town,England,EFL League Two,61,59,34,44,49,60,73,-1
Jascha Brandt,Brandt,CAM++,SC Paderborn 07,Germany,Bundesliga 2,61,77,44,60,64,33,51,-1
Johan Brattberg,Brattberg,GK++,Västerås SK,Sweden,Allsvenskan,61,62,59,61,64,34,62,-1
Mario Bratu,Bratu,RW++,FC Petrolul,Romania,SUPERLIGA,61,80,57,61,62,28,44,-1
Sammy Braybrooke,Braybrooke,CDM++,Leicester City,England,Premier League,61,62,52,60,63,58,56,-1
Kian Breckin,Breckin,CM++,Crewe Alexandra,England,EFL League Two,61,68,57,61,64,49,58,-1
Anthony Breslin,Breslin,LB++,St. Pats,Republic of Ireland,SSE Airtricity PD,61,72,44,52,56,54,72,-1
Yannick Bright,Bright,CDM++,Inter Miami CF,Italy,MLS,61,70,32,59,59,55,54,-1
Killian Brouder,Brouder,CB++,Galway United,Republic of Ireland,SSE Airtricity PD,61,52,22,37,39,62,71,-1
Charlie Brown,Brown,RM++,Morecambe,England,EFL League Two,61,81,56,53,62,31,60,-1
Jaden Brown,Brown,LB++,St. Mirren,England,cinch Prem,61,79,43,55,63,55,62,-1
James Brown,Brown,RB++,Ross County,Republic of Ireland,cinch Prem,61,72,49,52,58,56,70,-1
Keith Buckley,Buckley,CDM++,Bohemian FC,Republic of Ireland,SSE Airtricity PD,61,43,54,57,57,59,67,-1
Garry Buckley,Buckley,CB++,Galway United,Republic of Ireland,SSE Airtricity PD,61,35,56,57,57,59,62,-1
Borna Buljan,Buljan,GK++,Hajduk Split,Croatia,Liga Hrvatska,61,66,58,60,61,32,58,-1
Rares Burnete,Burnete,ST++,Lecce,Romania,Serie A TIM,61,55,65,45,61,23,56,-1
Warren Burrell,Burrell,CB++,Harrogate Town,England,EFL League Two,61,68,38,53,56,59,74,-1
Mason Burstow,Burstow,ST++,Hull City,England,EFL Championship,61,73,60,45,58,20,65,-1
Daniel Butterworth,Butterworth,CAM++,Carlisle United,England,EFL League Two,61,83,61,51,64,35,59,-1
Jorge Cabello Trujillo,Cabello,LB++,Levante UD,Spain,LALIGA HYPERMOTION,61,65,39,55,47,61,58,-1
Enzo Damián Cabrera,Cabrera,CDM++,Cerro Porteño,Paraguay,Libertadores,61,66,45,58,61,58,62,-1
José Aamet Calderón,Calderón,GK++,Universitario,Peru,Libertadores,61,60,61,62,61,43,60,-1
Joel Calicho,Calicho,LW++,Universitario,Bolivia,Sudamericana,61,72,54,56,64,40,63,-1
Haroune Camara,Camara,ST++,Al Shabab,Saudi Arabia,ROSHN Saudi League,61,83,59,50,59,21,70,-1
Innes Cameron,Cameron,ST++,Kilmarnock,Scotland,cinch Prem,61,53,61,55,57,47,73,-1
Yongjing Cao,Cao Yongjing,RM++,Beijing Guoan,China PR,CSL,61,82,53,53,60,55,72,-1
Adrian Caragea,Caragea,LW++,FC Dinamo 1948,Romania,SUPERLIGA,61,66,58,59,62,37,59,-1
Jesús Careaga,Careaga,GK++,The Strongest,Bolivia,Libertadores,61,61,60,62,63,42,58,-1
Sergio Carrasco,Carrasco,ST++,Cobresal,Chile,Libertadores,61,62,59,41,58,19,68,-1
Lewis Cass,Cass,CB++,Grimsby Town,England,EFL League Two,61,66,33,49,57,60,67,-1
José Luis Català Vázquez,Català,CB++,RCD Espanyol,Spain,LALIGA EA SPORTS,61,64,37,49,55,61,60,-1
Ekin Celebi,Celebi,LB++,Rot-Weiss Essen,Germany,3. Liga,61,66,30,47,54,58,66,-1
Fabián Cerda,Cerda,GK++,Huachipato,Chile,Libertadores,61,62,57,59,60,43,62,-1
Vic Chambaere,Chambaere,GK++,R. Union St.-G.,Belgium,1A Pro League,61,66,60,60,63,28,60,-1
Uba Charles,Charles,CDM++,Lillestrøm SK,Nigeria,Eliteserien,61,84,47,53,59,60,70,-1
Michael Cheek,Cheek,ST++,Bromley FC,England,EFL League Two,61,58,61,45,57,33,68,-1
Zhechao Chen,Chen Zhechao,LB++,Meizhou Hakka,China PR,CSL,61,69,35,52,57,57,64,-1
Christopher Cheng,Cheng,LB++,Sandefjord,Norway,Eliteserien,61,84,48,52,62,55,54,-1
Luigi Cherubini,Cherubini,LM++,Carrarese Calcio,Italy,Serie BKT,61,58,59,60,67,27,40,-1
Liam Chipperfield,Chipperfield,CM++,FC Sion,Switzerland,CSSL,61,70,57,58,64,47,53,-1
Gustav Christensen,Christensen,ST++,Hertha Berlin,Denmark,Bundesliga 2,61,73,61,55,66,26,50,-1
Moussa Cissé,Cissé,LB++,VfB Stuttgart II,France,3. Liga,61,68,36,53,64,57,47,-1
Ibrahima Cissé,Cissé,CB++,FC Schalke 04,Mali,Bundesliga 2,61,61,30,44,48,60,67,-1
Trevor Clarke,Clarke,LM++,Shamrock Rovers,Republic of Ireland,SSE Airtricity PD,61,79,54,56,61,53,64,-1
Harry Clifton,Clifton,CM++,Doncaster,Wales,EFL League Two,61,72,55,58,62,56,74,-1
Dorin Codrea,Codrea,CDM++,FC Univ. Cluj,Romania,SUPERLIGA,61,63,51,54,54,63,67,-1
Grégory Coelho,Coelho,RB++,Rodez AF,France,Ligue 2 BKT,61,72,38,49,58,57,68,-1
Alonso Coello Camarero,Alonso Coello,CM++,Toronto FC,Spain,MLS,61,61,38,58,65,53,58,-1
Liston Colaço,Colaço,LM++,ATK Mohun Bagan,India,Hero ISL,61,81,60,53,60,20,58,-1
Dennis Collander,Collander,RW++,Hammarby IF,Sweden,Allsvenskan,61,72,49,57,65,57,64,-1
Vicente Conelli,Conelli,ST++,Huachipato,Chile,Libertadores,61,75,60,39,59,20,57,-1
Ryan Cooney,Cooney,RB++,Crewe Alexandra,England,EFL League Two,61,72,44,51,58,56,68,-1
Jack Cooper-Love,Cooper-Love,ST++,Burton Albion,Sweden,EFL League One,61,64,61,51,60,33,54,-1
Martim Costa Marques,Martim Marques,LB++,FC Lugano,Portugal,CSSL,61,68,33,56,66,57,43,-1
Dara Costelloe,Costelloe,RM++,Accrington,Republic of Ireland,EFL League Two,61,74,55,55,62,34,64,-1
Sonny Cox,Cox,ST++,Exeter City,England,EFL League One,61,75,59,45,62,26,63,-1
Mark Coyle,Coyle,CM++,Shelbourne,Republic of Ireland,SSE Airtricity PD,61,59,53,56,60,61,76,-1
Álvaro Cuello,Cuello,CAM++,Guaraní,Argentina,Sudamericana,61,61,57,64,62,39,60,-1
Lin Cui,Cui Lin,LB++,Shanghai Shenhua,China PR,CSL,61,68,28,47,60,57,64,-1
Sam Curtis,Curtis,RB++,Peterborough,Republic of Ireland,EFL League One,61,67,33,52,58,57,64,-1
Eric da Silva Moreira,da Silva Moreira,RM++,Nott'm Forest,Germany,Premier League,61,75,43,56,63,52,58,-1
Pontus Dahbo,Dahbo,CM++,BK Häcken,Sweden,Allsvenskan,61,76,62,59,68,43,63,-1
Weijun Dai,Dai Weijun,CM++,SZ Peng City,China PR,CSL,61,72,59,62,66,46,60,-1
Andy Dallas,Dallas,ST++,Barrow,Scotland,EFL League Two,61,81,59,46,60,28,59,-1
Kévin Danois,Danois,CM++,AJ Auxerre,France,Ligue 1 Uber Eats,61,55,53,60,61,61,50,-1
Jordan Davies,Davies,CM++,Grimsby Town,Wales,EFL League Two,61,73,60,61,63,53,58,-1
Harvey Davies,Davies,GK++,Liverpool,England,Premier League,61,60,63,57,60,29,59,-1
Erjiaduo De,De Erjiaduo,ST++,Shandong Taishan,China PR,CSL,61,70,57,65,61,43,69,-1
Ryan De Havilland,De Havilland,CDM++,Peterborough,England,EFL League One,61,57,44,55,57,59,68,-1
Ángel De La Cruz,De La Cruz,GK++,Alianza Lima,Peru,Libertadores,61,61,62,60,62,20,61,-1
Théo De Percin,De Percin,GK++,AJ Auxerre,France,Ligue 1 Uber Eats,61,65,62,63,62,22,60,-1
Jonathan Dean,Dean,LB++,Chicago Fire FC,United States,MLS,61,64,36,54,53,58,59,-1
Jesse Debrah,Debrah,CB++,Port Vale,England,EFL League Two,61,68,26,38,47,60,73,-1
Milton Delgado,Delgado,CDM++,Boca Juniors,Argentina,Sudamericana,61,64,35,53,56,61,55,-1
Isaías Delpupo,Delpupo,CAM++,STVV,Argentina,1A Pro League,61,67,53,61,67,37,54,-1
Cengiz Demir,Demir,CB++,Hatayspor,Türkiye,Trendyol Süper Lig,61,58,33,43,54,60,67,-1
Aidan Denholm,Denholm,CM++,Ross County,Scotland,cinch Prem,61,66,49,61,64,55,49,-1
Kristian Dennis,Dennis,ST++,Tranmere Rovers,England,EFL League Two,61,53,62,52,61,37,72,-1
Aldin Dervisevic,Dervisevic,CB++,Aleman. Aachen,Germany,3. Liga,61,53,34,51,51,60,70,-1
Moussa Diakité,Diakité,CDM++,Cádiz CF,Mali,LALIGA HYPERMOTION,61,62,51,56,55,58,68,-1
Moussa Diallo,Diallo,RB++,Servette FC,France,CSSL,61,66,43,54,60,58,64,-1
Belmin Dizdarević,Dizdarević,GK++,Montpellier,Bosnia and Herzegovina,Ligue 1 Uber Eats,61,63,58,56,66,26,62,-1
Wiktor Długosz,Długosz,RM++,Korona Kielce,Poland,PKO BP Ekstraklasa,61,80,50,57,61,50,60,-1
Kristijan Dobras,Dobras,CAM++,Blau-Weiss Linz,Austria,Ö. Bundesliga,61,72,58,61,65,35,55,-1
Ben Doherty,Doherty,LB++,Derry City,Republic of Ireland,SSE Airtricity PD,61,79,51,56,60,55,57,-1
Ross Doohan,Doohan,GK++,Aberdeen,Scotland,cinch Prem,61,61,58,57,62,61,60,-1
CJ dos Santos,dos Santos,GK++,Inter Miami CF,United States,MLS,61,60,61,58,64,27,59,-1
Eduardo Dos Santos Haesler,Dudu,GK++,Viktoria Köln,Germany,3. Liga,61,61,61,63,62,28,59,-1
Cheick Doumbia,Doumbia,LB++,Rodez AF,France,Ligue 2 BKT,61,69,44,56,62,57,51,-1
Dawid Drachal,Drachal,RM++,Raków,Poland,PKO BP Ekstraklasa,61,82,55,53,61,28,53,-1
Babis Drakas,Drakas,RW++,B. Dortmund II,Germany,3. Liga,61,77,58,54,63,24,50,-1
Igor Drapiński,Drapiński,LB++,Piast Gliwice,Poland,PKO BP Ekstraklasa,61,61,42,54,49,61,67,-1
Aaron Drinan,Drinan,ST++,Swindon Town,Republic of Ireland,EFL League Two,61,76,59,49,62,32,64,-1
Cristian Dumitru,Dumitru,LW++,FC Gloria Buzău,Romania,SUPERLIGA,61,75,58,53,64,37,52,-1
Jack Duncan,Duncan,GK++,Melb. Victory,Australia,A-League,61,61,60,59,60,51,59,-1
Jack Earing,Earing,CM++,Walsall,England,EFL League Two,61,68,58,62,63,54,63,-1
Blessing Edet,Edet,CM++,Caracas F.C.,Nigeria,Libertadores,61,71,43,55,60,54,62,-1
Ryan Edmondson,Edmondson,ST++,Central Coast,England,A-League,61,57,62,41,56,26,73,-1
Owura Edwards,Edwards,LM++,Colchester,England,EFL League Two,61,84,53,54,63,32,52,-1
Mandela Egbo,Egbo,CB++,Colchester,England,EFL League Two,61,79,40,55,60,59,69,-1
Vetle Walle Egeli,Egeli,LB++,Sandefjord,Norway,Eliteserien,61,61,48,56,62,58,59,-1
Tobias Eisenhuth,Eisenhuth,CDM++,Jahn Regensburg,Germany,Bundesliga 2,61,57,44,60,56,60,69,-1
Jostein Ekeland,Ekeland,LW++,Strømsgodset IF,Norway,Eliteserien,61,68,57,57,64,22,59,-1
Aniss El Hriti,El Hriti,LB++,Red Star FC,France,Ligue 2 BKT,61,63,35,51,59,58,67,-1
Aidomo Emakhu,Emakhu,ST++,Millwall,Republic of Ireland,EFL Championship,61,76,58,54,61,38,60,-1
Noam Emeran,Emeran,LM++,FC Groningen,France,Eredivisie,61,77,56,58,62,31,52,-1
Nizamdin Ependi,Ependi,RB++,SZ Peng City,China PR,CSL,61,68,33,50,59,58,65,-1
Carlos Espí Escrihuela,Carlos Espí,ST++,Levante UD,Spain,LALIGA HYPERMOTION,61,62,60,50,54,36,58,-1
Tiago Estevão,Estevão,GK++,B. Dortmund II,Germany,3. Liga,61,62,62,58,64,27,63,-1
Luca Everink,Everink,RB++,Go Ahead Eagles,Netherlands,Eredivisie,61,72,31,47,57,59,67,-1
Julien Fabri,Fabri,GK++,SC Bastia,France,Ligue 2 BKT,61,60,61,58,60,51,60,-1
Francisco Facello,Facello,RB++,Belgrano,Argentina,Sudamericana,61,71,39,48,57,57,62,-1
Anton Fagerström,Fagerström,GK++,Västerås SK,Sweden,Allsvenskan,61,61,62,59,59,37,61,-1
Josh Falkingham,Falkingham,CDM++,Harrogate Town,England,EFL League Two,61,51,52,56,60,58,58,-1
Pascal Fallmann,Fallmann,RB++,FC Erzgebirge Aue,Austria,3. Liga,61,71,26,50,59,56,54,-1
Brandon Fernandes,Fernandes,LM++,Mumbai City FC,India,Hero ISL,61,74,46,60,64,36,55,-1
Iván Flores,Flores,CB++,S. Trinidense,Paraguay,Sudamericana,61,64,37,44,47,60,64,-1
Jordan Flores,Flores,CDM++,Bohemian FC,England,SSE Airtricity PD,61,53,62,62,64,58,61,-1
Anthony Forde,Forde,RB++,Wrexham AFC,Republic of Ireland,EFL League One,61,69,58,61,63,55,60,-1
Louis Fortin,Fortin,GK++,KAA Gent,Belgium,1A Pro League,61,65,58,56,63,42,53,-1
Kai Fotheringham,Fotheringham,RW++,Dundee United,Scotland,cinch Prem,61,66,59,55,63,37,47,-1
Tyrese Francois,Francois,CM++,Wigan Athletic,Australia,EFL League One,61,67,44,58,67,58,55,-1
Adams Friday,Friday,LM++,FC Botoșani,Nigeria,SUPERLIGA,61,81,56,52,64,45,53,-1
Eugene Frimpong,Frimpong,CM++,R. Valladolid CF,Ghana,LALIGA EA SPORTS,61,73,49,61,59,58,62,-1
Alessio Furlanetto,Furlanetto,GK++,Latium,Italy,Serie A TIM,61,63,60,58,65,39,55,-1
Noel Futkeu,Futkeu,ST++,Fürth,Germany,Bundesliga 2,61,60,62,48,58,27,52,-1
Lucas Galarza,Galarza,GK++,Club Nacional,Paraguay,Sudamericana,61,61,60,62,61,18,60,-1
José Gallegos,Gallegos,LW++,Sønderjyske,United States,3F Superliga,61,76,50,54,66,31,50,-1
Ignacio Galván,Galván,LB++,Defensa,Argentina,Sudamericana,61,70,38,53,58,56,64,-1
Santiago García González,Santi García,CAM++,Gil Vicente,Spain,Liga Portugal,61,66,56,58,59,38,62,-1
Ged Garner,Garner,ST++,Barrow,England,EFL League Two,61,70,61,48,61,23,66,-1
Sergio Villamíl,Villamíl,CM++,Real Tomayapo,Bolivia,Sudamericana,61,62,51,61,62,60,61,-1
Malcolm Viltard,Viltard,CDM++,FCV Dender EH,France,1A Pro League,61,62,46,54,59,58,62,-1
Rasmus Vinderslev,Vinderslev,CDM++,Sønderjyske,Denmark,3F Superliga,61,53,41,53,57,56,74,-1
Sascha Voelcke,Voelcke,LB++,SV Waldhof,Germany,3. Liga,61,69,34,49,57,59,59,-1
Robert Voloder,Voloder,CB++,Sporting KC,Germany,MLS,61,67,27,41,50,62,63,-1
Bobby Wales,Wales,ST++,Kilmarnock,Scotland,cinch Prem,61,77,58,47,58,21,58,-1
Brad Walker,Walker,CM++,Tranmere Rovers,England,EFL League Two,61,65,56,56,62,57,74,-1
Reuell Walters,Walters,RB++,Luton Town,England,EFL Championship,61,65,30,40,52,65,59,-1
August Wängberg,Wängberg,RB++,GAIS,Sweden,Allsvenskan,61,60,34,49,54,57,72,-1
Ben Warland,Warland,CB++,Brisbane Roar,Australia,A-League,61,38,34,47,46,60,73,-1
Charlie Webster,Webster,CAM++,Burton Albion,England,EFL League One,61,67,54,59,65,47,50,-1
Tom White,White,CDM++,Morecambe,England,EFL League Two,61,63,53,56,62,57,65,-1
George Wickens,Wickens,GK++,Lincoln City,England,EFL League One,61,60,60,64,63,30,59,-1
Felix Wienand,Wienand,GK++,Rot-Weiss Essen,Germany,3. Liga,61,61,57,54,64,32,59,-1
Lasse Wilhelm,Wilhelm,CB++,Saarbrücken,Germany,3. Liga,61,59,31,48,50,63,56,-1
Josh Williams,Williams,RB++,Birmingham City,England,EFL League One,61,78,45,53,57,56,60,-1
Max Williamsen,Williamsen,CB++,Kristiansund BK,Norway,Eliteserien,61,52,36,46,50,60,67,-1
Tyreke Wilson,Wilson,LB++,Shelbourne,Republic of Ireland,SSE Airtricity PD,61,70,42,56,61,56,56,-1
Melle Joop Witteveen,Witteveen,CAM++,sc Heerenveen,Netherlands,Eredivisie,61,72,53,61,59,45,55,-1
Ole Wohlers,Wohlers,ST++,Wehen Wiesbaden,Germany,3. Liga,61,65,60,51,58,22,58,-1
Łukasz Wolsztyński,Wolsztyński,CAM++,Stal Mielec,Poland,PKO BP Ekstraklasa,61,61,60,60,62,40,62,-1
Ki Jong Won,Won Ki Jong,ST++,Gimcheon Sangmu,Korea Republic,K League 1,61,67,63,45,60,25,47,-1
Connor Wood,Wood,LB++,Tranmere Rovers,England,EFL League Two,61,75,50,53,60,54,65,-1
David Worrall,Worrall,RB++,Barrow,England,EFL League Two,61,75,56,61,63,52,59,-1
François Yabré,Yabré,CB++,SC Oțelul Galați,Burkina Faso,SUPERLIGA,61,63,31,33,36,62,76,-1
Yiming Yang,Yang Yiming,CB++,Rongcheng FC,China PR,CSL,61,48,50,39,47,59,74,-1
Shiyuan Yang,Yang Shiyuan,CDM++,Shanghai Port,China PR,CSL,61,75,34,52,58,60,68,-1
Do Yong Yoon,Yoon Do Yong,RW++,Daejeon Citizen,Korea Republic,K League 1,61,73,57,54,63,34,48,-1
Je Ho Yu,Yu Je Ho,CM++,Jeonbuk Hyundai,Korea Republic,K League 1,61,55,47,58,61,50,62,-1
Rui Yu,Yu Rui,CB++,SZ Peng City,China PR,CSL,61,52,39,51,52,59,74,-1
Mincheng Yuan,Yuan Mincheng,CB++,Changchun Yatai,China PR,CSL,61,61,24,36,34,64,76,-1
Xin Yue,Yue Xin,LB++,Zhejiang Pro,China PR,CSL,61,78,24,43,56,54,60,-1
Marcel Zapytowski,Zapytowski,GK++,Korona Kielce,Poland,PKO BP Ekstraklasa,61,61,64,60,62,30,64,-1
Felipe Zenobio,Zenobio,GK++,Tigre,Argentina,LPF,61,61,59,60,60,30,60,-1
Yuan Zhang,Zhang Yuan,CM++,Beijing Guoan,China PR,CSL,61,71,45,57,61,58,69,-1
Yudong Zhang,Zhang Yudong,CDM++,SZ Peng City,China PR,CSL,61,70,35,55,60,55,71,-1
Yufeng Zhang,Zhang Yufeng,CM++,Changchun Yatai,China PR,CSL,61,62,46,57,60,57,62,-1
Jinbao Zhong,Zhong Jinbao,CM++,Qingdao Hainiu,China PR,CSL,61,67,53,57,59,58,73,-1
Baojie Zhu,Zhu Baojie,CM++,SZ Peng City,China PR,CSL,61,68,53,62,65,52,62,-1
Massimo Zilli,Zilli,ST++,Cosenza,Italy,Serie BKT,61,70,58,53,61,36,57,-1
Jovan Živković,Živković,RW++,SK Rapid Wien,Austria,Ö. Bundesliga,61,82,55,49,67,22,50,-1
Erick Zúñiga,Zúñiga,RW++,Delfín S.C.,Ecuador,Sudamericana,61,73,56,56,63,56,58,-1
Angelo Gattermayer,Gattermayer,RM++,Wolfsberger AC,Austria,Ö. Bundesliga,61,75,57,54,64,24,62,-1
Emrehan Gedikli,Gedikli,ST++,Konyaspor,Türkiye,Trendyol Süper Lig,61,61,61,50,58,24,53,-1
Joaquín Gho,Gho,RM++,Sarmiento,Argentina,LPF,61,64,60,56,65,32,51,-1
Oscar Giménez,Giménez,ST++,S. Trinidense,Paraguay,Sudamericana,61,60,58,50,59,25,65,-1
Natan Girma,Girma,ST++,Reggiana,Switzerland,Serie BKT,61,63,60,59,61,45,62,-1
Dennis Gjengaar,Gjengaar,RM++,Red Bulls,Norway,MLS,61,84,50,51,61,51,64,-1
Paul Glatzel,Glatzel,ST++,Swindon Town,Germany,EFL League Two,61,67,62,55,62,30,52,-1
Juan Pablo Goicochea,Goicochea,ST++,Platense,Peru,LPF,61,61,61,46,60,20,70,-1
Mariano Gómez,Gómez,CB++,FC Zürich,Argentina,CSSL,61,54,31,36,42,60,69,-1
José Gómez,Gómez,RB++,Central Córdoba,Argentina,LPF,61,64,33,40,57,63,63,-1
Nicksoen Gomis,Gomis,CB++,Toronto FC,France,MLS,61,59,28,43,48,64,59,-1
Ángel González,González,RM++,Sportivo Luqueño,Paraguay,Sudamericana,61,71,51,56,59,39,60,-1
Matías González,González,RM++,Banfield,Argentina,LPF,61,66,49,61,64,49,37,-1
Daniel Gore,Gore,CM++,Manchester Utd,England,Premier League,61,72,50,60,67,48,54,-1
Robbie Gotts,Gotts,CM++,Barrow,England,EFL League Two,61,76,54,60,64,54,62,-1
Ross Graham,Graham,CB++,Dundee United,Scotland,cinch Prem,61,47,31,42,49,64,59,-1
Gustav Granath,Granath,CB++,Västerås SK,Sweden,Allsvenskan,61,66,27,51,41,60,68,-1
Xavier Grande Sánchez,Xavi Grande,RB++,Levante UD,Spain,LALIGA HYPERMOTION,61,62,42,57,57,59,51,-1
Conor Grant,Grant,LW++,Notts County,Republic of Ireland,EFL League Two,61,76,54,59,63,55,56,-1
Alex Greive,Greive,ST++,Bohemian FC,New Zealand,SSE Airtricity PD,61,78,60,49,60,18,58,-1
Alexander Groiß,Groiß,CB++,VfB Stuttgart II,Germany,3. Liga,61,53,44,47,50,59,72,-1
Loup Diwan Gueho,Gueho,CB++,Lechia Gdańsk,France,PKO BP Ekstraklasa,61,56,30,49,51,61,62,-1
Joaquín Gutiérrez,Gutiérrez,RB++,Huachipato,Chile,Libertadores,61,73,24,42,58,57,49,-1
Bruno Gutiérrez,Gutiérrez,RB++,Colo-Colo,Chile,Libertadores,61,68,28,51,58,55,66,-1
Pengfei Han,Han Pengfei,CB++,Tianjin JMT FC,China PR,CSL,61,44,51,52,57,58,79,-1
Sondre Fosnæss Hanssen,Hanssen,CB++,Strømsgodset IF,Norway,Eliteserien,61,51,33,47,50,61,67,-1
George Harmon,Harmon,LB++,Ross County,England,cinch Prem,61,68,40,51,59,57,58,-1
Tobias Hasse,Hasse,RB++,Energie Cottbus,Germany,3. Liga,61,67,50,55,61,57,53,-1
Agustin Hausch,Hausch,ST++,San Lorenzo,Argentina,Libertadores,61,80,61,53,66,29,47,-1
Cian Hayes,Hayes,LM++,Peterborough,Republic of Ireland,EFL League One,61,80,53,51,64,25,44,-1
Frederik Heiselberg,Heiselberg,ST++,FC Midtjylland,Denmark,3F Superliga,61,64,59,51,58,25,68,-1
Kane Hemmings,Hemmings,ST++,Crewe Alexandra,England,EFL League Two,61,66,60,52,60,29,64,-1
Leandro Hernández,Hernández,LW++,Colo-Colo,Chile,Libertadores,61,71,56,49,65,24,37,-1
Anders Hiim,Hiim,LB++,Sarpsborg 08,Norway,Eliteserien,61,75,34,57,61,53,59,-1
Harrison Holgate,Holgate,CB++,Fleetwood Town,England,EFL League Two,61,60,25,39,48,61,69,-1
Erik Holt,Holt,CB++,Real Salt Lake,United States,MLS,61,47,28,45,50,62,68,-1
Joon Ho Hong,Hong Joon Ho,CB++,Jeju United,Korea Republic,K League 1,61,62,42,46,56,59,71,-1
Daryl Horgan,Horgan,CAM++,Dundalk,Republic of Ireland,SSE Airtricity PD,61,80,55,60,66,30,56,-1
Håkon Helland Hoseth,Hoseth,RB++,KFUM-Kameratene,Norway,Eliteserien,61,72,47,57,61,52,67,-1
Florian Hoxha,Hoxha,LB++,Grasshopper Club,Kosovo,CSSL,61,67,29,53,60,57,59,-1
Jinghang Hu,Hu Jinghang,RM++,Qingdao Hainiu,China PR,CSL,61,77,57,56,60,34,71,-1
Joe Hugill,Hugill,ST++,Wigan Athletic,England,EFL League One,61,67,62,49,55,22,66,-1
Jack Hunt,Hunt,RB++,Bristol Rovers,England,EFL League One,61,60,41,57,61,59,62,-1
Ellis Iandolo,Iandolo,LB++,Colchester,England,EFL League Two,61,72,53,58,60,55,73,-1
Bradley Ibrahim,Ibrahim,CDM++,Hertha Berlin,England,Bundesliga 2,61,65,40,59,61,57,64,-1
Zeno Ibsen Rossi,Ibsen Rossi,CB++,Cambridge Utd,England,EFL League One,61,60,31,46,41,60,72,-1
Cristian Ignat,Ignat,CB++,FC Rapid 1923,Romania,SUPERLIGA,61,75,31,38,41,60,71,-1
Yvan Ikia Dimi,Ikia Dimi,LM++,Amiens SC,France,Ligue 2 BKT,61,77,59,52,67,19,37,-1
Dejan Iliev,Iliev,GK++,UTA Arad,North Macedonia,SUPERLIGA,61,61,59,60,63,44,59,-1
Pedro Injai Gomes,Pedro Gomes,CB++,Boavista FC,Portugal,Liga Portugal,61,60,27,39,40,62,68,-1
Jacob Italiano,Italiano,LM++,Grazer AK,Australia,Ö. Bundesliga,61,75,55,56,67,46,45,-1
Antoni Ivanov,Ivanov,CM++,FC Hermannstadt,Bulgaria,SUPERLIGA,61,65,56,63,63,52,63,-1
Bartosz Jaroszek,Jaroszek,CB++,GKS Katowice,Poland,PKO BP Ekstraklasa,61,60,25,27,31,64,66,-1
Chi In Jeong,Jeong Chi In,LM++,Daegu FC,Korea Republic,K League 1,61,77,61,46,65,28,68,-1
Yangyang Jin,Jin Yangyang,CB++,Qingdao W. Coast,China PR,CSL,61,45,29,37,41,59,74,-1
Mamadou Jobe,Jobe,CB++,Cambridge Utd,England,EFL League One,61,66,23,39,48,60,64,-1
Henrik Kjelsrud Johansen,Johansen,ST++,Fredrikstad FK,Norway,Eliteserien,61,52,59,42,55,37,77,-1
Danny Johnson,Johnson,ST++,Walsall,England,EFL League Two,61,54,63,47,60,24,56,-1
Joe Johnson,Johnson,LB++,Luton Town,England,EFL Championship,61,67,36,52,57,58,59,-1
Callum Jones,Jones,CM++,Morecambe,Wales,EFL League Two,61,63,54,59,63,57,62,-1
Patrick Jones,Jones,LM++,Huddersfield,Wales,EFL League One,61,88,53,50,67,29,47,-1
Mathias Jørgensen,Jørgensen,ST++,AaB,Denmark,3F Superliga,61,82,60,49,61,28,60,-1
Luka Jurak,Jurak,CM++,Hajduk Split,Croatia,Liga Hrvatska,61,68,45,62,65,51,65,-1
Dion Kacuri,Kacuri,CM++,Yverdon Sport FC,Switzerland,CSSL,61,69,48,59,64,43,61,-1
Adam Kaied,Kaied,RM++,NAC Breda,Sweden,Eredivisie,61,79,47,56,64,33,49,-1
Nils Kaiser,Kaiser,RB++,Rot-Weiss Essen,Germany,3. Liga,61,65,50,57,61,57,61,-1
Johsbosco Kalu,Kalu,ST++,IFK Värnamo,Nigeria,Allsvenskan,61,54,60,48,62,23,61,-1
Justin-Noël Kalumba,Kalumba,LB++,Angers SCO,France,Ligue 1 Uber Eats,61,63,50,61,66,55,49,-1
Wojciech Kamiński,Kamiński,CB++,Korona Kielce,Poland,PKO BP Ekstraklasa,61,59,42,50,52,60,70,-1
Bobby Kamwa,Kamwa,ST++,Newport County,Cameroon,EFL League Two,61,83,57,53,60,28,66,-1
Majed Kanabah,Kanabah,CM++,Al Shabab,Saudi Arabia,ROSHN Saudi League,61,60,47,60,62,54,60,-1
Filip Karbowy,Karbowy,CAM++,Piast Gliwice,Poland,PKO BP Ekstraklasa,61,60,60,62,60,48,60,-1
Johan Karlsson,Karlsson,RB++,Kalmar FF,Sweden,Allsvenskan,61,65,42,55,61,55,61,-1
Brandon Kavanagh,Kavanagh,RM++,St. Pats,Republic of Ireland,SSE Airtricity PD,61,60,53,60,63,37,45,-1
Takumu Kawamura,Kawamura,CM++,RB Salzburg,Japan,Ö. Bundesliga,61,58,61,58,60,58,58,-1
Zhao Ke,Ke Zhao,LB++,Henan SSLM FC,China PR,CSL,61,50,30,52,56,59,68,-1
Aidan Keena,Keena,ST++,St. Pats,Republic of Ireland,SSE Airtricity PD,61,70,60,55,61,36,67,-1
Andu Kelati,Kelati,LW++,Holstein Kiel,Germany,Bundesliga,61,72,55,56,64,33,47,-1
Lukas Kelly-Heald,Kelly-Heald,LB++,Well. Phoenix,New Zealand,A-League,61,60,42,52,56,60,68,-1
Charlie Kelman,Kelman,ST++,Leyton Orient,United States,EFL League One,61,81,62,48,63,26,60,-1
Deandre Kerr,Kerr,ST++,Toronto FC,Canada,MLS,61,78,59,52,60,47,71,-1
Ben Killip,Killip,GK++,Barnsley,England,EFL League One,61,61,61,58,61,43,61,-1
Yi Seok Kim,Kim Yi Seok,CM++,Gangwon FC,Korea Republic,K League 1,61,71,50,58,60,50,52,-1
Jae Woo Kim,Kim Jae Woo,CB++,Daejeon Citizen,Korea Republic,K League 1,61,73,45,43,44,60,73,-1
Hyun Woo Kim,Kim Hyun Woo,CB++,Daejeon Citizen,Korea Republic,K League 1,61,66,37,46,50,62,66,-1
Woo Suk Kim,Kim Woo Suk,CB++,Gangwon FC,Korea Republic,K League 1,61,44,28,38,45,61,65,-1
Eli King,King,CDM++,Stevenage,Wales,EFL League One,61,60,48,58,59,57,65,-1
Daniel Klein,Klein,GK++,FC Augsburg,Germany,Bundesliga,61,61,59,56,63,23,58,-1
Živko Kostadinović,Kostadinović,GK++,FC Zürich,Switzerland,CSSL,61,62,58,58,63,21,61,-1
Lewis Koumas,Koumas,LW++,Stoke City,Wales,EFL Championship,61,74,60,49,65,26,54,-1
Mateusz Kowalczyk,Kowalczyk,CM++,GKS Katowice,Poland,PKO BP Ekstraklasa,61,71,59,62,65,42,61,-1
Caleb Kporha,Kporha,RB++,Crystal Palace,England,Premier League,61,69,59,56,60,57,61,-1
Mergim Krasniqi,Krasniqi,GK++,GAIS,Sweden,Allsvenskan,61,65,62,60,61,44,59,-1
Laurit Krasniqi,Krasniqi,LB++,Royal Antwerp FC,Kosovo,1A Pro League,61,68,26,48,53,58,63,-1
Ben Krauhaus,Krauhaus,RM++,Brentford,England,Premier League,61,75,56,58,62,48,57,-1
Stian Kristiansen,Kristiansen,CB++,Sandefjord,Norway,Eliteserien,61,50,53,52,48,60,68,-1
Rafał Król,Król,CAM++,Motor Lublin,Poland,PKO BP Ekstraklasa,61,59,58,60,59,35,65,-1
Alejandro Santander,Santander,GK++,Cobresal,Chile,Libertadores,61,62,57,51,63,21,59,-1
Sais Santibáñez,Santibáñez,LB++,UCV,Peru,Sudamericana,61,63,28,52,42,60,60,-1
Toby Savin,Savin,GK++,Shrewsbury,England,EFL League One,61,62,58,64,62,45,60,-1
Joe Sbarra,Sbarra,CAM++,Doncaster,England,EFL League Two,61,68,58,56,64,48,58,-1
Benjamín Schamine,Schamine,CM++,Defensa,Argentina,Sudamericana,61,56,49,61,62,47,51,-1
Johannes Schenk,Schenk,GK++,Preußen Münster,Germany,Bundesliga 2,61,59,59,64,65,17,60,-1
Danny Schmidt,Schmidt,CAM++,Düsseldorf,Germany,Bundesliga 2,61,61,59,56,60,37,61,-1
Tate Schmitt,Schmitt,LB++,Houston Dynamo,United States,MLS,61,68,61,53,65,54,66,-1
Florian Schock,Schock,GK++,Düsseldorf,Germany,Bundesliga 2,61,58,59,56,62,26,62,-1
Oscar Schwartau,Schwartau,CAM++,Norwich,Denmark,EFL Championship,61,73,58,54,67,35,59,-1
James Scott,Scott,ST++,St. Mirren,Scotland,cinch Prem,61,64,61,47,60,19,65,-1
Alexander Sebald,Sebald,GK++,Energie Cottbus,Germany,3. Liga,61,62,61,59,67,35,56,-1
Alexis Segovia,Segovia,RM++,Central Córdoba,Argentina,LPF,61,76,50,54,66,34,47,-1
Diego Segovia,Segovia,GK++,Independiente,Uruguay,LPF,61,60,61,63,63,35,62,-1
Cory Sene,Sene,CB++,Viktoria Plzeň,Senegal,Česká Liga,61,47,36,41,45,60,70,-1
Jack Senior,Senior,LB++,Doncaster,England,EFL League Two,61,76,24,50,57,56,68,-1
Junior Senneville,Senneville,RB++,USL Dunkerque,France,Ligue 2 BKT,61,56,49,59,60,59,50,-1
Daniel Șerbănică,Șerbănică,LB++,Unirea Slobozia,Romania,SUPERLIGA,61,66,36,53,45,57,64,-1
André Seruca de Oliveira,André Seruca,CDM++,Farense,Portugal,Liga Portugal,61,53,36,50,54,62,69,-1
Laorent Shabani,Shabani,LW++,IFK Norrköping,Albania,Allsvenskan,61,80,53,56,63,52,61,-1
Teddy Sharman-Lowe,Sharman-Lowe,GK++,Doncaster,England,EFL League Two,61,60,59,61,63,35,58,-1
Florent Shehu,Shehu,RM++,Adana Demirspor,Albania,Trendyol Süper Lig,61,69,59,60,66,28,52,-1
Zigui Shen,Shen Zigui,LM++,Shanghai Port,Chinese Taipei,CSL,61,78,56,49,64,40,57,-1
Xiaotian Shi,Shi Xiaotian,GK++,Qingdao W. Coast,China PR,CSL,61,63,61,57,65,38,56,-1
Artur Siemaszko,Siemaszko,RM++,Puszcza,Poland,PKO BP Ekstraklasa,61,73,58,50,64,31,69,-1
Ísak Andri Sigurgeirsson,Sigurgeirsson,LW++,IFK Norrköping,Iceland,Allsvenskan,61,73,60,55,61,25,50,-1
Robert Silaghi,Silaghi,CAM++,FC Univ. Cluj,Romania,SUPERLIGA,61,73,55,58,63,41,61,-1
Rodrigo Silva Duarte,Rodrigo Duarte,RW++,Vitória SC,Portugal,Liga Portugal,61,73,51,58,65,26,44,-1
Facundo Silvestre,Silvestre,CM++,Danubio,Uruguay,Sudamericana,61,60,61,63,61,53,62,-1
Moonga Simba,Simba,RW++,SK Brann,Sweden,Eliteserien,61,81,53,52,65,29,61,-1
Manvir Singh,Singh,RM++,ATK Mohun Bagan,India,Hero ISL,61,78,58,52,57,31,73,-1
Chinglensana Singh,Singh,CB++,Bengaluru FC,India,Hero ISL,61,68,26,41,49,59,75,-1
Prabhsukhan Singh Gill,Singh Gill,GK++,East Bengal,India,Hero ISL,61,60,65,64,60,29,64,-1
Laurs Skjellerup,Skjellerup,ST++,IFK Göteborg,Denmark,Allsvenskan,61,69,59,54,58,35,65,-1
Jordan Smith,Smith,GK++,Hibernian,England,cinch Prem,61,62,60,55,62,35,60,-1
Grant Smith,Smith,GK++,Bromley FC,England,EFL League Two,61,61,57,62,61,34,60,-1
Tyler Smith,Smith,ST++,Bradford City,England,EFL League Two,61,78,60,47,62,28,59,-1
Kacper Smoliński,Smoliński,CM++,Pogoń Szczecin,Poland,PKO BP Ekstraklasa,61,64,52,59,63,58,58,-1
Long Song,Song Long,LB++,Qingdao Hainiu,China PR,CSL,61,67,37,54,59,56,68,-1
Si Woo Song,Song Si Woo,ST++,Incheon United,Korea Republic,K League 1,61,74,62,56,59,36,54,-1
Jude Soonsup-Bell,Soonsup-Bell,ST++,Córdoba CF,England,LALIGA HYPERMOTION,61,75,62,47,58,30,61,-1
Tore André Sørås,Sørås,CM++,HamKam Fotball,Norway,Eliteserien,61,65,56,58,62,57,70,-1
Maxime Soulas,Soulas,CB++,Sønderjyske,France,3F Superliga,61,62,35,49,51,60,66,-1
Ole Springer,Springer,GK++,Rot-Weiss Essen,Germany,3. Liga,61,61,60,57,62,48,59,-1
Jason Sraha,Sraha,CB++,Burton Albion,England,EFL League One,61,64,26,38,45,60,69,-1
Luka Stankovski,Stankovski,CM++,Gaziantep,North Macedonia,Trendyol Süper Lig,61,64,53,64,69,47,59,-1
Mateusz Stępień,Stępień,RM++,Stal Mielec,Poland,PKO BP Ekstraklasa,61,78,49,55,61,24,53,-1
Lennart Stoll,Stoll,RM++,SSV Ulm 1846,Germany,Bundesliga 2,61,68,50,57,57,58,68,-1
Tony Strata,Strata,LB++,AC Ajaccio,Romania,Ligue 2 BKT,61,65,34,52,59,57,55,-1
Yasir Subaşı,Subaşı,LB++,Konyaspor,Türkiye,Trendyol Süper Lig,61,70,36,45,57,58,64,-1
Jie Sun,Sun Jie,CB++,Qingdao W. Coast,China PR,CSL,61,39,42,51,54,59,75,-1
Mahamadou Susoho Sissoho,Mahamadou Susoho,CDM++,Peterborough,Spain,EFL League One,61,62,47,59,62,60,56,-1
Levi Sutton,Sutton,CDM++,Harrogate Town,England,EFL League Two,61,78,45,55,60,58,68,-1
Jonathan Svedberg,Svedberg,CM++,Halmstads BK,Sweden,Allsvenskan,61,66,48,60,63,59,62,-1
Remi-André Svindland,Svindland,RW++,KFUM-Kameratene,Norway,Eliteserien,61,64,55,60,62,40,61,-1
Lamine Sy,Sy,RB++,SM Caen,France,Ligue 2 BKT,61,77,38,51,59,55,54,-1
Levente Szabó,Szabó,ST++,Braunschweig,Hungary,Bundesliga 2,61,60,59,44,55,27,71,-1
Tunahan Taşçı,Taşçı,LM++,Konyaspor,Türkiye,Trendyol Süper Lig,61,76,52,54,64,30,49,-1
Max Taylor,Taylor,CB++,Morecambe,England,EFL League Two,61,54,34,45,45,58,75,-1
Martín Tejón Fauli,Martín Tejón,CAM++,Valencia CF,Spain,LALIGA EA SPORTS,61,60,60,60,62,39,52,-1
Jonas Therkelsen,Therkelsen,CM++,Strømsgodset IF,Norway,Eliteserien,61,75,54,58,66,58,64,-1
Jordan Thomas,Thomas,RM++,Cheltenham Town,England,EFL League Two,61,81,55,54,61,35,55,-1
Kosi Thompson,Thompson,RB++,Toronto FC,Canada,MLS,61,81,50,54,60,55,63,-1
Ross Tierney,Tierney,CAM++,Bohemian FC,Republic of Ireland,SSE Airtricity PD,61,74,54,59,63,53,62,-1
Scott Tiffoney,Tiffoney,ST++,Dundee FC,Scotland,cinch Prem,61,82,60,53,65,37,51,-1
Antonio Tikvić,Tikvić,CB++,Watford,Croatia,EFL Championship,61,35,31,42,42,60,68,-1
Callum Timmins,Timmins,CM++,Newcastle Jets,Australia,A-League,61,68,60,57,60,56,73,-1
Lorent Tolaj,Tolaj,ST++,Port Vale,Switzerland,EFL League Two,61,72,61,46,59,33,72,-1
Mohammed Tolba,Tolba,RB++,VfL Bochum,Germany,Bundesliga,61,57,38,53,60,61,63,-1
Hubert Tomalski,Tomalski,LM++,Puszcza,Poland,PKO BP Ekstraklasa,61,53,56,61,66,34,72,-1
Lei Tong,Tong Lei,RB++,Shandong Taishan,China PR,CSL,61,73,51,53,61,53,65,-1
Richard Torales,Torales,ST++,S. Ameliano,Paraguay,Sudamericana,61,57,63,39,57,18,57,-1
Cristian Toro,Toro,CB++,Cobresal,Chile,Libertadores,61,64,38,38,56,60,69,-1
Gonzalo Torres,Torres,ST++,Godoy Cruz,Argentina,LPF,61,63,62,51,64,30,56,-1
David Toshevski,Toshevski,ST++,Austria Klagenfurt,North Macedonia,Ö. Bundesliga,61,57,61,39,54,26,64,-1
Samson Tovide,Tovide,ST++,Colchester,England,EFL League Two,61,82,58,51,62,40,79,-1
Mai Traore,Traore,ST++,Fredrikstad FK,Guinea,Eliteserien,61,76,58,45,59,19,61,-1
Daniel Trejo,Trejo,LM++,Korona Kielce,Mexico,PKO BP Ekstraklasa,61,66,57,56,67,31,49,-1
Ryan Trevitt,Trevitt,CM++,Brentford,England,Premier League,61,62,58,60,65,48,61,-1
Tein Troost,Troost,GK++,NAC Breda,Netherlands,Eredivisie,61,62,61,60,62,33,56,-1
Rooney Troya,Troya,CDM++,U. Católica,Ecuador,Sudamericana,61,68,57,61,61,56,63,-1
Niko Tsakiris,Tsakiris,CAM++,SJ Earthquakes,United States,MLS,61,68,40,56,68,44,51,-1
Viktor Tsukanov,Tsukanov,CM++,Shakhtar Donetsk,Ukraine,Ukrayina Liha,61,64,58,57,61,54,54,-1
Fofin Turay,Turay,LM++,FC Groningen,Netherlands,Eredivisie,61,79,52,53,65,24,58,-1
Luke Turner,Turner,CB++,St. Pats,Republic of Ireland,SSE Airtricity PD,61,53,28,41,41,61,71,-1
Denys Tvardovskyi,Tvardovskyi,GK++,Shakhtar Donetsk,Ukraine,Ukrayina Liha,61,60,57,61,61,41,59,-1
Harry Tyrer,Tyrer,GK++,Everton,England,Premier League,61,60,58,59,61,16,61,-1
Tariq Uwakwe,Uwakwe,LB++,Swindon Town,England,EFL League Two,61,72,50,56,57,55,62,-1
Javier Uzeda,Uzeda,CAM++,Bolívar,Bolivia,Libertadores,61,80,53,57,63,47,54,-1
Tim van de Loo,van de Loo,CDM++,RKC Waalwijk,Netherlands,Eredivisie,61,66,46,58,58,58,59,-1
Sebastián Vargas,Vargas,LM++,Club Nacional,Paraguay,Sudamericana,61,72,40,57,63,58,48,-1
Ronald Vega,Vega,CB++,ADT,Peru,Sudamericana,61,63,24,32,36,62,66,-1
Antonio Vergara,Vergara,CAM++,Reggiana,Italy,Serie BKT,61,49,58,59,66,35,51,-1
Charles Vernam,Vernam,LM++,Grimsby Town,England,EFL League Two,61,83,54,56,64,31,53,-1
Marc Vidal Girona,Marc Vidal,GK++,RC Celta,Spain,LALIGA EA SPORTS,61,63,63,66,62,30,55,-1
Kauã Morais Vieira dos Santos,Kauã Santos,GK++,Frankfurt,Brazil,Bundesliga,61,64,60,55,64,30,57,-1
Rodrigo Villalba,Villalba,RM++,Libertad,Paraguay,Libertadores,61,76,48,55,61,42,59,-1
Dušan Kuciak,Kuciak,GK++,Raków,Slovakia,PKO BP Ekstraklasa,61,61,60,54,62,37,63,-1
Julian Kügel,Kügel,ST++,Unterhaching,Germany,3. Liga,61,67,57,45,53,25,70,-1
Emir Kuhinja,Kuhinja,ST++,1. FC Magdeburg,Germany,Bundesliga 2,61,76,61,50,59,35,59,-1
Michal Kukucka,Kukucka,GK++,1. FC Nürnberg,Slovakia,Bundesliga 2,61,61,64,57,61,44,62,-1
Nishu Kumar,Kumar,LB++,East Bengal,India,Hero ISL,61,78,48,53,52,55,64,-1
Alou Kuol,Kuol,ST++,Central Coast,Australia,A-League,61,77,58,45,56,31,71,-1
Sigurd Kvile,Kvile,CB++,Fredrikstad FK,Norway,Eliteserien,61,67,29,42,51,60,68,-1
Han Jin Kweon,Kweon Han Jin,CB++,Incheon United,Korea Republic,K League 1,61,34,39,47,50,60,65,-1
Samir Lagsir,Lagsir,LM++,PEC Zwolle,Netherlands,Eredivisie,61,81,54,53,68,44,56,-1
Charlie Lakin,Lakin,CM++,Walsall,England,EFL League Two,61,70,58,62,63,59,59,-1
George Lapslie,Lapslie,CAM++,Gillingham,England,EFL League Two,61,63,59,59,63,56,65,-1
Victor Larsson,Larsson,CB++,IFK Värnamo,Sweden,Allsvenskan,61,67,45,55,60,60,71,-1
Ian Lawlor,Lawlor,GK++,Doncaster,Republic of Ireland,EFL League Two,61,62,58,59,62,42,60,-1
Nico Lawrence,Lawrence,CB++,MK Dons,England,EFL League Two,61,63,31,49,53,59,67,-1
Darragh Leahy,Leahy,CB++,Waterford,Republic of Ireland,SSE Airtricity PD,61,65,50,57,57,59,70,-1
Ji Sol Lee,Lee Ji Sol,CB++,Gangwon FC,Korea Republic,K League 1,61,62,39,41,42,58,74,-1
Sang Min Lee,Lee Sang min,RM++,Daejeon Citizen,Korea Republic,K League 1,61,80,50,47,64,43,58,-1
Frank Lehmann,Lehmann,GK++,SV Elversberg,Germany,Bundesliga 2,61,63,62,65,60,33,57,-1
David Lelle,Lelle,CB++,B. Dortmund II,Germany,3. Liga,61,54,32,39,46,63,60,-1
Tiago Leonço,Leonço,ST++,SZ Peng City,Brazil,CSL,61,62,63,41,54,24,61,-1
Adam Lewis,Lewis,LB++,Morecambe,England,EFL League Two,61,70,38,55,61,55,59,-1
Yang Li,Li Yang,CB++,Rongcheng FC,China PR,CSL,61,55,26,38,44,61,72,-1
Shenglong Li,Li Shenglong,ST++,Shanghai Port,China PR,CSL,61,80,58,54,58,43,69,-1
Jonas Lietaert,Lietaert,CB++,Cercle Brugge,Belgium,1A Pro League,61,56,26,49,47,63,55,-1
Jonas Lindberg,Lindberg,ST++,GAIS,Sweden,Allsvenskan,61,56,60,61,63,43,65,-1
Elliott List,List,ST++,Stevenage,England,EFL League One,61,89,61,51,63,28,58,-1
Ryan Loft,Loft,ST++,Cambridge Utd,England,EFL League One,61,58,60,48,57,30,76,-1
Rosaire Longelo,Longelo,LB++,Swindon Town,England,EFL League Two,61,82,51,55,63,53,57,-1
Kacper Lopata,Lopata,CB++,Barnsley,Poland,EFL League One,61,56,27,39,37,60,71,-1
Ali Loune,Loune,CDM++,FC Erzgebirge Aue,Germany,3. Liga,61,58,48,57,61,58,65,-1
Kamil Lukoszek,Lukoszek,LM++,Górnik Zabrze,Poland,PKO BP Ekstraklasa,61,73,54,52,63,27,51,-1
Loïc Lüthi,Lüthi,CB++,FC Winterthur,Switzerland,CSSL,61,57,30,41,44,61,67,-1
Facundo Machado,Machado,GK++,Nacional,Uruguay,Libertadores,61,62,60,61,62,26,62,-1
Cammy MacPherson,MacPherson,CM++,St. Johnstone,Scotland,cinch Prem,61,68,57,61,62,58,68,-1
Jakub Madrzyk,Madrzyk,GK++,Stal Mielec,Poland,PKO BP Ekstraklasa,61,65,60,58,61,33,59,-1
Théo Magnin,Magnin,RB++,Servette FC,Switzerland,CSSL,61,63,35,48,60,58,51,-1
Connor Malley,Malley,CM++,Sligo Rovers,England,SSE Airtricity PD,61,59,58,60,60,55,65,-1
Andrei Mărginean,Mărginean,CM++,FC Dinamo 1948,Romania,SUPERLIGA,61,59,58,61,66,50,60,-1
Luka Marić,Marić,GK++,TSV Hartberg,Austria,Ö. Bundesliga,61,60,57,56,64,26,62,-1
Darragh Markey,Markey,CAM++,Drogheda United,Republic of Ireland,SSE Airtricity PD,61,69,48,57,67,40,49,-1
George Marks,Marks,GK++,Charlotte FC,United States,MLS,61,62,64,64,61,27,63,-1
Jahkeele Marshall-Rutty,Marshall-Rutty,RB++,CF Montréal,Canada,MLS,61,81,51,55,69,52,41,-1
Laureano Martínez,Martínez,GK++,Talleres,Argentina,Libertadores,61,63,62,59,64,23,61,-1
Mateusz Marzec,Marzec,RM++,GKS Katowice,Poland,PKO BP Ekstraklasa,61,76,56,56,63,25,46,-1
Pau Mascaró Ruiz,Pau Mascaró,ST++,RCD Mallorca,Spain,LALIGA EA SPORTS,61,74,63,45,59,24,60,-1
Boipelo Mashigo,Mashigo,LM++,Unterhaching,South Africa,3. Liga,61,78,47,55,65,28,43,-1
Ulrik Mathisen,Mathisen,RW++,SK Brann,Norway,Eliteserien,61,71,53,59,65,53,55,-1
Noah Mawene,Mawene,CM++,Preston,England,EFL Championship,61,65,54,58,64,55,59,-1
James Maxwell,Maxwell,LB++,Doncaster,Scotland,EFL League Two,61,71,29,49,60,57,64,-1
Leandro Maygua,Maygua,CAM++,Real Tomayapo,Bolivia,Sudamericana,61,65,52,60,63,46,44,-1
Adam Mayor,Mayor,LM++,Millwall,England,EFL Championship,61,76,56,51,67,35,53,-1
Derek Mazou-Sacko,Mazou-Sacko,CM++,Rodez AF,France,Ligue 2 BKT,61,66,46,57,63,56,62,-1
Conor McCormack,McCormack,CDM++,Galway United,Republic of Ireland,SSE Airtricity PD,61,48,54,57,56,59,63,-1
Luke McCormick,McCormick,CM++,Bristol Rovers,England,EFL League One,61,72,56,61,63,54,64,-1
Shane McEleney,McEleney,CB++,Derry City,Republic of Ireland,SSE Airtricity PD,61,32,33,49,44,58,72,-1
Robbie McKenzie,McKenzie,RB++,Gillingham,England,EFL League Two,61,67,47,54,54,57,71,-1
Rory McKenzie,McKenzie,LM++,Kilmarnock,Scotland,cinch Prem,61,74,53,56,64,50,63,-1
Jack McMillan,McMillan,RB++,Exeter City,Scotland,EFL League One,61,67,35,50,56,58,67,-1
Josh McPake,McPake,LM++,St. Johnstone,Scotland,cinch Prem,61,81,53,54,64,25,48,-1
Michael Mellon,Mellon,ST++,Stockport,Scotland,EFL League One,61,71,60,48,60,26,65,-1
Bissenty Mendy,Mendy,CB++,Red Star FC,Senegal,Ligue 2 BKT,61,63,27,43,45,61,66,-1
Metehan Mert,Mert,CB++,Konyaspor,Türkiye,Trendyol Süper Lig,61,57,29,34,37,65,65,-1
Bastien Meupiyou,Meupiyou,CB++,FC Nantes,France,Ligue 1 Uber Eats,61,58,33,43,43,62,62,-1
Felix Meyer,Meyer,LB++,Aleman. Aachen,Germany,3. Liga,61,72,38,56,54,57,68,-1
Tim Meyer,Meyer,CM++,Grasshopper Club,Switzerland,CSSL,61,71,51,58,65,58,62,-1
Peter Michael,Michael,ST++,CFR 1907 Cluj,Nigeria,SUPERLIGA,61,70,58,46,59,35,69,-1
Tony Miettinen,Miettinen,CB++,Odds BK,Finland,Eliteserien,61,60,34,43,48,62,61,-1
Luca Mihai,Mihai,CM++,Politehnica Iași,Romania,SUPERLIGA,61,70,50,59,62,57,64,-1
Václav Míka,Míka,CB++,Viktoria Plzeň,Czechia,Česká Liga,61,60,23,38,45,60,71,-1
Mateja Milovanović,Milovanović,CB++,sc Heerenveen,Serbia,Eredivisie,61,65,34,48,56,62,64,-1
Gyeong Hyeon Min,Min Gyeong Hyeon,LB++,Incheon United,Korea Republic,K League 1,61,75,33,44,58,55,68,-1
Jay Mingi,Mingi,CM++,Stockport,England,EFL League One,61,72,51,58,66,58,67,-1
Danilo Mitrović,Mitrović,CB++,Blau-Weiss Linz,Serbia,Ö. Bundesliga,61,63,45,51,52,66,60,-1
Nikolaj Moller,Moller,ST++,Strømsgodset IF,Sweden,Eliteserien,61,56,62,44,60,29,63,-1
Víctor Moreno Alcalá,Víctor Moreno,RM++,Villarreal CF,Spain,LALIGA EA SPORTS,61,63,62,57,63,31,44,-1
Nathan Moriah-Welsh,Moriah-Welsh,CM++,Hibernian,Guyana,cinch Prem,61,69,54,59,66,53,63,-1
Glenn Morris,Morris,GK++,Gillingham,England,EFL League Two,61,60,59,57,62,31,63,-1
Malik Mothersille,Mothersille,ST++,Peterborough,England,EFL League One,61,73,60,53,63,28,59,-1
Piotr Mroziński,Mroziński,RB++,Puszcza,Poland,PKO BP Ekstraklasa,61,59,43,54,55,59,72,-1
Jack Muldoon,Muldoon,ST++,Harrogate Town,England,EFL League Two,61,74,60,52,62,23,64,-1
Danny Mullen,Mullen,ST++,Derry City,Scotland,SSE Airtricity PD,61,70,61,49,60,41,59,-1
Jordan Murray,Murray,ST++,Jamshedpur FC,Australia,Hero ISL,61,60,60,46,60,18,65,-1
Francisco Mwepu,Mwepu,ST++,Cádiz CF,Zambia,LALIGA HYPERMOTION,61,79,62,42,63,23,51,-1
Suheyel Najar,Najar,RM++,Viktoria Köln,Germany,3. Liga,61,81,54,54,63,27,59,-1
Ramy Najjarine,Najjarine,LM++,Western United,Australia,A-League,61,76,47,56,67,38,46,-1
Hampus Näsström,Näsström,CDM++,IFK Värnamo,Sweden,Allsvenskan,61,45,36,50,48,59,74,-1
Jefferson Nazareno,Nazareno,CB++,Delfín S.C.,Ecuador,Sudamericana,61,63,32,41,49,63,66,-1
Petru Neagu,Neagu,LW++,FC Dinamo 1948,Moldova,SUPERLIGA,61,67,61,58,62,24,57,-1
Christoph Nicht,Nicht,GK++,Grazer AK,Austria,Ö. Bundesliga,61,60,63,56,60,23,61,-1
Aleksander D. Nilsson,Nilsson,CM++,Sandefjord,Sweden,Eliteserien,61,66,52,56,62,52,58,-1
Momodou Lion Njie,Njie,CB++,KFUM-Kameratene,Norway,Eliteserien,61,63,30,41,48,57,78,-1
Yonis Njoh,Njoh,ST++,Pau FC,France,Ligue 2 BKT,61,63,61,49,59,17,53,-1
Dan Nlundulu,Nlundulu,ST++,Bolton,England,EFL League One,61,68,59,46,59,21,68,-1
Vinícius Nogueira,Vinícius Nogueira,LB++,Halmstads BK,Brazil,Allsvenskan,61,71,47,54,59,53,68,-1
Luke Norris,Norris,ST++,Tranmere Rovers,England,EFL League Two,61,55,61,50,59,25,73,-1
Amin Nouri,Nouri,RB++,KFUM-Kameratene,Norway,Eliteserien,61,53,48,55,62,59,67,-1
Clinton Nsiala,Nsiala,CB++,Rangers,France,cinch Prem,61,62,30,41,52,60,68,-1
Tsiki Ntsabeleng,Ntsabeleng,CM++,FC Dallas,South Africa,MLS,61,72,59,62,67,51,60,-1
Trey Nyoni,Nyoni,CM++,Liverpool,England,Premier League,61,67,52,58,67,50,51,-1
Gatlin O'Donkor,O'Donkor,ST++,Oxford United,England,EFL Championship,61,73,60,47,62,31,68,-1
Kieran O'Hara,O'Hara,GK++,Kilmarnock,Republic of Ireland,cinch Prem,61,62,58,58,62,46,60,-1
Richard Odada,Odada,CDM++,Dundee United,Kenya,cinch Prem,61,57,46,54,58,59,65,-1
Emil Ødegaard,Ødegaard,GK++,KFUM-Kameratene,Norway,Eliteserien,61,61,59,59,61,45,58,-1
Niklas Ødegård,Ødegård,CAM++,Molde FK,Norway,Eliteserien,61,75,57,57,62,52,80,-1
David Odogu,Odogu,CB++,VfL Wolfsburg,Germany,Bundesliga,61,58,32,42,49,62,65,-1
Emeka Oduah,Oduah,RW++,VfL Osnabrück,Germany,3. Liga,61,81,56,50,62,26,60,-1
Maximilian Oesterhelweg,Oesterhelweg,CAM++,Energie Cottbus,Germany,3. Liga,61,71,61,60,63,45,58,-1
David Okagbue,Okagbue,CB++,Walsall,Republic of Ireland,EFL League Two,61,72,26,41,48,61,69,-1
Kennedy Okpala,Okpala,ST++,SV Waldhof,Germany,3. Liga,61,79,59,44,65,28,58,-1
Michael Olakigbe,Olakigbe,LM++,Wigan Athletic,England,EFL League One,61,75,60,51,64,34,62,-1
Bernardo Oliveira,Bernardo,LM++,Macarthur FC,Australia,A-League,61,81,55,52,66,35,47,-1
Vadaine Oliver,Oliver,ST++,Bradford City,England,EFL League Two,61,58,59,50,57,41,79,-1
Joseph Olowu,Olowu,CB++,Doncaster,England,EFL League Two,61,73,32,42,51,60,70,-1
Brandur H. Olsen,Olsen,CM++,Fredrikstad FK,Faroe Islands,Eliteserien,61,50,60,63,62,49,63,-1
Ramazan Orazov,Orazov,CM++,Silkeborg IF,Kazakhstan,3F Superliga,61,66,51,56,64,45,53,-1
Salah-Eddine Oulad M'Hand,Oulad M'Hand,CM++,Arsenal,Netherlands,Premier League,61,63,58,64,66,53,53,-1
Maxi Oyedele,Oyedele,CDM++,Legia Warszawa,Poland,PKO BP Ekstraklasa,61,73,54,55,60,60,66,-1
Adrián Pacheco,Pacheco,CAM++,Wilstermann,Bolivia,Sudamericana,61,66,54,58,60,49,55,-1
Devin Padelford,Padelford,CB++,Minnesota United,United States,MLS,61,56,31,48,57,63,60,-1
Mithat Pala,Pala,CDM++,Çaykur Rizespor,Türkiye,Trendyol Süper Lig,61,75,43,56,62,57,58,-1
Pablo Palacio,Palacio,RM++,Palestino,Argentina,Libertadores,61,76,55,55,63,31,55,-1
Matías Palavecino,Palavecino,CAM++,Belgrano,Argentina,Sudamericana,61,64,53,59,64,44,58,-1
Noah Pallas,Pallas,LB++,HJK Helsinki,Finland,Finnliiga,61,74,50,56,59,53,56,-1
Javier Pamies Marín,Pamies,CB++,Elche CF,Spain,LALIGA HYPERMOTION,61,65,29,49,55,62,64,-1
Ionuț Panțîru,Panțîru,LB++,FCSB,Romania,SUPERLIGA,61,72,51,57,60,56,62,-1
Bae Jong Park,Park Bae Jong,GK++,Suwon FC,Korea Republic,K League 1,61,61,62,57,61,54,60,-1
Ruari Paton,Paton,ST++,Port Vale,Republic of Ireland,EFL League Two,61,73,61,37,60,27,70,-1
Jasper Pattenden,Pattenden,RB++,Wycombe,England,EFL League One,61,81,49,56,61,54,58,-1
Phoenix Patterson,Patterson,LM++,Fleetwood Town,Scotland,EFL League Two,61,82,54,60,62,45,45,-1
Fredrik Carson Pedersen,Pedersen,RB++,Sandefjord,Norway,Eliteserien,61,69,29,56,61,55,60,-1
Dženan Pejčinović,Pejčinović,ST++,Düsseldorf,Germany,Bundesliga 2,61,58,60,52,61,24,59,-1
Joaquín Pereyra,Pereyra,LB++,Estudiantes,Argentina,Libertadores,61,71,51,57,59,56,56,-1
Leonardo Pérez,Pérez,CB++,Metropolitanos,Venezuela,Sudamericana,61,64,30,42,37,60,67,-1
Jeremías Pérez Tica,Pérez Tica,ST++,Newell's,Argentina,LPF,61,59,64,51,59,22,56,-1
Paya Pichkah,Pichkah,CM++,Brommapojkarna,Sweden,Allsvenskan,61,62,58,60,63,57,65,-1
Marcel Pięczek,Pięczek,LM++,Korona Kielce,Poland,PKO BP Ekstraklasa,61,65,47,61,58,54,64,-1
Edoardo Pieragnolo,Pieragnolo,LB++,Sassuolo,Italy,Serie BKT,61,68,34,47,55,55,61,-1
Kevin Piscopo,Piscopo,CAM++,SS Juve Stabia,Italy,Serie BKT,61,73,63,52,63,48,66,-1
Bobby Pointon,Pointon,RW++,Bradford City,England,EFL League Two,61,76,56,56,65,30,48,-1
Nikolas Polster,Polster,GK++,Wolfsberger AC,Austria,Ö. Bundesliga,61,65,59,54,64,19,53,-1
Markus Poom,Poom,CM++,Shamrock Rovers,Estonia,SSE Airtricity PD,61,66,56,59,58,57,64,-1
Darragh Power,Power,RB++,Waterford,Republic of Ireland,SSE Airtricity PD,61,71,32,49,54,57,58,-1
Darren Pratley,Pratley,CDM++,Leyton Orient,England,EFL League One,61,43,57,60,53,59,63,-1
Adrian Przyborek,Przyborek,RM++,Pogoń Szczecin,Poland,PKO BP Ekstraklasa,61,72,54,54,63,29,53,-1
Mehdi Puch,Puch,CDM++,AC Ajaccio,Algeria,Ligue 2 BKT,61,73,41,56,62,56,57,-1
Florin Purece,Purece,CM++,Unirea Slobozia,Romania,SUPERLIGA,61,64,62,64,64,40,59,-1
Joshua Putze,Putze,CDM++,Energie Cottbus,Germany,3. Liga,61,54,48,57,58,57,66,-1
Andreas Pyndt,Pyndt,CM++,IK Sirius,Denmark,Allsvenskan,61,76,53,54,61,58,67,-1
Mohammed Qasem,Qasem,LB++,Al Qadisiyah,Saudi Arabia,ROSHN Saudi League,61,74,56,55,64,55,70,-1
Valentino Quintero,Quintero,GK++,Rosario Central,Argentina,Libertadores,61,62,56,60,67,32,57,-1
Abdullah Radif,Radif,ST++,Al Hilal,Saudi Arabia,ROSHN Saudi League,61,82,56,38,53,22,66,-1
Tiago André Rajão Machado,Tiago Machado,ST++,Boavista FC,Portugal,Liga Portugal,61,67,60,46,59,24,59,-1
Denilzon Ramallo,Ramallo,CM++,Universitario,Bolivia,Sudamericana,61,68,44,56,59,57,68,-1
Connor Randall,Randall,CM++,Ross County,England,cinch Prem,61,62,48,60,60,61,67,-1
Weihui Rao,Rao Weihui,LB++,Meizhou Hakka,China PR,CSL,61,68,37,53,55,58,63,-1
Joshua Rawlins,Rawlins,RB++,Melb. Victory,Australia,A-League,61,72,40,54,59,55,66,-1
Tomás Rayer,Rayer,RM++,S. Trinidense,Argentina,Sudamericana,61,75,57,53,63,25,50,-1
Jeremía Recoba,Recoba,CAM++,Nacional,Italy,Libertadores,61,63,59,57,62,51,58,-1
Leon Reichardt,Reichardt,CB++,VfB Stuttgart II,Germany,3. Liga,61,58,38,52,55,63,60,-1
Peter Reinhardsen,Reinhardsen,RB++,Sarpsborg 08,Norway,Eliteserien,61,68,48,55,60,56,67,-1
Jesper Reitan-Sunde,Reitan-Sunde,RW++,Rosenborg BK,Norway,Eliteserien,61,83,54,53,62,36,48,-1
Pau Resta Tell,Pau Resta,CB++,Korona Kielce,Spain,PKO BP Ekstraklasa,61,58,38,46,47,62,64,-1
Callum Reynolds,Reynolds,CB++,Bromley FC,England,EFL League Two,61,45,27,38,43,60,72,-1
Will Richmond,Richmond,LM++,SJ Earthquakes,United States,MLS,61,70,44,53,67,24,54,-1
Lucas Ricoy Serrano,Lucas Ricoy,ST++,Burgos CF,Spain,LALIGA HYPERMOTION,61,52,62,50,60,28,55,-1
Chris Rigg,Rigg,CM++,Sunderland,England,EFL Championship,61,61,54,60,65,52,57,-1
José Río,Río,GK++,Danubio,Uruguay,Sudamericana,61,67,57,53,58,21,59,-1
Alessio Rizza,Rizza,LB++,Cittadella,Italy,Serie BKT,61,68,48,53,62,56,52,-1
Scott Robertson,Robertson,CM++,Notts County,Scotland,EFL League Two,61,68,53,59,64,56,63,-1
Ethan Robson,Robson,CM++,Carlisle United,England,EFL League Two,61,63,57,62,63,59,59,-1
Raúl Rocabado,Rocabado,CAM++,Universitario,Bolivia,Sudamericana,61,70,47,62,63,49,62,-1
Clément Rodrigues,Rodrigues,ST++,SC Bastia,France,Ligue 2 BKT,61,64,63,48,60,20,54,-1
Agustín Rodríguez,Rodríguez,CAM++,Lanús,Argentina,Sudamericana,61,68,43,60,65,40,41,-1
Franco Agustín Romero,Romero,CDM++,Ind. Rivadavia,Argentina,LPF,61,63,50,58,62,56,60,-1
Jakob Napoleon Romsaas,Romsaas,ST++,Tromsø IL,Norway,Eliteserien,61,77,58,57,61,34,61,-1
Dayle Rooney,Rooney,LM++,Bohemian FC,Republic of Ireland,SSE Airtricity PD,61,69,55,58,59,36,59,-1
Lucas Röser,Röser,ST++,SSV Ulm 1846,Germany,Bundesliga 2,61,70,61,52,61,32,65,-1
Francesco Rossi,Rossi,GK++,Bergamo Calcio,Italy,Serie A TIM,61,63,62,63,62,22,60,-1
Michael Ruhs,Ruhs,ST++,Western United,Australia,A-League,61,76,60,50,62,41,65,-1
Felix Ruschke,Ruschke,LB++,Hansa Rostock,Germany,3. Liga,61,71,32,45,57,58,66,-1
Tate Russell,Russell,RB++,Western United,Australia,A-League,61,80,46,55,59,54,63,-1
Ignacio Russo,Russo,ST++,Instituto,Argentina,LPF,61,67,60,47,61,27,56,-1
Facundo Russo,Russo,RM++,Platense,Argentina,LPF,61,70,55,56,64,31,46,-1
Pablo Sáenz Ezquerra,Pablo Sáenz,ST++,Granada CF,Spain,LALIGA HYPERMOTION,61,69,60,46,63,22,53,-1
Taha Şahin,Şahin,RB++,Çaykur Rizespor,Türkiye,Trendyol Süper Lig,61,69,30,52,61,58,51,-1
Jose María Saldaña Baeza,Saldaña,GK++,FC Cartagena,Spain,LALIGA HYPERMOTION,61,69,56,56,64,24,54,-1
Enes Sali,Sali,LW++,FC Dallas,Romania,MLS,61,81,52,54,68,23,38,-1
Jasper Samooja,Samooja,GK++,Lecce,Finland,Serie A TIM,61,62,65,61,59,26,60,-1
Alex Samuel,Samuel,ST++,Ross County,Wales,cinch Prem,61,82,59,51,64,33,68,-1
Jack Sanders,Sanders,CB++,St. Johnstone,England,cinch Prem,61,45,31,44,43,57,79,-1
Sidi Sané,Sané,ST++,Braunschweig,Germany,Bundesliga 2,61,69,58,57,65,43,56,-1
Dan Nlundulu,Nlundulu,ST++,Cambridge Utd,England,EFL League One,61,68,59,46,59,21,68,-1
Daniel Butterworth,Butterworth,CAM++,Swindon Town,England,EFL League Two,61,83,61,51,64,35,59,-1
Mateusz Stępień,Stępień,RM++,Puszcza,Poland,PKO BP Ekstraklasa,61,78,49,55,61,24,53,-1
Patrick Jones,Jones,LM++,Exeter City,Wales,EFL League One,61,88,53,50,67,29,47,-1
Abdullah Radif,Radif,ST++,Ettifaq FC,Saudi Arabia,ROSHN Saudi League,61,82,56,38,53,22,66,-1
Moussa Cissé,Cissé,LB++,FC Basel 1893,France,CSSL,61,68,36,53,64,57,47,-1
Kacper Lopata,Lopata,CB++,Ross County,Poland,cinch Prem,61,56,27,39,37,60,71,-1
Sammy Braybrooke,Braybrooke,CDM++,Dundee FC,England,cinch Prem,61,62,52,60,63,58,56,-1
Rhys Bennett,Bennett,CB++,Fleetwood Town,England,EFL League Two,61,59,37,48,52,59,66,-1
Harry Tyrer,Tyrer,GK++,Blackpool,England,EFL League One,61,60,58,59,61,16,61,-1
Gatlin O'Donkor,O'Donkor,ST++,Bristol Rovers,England,EFL League One,61,73,60,47,62,31,68,-1
Noah Mawene,Mawene,CM++,Newport County,England,EFL League Two,61,65,54,58,64,55,59,-1
Mohammed Al Shuwayrikh,Al Shuwayrikh,CB++,Al Shabab,Saudi Arabia,ROSHN Saudi League,61,61,29,47,52,60,66,-1
Joel Bichsel,Bichsel,CB++,Saarbrücken,Switzerland,3. Liga,61,54,29,41,43,60,67,-1
Maleace Asamoah,Asamoah,RM++,Wigan Athletic,England,EFL League One,61,84,55,48,66,29,56,-1
Bastien Meupiyou,Meupiyou,CB++,Wolves,France,Premier League,61,58,33,43,43,62,62,-1
Bradley Ibrahim,Ibrahim,CDM++,Crawley Town,England,EFL League One,61,65,40,59,61,57,64,-1
Mahamadou Susoho Sissoho,Mahamadou Susoho,CDM++,Manchester City,Spain,Premier League,61,62,47,59,62,60,56,-1
Momodou Lion Njie,Njie,CB++,KFUM-Kameratene,Gambia,Eliteserien,61,63,30,41,48,57,78,-1
Ayman Aourir,Aourir,CAM++,Aleman. Aachen,Morocco,3. Liga,61,66,54,59,67,42,39,-1
Jeremía Recoba,Recoba,CAM++,Nacional,Uruguay,Libertadores,61,63,59,57,62,51,58,-1
Sam Curtis,Curtis,RB++,Sheffield Utd,Republic of Ireland,EFL Championship,61,67,33,52,58,57,64,-1
Ellery Balcombe,Balcombe,GK++,Brentford,England,Premier League,61,61,59,61,64,39,59,-1
Ji Sol Lee,Lee Ji Sol,CB++,Suwon FC,Korea Republic,K League 1,61,62,39,41,42,58,74,-1
Yangyang Jin,Jin Yangyang,CB++,Shanghai Shenhua,China PR,CSL,61,45,29,37,41,59,74,-1
Luca Mihai,Mihai,CM++,CFR 1907 Cluj,Romania,SUPERLIGA,61,70,50,59,62,57,64,-1
Oscar Aga,Aga,ST++,Rosenborg BK,Norway,Eliteserien,61,71,59,41,60,22,58,-1
Michael Mellon,Mellon,ST++,Bradford City,Scotland,EFL League Two,61,71,60,48,60,26,65,-1
Pablo Palacio,Palacio,RM++,Unión,Argentina,LPF,61,76,55,55,63,31,55,-1
Aidan Denholm,Denholm,CM++,Hearts,Scotland,cinch Prem,61,66,49,61,64,55,49,-1
Long Song,Song Long,LB++,Shandong Taishan,China PR,CSL,61,67,37,54,59,56,68,-1
Elias Bakatukanda,Bakatukanda,CB++,Blau-Weiss Linz,Germany,Ö. Bundesliga,61,64,25,33,38,63,60,-1
Darragh Power,Power,RB++,Cheltenham Town,Republic of Ireland,EFL League Two,61,71,32,49,54,57,58,-1
George Lapslie,Lapslie,CAM++,Bradford City,England,EFL League Two,61,63,59,59,63,56,65,-1
Alexander Ahl Holmström,Ahl Holmström,ST++,1. FC Magdeburg,Sweden,Bundesliga 2,61,70,60,42,58,29,75,-1
Dean Bouzanis,Bouzanis,GK++,Reading,Australia,EFL League One,61,61,59,63,61,59,60,-1
Charlie Brown,Brown,RM++,Accrington,England,EFL League Two,61,81,56,53,62,31,60,-1
Weijun Dai,Dai Weijun,CM++,Shanghai Shenhua,China PR,CSL,61,72,59,62,66,46,60,-1
Sam Curtis,Curtis,RB++,St. Johnstone,Republic of Ireland,cinch Prem,61,67,33,52,58,57,64,-1
Ellery Balcombe,Balcombe,GK++,Motherwell,England,cinch Prem,61,61,59,61,64,39,59,-1
Tyler Smith,Smith,ST++,Barrow,England,EFL League Two,61,78,60,47,62,28,59,-1
Luca Mihai,Mihai,CM++,FC Gloria Buzău,Romania,SUPERLIGA,61,70,50,59,62,57,64,-1
Dara Costelloe,Costelloe,RM++,Swansea City,Republic of Ireland,EFL Championship,61,74,55,55,62,34,64,-1
Ruari Paton,Paton,ST++,Dundee United,Republic of Ireland,cinch Prem,61,73,61,37,60,27,70,-1
Ignacio Russo,Russo,ST++,Tigre,Argentina,LPF,61,67,60,47,61,27,56,-1
Joe Hugill,Hugill,ST++,Carlisle United,England,EFL League Two,61,67,62,49,55,22,66,-1
Antonio Tikvic,Tikvic,CB++,Grazer AK,Croatia,Ö. Bundesliga,61,35,31,42,42,60,68,-1
Will Alves,Alves,CAM++,Cardiff City,England,EFL Championship,61,66,53,60,65,45,52,-1
Petru Neagu,Neagu,LW++,Unirea Slobozia,Moldova,SUPERLIGA,61,67,61,58,62,24,57,-1
Pablo Sáenz Ezquerra,Pablo Sáenz,ST++,Albacete BP,Spain,LALIGA HYPERMOTION,61,69,60,46,63,22,53,-1
Francisco Facello,Facello,RB++,Godoy Cruz,Argentina,Libertadores,61,71,39,48,57,57,62,-1
Michael Olakigbe,Olakigbe,LM++,Chesterfield,England,EFL League Two,61,75,60,51,64,34,62,-1
Vadaine Oliver,Oliver,ST++,Shrewsbury,England,EFL League One,61,58,59,50,57,41,79,-1
Enes Sali,Sali,LW++,Al Riyadh,Romania,ROSHN Saudi League,61,81,52,54,68,23,38,-1
Andy Dallas,Dallas,ST++,Morecambe,Scotland,EFL League Two,61,81,59,46,60,28,59,-1
Ryan Trevitt,Trevitt,CM++,Exeter City,England,EFL League One,61,62,58,60,65,48,61,-1
Ahmad Al Ruhaili,Al Ruhaili,GK++,Al Nassr,Saudi Arabia,ROSHN Saudi League,61,62,59,55,59,39,60,-1
Abdelhamid Ait Boudlal,Ait Boudlal,CB++,Amiens SC,Morocco,Ligue 2 BKT,61,68,30,47,47,60,66,-1
Marwan Al Haidari,Al Haidari,GK++,Ettifaq FC,Saudi Arabia,ROSHN Saudi League,61,60,56,55,60,31,65,-1
Daniel Gore,Gore,CM++,Rotherham Utd,England,EFL League One,61,72,50,60,67,48,54,-1
Adam Mayor,Mayor,LM++,Bromley FC,England,EFL League Two,61,76,56,51,67,35,53,-1
Gustav Christensen,Christensen,ST++,FC Ingolstadt 04,Denmark,3. Liga,61,73,61,55,66,26,50,-1
Carl Björk,Björk,ST++,Brøndby IF,Sweden,3F Superliga,61,78,59,52,60,27,63,-1
Mohamed Al-Taay,Al-Taay,CDM++,WS Wanderers,Iraq,A-League,61,73,46,52,59,59,69,-1
Laurs Skjellerup,Skjellerup,ST++,Sassuolo,Denmark,Serie BKT,61,69,59,54,58,35,65,-1
Rosaire Longelo,Longelo,LB++,Salford City,England,EFL League Two,61,82,51,55,63,53,57,-1
Dan Adu-Adjei,Adu-Adjei,ST++,AFC Bournemouth,England,Premier League,61,77,61,49,60,27,51,-1
Jae Woo Kim,Kim Jae Woo,CB++,Jeju United,Korea Republic,K League 1,61,73,45,43,44,60,73,-1
Kian Breckin,Breckin,CM++,Manchester City,England,Premier League,61,68,57,61,64,49,58,-1
Jinbao Zhong,Zhong Jinbao,CM++,Wuhan 3 Towns,China PR,CSL,61,67,53,57,59,58,73,-1
Michael Olakigbe,Olakigbe,LM++,Brentford,England,Premier League,61,75,60,51,64,34,62,-1
Gonzalo Torres,Torres,ST++,Lanús,Argentina,Sudamericana,61,63,62,51,64,30,56,-1
Zhechao Chen,Chen Zhechao,LB++,Wuhan 3 Towns,China PR,CSL,61,69,35,52,57,57,64,-1
Andy Dallas,Dallas,ST++,Barnsley,Scotland,EFL League One,61,81,59,46,60,28,59,-1
Yangyang Jin,Jin Yangyang,CB++,Qingdao Hainiu,China PR,CSL,61,45,29,37,41,59,74,-1
Je Ho Yu,Yu Je Ho,CM++,GwangJu FC,Korea Republic,K League 1,61,55,47,58,61,50,62,-1
Jonathan Svedberg,Svedberg,CM++,St. Johnstone,Sweden,cinch Prem,61,66,48,60,63,59,62,-1
Alexis Segovia,Segovia,RM++,Lanús,Argentina,Sudamericana,61,76,50,54,66,34,47,-1
Robbie Benson,Benson,CAM++,Derry City,Republic of Ireland,SSE Airtricity PD,61,48,61,62,62,48,56,-1
Josh Williams,Williams,RB++,Carlisle United,England,EFL League Two,61,78,45,53,57,56,60,-1
Tobias Eisenhuth,Eisenhuth,CDM++,Viktoria Köln,Germany,3. Liga,61,57,44,60,56,60,69,-1
Michael Pavlović,Pavlović,LB++,FC Botoșani,Slovenia,SUPERLIGA,60,71,31,48,51,55,57,-1
Luca Pazourek,Pazourek,RB++,FK Austria Wien,Austria,Ö. Bundesliga,60,71,30,49,56,55,61,-1
Mateo Peralta,Peralta,CM++,Danubio,Uruguay,Sudamericana,60,66,61,61,64,47,58,-1
Michał Perchel,Perchel,GK++,Puszcza,Poland,PKO BP Ekstraklasa,60,57,58,68,61,22,64,-1
Marco Perchtold,Perchtold,CDM++,Grazer AK,Austria,Ö. Bundesliga,60,52,61,55,54,60,63,-1
Mateo Pérez,Pérez,CB++,Banfield,Argentina,LPF,60,54,32,41,45,61,63,-1
Jakob V. Persson,Persson,RB++,IK Sirius,Sweden,Allsvenskan,60,54,27,54,51,59,72,-1
Thiago Perugini,Perugini,ST++,San Lorenzo,Argentina,Libertadores,60,73,61,49,58,21,52,-1
Diogo Pinheiro Monteiro,Diogo Monteiro,CB++,Leeds United,Portugal,EFL Championship,60,58,24,51,57,59,63,-1
Tailson Pinto Gonçalves,Tailson,RW++,Politehnica Iași,Brazil,SUPERLIGA,60,71,51,57,64,25,45,-1
Marco Pissardo,Pissardo,GK++,Bari,Italy,Serie BKT,60,58,61,61,64,36,60,-1
James Plant,Plant,LB++,Port Vale,England,EFL League Two,60,72,35,54,58,55,48,-1
Leon Pöhls,Pöhls,GK++,Shamrock Rovers,Germany,SSE Airtricity PD,60,61,59,56,63,34,60,-1
Simon Power,Power,RM++,Sligo Rovers,Republic of Ireland,SSE Airtricity PD,60,87,50,53,61,29,44,-1
Alejandro Primo Hernández,Álex Primo,GK++,Levante UD,Spain,LALIGA HYPERMOTION,60,61,60,55,62,36,58,-1
August Priske,Priske,ST++,Djurgårdens IF,Denmark,Allsvenskan,60,71,57,52,58,28,68,-1
Ralph Priso,Priso,CDM++,Whitecaps FC,Canada,MLS,60,63,39,52,57,59,64,-1
Eduard Probst,Probst,ST++,SC Verl,Germany,3. Liga,60,80,61,46,54,17,65,-1
Jeffry Puriël,Puriël,LM++,Almere City FC,Netherlands,Eredivisie,60,67,58,57,61,31,58,-1
Tymur Puzankov,Puzankov,GK++,Shakhtar Donetsk,Ukraine,Ukrayina Liha,60,60,58,62,62,49,61,-1
Kevin Pytlik,Pytlik,CB++,Viktoria Köln,Poland,3. Liga,60,62,24,35,38,62,61,-1
Fabricio Quaglio,Quaglio,LB++,The Strongest,Bolivia,Libertadores,60,80,50,50,58,51,56,-1
Ghjuvanni Quilichini,Quilichini,GK++,AC Ajaccio,France,Ligue 2 BKT,60,59,57,61,65,25,61,-1
Asish Rai,Rai,RM++,ATK Mohun Bagan,India,Hero ISL,60,72,42,54,60,55,64,-1
Dorian Răilean,Răilean,GK++,FC Gloria Buzău,Moldova,SUPERLIGA,60,62,58,56,64,21,58,-1
Pedro David Ramírez,Ramírez,RB++,Dep. Riestra,Argentina,LPF,60,65,35,51,61,55,64,-1
Kevin Rauhut,Rauhut,GK++,Viktoria Köln,Germany,3. Liga,60,62,59,63,62,31,57,-1
Hugo Redón Almela,Hugo Redón,CM++,Levante UD,Spain,LALIGA HYPERMOTION,60,61,50,62,63,47,49,-1
Josh Reid,Reid,LB++,Ross County,Scotland,cinch Prem,60,68,36,49,57,57,64,-1
Charlie Reilly,Reilly,LM++,Dundee FC,Scotland,cinch Prem,60,80,62,53,62,31,52,-1
Jay Rich-Baghuelou,Rich-Baghuelou,CB++,Accrington,Australia,EFL League Two,60,50,43,42,50,56,78,-1
Lewis Richards,Richards,LB++,Bradford City,Republic of Ireland,EFL League Two,60,72,45,54,59,55,66,-1
Lewis Richardson,Richardson,ST++,Burnley,England,EFL Championship,60,66,60,47,63,26,53,-1
Axl Ríos,Ríos,CDM++,Everton,Chile,Sudamericana,60,59,44,53,56,57,63,-1
Sascha Risch,Risch,LM++,SSV Ulm 1846,Germany,Bundesliga 2,60,70,40,58,63,53,55,-1
Armando Rivas,Rivas,ST++,Caracas F.C.,Venezuela,Libertadores,60,74,62,38,62,24,48,-1
Paulo Riveros,Riveros,CAM++,Olimpia,Paraguay,Sudamericana,60,60,56,59,62,42,59,-1
Andrea Rizzo Pinna,Rizzo Pinna,CM++,Cosenza,Italy,Serie BKT,60,65,47,59,62,55,54,-1
Finlay Robertson,Robertson,CM++,Dundee FC,Scotland,cinch Prem,60,69,54,58,64,52,45,-1
Kyung Ho Roh,Roh Kyung Ho,ST++,Suwon FC,Korea Republic,K League 1,60,67,59,57,65,48,52,-1
Jack Roles,Roles,CM++,Crawley Town,Cyprus,EFL League One,60,67,59,62,63,56,45,-1
Iván Román,Román,CB++,Palestino,Chile,Libertadores,60,65,27,46,42,59,75,-1
Gastón Romano,Romano,CM++,FC Botoșani,Argentina,SUPERLIGA,60,66,54,63,61,51,58,-1
Tomás Romero,Romero,GK++,New York City FC,El Salvador,MLS,60,63,59,60,60,28,59,-1
Sergi Rosanas Moragas,Sergi Rosanas,RB++,Sparta Rotterdam,Spain,Eredivisie,60,81,36,51,60,54,45,-1
Lachlan Rose,Rose,ST++,Newcastle Jets,Australia,A-League,60,81,58,53,60,45,66,-1
Liam Rose,Rose,CDM++,Macarthur FC,Australia,A-League,60,71,47,54,59,56,68,-1
Oliver Ross,Ross,CAM++,AaB,Denmark,3F Superliga,60,69,60,54,65,30,57,-1
Håkon Røsten,Røsten,CB++,Rosenborg BK,Norway,Eliteserien,60,56,33,43,45,59,64,-1
Filip Rózga,Rózga,RW++,Cracovia,Poland,PKO BP Ekstraklasa,60,80,44,53,65,25,54,-1
Matías Ruiz Díaz,Ruiz Díaz,RB++,Ind. Rivadavia,Argentina,LPF,60,63,35,50,57,58,61,-1
Tivonge Rushesha,Rushesha,CDM++,Reading,Zimbabwe,EFL League One,60,77,46,57,67,58,54,-1
Franco Saavedra,Saavedra,LB++,Talleres,Argentina,Libertadores,60,64,46,57,58,57,48,-1
Juan Salcedo,Salcedo,CM++,S. Trinidense,Paraguay,Sudamericana,60,62,40,57,60,55,60,-1
Adam Saldaña,Saldaña,CDM++,KFUM-Kameratene,United States,Eliteserien,60,54,47,56,61,57,65,-1
Salvador Sánchez,Sánchez,CB++,Coquimbo Unido,Argentina,Sudamericana,60,61,32,33,41,60,68,-1
Kevin Sánchez Rey,Kevin Sánchez,ST++,RC Deportivo,Spain,LALIGA HYPERMOTION,60,60,63,47,60,23,52,-1
Facundo Sanguinetti,Sanguinetti,GK++,Banfield,Argentina,LPF,60,60,54,56,63,27,58,-1
Tom Sanne,Sanne,ST++,Hannover 96 II,Germany,3. Liga,60,69,62,50,64,20,54,-1
Sam Sargeant,Sargeant,GK++,Waterford,England,SSE Airtricity PD,60,65,58,55,61,45,58,-1
Jean Franco Sarmiento,Sarmiento,ST++,Radomiak Radom,Colombia,PKO BP Ekstraklasa,60,71,58,45,62,23,53,-1
Gianluca Saro,Saro,GK++,Cremonese,Italy,Serie BKT,60,59,64,61,59,21,56,-1
Mathias Dahl Sauer,Sauer,CM++,FK Haugesund,Denmark,Eliteserien,60,71,56,57,67,58,55,-1
Mathieu Scalet,Scalet,CDM++,Motor Lublin,France,PKO BP Ekstraklasa,60,63,53,55,57,54,69,-1
Julius Schell,Schell,CB++,Aleman. Aachen,Germany,3. Liga,60,54,37,51,54,60,64,-1
Tjark Scheller,Scheller,CB++,SC Paderborn 07,Germany,Bundesliga 2,60,61,28,45,45,61,65,-1
Maximilian Schmid,Schmid,ST++,1. FC Köln,Germany,Bundesliga 2,60,64,62,49,60,26,53,-1
Jakob Schöller,Schöller,CB++,SK Rapid Wien,Austria,Ö. Bundesliga,60,69,28,50,42,61,64,-1
Thorsten Schriebl,Schriebl,CM++,Grazer AK,Austria,Ö. Bundesliga,60,64,57,56,61,48,55,-1
Arne Schulz,Schulz,GK++,SC Paderborn 07,Germany,Bundesliga 2,60,60,57,55,65,26,56,-1
Dante Sealy,Sealy,LM++,FC Dallas,United States,MLS,60,80,56,51,63,19,42,-1
Simon Seidl,Seidl,CM++,Blau-Weiss Linz,Austria,Ö. Bundesliga,60,66,55,57,61,49,51,-1
Ismaël Séoné,Séoné,ST++,FK Haugesund,Burkina Faso,Eliteserien,60,69,59,43,59,19,57,-1
Liam Shephard,Shephard,RB++,Salford City,Wales,EFL League Two,60,71,48,57,60,56,57,-1
Jack Shepherd,Shepherd,CB++,Bradford City,England,EFL League Two,60,58,25,39,42,59,67,-1
Liang Shi,Shi Liang,CDM++,Meizhou Hakka,China PR,CSL,60,55,51,53,60,57,65,-1
Chang Moo Shin,Shin Chang Moo,LM++,GwangJu FC,Korea Republic,K League 1,60,64,56,57,62,43,59,-1
Kevin Silva,Silva,CB++,Rosario Central,Argentina,Libertadores,60,55,29,35,40,61,71,-1
Toby Sims,Sims,RB++,Harrogate Town,England,EFL League Two,60,75,40,51,55,54,71,-1
Emanuel Sittaro,Sittaro,GK++,Instituto,Argentina,LPF,60,64,60,60,60,22,55,-1
Håkon Sjåtil,Sjåtil,RB++,Kristiansund BK,Norway,Eliteserien,60,56,36,52,56,56,59,-1
Herman Sjögrell,Sjögrell,RW++,IK Sirius,Sweden,Allsvenskan,60,76,58,52,62,30,55,-1
David Skubl,Skubl,GK++,Wolfsberger AC,Austria,Ö. Bundesliga,60,64,58,54,64,17,53,-1
Jordan Slew,Slew,LM++,Morecambe,England,EFL League Two,60,68,58,52,59,26,65,-1
Tyger Smalls,Smalls,RW++,Charlotte FC,England,MLS,60,68,54,58,59,26,46,-1
Scott Smith,Smith,CM++,Wigan Athletic,Wales,EFL League One,60,61,50,58,60,58,62,-1
Matty Smith,Smith,ST++,Shelbourne,Scotland,SSE Airtricity PD,60,72,59,53,64,36,64,-1
Oisin Smyth,Smyth,CAM++,St. Mirren,Northern Ireland,cinch Prem,60,65,55,58,62,56,60,-1
Birnir Snær Ingason,Snær Ingason,LM++,Halmstads BK,Iceland,Allsvenskan,60,69,54,53,59,27,61,-1
Yann Songo'o,Songo'o,CDM++,Morecambe,Cameroon,EFL League Two,60,51,38,51,53,58,77,-1
Luca Sonzogni,Sonzogni,GK++,Mantova,Italy,Serie BKT,60,62,60,65,63,38,58,-1
Marin Soticek,Soticek,RW++,FC Basel 1893,Croatia,CSSL,60,75,64,46,58,24,47,-1
Ibrahima Sow,Sow,ST++,Sevilla FC,Senegal,LALIGA EA SPORTS,60,74,56,53,52,23,61,-1
Omar Sowunmi,Sowunmi,CB++,Bromley FC,England,EFL League Two,60,53,36,36,38,58,77,-1
Adam McDonnell,McDonnell,CDM++,Bohemian FC,Republic of Ireland,SSE Airtricity PD,60,54,52,59,58,54,66,-1
Oisín McEntee,McEntee,CDM++,Walsall,Republic of Ireland,EFL League Two,60,59,44,53,55,58,71,-1
Tom McGill,McGill,GK++,MK Dons,Canada,EFL League Two,60,62,60,63,62,19,59,-1
Sean McGurk,McGurk,CAM++,Swindon Town,England,EFL League Two,60,71,59,58,61,43,53,-1
James McManus,McManus,CDM++,Bohemian FC,Republic of Ireland,SSE Airtricity PD,60,67,48,55,58,56,62,-1
Adedire Mebude,Mebude,RW++,KVC Westerlo,Scotland,1A Pro League,60,75,61,46,66,24,54,-1
Henrik Meister,Meister,ST++,Stade Rennais FC,Denmark,Ligue 1 Uber Eats,60,65,58,42,55,26,71,-1
Jorge Mejía,Mejía,GK++,Nacional Potosí,Bolivia,Sudamericana,60,59,61,62,58,17,59,-1
Rodrigo Melgarejo,Melgarejo,CB++,Cerro Porteño,Paraguay,Libertadores,60,63,40,50,43,60,67,-1
Marco Meli,Meli,CAM++,SS Juve Stabia,Italy,Serie BKT,60,58,61,57,65,37,44,-1
Tomás Mendes Mendes,Tomás Mendes,CM++,D. Alavés,Spain,LALIGA EA SPORTS,60,63,54,54,59,50,58,-1
Diego Méndez Molero,Diego Méndez,CB++,Rayo Vallecano,Spain,LALIGA EA SPORTS,60,63,27,47,45,60,59,-1
Nobel Mendy,Mendy,LB++,Real Betis,France,LALIGA EA SPORTS,60,69,44,52,54,56,63,-1
Chris Merrie,Merrie,CM++,Tranmere Rovers,England,EFL League Two,60,64,53,57,59,58,66,-1
Patrick Metcalfe,Metcalfe,RB++,Fredrikstad FK,Canada,Eliteserien,60,60,46,56,58,56,67,-1
Loris Mettler,Mettler,CM++,Sandefjord,Switzerland,Eliteserien,60,59,54,58,62,51,46,-1
Leandro Meza,Meza,CM++,Club Nacional,Paraguay,Sudamericana,60,66,49,55,60,53,66,-1
Nicolás Meza,Meza,CM++,Palestino,Chile,Libertadores,60,65,44,55,63,55,64,-1
Oualid Mhamdi,Mhamdi,RB++,Fürth,Morocco,Bundesliga 2,60,71,26,47,53,56,60,-1
Ole Erik Midtskogen,Midtskogen,ST++,Odds BK,Norway,Eliteserien,60,39,61,48,52,46,70,-1
Hilmir Rafn Mikaelsson,Mikaelsson,ST++,Kristiansund BK,Iceland,Eliteserien,60,59,58,47,56,30,66,-1
Paul Milde,Milde,RB++,Energie Cottbus,Germany,3. Liga,60,71,50,53,61,56,50,-1
Ross Millen,Millen,RB++,Morecambe,Scotland,EFL League Two,60,61,41,56,54,56,71,-1
César Miño,Miño,ST++,Guaraní,Paraguay,Sudamericana,60,72,61,55,62,27,50,-1
Filippo Missori,Missori,RB++,Sassuolo,Italy,Serie BKT,60,50,35,48,59,61,45,-1
Max Moerstedt,Moerstedt,ST++,TSG Hoffenheim,Germany,Bundesliga,60,60,59,41,51,28,60,-1
Zane Monlouis,Monlouis,CB++,Arsenal,Jamaica,Premier League,60,61,31,43,48,60,65,-1
Axel Montaña,Montaña,CAM++,Danubio,Uruguay,Sudamericana,60,70,54,56,65,50,53,-1
Romain Montiel,Montiel,ST++,FC Martigues,France,Ligue 2 BKT,60,68,58,48,60,29,67,-1
Stuart Moore,Moore,GK++,Morecambe,England,EFL League Two,60,61,58,56,60,49,59,-1
Luís Henrique Moraes Pires,Luís Henrique,GK++,Boavista FC,Brazil,Liga Portugal,60,59,57,58,60,31,62,-1
Santiago Morales,Morales,CB++,Sarmiento,Argentina,LPF,60,54,30,35,35,61,68,-1
Alan Morinigo,Morinigo,LM++,Olimpia,Argentina,Sudamericana,60,63,51,62,63,50,49,-1
Sander Risan Mørk,Mørk,CM++,Sandefjord,Norway,Eliteserien,60,65,51,61,61,54,61,-1
Callum Morton,Morton,ST++,Northampton,England,EFL League One,60,81,59,51,60,35,66,-1
Arash Motaraghebjafarpour,Motaraghebjafarpour,RB++,Kalmar FF,Sweden,Allsvenskan,60,76,40,50,61,51,66,-1
Nikolas Muci,Muci,ST++,Grasshopper Club,Switzerland,CSSL,60,62,62,40,57,20,63,-1
Zakaria Mugeese,Mugeese,LW++,Odds BK,Ghana,Eliteserien,60,79,56,53,60,26,59,-1
Joshua Mukeh,Mukeh,CB++,FC Utrecht,Netherlands,Eredivisie,60,66,30,43,47,60,64,-1
Josh Mulligan,Mulligan,CM++,Dundee FC,Scotland,cinch Prem,60,81,57,54,66,57,65,-1
Leonhard Münst,Münst,CM++,VfB Stuttgart II,Germany,3. Liga,60,56,52,61,60,54,57,-1
Andreas Murbeck,Murbeck,CB++,IK Sirius,Sweden,Allsvenskan,60,48,29,41,43,57,66,-1
Adam Murphy,Murphy,CM++,Bristol City,Republic of Ireland,EFL Championship,60,71,54,58,63,52,64,-1
Fraser Murray,Murray,LM++,Kilmarnock,Scotland,cinch Prem,60,68,57,59,60,50,50,-1
Ilyes Najim,Najim,LM++,SM Caen,France,Ligue 2 BKT,60,77,56,58,63,31,39,-1
Song Nan,Nan Song,RM++,SZ Peng City,China PR,CSL,60,61,49,57,59,40,55,-1
Noah Nartey,Nartey,CM++,Brøndby IF,Denmark,3F Superliga,60,66,52,57,61,47,57,-1
Marcos Navarro Blázquez,Marcos Navarro,LB++,Levante UD,Spain,LALIGA HYPERMOTION,60,65,41,54,55,57,47,-1
Ezequiel Naya,Naya,ST++,Sarmiento,Argentina,LPF,60,48,59,51,55,33,74,-1
Mbaye Ndiaye,Ndiaye,RW++,Motor Lublin,Senegal,PKO BP Ekstraklasa,60,81,56,55,60,39,65,-1
Ionuț Neagu,Neagu,CDM++,SC Oțelul Galați,Romania,SUPERLIGA,60,52,56,57,58,59,61,-1
Manfredi Nespola,Nespola,GK++,Palermo,Italy,Serie BKT,60,60,60,58,61,30,60,-1
Josh Neufville,Neufville,LM++,AFC Wimbledon,England,EFL League Two,60,78,55,49,60,21,59,-1
Jonas Nickisch,Nickisch,GK++,1. FC Köln,Germany,Bundesliga 2,60,63,57,59,65,26,57,-1
Niklas Niehoff,Niehoff,ST++,VfL Osnabrück,Germany,3. Liga,60,75,55,55,65,32,56,-1
Severin Nioule,Nioule,LW++,BK Häcken,Côte d'Ivoire,Allsvenskan,60,87,52,46,66,23,48,-1
Tom Nixon,Nixon,RB++,Doncaster,England,EFL League Two,60,65,37,51,58,55,65,-1
Nahuel Noll,Noll,GK++,Fürth,Germany,Bundesliga 2,60,60,59,60,61,27,57,-1
Runar Norheim,Norheim,LB++,Tromsø IL,Norway,Eliteserien,60,67,49,57,63,57,53,-1
Jahce Tyler Novello,Novello,ST++,Cosenza,Australia,Serie BKT,60,74,59,53,59,32,66,-1
Frédéric Nsabiyumva,Nsabiyumva,CB++,Västerås SK,Burundi,Allsvenskan,60,57,26,36,37,60,74,-1
Patrick Nuamah,Nuamah,CM++,Brisigonza,Italy,Serie BKT,60,79,57,62,63,56,62,-1
Franklin Nyenetue,Nyenetue,LW++,Kristiansund BK,Norway,Eliteserien,60,84,53,49,63,26,53,-1
John O'Sullivan,O'Sullivan,RM++,Shelbourne,Republic of Ireland,SSE Airtricity PD,60,67,57,56,58,53,65,-1
Timon Obermeier,Obermeier,CB++,Unterhaching,Germany,3. Liga,60,65,24,41,46,60,69,-1
Nikolay Obolskiy,Obolskiy,ST++,Córdoba CF,Russia,LALIGA HYPERMOTION,60,64,61,47,57,25,58,-1
Jonas Oehmichen,Oehmichen,CAM++,Dynamo Dresden,Germany,3. Liga,60,68,44,58,64,38,47,-1
Isaac Ogundere,Ogundere,RB++,AFC Wimbledon,England,EFL League Two,60,80,34,49,59,54,57,-1
Mazeed Ogungbo,Ogungbo,LB++,Barrow,Republic of Ireland,EFL League Two,60,71,32,46,56,56,70,-1
In Pyo Oh,Oh In Pyo,RM++,Gimcheon Sangmu,Korea Republic,K League 1,60,66,56,52,62,35,58,-1
Nicolas-Bernd Oliveira,Oliveira,LB++,Hamburger SV,Germany,Bundesliga 2,60,75,32,52,56,55,62,-1
Giacomo Olzer,Olzer,CAM++,Brisigonza,Italy,Serie BKT,60,63,57,59,62,34,62,-1
Leon Opitz,Opitz,LM++,SV Werder Bremen,Germany,Bundesliga,60,67,57,54,60,34,54,-1
Leo Oppermann,Oppermann,GK++,Arminia Bielefeld,Germany,3. Liga,60,63,59,59,65,23,58,-1
Nils Ortel,Ortel,LB++,Unterhaching,Germany,3. Liga,60,67,22,44,40,59,58,-1
Fynn Otto,Otto,CB++,SC Verl,Germany,3. Liga,60,54,33,45,47,60,63,-1
Mohamed Ouédraogo,Ouédraogo,LB++,SCR Altach,Burkina Faso,Ö. Bundesliga,60,66,34,55,61,54,61,-1
Mansour Ouro-Tagba,Ouro-Tagba,ST++,Jahn Regensburg,Togo,Bundesliga 2,60,81,51,46,64,31,68,-1
Ignacio Pacheco,Pacheco,CDM++,Cobresal,Chile,Libertadores,60,59,34,53,56,54,63,-1
Édgar Páez,Páez,ST++,Cerro Porteño,Paraguay,Libertadores,60,78,59,41,62,18,49,-1
Yaw Paintsil,Paintsil,LB++,Tromsø IL,Norway,Eliteserien,60,85,53,50,64,56,59,-1
Kamil Pajnowski,Pajnowski,CB++,Stal Mielec,Poland,PKO BP Ekstraklasa,60,58,27,40,43,59,69,-1
Ash Palmer,Palmer,CB++,Chesterfield,England,EFL League Two,60,47,29,37,42,60,71,-1
Seb Palmer-Houlden,Palmer-Houlden,ST++,Dundee FC,England,cinch Prem,60,74,57,52,60,33,61,-1
Kevor Palumets,Palumets,CM++,HJK Helsinki,Estonia,Finnliiga,60,65,53,59,61,53,67,-1
Mats Pannewig,Pannewig,CM++,VfL Bochum,Germany,Bundesliga,60,48,53,57,61,52,68,-1
Dae Won Park,Park Dae Won,CB++,Gimcheon Sangmu,Korea Republic,K League 1,60,69,45,56,59,59,64,-1
Sang Hyuk Park,Park Sang Hyuk,ST++,Gimcheon Sangmu,Korea Republic,K League 1,60,65,58,44,59,20,65,-1
Jin Seong Park,Park Jin Seong,LB++,Daejeon Citizen,Korea Republic,K League 1,60,72,28,40,57,56,65,-1
Felix Paschke,Paschke,CM++,B. Dortmund II,Germany,3. Liga,60,62,43,58,65,45,56,-1
Alem Pasic,Pasic,CB++,Blau-Weiss Linz,Austria,Ö. Bundesliga,60,63,26,32,34,60,68,-1
Sebastian Pasquali,Pasquali,CM++,Western United,Australia,A-League,60,51,50,61,63,55,56,-1
Milan Iloski,Iloski,ST++,FC Nordsjælland,United States,3F Superliga,60,78,58,43,65,20,50,-1
Joachim Imbrechts,Imbrechts,GK++,R. Union St.-G.,Sweden,1A Pro League,60,64,57,56,62,38,53,-1
Felix Irorere,Irorere,CB++,B. Dortmund II,Germany,3. Liga,60,54,30,38,40,59,68,-1
Baptiste Isola,Isola,CDM++,Grenoble Foot 38,France,Ligue 2 BKT,60,62,38,54,55,58,62,-1
Jacob Jackson,Jackson,GK++,SJ Earthquakes,United States,MLS,60,60,63,55,62,27,58,-1
Imam Jagne,Jagne,CM++,Mjällby AIF,Sweden,Allsvenskan,60,68,55,54,65,55,66,-1
Andres Jasson,Jasson,RM++,AaB,United States,3F Superliga,60,71,47,54,63,41,50,-1
Lenn Jastremski,Jastremski,ST++,Unterhaching,Germany,3. Liga,60,61,60,41,58,23,64,-1
Håvar Grøntvedt Jenssen,Jenssen,GK++,Fredrikstad FK,Norway,Eliteserien,60,61,60,59,61,23,60,-1
Jin Woo Jeon,Jeon Jin Woo,LM++,Jeonbuk Hyundai,Korea Republic,K League 1,60,78,56,53,62,33,53,-1
Ji Yong Jeong,Jeong Ji Yong,LM++,GwangJu FC,Korea Republic,K League 1,60,76,55,45,63,28,67,-1
Luke Jephcott,Jephcott,ST++,Newport County,Wales,EFL League Two,60,68,61,53,63,26,58,-1
Niklas Jessen,Jessen,RB++,B. Dortmund II,Germany,3. Liga,60,63,49,60,62,56,55,-1
Eon Hak Ji,Ji Eon Hak,CAM++,Incheon United,Korea Republic,K League 1,60,73,57,57,64,38,59,-1
Lucas Hägg Johansson,Johansson,GK++,Brommapojkarna,Sweden,Allsvenskan,60,61,60,59,60,38,59,-1
Carl Johnston,Johnston,RB++,Fleetwood Town,Northern Ireland,EFL League Two,60,73,47,55,60,55,62,-1
Louis Jones,Jones,GK++,Waterford,England,SSE Airtricity PD,60,60,60,58,59,40,59,-1
Janis Juckel,Juckel,CM++,Energie Cottbus,Germany,3. Liga,60,64,47,59,61,53,60,-1
Arlet Junior Zé,Junior Zé,LM++,FC Basel 1893,Switzerland,CSSL,60,79,48,50,68,26,52,-1
Ali Kabacalman,Kabacalman,CDM++,FC Sion,Switzerland,CSSL,60,53,49,52,54,58,57,-1
Vishal Kaith,Kaith,GK++,ATK Mohun Bagan,India,Hero ISL,60,65,59,57,57,30,60,-1
Sergio Kalaj,Kalaj,CB++,Frosinone,Albania,Serie BKT,60,49,27,42,42,61,64,-1
Berat Kalkan,Kalkan,LM++,Kasımpaşa,North Macedonia,Trendyol Süper Lig,60,84,54,50,64,31,38,-1
Yahya Kalley,Kalley,LB++,IFK Norrköping,Sweden,Allsvenskan,60,74,33,46,58,55,60,-1
Jimmy Kaparos,Kaparos,CDM++,Rot-Weiss Essen,Netherlands,3. Liga,60,64,43,56,59,56,67,-1
Yusuf Karagöz,Karagöz,GK++,Alanyaspor,Türkiye,Trendyol Süper Lig,60,61,59,53,60,25,57,-1
Hlynur Freyr Karlsson,Karlsson,CB++,Brommapojkarna,Iceland,Allsvenskan,60,55,35,49,48,60,62,-1
Markus Karlsson,Karlsson,RB++,Hammarby IF,Sweden,Allsvenskan,60,65,27,48,41,61,64,-1
Al-Amin Kazeem,Kazeem,LB++,St. Pats,England,SSE Airtricity PD,60,81,42,52,57,53,62,-1
Fiacre Kelleher,Kelleher,CB++,Colchester,Republic of Ireland,EFL League Two,60,49,38,40,45,58,71,-1
Daniel Kelly,Kelly,RM++,Derry City,Republic of Ireland,SSE Airtricity PD,60,78,51,52,61,40,46,-1
Jimmy Keohane,Keohane,RB++,Galway United,Republic of Ireland,SSE Airtricity PD,60,67,52,55,58,55,68,-1
Maciej Kikolski,Kikolski,GK++,Radomiak Radom,Poland,PKO BP Ekstraklasa,60,61,60,58,59,32,58,-1
Min Seok Kim,Kim Min Seok,LW++,Incheon United,Korea Republic,K League 1,60,79,52,46,63,41,62,-1
Kyung Joon Kim,Kim Kyung Joon,ST++,Gimcheon Sangmu,Korea Republic,K League 1,60,75,57,38,57,22,60,-1
Gyeong Min Kim,Kim Gyeong Min,ST++,Gangwon FC,Korea Republic,K League 1,60,82,54,38,60,27,61,-1
Ji Hyun Kim,Kim Ji Hyun,ST++,Ulsan Hyundai,Korea Republic,K League 1,60,76,55,53,61,28,69,-1
Benjamin Kimpioka,Kimpioka,ST++,St. Johnstone,Sweden,cinch Prem,60,85,59,52,58,29,70,-1
Rayan Kolli,Kolli,ST++,QPR,Algeria,EFL Championship,60,77,58,53,65,25,43,-1
Hugo Komano,Komano,ST++,Yverdon Sport FC,France,CSSL,60,58,60,39,51,27,64,-1
Yunus Emre Konak,Konak,CDM++,Brentford,Türkiye,Premier League,60,60,43,55,54,57,56,-1
Richard Koné,Koné,ST++,Wycombe,Côte d'Ivoire,EFL League One,60,81,57,43,63,31,61,-1
Ja Cheol Koo,Koo Ja Cheol,CM++,Jeju United,Korea Republic,K League 1,60,49,58,63,61,53,56,-1
Eray Korkmaz,Korkmaz,RB++,Çaykur Rizespor,Türkiye,Trendyol Süper Lig,60,70,30,43,56,61,62,-1
Kevin Kouassivi-Benissan,Kouassivi-Benissan,RB++,HJK Helsinki,Finland,Finnliiga,60,78,50,56,61,53,58,-1
Henri Koudossou,Koudossou,RM++,FC Augsburg,Germany,Bundesliga,60,62,50,61,56,48,59,-1
Albin Krasniqi,Krasniqi,RW++,FC Winterthur,Switzerland,CSSL,60,74,57,48,66,27,50,-1
Jonas Krumrey,Krumrey,GK++,Lyngby BK,Germany,3F Superliga,60,65,60,58,60,52,55,-1
Kalifa Kujabi,Kujabi,CM++,FC Hermannstadt,Gambia,SUPERLIGA,60,65,50,62,54,53,59,-1
Dave Kwakman,Kwakman,CM++,AZ,Netherlands,Eredivisie,60,77,52,56,65,57,60,-1
Max Lamby,Lamby,LB++,Unterhaching,Germany,3. Liga,60,73,23,48,61,55,55,-1
Johan Lara,Lara,GK++,U. Católica,Ecuador,Sudamericana,60,61,58,56,61,33,60,-1
Juan Larios López,Juan Larios,LB++,Southampton,Spain,Premier League,60,70,36,51,61,55,49,-1
Gabriel Lazăr,Lazăr,CB++,Unirea Slobozia,Romania,SUPERLIGA,60,56,28,43,49,60,64,-1
Kian Leavy,Leavy,CAM++,St. Pats,Republic of Ireland,SSE Airtricity PD,60,67,52,59,64,51,57,-1
Harry Lee,Lee,GK++,Exeter City,England,EFL League One,60,60,59,57,60,33,57,-1
Hong Li,Li Hong,CB++,Cangzhou FC,China PR,CSL,60,63,24,36,43,61,65,-1
Kristian Lien,Lien,ST++,Kristiansund BK,Norway,Eliteserien,60,70,57,45,56,20,59,-1
Marcus Linday,Linday,CM++,Västerås SK,Sweden,Allsvenskan,60,60,54,53,60,48,61,-1
Wojciech Lisowski,Lisowski,RB++,Pogoń Szczecin,Poland,PKO BP Ekstraklasa,60,69,42,52,54,56,66,-1
Ruofan Liu,Liu Ruofan,ST++,Wuhan 3 Towns,China PR,CSL,60,73,56,56,63,41,67,-1
George Lloyd,Lloyd,ST++,Shrewsbury,England,EFL League One,60,80,58,51,63,34,72,-1
Aboubacar Lô,Lô,CB++,FC Metz,Senegal,Ligue 2 BKT,60,56,33,34,38,62,60,-1
Kyran Lofthouse,Lofthouse,RB++,Barnsley,England,EFL League One,60,77,45,52,61,54,64,-1
Albin Lohikangas,Lohikangas,LB++,IFK Värnamo,Sweden,Allsvenskan,60,68,36,48,58,54,61,-1
Lorenzo Lonardi,Lonardi,CM++,Südtirol,Italy,Serie BKT,60,62,49,57,56,58,71,-1
Alessandro Lopane,Lopane,CM++,Melbourne City,Australia,A-League,60,69,52,57,65,49,56,-1
Joan López,López,GK++,Independiente DV,Ecuador,Libertadores,60,60,59,57,61,23,59,-1
Carlos López Nogueras,Carlos López,GK++,Málaga CF,Spain,LALIGA HYPERMOTION,60,60,57,59,64,36,57,-1
Evan Louro,Louro,GK++,FC Cincinnati,United States,MLS,60,59,59,62,59,35,63,-1
Donald Love,Love,RB++,Accrington,Scotland,EFL League Two,60,69,35,53,59,55,67,-1
Matty Lund,Lund,CM++,Salford City,Northern Ireland,EFL League Two,60,51,58,59,60,59,69,-1
Alexander Lundin,Lundin,GK++,Mjällby AIF,Sweden,Allsvenskan,60,57,60,56,59,25,59,-1
JJ Lunney,Lunney,CM++,Shelbourne,Republic of Ireland,SSE Airtricity PD,60,57,55,57,60,57,68,-1
Xin Luo,Luo Xin,LB++,Nantong Zhiyun FC,China PR,CSL,60,58,45,53,56,58,74,-1
Alexander Lyng,Lyng,RW++,Sønderjyske,Denmark,3F Superliga,60,68,58,54,64,25,40,-1
Othmane Maamma,Maamma,RM++,Montpellier,Morocco,Ligue 1 Uber Eats,60,68,57,52,63,29,65,-1
Lewis Macari,Macari,CB++,Notts County,Scotland,EFL League Two,60,66,34,51,51,59,61,-1
Shaun MacDonald,MacDonald,GK++,Exeter City,England,EFL League One,60,58,59,59,60,54,61,-1
Sebastian Madejski,Madejski,GK++,Cracovia,Poland,PKO BP Ekstraklasa,60,57,55,60,65,32,63,-1
Mohammad Mahmoud,Mahmoud,ST++,SV Elversberg,Germany,Bundesliga 2,60,56,61,50,56,29,65,-1
Archie Mair,Mair,GK++,Norwich,Scotland,EFL Championship,60,61,59,59,60,45,58,-1
Elias Maluvunu,Maluvunu,RM++,FC Winterthur,Switzerland,CSSL,60,67,52,55,58,41,58,-1
Josh March,March,ST++,Harrogate Town,England,EFL League Two,60,72,59,48,61,23,65,-1
Max Marie,Marie,CAM++,Braunschweig,Germany,Bundesliga 2,60,69,55,60,63,33,53,-1
Carlos Marín Tomás,Carlos Marín,GK++,Córdoba CF,Spain,LALIGA HYPERMOTION,60,65,65,59,57,26,58,-1
Anthony Markanich,Markanich,LB++,Minnesota United,United States,MLS,60,72,25,41,56,55,59,-1
Sascha Marquet,Marquet,ST++,Aleman. Aachen,Germany,3. Liga,60,71,58,59,61,55,66,-1
José Martínes,Martínes,ST++,Always Ready,Bolivia,Sudamericana,60,73,55,50,62,42,50,-1
João Gabriel Martins Peglow,João Peglow,LW++,Radomiak Radom,Brazil,PKO BP Ekstraklasa,60,67,63,54,64,25,43,-1
Keres Masangu,Masangu,CDM++,FCV Dender EH,Belgium,1A Pro League,60,65,41,52,57,59,67,-1
Luke Matheson,Matheson,RB++,Bolton,England,EFL League One,60,73,37,52,59,53,52,-1
Emmanuele Matino,Matino,CB++,Bari,Italy,Serie BKT,60,53,25,41,40,62,60,-1
Jamille Matt,Matt,ST++,Walsall,Jamaica,EFL League Two,60,40,61,48,52,26,73,-1
Iba May,May,CDM++,Austria Klagenfurt,Germany,Ö. Bundesliga,60,63,48,53,59,58,68,-1
Eliezer Mayenda,Mayenda,ST++,Sunderland,Spain,EFL Championship,60,53,60,54,61,29,59,-1
Jhojan Domínguez,Domínguez,LW++,ADT,Peru,Sudamericana,60,68,58,53,62,24,46,-1
Mario Domínguez Franco,Domi,ST++,Valencia CF,Spain,LALIGA EA SPORTS,60,68,60,47,63,27,44,-1
Yu Dong,Dong Yu,RB++,Zhejiang Pro,China PR,CSL,60,60,54,51,60,56,68,-1
Chris Donovan,Donovan,ST++,Philadelphia,United States,MLS,60,65,58,45,59,35,62,-1
Declan Drysdale,Drysdale,CB++,Tranmere Rovers,England,EFL League Two,60,55,27,45,45,59,73,-1
Dennis Duah,Duah,CB++,Dynamo Dresden,Germany,3. Liga,60,64,35,44,53,59,66,-1
Dylan Duffy,Duffy,LM++,Lincoln City,Republic of Ireland,EFL League One,60,72,52,53,60,44,58,-1
Adrian Durrer,Durrer,CB++,FC Winterthur,Switzerland,CSSL,60,48,34,46,49,59,70,-1
Eldin Dzogovic,Dzogovic,RB++,1. FC Magdeburg,Luxembourg,Bundesliga 2,60,67,28,52,57,57,62,-1
Jake Eastwood,Eastwood,GK++,Grimsby Town,England,EFL League Two,60,63,56,59,62,37,57,-1
Michee Efete,Efete,RB++,Ross County,Congo DR,cinch Prem,60,82,47,49,54,53,75,-1
Soufiane El-Faouzi,El-Faouzi,CAM++,Aleman. Aachen,Germany,3. Liga,60,65,52,53,65,40,46,-1
Frederik Elkær,Elkær,LB++,Lillestrøm SK,Denmark,Eliteserien,60,82,41,54,54,50,56,-1
Florian Engelhardt,Engelhardt,CDM++,Viktoria Köln,Germany,3. Liga,60,67,41,53,62,61,50,-1
Jeong Won Eo,Eo Jeong Won,LB++,Pohang Steelers,Korea Republic,K League 1,60,77,51,49,62,52,59,-1
Ali Eren Ersungur,Ersungur,CAM++,Karlsruher SC,Türkiye,Bundesliga 2,60,67,56,60,63,36,56,-1
Lucas Escobar,Escobar,GK++,Defensa,Argentina,Sudamericana,60,60,56,62,64,25,58,-1
Jeannot Esua,Esua,RB++,Galway United,Cameroon,SSE Airtricity PD,60,74,37,44,56,57,59,-1
Owen Evans,Evans,GK++,Cheltenham Town,Wales,EFL League Two,60,60,60,61,61,43,58,-1
Gísli Eyjólfsson,Eyjólfsson,CM++,Halmstads BK,Iceland,Allsvenskan,60,63,51,55,61,51,61,-1
Juan Familia-Castillo,Familia-Castillo,LB++,RKC Waalwijk,Netherlands,Eredivisie,60,73,52,55,61,55,64,-1
Jingqi Fang,Fang Jingqi,GK++,Tianjin JMT FC,China PR,CSL,60,60,61,54,58,38,61,-1
Lamine Fanne Dabo,Fanne Dabo,CDM++,AIK,Spain,Allsvenskan,60,58,40,52,61,57,61,-1
Amar Ahmed Fatah,Fatah,LM++,ESTAC Troyes,Sweden,Ligue 2 BKT,60,73,47,53,64,27,49,-1
Rory Feely,Feely,CB++,Barrow,Republic of Ireland,EFL League Two,60,57,38,53,52,58,69,-1
Zhuoyi Feng,Feng Zhuoyi,CM++,Rongcheng FC,China PR,CSL,60,57,50,56,62,60,77,-1
Marcelo Fernández,Fernández,LM++,Libertad,Paraguay,Libertadores,60,70,60,51,64,19,51,-1
Marcos Fernández Segado,Marcos,ST++,R. Sporting,Spain,LALIGA HYPERMOTION,60,65,62,47,56,26,55,-1
Rafael Ferrario,Ferrario,GK++,Barracas Central,Argentina,LPF,60,59,57,60,62,22,58,-1
Alin Fică,Fică,CM++,CFR 1907 Cluj,Romania,SUPERLIGA,60,68,52,59,61,46,56,-1
Maximilian Fillafer,Fillafer,RM++,TSV Hartberg,Austria,Ö. Bundesliga,60,69,57,57,60,45,60,-1
Scott Flinders,Flinders,GK++,Mansfield Town,England,EFL League One,60,61,58,59,60,28,59,-1
Moritz Flotho,Flotho,ST++,Wehen Wiesbaden,Germany,3. Liga,60,62,62,43,56,23,61,-1
Taylor Foran,Foran,CB++,Bromley FC,England,EFL League Two,60,50,33,43,38,58,68,-1
Juan Foronda,Foronda,GK++,Universitario,Bolivia,Sudamericana,60,60,64,57,61,26,56,-1
Aitor Fraga Torres,Fraga,GK++,Real Sociedad,Spain,LALIGA EA SPORTS,60,56,63,57,58,24,65,-1
Alex Franco,Franco,RM++,Olimpia,Paraguay,Sudamericana,60,77,49,55,63,39,51,-1
Victor Froholdt,Froholdt,CM++,F.C. København,Denmark,3F Superliga,60,74,53,59,62,47,53,-1
Rory Gaffney,Gaffney,ST++,Shamrock Rovers,Republic of Ireland,SSE Airtricity PD,60,48,61,54,56,38,67,-1
Paolo Garcia,Garcia,GK++,Universitario,Bolivia,Sudamericana,60,58,61,64,64,20,53,-1
Marcel Gąsior,Gąsior,CDM++,Motor Lublin,Poland,PKO BP Ekstraklasa,60,61,42,49,52,59,72,-1
Fryderyk Gerbowski,Gerbowski,CM++,Stal Mielec,Poland,PKO BP Ekstraklasa,60,65,44,54,59,59,70,-1
Ciaran Gilligan,Gilligan,CM++,Burton Albion,Republic of Ireland,EFL League One,60,74,48,57,61,57,63,-1
Jason Gnakpa,Gnakpa,CDM++,Yverdon Sport FC,France,CSSL,60,63,30,48,50,61,60,-1
Josh Gordon,Gordon,ST++,Walsall,England,EFL League Two,60,79,58,50,62,46,78,-1
Matteo Grandi,Grandi,GK++,Venezia,Italy,Serie A TIM,60,59,57,60,56,45,61,-1
Leon Grgić,Grgić,ST++,SK Sturm Graz,Austria,Ö. Bundesliga,60,64,62,48,58,19,56,-1
Shane Griffin,Griffin,CB++,Shelbourne,Republic of Ireland,SSE Airtricity PD,60,50,41,51,53,61,67,-1
Daniel Grilo Azevedo,Daniel Azevedo,GK++,Casa Pia AC,Portugal,Liga Portugal,60,61,56,54,62,20,63,-1
Tom Grivosti,Grivosti,CB++,St. Pats,England,SSE Airtricity PD,60,53,39,44,44,59,61,-1
Bin Gu,Gu Bin,CM++,Zhejiang Pro,China PR,CSL,60,57,50,58,63,43,55,-1
Javier Guerra,Guerra,RB++,Nacional Potosí,Bolivia,Sudamericana,60,71,27,45,53,55,56,-1
Michał Gurgul,Gurgul,CB++,Lech Poznań,Poland,PKO BP Ekstraklasa,60,68,29,53,55,61,63,-1
Szilárd Gyenge,Gyenge,GK++,Sepsi OSK,Romania,SUPERLIGA,60,61,57,56,59,31,58,-1
Justin Haak,Haak,CB++,New York City FC,United States,MLS,60,50,41,57,62,60,57,-1
Antwoine Hackford,Hackford,ST++,Sheffield Utd,England,EFL Championship,60,86,59,38,60,18,53,-1
Bakary Haidara,Haidara,CB++,KVC Westerlo,Côte d'Ivoire,1A Pro League,60,64,33,45,44,62,60,-1
Ezequiel Ham,Ham,CM++,Ind. Rivadavia,Syria,LPF,60,67,53,59,62,54,67,-1
Jack Hamilton,Hamilton,GK++,Ross County,Scotland,cinch Prem,60,61,58,60,60,46,58,-1
Hamza Haoudi,Haoudi,LW++,Frosinone,Italy,Serie BKT,60,68,49,54,67,27,47,-1
Sam Hart,Hart,LB++,Port Vale,England,EFL League Two,60,73,46,52,57,56,68,-1
Oliver Hawkins,Hawkins,ST++,Gillingham,England,EFL League Two,60,41,59,50,53,54,81,-1
Abdulelah Hawsawi,Hawsawi,CM++,Al Ittihad,Saudi Arabia,ROSHN Saudi League,60,68,46,56,69,52,65,-1
Yupeng He,He Yupeng,RB++,Beijing Guoan,China PR,CSL,60,73,39,48,55,56,58,-1
Lucas Hedlund,Hedlund,ST++,GAIS,Sweden,Allsvenskan,60,72,59,52,61,34,58,-1
Konstantin Heide,Heide,GK++,Unterhaching,Germany,3. Liga,60,59,60,57,63,45,60,-1
Tim Heike,Heike,ST++,FC Ingolstadt 04,Germany,3. Liga,60,66,64,44,53,25,64,-1
Bryan Hein,Hein,LB++,Jahn Regensburg,Germany,Bundesliga 2,60,72,31,51,61,54,57,-1
Matías Hernandez,Hernandez,ST++,San Lorenzo,Argentina,Libertadores,60,64,59,49,59,25,54,-1
Mateo Hernández,Hernández,CM++,Real Tomayapo,Argentina,Sudamericana,60,71,46,61,66,51,62,-1
Elvis Hernández,Hernández,CB++,Coquimbo Unido,Argentina,Sudamericana,60,58,28,36,39,61,68,-1
Alexander Hernández,Hernández,CM++,Racing Club,Uruguay,Sudamericana,60,67,55,57,64,47,56,-1
Daniel Herrera,Herrera,CB++,San Lorenzo,Argentina,Libertadores,60,61,32,43,41,61,61,-1
David Hickson,Hickson,LB++,KFUM-Kameratene,Norway,Eliteserien,60,82,44,51,63,50,68,-1
Marino Hinestroza,Hinestroza,LW++,Atl. Nacional,Colombia,Liga Colombia,60,79,61,52,64,29,43,-1
Jens Hjertø-Dahl,Hjertø-Dahl,CM++,Tromsø IL,Norway,Eliteserien,60,50,54,58,59,59,64,-1
Jannik Hofmann,Hofmann,RB++,1. FC Nürnberg,Germany,Bundesliga 2,60,68,33,51,59,54,59,-1
Corey Hollman,Hollman,CDM++,Sydney FC,Australia,A-League,60,71,50,58,63,53,60,-1
Josh Honohan,Honohan,CB++,Shamrock Rovers,Republic of Ireland,SSE Airtricity PD,60,68,36,47,54,59,70,-1
Grant Horton,Horton,CB++,Waterford,England,SSE Airtricity PD,60,56,24,41,49,58,69,-1
Mark Howard,Howard,GK++,Wrexham AFC,England,EFL League One,60,61,58,58,60,31,61,-1
Sam Howes,Howes,GK++,Leyton Orient,England,EFL League One,60,61,59,61,62,44,59,-1
Šimun Hrgović,Hrgović,LB++,Hajduk Split,Croatia,Liga Hrvatska,60,82,43,52,64,50,54,-1
Jiali Hu,Hu Jiali,CDM++,Cangzhou FC,China PR,CSL,60,52,41,48,50,58,71,-1
Kyle Hudlin,Hudlin,ST++,Huddersfield,England,EFL League One,60,63,58,47,54,27,73,-1
Ben Hüning,Hüning,CB++,B. Dortmund II,Germany,3. Liga,60,58,26,41,51,62,62,-1
Ashley Hunter,Hunter,LM++,Accrington,England,EFL League Two,60,76,56,57,63,47,50,-1
Kyle Hurst,Hurst,LM++,Doncaster,England,EFL League Two,60,77,53,53,62,29,51,-1
Reece Hutchinson,Hutchinson,LB++,Sligo Rovers,England,SSE Airtricity PD,60,69,42,53,59,54,60,-1
Nathan Huygevelde,Huygevelde,CM++,KV Kortrijk,Belgium,1A Pro League,60,64,48,56,57,47,57,-1
Luka Hyryläinen,Hyryläinen,CDM++,SSV Ulm 1846,Finland,Bundesliga 2,60,55,43,57,58,57,66,-1
Mehmet Ibrahimi,Ibrahimi,CAM++,Blau-Weiss Linz,Germany,Ö. Bundesliga,60,68,50,55,67,30,36,-1
Luis Idjakovic,Idjakovic,GK++,SV Sandhausen,Germany,3. Liga,60,59,59,62,61,24,66,-1
Stanis Idumbo,Idumbo,CAM++,Sevilla FC,Belgium,LALIGA EA SPORTS,60,72,61,56,62,27,64,-1
Denys Ignatenko,Ignatenko,GK++,Dynamo Kyiv,Ukraine,Ukrayina Liha,60,59,57,59,60,25,61,-1
Syver Aas,Aas,CM++,Odds BK,Norway,Eliteserien,60,66,46,57,63,54,59,-1
Azeem Abdulai,Abdulai,CDM++,Swansea City,Scotland,EFL Championship,60,55,38,59,60,57,59,-1
Sabit Abdusalam,Abdusalam,CM++,Changchun Yatai,China PR,CSL,60,70,51,56,62,53,59,-1
Jaime Acosta,Acosta,GK++,Junior,Colombia,Libertadores,60,58,63,55,63,33,57,-1
Joe Adams,Adams,CAM++,Bradford City,England,EFL League Two,60,72,55,57,62,46,64,-1
Gabriel Aguayo,Aguayo,RM++,Cerro Porteño,Paraguay,Libertadores,60,79,56,51,61,38,48,-1
Gustavo Aguilar,Aguilar,ST++,Libertad,Paraguay,Libertadores,60,57,62,47,58,26,64,-1
Lawrence Agyekum,Agyekum,CM++,Cercle Brugge,Ghana,1A Pro League,60,76,49,55,70,51,39,-1
Callum Ainley,Ainley,CAM++,Grimsby Town,England,EFL League Two,60,69,54,57,64,54,44,-1
Fahad Al Abdulrazzaq,Al Abdulrazzaq,RB++,Al Taawoun,Saudi Arabia,ROSHN Saudi League,60,74,34,53,54,54,56,-1
Mansour Al Bishi,Al Bishi,CM++,Al Fayha,Saudi Arabia,ROSHN Saudi League,60,66,48,57,63,48,68,-1
Khalifa Al Dawsari,Al Dawsari,CB++,Al Hilal,Saudi Arabia,ROSHN Saudi League,60,71,38,45,51,58,70,-1
Abdulrahman Al Dawsari,Al Dawsari,CM++,Al Qadisiyah,Saudi Arabia,ROSHN Saudi League,60,55,38,57,61,55,66,-1
Amaar Al Dohaim,Al Dohaim,CB++,Al Fateh,Saudi Arabia,ROSHN Saudi League,60,64,41,45,48,59,69,-1
Dhari Al Enazi,Al Enazi,LB++,Damac FC,Saudi Arabia,ROSHN Saudi League,60,70,30,47,55,54,56,-1
Hamed Al Ghamdi,Al Ghamdi,CM++,Al Ittihad,Saudi Arabia,ROSHN Saudi League,60,68,58,59,68,50,41,-1
Aref Al Haider,Al Haider,RB++,Al Khaleej,Saudi Arabia,ROSHN Saudi League,60,85,50,52,61,52,64,-1
Riyadh Al Ibrahim,Al Ibrahim,CAM++,Al Kholood,Saudi Arabia,ROSHN Saudi League,60,64,57,56,63,39,56,-1
Abdullah Al Joui,Al Joui,LM++,Al Shabab,Saudi Arabia,ROSHN Saudi League,60,70,56,57,62,22,44,-1
Mohammed Al Mahasna,Al Mahasna,GK++,Al Ittihad,Saudi Arabia,ROSHN Saudi League,60,58,56,54,62,45,64,-1
Bandar Al Mutairi,Al Mutairi,LB++,Al Khaleej,Saudi Arabia,ROSHN Saudi League,60,77,28,51,57,54,55,-1
Raghid Al Najjar,Al Najjar,GK++,Al Nassr,Saudi Arabia,ROSHN Saudi League,60,65,55,58,61,36,57,-1
Saad Al Nasser,Al Nasser,LM++,Al Taawoun,Saudi Arabia,ROSHN Saudi League,60,83,55,47,63,30,64,-1
Abdulrahman Al Obaid,Al Obaid,LB++,Damac FC,Saudi Arabia,ROSHN Saudi League,60,68,57,62,62,54,58,-1
Fahad Al Rashidi,Al Rashidi,CDM++,Al Orobah,Saudi Arabia,ROSHN Saudi League,60,57,52,60,59,56,63,-1
Nawaf Al Saadi,Al Saadi,RM++,Al Shabab,Saudi Arabia,ROSHN Saudi League,60,75,52,54,64,32,48,-1
Ibrahim Al Shuayl,Al Shuayl,LB++,Al Taawoun,Saudi Arabia,ROSHN Saudi League,60,68,42,58,58,55,54,-1
Khaled Al Subaie,Al Subaie,CM++,Al Raed,Saudi Arabia,ROSHN Saudi League,60,73,55,61,59,52,63,-1
Ali Al Zaqan,Al Zaqan,RM++,Al Riyadh,Saudi Arabia,ROSHN Saudi League,60,78,61,54,63,34,60,-1
Ethan Alagich,Alagich,CDM++,Adelaide United,Australia,A-League,60,66,49,57,59,55,63,-1
Scott Allardice,Allardice,CDM++,Ross County,Scotland,cinch Prem,60,38,56,59,56,56,57,-1
Ruben Alte,Alte,CM++,Kristiansund BK,Norway,Eliteserien,60,65,49,59,61,55,57,-1
César Álvarez Abrante,César Álvarez,RB++,CD Tenerife,Spain,LALIGA HYPERMOTION,60,77,36,48,55,57,56,-1
Harry Amass,Amass,LB++,Manchester Utd,England,Premier League,60,73,29,46,61,55,58,-1
Lorenzo Amatucci,Amatucci,CDM++,Salernitana,Italy,Serie BKT,60,56,46,60,63,55,50,-1
Kofi Jeremy Amoako,Amoako,CDM++,VfL Osnabrück,Germany,3. Liga,60,65,47,52,56,59,60,-1
Byong Jun An,An Byong Jun,ST++,Suwon FC,Korea DPR,K League 1,60,53,63,48,56,30,68,-1
Brian Andrada,Andrada,LM++,S. Trinidense,Argentina,Sudamericana,60,83,56,52,65,23,40,-1
Josh Andrews,Andrews,ST++,Gillingham,England,EFL League Two,60,65,59,44,54,20,69,-1
David Ankeye,Ankeye,ST++,Genoa,Nigeria,Serie A TIM,60,71,55,47,61,30,59,-1
Marius Antoche,Antoche,CB++,Unirea Slobozia,Romania,SUPERLIGA,60,49,34,50,49,58,62,-1
Georgios Antzoulas,Antzoulas,CB++,HJK Helsinki,Greece,Finnliiga,60,62,46,54,54,57,66,-1
Sergio Aragoneses Padilla,Sergio,GK++,CD Tenerife,Spain,LALIGA HYPERMOTION,60,59,60,58,63,31,57,-1
Pablo Aranda,Aranda,RB++,S. Ameliano,Argentina,Sudamericana,60,64,29,39,53,63,57,-1
Ayman Arguigue Safsafi,Ayman,ST++,SD Huesca,Morocco,LALIGA HYPERMOTION,60,63,59,46,60,32,58,-1
Hodei Arrillaga Elezgarai,Hodei Arrillaga,LB++,SD Eibar,Spain,LALIGA HYPERMOTION,60,64,35,42,59,59,49,-1
Jude Arthurs,Arthurs,CM++,Bromley FC,England,EFL League Two,60,71,55,61,61,49,55,-1
Ossama Ashley,Ashley,CDM++,Salford City,England,EFL League Two,60,69,48,55,59,57,68,-1
Ravve Assayeg,Assayeg,ST++,Stal Mielec,Israel,PKO BP Ekstraklasa,60,61,62,46,56,22,61,-1
David Atanaskoski,Atanaskoski,LB++,Politehnica Iași,North Macedonia,SUPERLIGA,60,63,45,59,56,54,57,-1
Abdulquddus Attiah,Attiah,GK++,Al Taawoun,Saudi Arabia,ROSHN Saudi League,60,66,55,57,65,47,57,-1
Taha Ayari,Ayari,LM++,AIK,Sweden,Allsvenskan,60,75,54,54,65,27,39,-1
Nicola Bagnolini,Bagnolini,GK++,Bologna,Italy,Serie A TIM,60,62,57,59,65,34,53,-1
Matt Baker,Baker,CB++,Newport County,Wales,EFL League Two,60,63,26,42,39,60,67,-1
Erick Barbosa dos Santos,Erick,CDM++,Cercle Brugge,Brazil,1A Pro League,60,67,37,58,59,58,56,-1
Ben Barclay,Barclay,CB++,Carlisle United,England,EFL League Two,60,53,35,42,50,58,71,-1
Finn Stam,Stam,CB++,FC Groningen,Netherlands,Eredivisie,60,59,37,52,43,60,64,-1
Dimitrios Stamatakis,Stamatakis,GK++,CA Osasuna,Greece,LALIGA EA SPORTS,60,57,62,62,61,17,61,-1
Aleksandar Stanković,Stanković,CDM++,FC Luzern,Serbia,CSSL,60,65,33,52,50,57,58,-1
Dominik Steczyk,Steczyk,ST++,SC Verl,Poland,3. Liga,60,72,60,55,59,28,64,-1
Harry Steele,Steele,CM++,Central Coast,Australia,A-League,60,65,45,58,57,54,61,-1
Nikola Stojiljković,Stojiljković,ST++,Al Kholood,Serbia,ROSHN Saudi League,60,46,63,58,60,35,68,-1
Chris Stokes,Stokes,CB++,Barrow,England,EFL League Two,60,42,36,53,52,59,66,-1
Josh Stones,Stones,ST++,Wigan Athletic,England,EFL League One,60,70,59,45,59,36,69,-1
Guowen Sun,Sun Guowen,LB++,Zhejiang Pro,China PR,CSL,60,76,47,55,61,49,70,-1
Dominik Szala,Szala,RB++,Górnik Zabrze,Poland,PKO BP Ekstraklasa,60,67,25,48,45,58,62,-1
Gergő Szécsi,Szécsi,GK++,Ferencvárosi TC,Hungary,Magyar Liga,60,59,60,60,61,27,59,-1
Joel Tabiner,Tabiner,CM++,Crewe Alexandra,England,EFL League Two,60,71,52,60,64,47,60,-1
Ilias Takidine,Takidine,RM++,RKC Waalwijk,Belgium,Eredivisie,60,73,49,55,67,23,32,-1
James Talbot,Talbot,GK++,Bohemian FC,Republic of Ireland,SSE Airtricity PD,60,61,58,59,61,43,55,-1
Ignacio Tapia,Tapia,CAM++,Belgrano,Argentina,Sudamericana,60,57,54,64,63,44,54,-1
Dragoș Tescan,Tescan,RM++,FC Gloria Buzău,Romania,SUPERLIGA,60,73,49,54,61,26,50,-1
Simon Thomas,Thomas,GK++,Tromsø IL,Canada,Eliteserien,60,60,60,57,60,40,59,-1
Yinong Tian,Tian Yinong,CDM++,SZ Peng City,China PR,CSL,60,68,31,50,57,55,72,-1
Nicolás Tolosa,Tolosa,LB++,Barracas Central,Argentina,LPF,60,64,44,47,57,58,56,-1
Félix Tomi,Tomi,RM++,SC Bastia,France,Ligue 2 BKT,60,68,55,56,61,50,55,-1
Fabio Torsiello,Torsiello,ST++,SV Darmstadt 98,Italy,Bundesliga 2,60,65,61,43,63,24,49,-1
Alex Tóth,Tóth,RB++,Ferencvárosi TC,Hungary,Magyar Liga,60,67,37,52,53,58,55,-1
Richie Towell,Towell,CM++,Shamrock Rovers,Republic of Ireland,SSE Airtricity PD,60,52,58,63,62,58,59,-1
Nick Townsend,Townsend,GK++,Newport County,Antigua and Barbuda,EFL League Two,60,59,59,56,61,48,59,-1
Garrison Tubbs,Tubbs,CB++,D.C. United,United States,MLS,60,54,24,29,33,63,64,-1
David Tutonda,Tutonda,LB++,Morecambe,Congo DR,EFL League Two,60,80,40,49,58,54,71,-1
Nik Tzanev,Tzanev,GK++,Northampton,New Zealand,EFL League One,60,61,59,56,61,46,59,-1
Cem Üstündag,Üstündag,CDM++,WSG Tirol,Austria,Ö. Bundesliga,60,68,49,57,65,55,45,-1
Connor van den Berg,van den Berg,GK++,Willem II,Netherlands,Eredivisie,60,60,60,56,59,24,59,-1
Luis Abelardo Vargas,Vargas,LB++,Cerro Porteño,Paraguay,Libertadores,60,73,28,48,57,56,48,-1
Josue Vargas,Vargas,GK++,Dep. Garcilaso,Peru,Sudamericana,60,57,63,61,60,20,55,-1
Vicente Vega,Vega,CB++,Everton,Chile,Sudamericana,60,56,20,41,37,60,68,-1
Eduardo Villanueva,Villanueva,GK++,Colo-Colo,Chile,Libertadores,60,61,58,56,62,23,59,-1
Dominic Vincze,Vincze,LB++,SK Rapid Wien,Austria,Ö. Bundesliga,60,75,45,52,52,56,66,-1
Laurențiu Vlăsceanu,Vlăsceanu,LB++,Unirea Slobozia,Romania,SUPERLIGA,60,73,51,57,62,51,54,-1
Oscar Wallin,Wallin,CB++,Peterborough,Sweden,EFL League One,60,67,22,47,56,58,66,-1
Joe Walsh,Walsh,GK++,QPR,England,EFL Championship,60,60,61,60,60,58,59,-1
Yi Wang,Wang Yi,RB++,Wuhan 3 Towns,China PR,CSL,60,75,27,45,55,57,52,-1
Peng Wang,Wang Peng,CB++,Cangzhou FC,China PR,CSL,60,62,52,52,57,57,73,-1
Zhifeng Wang,Wang Zhifeng,GK++,Changchun Yatai,China PR,CSL,60,61,65,59,60,33,60,-1
Lukas Wedl,Wedl,GK++,FK Austria Wien,Austria,Ö. Bundesliga,60,60,57,56,60,45,58,-1
Daouda Weidmann,Weidmann,CM++,RKC Waalwijk,France,Eredivisie,60,74,51,58,64,50,49,-1
Evan Weir,Weir,LB++,Walsall,Republic of Ireland,EFL League Two,60,67,52,59,54,55,60,-1
Joe Whitworth,Whitworth,GK++,Exeter City,England,EFL League One,60,61,57,60,63,24,55,-1
Melker Widell,Widell,CM++,AaB,Sweden,3F Superliga,60,69,55,57,60,51,63,-1
Aaron Wildig,Wildig,CM++,Newport County,England,EFL League Two,60,55,57,59,61,54,60,-1
Dalton Wilkins,Wilkins,LB++,Sønderjyske,New Zealand,3F Superliga,60,70,54,54,61,52,64,-1
Dylan Williams,Williams,CB++,Burton Albion,England,EFL League One,60,65,38,58,58,62,57,-1
Daniel Wilmering,Wilmering,LB++,Newcastle Jets,Australia,A-League,60,72,44,56,59,53,62,-1
Filip Wójcik,Wójcik,RB++,Motor Lublin,Poland,PKO BP Ekstraklasa,60,78,30,57,60,51,57,-1
Patrick Wood,Wood,ST++,Sydney FC,Australia,A-League,60,77,58,51,56,29,67,-1
Arkadiusz Woźniak,Woźniak,CM++,Zagłębie Lubin,Poland,PKO BP Ekstraklasa,60,63,60,60,63,58,63,-1
Weijun Xie,Xie Weijun,ST++,Tianjin JMT FC,China PR,CSL,60,75,57,48,57,24,65,-1
Jiamin Xu,Xu Jiamin,GK++,Henan SSLM FC,China PR,CSL,60,62,58,55,61,36,58,-1
Ali Emre Yanar,Yanar,GK++,Kasımpaşa,Türkiye,Trendyol Süper Lig,60,65,58,56,58,24,59,-1
Darren Yapi,Yapi,ST++,Colorado Rapids,United States,MLS,60,74,55,45,62,22,58,-1
Bong Hun Yeo,Yeo Bong Hun,RB++,GwangJu FC,Korea Republic,K League 1,60,66,56,58,62,53,65,-1
Johnly Yfeko,Yfeko,CB++,Exeter City,England,EFL League One,60,70,34,49,54,58,63,-1
Berkay Yilmaz,Yilmaz,LB++,SC Freiburg,Türkiye,Bundesliga,60,71,29,52,59,54,48,-1
Hongbo Yin,Yin Hongbo,RM++,Meizhou Hakka,China PR,CSL,60,61,53,60,60,52,60,-1
Saud Zaidan,Zaidan,CM++,Al Fayha,Saudi Arabia,ROSHN Saudi League,60,69,43,59,65,56,63,-1
Leroy Zeller,Zeller,GK++,Aleman. Aachen,Germany,3. Liga,60,61,60,63,63,29,62,-1
Viktor Zentrich,Zentrich,CB++,Unterhaching,Czechia,3. Liga,60,69,30,44,50,59,70,-1
Wei Zhang,Zhang Wei,LB++,SZ Peng City,China PR,CSL,60,70,43,53,57,55,64,-1
Xiuwei Zhang,Zhang Xiuwei,CM++,Qingdao W. Coast,China PR,CSL,60,80,44,48,67,60,56,-1
Chengdong Zhang,Zhang Chengdong,CB++,Beijing Guoan,China PR,CSL,60,45,56,59,60,57,71,-1
Long Zheng,Zheng Long,RM++,Qingdao Hainiu,China PR,CSL,60,66,55,61,59,48,60,-1
Luck Zogbé,Zogbé,RB++,Stade Brestois 29,Côte d'Ivoire,Ligue 1 Uber Eats,60,65,34,49,55,58,57,-1
Dan Barden,Barden,GK++,Norwich,Wales,EFL Championship,60,61,62,60,64,23,61,-1
Lachlan Barr,Barr,CB++,Perth Glory,Australia,A-League,60,54,37,42,42,57,75,-1
Felipe Barrientos,Barrientos,RW++,Cobresal,Chile,Libertadores,60,74,50,54,63,22,41,-1
Kaare Barslund,Barslund,CB++,Brommapojkarna,Denmark,Allsvenskan,60,65,29,48,60,59,62,-1
Teddy Bartouche-Selbonne,Bartouche-Selbonne,GK++,En Avant Guingamp,France,Ligue 2 BKT,60,64,59,58,65,27,56,-1
Josh Bauer,Bauer,CB++,Nashville SC,United States,MLS,60,58,24,46,42,61,66,-1
Simon Becher,Becher,ST++,St. Louis CITY SC,United States,MLS,60,58,62,40,57,38,60,-1
Edvin Becirovic,Becirovic,LM++,GAIS,Sweden,Allsvenskan,60,71,56,53,62,27,57,-1
Yassin Belkhdim,Belkhdim,CM++,Angers SCO,France,Ligue 1 Uber Eats,60,51,44,61,61,59,51,-1
Jamir Berdecio,Berdecio,RB++,Philadelphia,Bolivia,MLS,60,62,56,58,60,54,60,-1
Tom Berger,Berger,CM++,Dynamo Dresden,Germany,3. Liga,60,62,47,57,61,57,68,-1
Albin Berisha,Berisha,ST++,Hansa Rostock,Kosovo,3. Liga,60,63,61,46,58,24,59,-1
Medon Berisha,Berisha,CM++,Lecce,Albania,Serie A TIM,60,47,47,59,58,59,60,-1
Gijs Besselink,Besselink,CDM++,FC Twente,Netherlands,Eredivisie,60,65,51,55,59,56,58,-1
Jinhao Bi,Bi Jinhao,CB++,Shandong Taishan,China PR,CSL,60,52,58,55,56,55,75,-1
Bartosz Biedrzycki,Biedrzycki,LM++,Cracovia,Poland,PKO BP Ekstraklasa,60,67,52,59,59,50,58,-1
Benjamin Boakye,Boakye,LW++,VfB Stuttgart II,Germany,3. Liga,60,81,54,52,62,22,45,-1
Maurice Boakye,Boakye,ST++,VfB Stuttgart II,Germany,3. Liga,60,70,58,52,62,25,50,-1
Elias Bördner,Bördner,GK++,Aleman. Aachen,Germany,3. Liga,60,61,59,58,63,21,59,-1
Ricky Bornschein,Bornschein,ST++,FC Erzgebirge Aue,Germany,3. Liga,60,59,59,42,58,36,65,-1
Edoardo Borrelli,Borrelli,GK++,Catanzaro,Italy,Serie BKT,60,60,61,57,60,22,57,-1
Rodrigo Borzone,Borzone,GK++,Estudiantes,Argentina,Libertadores,60,61,56,56,61,21,58,-1
Giuseppe Bovalina,Bovalina,RB++,Whitecaps FC,Australia,MLS,60,72,48,52,60,53,65,-1
Seán Boyd,Boyd,ST++,Shelbourne,Republic of Ireland,SSE Airtricity PD,60,42,61,46,52,34,74,-1
Andy Boyle,Boyle,CB++,Dundalk,Republic of Ireland,SSE Airtricity PD,60,33,37,49,40,58,68,-1
Alejandro Bran,Bran,CDM++,Minnesota United,Costa Rica,MLS,60,63,46,43,60,59,61,-1
Ethan Brierley,Brierley,CM++,Brentford,England,Premier League,60,67,46,58,63,53,55,-1
Heine Gikling Bruseth,Bruseth,CM++,Orlando City,Norway,MLS,60,68,47,57,62,52,55,-1
Mohammed Bu Sanda,Bu Sanda,GK++,Al Ain FC,United Arab Emirates,United Emirates League,60,60,60,52,60,36,57,-1
Tarek Buchmann,Buchmann,CB++,FC Bayern München,Germany,Bundesliga,60,57,29,40,41,61,65,-1
Adrian Bukowski,Bukowski,CDM++,Stal Mielec,Poland,PKO BP Ekstraklasa,60,53,38,53,56,57,65,-1
Stijn Bultman,Bultman,CB++,Heracles Almelo,Netherlands,Eredivisie,60,68,39,46,49,59,64,-1
Abdulsamet Burak,Burak,CB++,Adana Demirspor,Türkiye,Trendyol Süper Lig,60,58,35,49,53,60,65,-1
Sean Busch,Busch,ST++,Hannover 96 II,Germany,3. Liga,60,70,63,42,57,17,59,-1
Jens Buss,Buss,LB++,Cobresal,Chile,Libertadores,60,62,37,48,52,57,70,-1
Jack Bycroft,Bycroft,GK++,Swindon Town,England,EFL League Two,60,63,56,56,62,38,59,-1
Huikang Cai,Cai Huikang,CDM++,Shanghai Port,China PR,CSL,60,42,51,51,56,58,77,-1
José Manuel Calderón Portillo,Calderón,LB++,Córdoba CF,Spain,LALIGA HYPERMOTION,60,71,34,44,58,58,53,-1
Davis Camacho,Camacho,CDM++,Técnico U.,Ecuador,Sudamericana,60,69,49,55,58,61,57,-1
Sekou Camara,Camara,ST++,Unirea Slobozia,Guinea,SUPERLIGA,60,82,55,45,60,39,69,-1
Axel Cañete,Cañete,RB++,S. Trinidense,Paraguay,Sudamericana,60,63,32,47,52,60,59,-1
Milton Cantero,Cantero,CM++,Racing Club,Argentina,Sudamericana,60,66,55,57,64,52,51,-1
Juan David Carabalí,Carabalí,ST++,Deportes Tolima,Colombia,Sudamericana,60,77,59,49,59,22,64,-1
Gonçalo Filipe Carmo Teixeira,Gonçalo Teixeira,LW++,Politehnica Iași,Portugal,SUPERLIGA,60,68,51,59,63,29,50,-1
Jake Carroll,Carroll,LB++,Bohemian FC,Republic of Ireland,SSE Airtricity PD,60,72,39,59,57,59,53,-1
Carlo Casap,Casap,CM++,Farul Constanța,Romania,SUPERLIGA,60,68,58,63,62,47,60,-1
Leonardo Cerri,Cerri,ST++,Carrarese Calcio,Italy,Serie BKT,60,37,62,47,52,32,69,-1
Ertuğrul Çetin,Çetin,GK++,Fenerbahçe,Türkiye,Trendyol Süper Lig,60,62,61,60,60,30,59,-1
Benjamín Chandía,Chandía,LM++,Coquimbo Unido,Chile,Sudamericana,60,76,54,52,62,22,36,-1
Ashley Charles,Charles,CDM++,Bromley FC,Grenada,EFL League Two,60,74,47,55,56,57,67,-1
Pierce Charles,Charles,GK++,Sheffield Wed,Northern Ireland,EFL Championship,60,58,60,59,60,24,62,-1
Kegs Chauke,Chauke,CM++,Burton Albion,South Africa,EFL League One,60,72,52,57,63,55,62,-1
Ivane Chegra,Chegra,RM++,AC Ajaccio,Algeria,Ligue 2 BKT,60,65,53,56,64,35,45,-1
Po Liang Chen,Chen Po Liang,CM++,Qingdao W. Coast,Chinese Taipei,CSL,60,73,59,61,63,41,59,-1
Wei Chen,Chen Wei,GK++,Shanghai Port,China PR,CSL,60,59,58,53,64,29,56,-1
Mohamed Cherif,Cherif,CDM++,Sønderjyske,Guinea,3F Superliga,60,65,35,49,55,60,71,-1
Ange Chibozo,Chibozo,CAM++,Amiens SC,Benin,Ligue 2 BKT,60,66,60,55,62,22,45,-1
Young Eun Choi,Choi Young Eun,GK++,Daegu FC,Korea Republic,K League 1,60,60,58,51,66,19,58,-1
Kacper Chorążka,Chorążka,GK++,Bohemian FC,Poland,SSE Airtricity PD,60,62,65,53,62,26,57,-1
Paweł Chrupałła,Chrupałła,RM++,Sarpsborg 08,Poland,Eliteserien,60,65,54,57,60,50,67,-1
Giuseppe Ciocci,Ciocci,GK++,Cagliari,Italy,Serie A TIM,60,62,56,54,65,24,58,-1
James Clarke,Clarke,CB++,Newport County,England,EFL League Two,60,43,41,48,47,58,75,-1
Mika Clausen,Clausen,CAM++,FC Erzgebirge Aue,Germany,3. Liga,60,69,52,55,64,51,48,-1
Reyes Cleary,Cleary,ST++,Walsall,England,EFL League Two,60,74,58,44,58,29,63,-1
Ionuț Cojocaru,Cojocaru,RW++,Farul Constanța,Romania,SUPERLIGA,60,71,63,57,60,25,57,-1
Joel Coleman,Coleman,GK++,Bolton,England,EFL League One,60,60,59,57,62,44,58,-1
Pietro Comuzzo,Comuzzo,CB++,Fiorentina,Italy,Serie A TIM,60,41,27,38,37,63,55,-1
Seámus Conneely,Conneely,CDM++,Accrington,Republic of Ireland,EFL League Two,60,35,49,55,57,59,64,-1
Bambasé Conté,Conté,LM++,Karlsruher SC,Germany,Bundesliga 2,60,66,58,56,64,29,46,-1
Ali Coote,Coote,CAM++,Shelbourne,Scotland,SSE Airtricity PD,60,73,59,57,63,39,46,-1
Rob Cornwall,Cornwall,CB++,Bohemian FC,Republic of Ireland,SSE Airtricity PD,60,34,28,47,50,60,67,-1
Carlos Cortés,Cortés,ST++,Deportes Tolima,Colombia,Sudamericana,60,58,63,42,53,25,68,-1
Ronan Coughlan,Coughlan,ST++,Fleetwood Town,Republic of Ireland,EFL League Two,60,71,59,53,60,24,65,-1
Esteban Crucci,Crucci,ST++,Wanderers,Uruguay,Sudamericana,60,58,66,55,58,17,58,-1
Jaka Čuber Potočnik,Čuber Potočnik,ST++,1. FC Köln,Slovenia,Bundesliga 2,60,60,61,45,60,22,56,-1
Júlio Augusto Dabó,Augusto Dabó,LB++,Boavista FC,Guinea-Bissau,Liga Portugal,60,75,32,46,56,57,52,-1
Emanuel Dall'Aglio,Dall'Aglio,CB++,Estudiantes,Argentina,Libertadores,60,61,33,44,60,60,59,-1
Prabir Das,Das,RB++,Kerala Blasters,India,Hero ISL,60,72,42,52,56,53,73,-1
Josh Davison,Davison,ST++,Tranmere Rovers,England,EFL League Two,60,64,59,44,57,19,81,-1
Tom de Graaff,de Graaff,GK++,FC Utrecht,Netherlands,Eredivisie,60,61,57,67,60,32,56,-1
Luca de Meester,de Meester,RM++,Viktoria Köln,Germany,3. Liga,60,64,49,54,64,42,50,-1
Celestin De Schrevel,De Schrevel,GK++,KAA Gent,Belgium,1A Pro League,60,69,50,55,65,32,55,-1
Ramiro Degregorio,Degregorio,RW++,Racing Club,Argentina,Sudamericana,60,72,51,53,66,30,40,-1
Laurenz Dehl,Dehl,CAM++,Austria Klagenfurt,Germany,Ö. Bundesliga,60,61,54,58,62,46,54,-1
Thibault Delphis,Delphis,RB++,AC Beauruelle,France,Ligue 2 BKT,60,66,39,52,52,55,60,-1
Ali Bina Dembélé,Dembélé,RB++,Torino,France,Serie A TIM,60,67,42,50,58,56,64,-1
Ali Demirel,Demirel,CAM++,Kasımpaşa,Türkiye,Trendyol Süper Lig,60,66,52,56,69,39,50,-1
Justin Devenny,Devenny,CM++,Crystal Palace,Northern Ireland,Premier League,60,64,58,60,59,56,65,-1
Miguel Di Pizio,Di Pizio,CAM++,Central Coast,Australia,A-League,60,68,53,55,65,34,54,-1
Tidiane Diallo,Diallo,LM++,Strasbourg,France,Ligue 1 Uber Eats,60,71,51,54,66,25,44,-1
Baïla Diallo,Diallo,LB++,Clermont Foot 63,Senegal,Ligue 2 BKT,60,72,38,52,58,56,49,-1
Sadou Diallo,Diallo,CDM++,Derry City,England,SSE Airtricity PD,60,53,49,55,60,57,65,-1
Bruno Diaz,Diaz,CAM++,Guaraní,Paraguay,Sudamericana,60,63,57,61,61,32,46,-1
Ionuț Dinu,Dinu,CB++,Unirea Slobozia,Romania,SUPERLIGA,60,64,43,47,54,60,64,-1
Ivan Djantou,Djantou,ST++,Sønderjyske,Cameroon,3F Superliga,60,71,59,39,56,24,73,-1
Ross Docherty,Docherty,CDM++,Dundee United,Scotland,cinch Prem,60,56,48,52,56,60,59,-1
Alejandro Bran,Bran,CDM++,Burton Albion,Costa Rica,EFL League One,60,63,46,43,60,59,61,-1
Dan Barden,Barden,GK++,Swindon Town,Wales,EFL League Two,60,61,62,60,64,23,61,-1
Berat Kalkan,Kalkan,LM++,Kasımpaşa,Türkiye,Trendyol Süper Lig,60,84,54,50,64,31,38,-1
Antwoine Hackford,Hackford,ST++,Port Vale,England,EFL League Two,60,86,59,38,60,18,53,-1
Sascha Risch,Risch,LM++,Dynamo Dresden,Germany,3. Liga,60,70,40,58,63,53,55,-1
Amar Ahmed Fatah,Fatah,LM++,Willem II,Sweden,Eredivisie,60,73,47,53,64,27,49,-1
Kyle Hudlin,Hudlin,ST++,Newport County,England,EFL League Two,60,63,58,47,54,27,73,-1
Berkay Yilmaz,Yilmaz,LB++,1. FC Nürnberg,Türkiye,Bundesliga 2,60,71,29,52,59,54,48,-1
Andy Boyle,Boyle,CB++,Waterford,Republic of Ireland,SSE Airtricity PD,60,33,37,49,40,58,68,-1
Louis Jones,Jones,GK++,Doncaster,England,EFL League Two,60,60,60,58,59,40,59,-1
Simon Power,Power,RW++,St. Pats,Republic of Ireland,SSE Airtricity PD,60,87,50,53,61,29,44,-1
Kristian Lien,Lien,ST++,FC Groningen,Norway,Eredivisie,60,70,57,45,56,20,59,-1
Marcus Linday,Linday,CM++,sc Heerenveen,Sweden,Eredivisie,60,60,54,53,60,48,61,-1
Carl Johnston,Johnston,RB++,Peterborough,Northern Ireland,EFL League One,60,73,47,55,60,55,62,-1
Matty Smith,Smith,ST++,Waterford,Scotland,SSE Airtricity PD,60,72,59,53,64,36,64,-1
Lamine Fanne Dabo,Fanne Dabo,CDM++,Luton Town,Spain,EFL Championship,60,58,40,52,61,57,61,-1
Reyes Cleary,Cleary,ST++,West Brom,England,EFL Championship,60,74,58,44,58,29,63,-1
Daniel Kelly,Kelly,RM++,Shelbourne,Republic of Ireland,SSE Airtricity PD,60,78,51,52,61,40,46,-1
Pawel Chrupalla,Chrupalla,RM++,Rosenborg BK,Poland,Eliteserien,60,65,54,57,60,50,67,-1
Guowen Sun,Sun Guowen,LB++,Shandong Taishan,China PR,CSL,60,76,47,55,61,49,70,-1
Joe Adams,Adams,CAM++,Wigan Athletic,England,EFL League One,60,72,55,57,62,46,64,-1
Prabir Das,Das,RB++,Mumbai City FC,India,Hero ISL,60,72,42,52,56,53,73,-1
Hilmir Rafn Mikaelsson,Mikaelsson,ST++,Venezia,Iceland,Serie A TIM,60,59,58,47,56,30,66,-1
João Gabriel Martins Peglow,João Peglow,LW++,D.C. United,Brazil,MLS,60,67,63,54,64,25,43,-1
David Ankeye,Ankeye,ST++,FC Rapid 1923,Nigeria,SUPERLIGA,60,71,55,47,61,30,59,-1
Diego Méndez Molero,Diego Méndez,CB++,CD Eldense,Spain,LALIGA HYPERMOTION,60,63,27,47,45,60,59,-1
Patrick Wood,Wood,ST++,Perth Glory,Australia,A-League,60,77,58,51,56,29,67,-1
Jannik Hofmann,Hofmann,RB++,VfB Stuttgart II,Germany,3. Liga,60,68,33,51,59,54,59,-1
Ignacio Tapia,Tapia,CAM++,Barracas Central,Argentina,LPF,60,57,54,64,63,44,54,-1
Fabio Torsiello,Torsiello,ST++,Unterhaching,Italy,3. Liga,60,65,61,43,63,24,49,-1
Dylan Duffy,Duffy,LM++,Chesterfield,Republic of Ireland,EFL League Two,60,72,52,53,60,44,58,-1
Archie Mair,Mair,GK++,Motherwell,Scotland,cinch Prem,60,61,59,59,60,45,58,-1
Dave Kwakman,Kwakman,CM++,FC Groningen,Netherlands,Eredivisie,60,77,52,56,65,57,60,-1
Emmanuele Matino,Matino,CB++,Cittadella,Italy,Serie BKT,60,53,25,41,40,62,60,-1
Kristian Lien,Lien,ST++,HamKam Fotball,Norway,Eliteserien,60,70,57,45,56,20,59,-1
Thiago Perugini,Perugini,ST++,Barracas Central,Argentina,LPF,60,73,61,49,58,21,52,-1
Adedire Mebude,Mebude,RW++,Hamburger SV,Scotland,Bundesliga 2,60,75,61,46,66,24,54,-1
Mathias Dahl Sauer,Sauer,CM++,AGF,Denmark,3F Superliga,60,71,56,57,67,58,55,-1
Sam Sargeant,Sargeant,GK++,Sligo Rovers,England,SSE Airtricity PD,60,65,58,55,61,45,58,-1
Chengdong Zhang,Zhang Chengdong,CB++,Qingdao W. Coast,China PR,CSL,60,45,56,59,60,57,71,-1
Azeem Abdulai,Abdulai,CDM++,Leyton Orient,Scotland,EFL League One,60,55,38,59,60,57,59,-1
Ruofan Liu,Liu Ruofan,ST++,Shanghai Port,China PR,CSL,60,73,56,56,63,41,67,-1
Ali Demirel,Demirel,CAM++,FC Petrolul,Türkiye,SUPERLIGA,60,66,52,56,69,39,50,-1
Ezequiel Ham,Ham,CM++,Unión,Syria,LPF,60,67,53,59,62,54,67,-1
Sekou Camara,Camara,ST++,Politehnica Iași,Guinea,SUPERLIGA,60,82,55,45,60,39,69,-1
Peng Wang,Wang Peng,CB++,Qingdao W. Coast,China PR,CSL,60,62,52,52,57,57,73,-1
Henrik Meister,Meister,ST++,Pisa,Denmark,Serie BKT,60,65,58,42,55,26,71,-1
Kamarai Swyer,Swyer,CAM++,West Ham,England,Premier League,59,67,56,53,63,36,56,-1
Macaulay Tait,Tait,CM++,Hearts,Scotland,cinch Prem,59,66,51,58,63,52,56,-1
Bianneider Tamayo,Tamayo,CB++,Caracas F.C.,Venezuela,Libertadores,59,60,24,34,43,60,69,-1
Kaiyuan Tan,Tan Kaiyuan,ST++,Qingdao W. Coast,China PR,CSL,59,70,56,55,62,39,63,-1
Răzvan Tănasă,Tănasă,LW++,SC Oțelul Galați,Romania,SUPERLIGA,59,76,50,58,61,37,50,-1
Deepak Tangri,Tangri,CDM++,ATK Mohun Bagan,India,Hero ISL,59,64,38,50,51,56,75,-1
Brad Tapp,Tapp,CDM++,Central Coast,Australia,A-League,59,66,44,54,54,56,57,-1
Jon Taylor,Taylor,RW++,Salford City,England,EFL League Two,59,72,55,54,62,27,37,-1
Georgios Theocharis,Theocharis,GK++,AEK Athens,Greece,Hellas Liga,59,62,58,55,62,24,56,-1
Cheick Thiam,Thiam,CB++,K. Beerschot VA,Belgium,1A Pro League,59,64,30,39,38,56,69,-1
Lewis Thomas,Thomas,GK++,Bristol City,Wales,EFL Championship,59,59,58,57,60,57,58,-1
Ben Tollitt,Tollitt,LM++,Morecambe,England,EFL League Two,59,75,53,54,59,44,58,-1
Mathias Tønnessen,Tønnessen,CB++,KFUM-Kameratene,Norway,Eliteserien,59,61,30,47,51,60,55,-1
Abdoulkarim Traore,Traore,CDM++,Al Ain FC,Mali,United Emirates League,59,64,34,52,53,57,55,-1
Paul Tschernuth,Tschernuth,GK++,Heidenheim,Austria,Bundesliga,59,60,61,60,60,18,58,-1
Dilyimit Tudi,Tudi,CM++,Changchun Yatai,China PR,CSL,59,62,44,54,62,54,62,-1
Peter Urminsky,Urminsky,GK++,St. Mirren,Slovakia,cinch Prem,59,60,59,58,60,28,58,-1
Bas Van Den Eynden,Van Den Eynden,CDM++,KV Mechelen,Belgium,1A Pro League,59,49,46,57,55,54,71,-1
Damian van der Haar,van der Haar,CB++,PEC Zwolle,Netherlands,Eredivisie,59,59,31,42,43,60,62,-1
Harry Van der Saag,Van der Saag,RB++,Brisbane Roar,Australia,A-League,59,72,48,53,58,52,71,-1
Miguel Vegas,Vegas,CDM++,Caracas F.C.,Venezuela,Libertadores,59,63,35,53,53,54,47,-1
Santino Vera,Vera,CDM++,Racing Club,Argentina,Sudamericana,59,74,42,58,62,56,59,-1
Samuele Vignato,Vignato,ST++,Monza,Italy,Serie A TIM,59,68,59,60,74,34,40,-1
Jules-Anthony Vilsaint,Vilsaint,ST++,CF Montréal,Canada,MLS,59,70,60,45,56,26,56,-1
Daniël Virginio Deen,Virginio Deen,GK++,AZ,Netherlands,Eredivisie,59,59,61,56,57,20,55,-1
Cătălin Vulturar,Vulturar,CAM++,FC Rapid 1923,Romania,SUPERLIGA,59,67,51,56,59,50,60,-1
Aurel Wagbe,Wagbe,LM++,Holstein Kiel,Germany,Bundesliga,59,76,41,52,60,49,66,-1
Casey Walls,Walls,CB++,SJ Earthquakes,United States,MLS,59,46,25,40,36,64,63,-1
Zihao Wang,Wang Zihao,CM++,Qingdao Hainiu,China PR,CSL,59,73,42,58,63,47,51,-1
Jianan Wang,Wang Jianan,RB++,Meizhou Hakka,China PR,CSL,59,69,59,56,58,53,62,-1
Jianming Wang,Wang Jianming,RM++,Qingdao Hainiu,Chinese Taipei,CSL,59,68,44,54,61,58,67,-1
Lewis Ward,Ward,GK++,AFC Wimbledon,England,EFL League Two,59,59,58,59,61,45,58,-1
Riley Warland,Warland,LB++,Perth Glory,Australia,A-League,59,65,24,43,41,59,66,-1
Jaden Warner,Warner,CB++,Norwich,England,EFL Championship,59,74,25,46,48,58,64,-1
Kacper Welniak,Welniak,ST++,Motor Lublin,Poland,PKO BP Ekstraklasa,59,65,60,55,59,30,66,-1
Jiabao Wen,Wen Jiabao,LB++,Shanghai Shenhua,China PR,CSL,59,80,47,52,60,53,61,-1
Corey Whitely,Whitely,LM++,Bromley FC,England,EFL League Two,59,75,56,51,59,30,55,-1
Kevin Wiethaup,Wiethaup,CAM++,VfL Osnabrück,Germany,3. Liga,59,71,43,58,64,38,47,-1
Adam Wikman,Wikman,CM++,IK Sirius,Sweden,Allsvenskan,59,66,48,55,62,56,51,-1
Tyrone Williams,Williams,CB++,Chesterfield,England,EFL League Two,59,61,26,34,38,59,72,-1
Zac Williams,Williams,CB++,Crewe Alexandra,Wales,EFL League Two,59,65,36,48,52,57,66,-1
John Ross Wilson,Wilson,RB++,Sligo Rovers,Republic of Ireland,SSE Airtricity PD,59,58,42,53,54,56,60,-1
Donovan Wilson,Wilson,ST++,Grimsby Town,England,EFL League Two,59,76,57,46,57,22,66,-1
Lucas Wolf,Wolf,CAM++,SV Sandhausen,Germany,3. Liga,59,70,45,53,66,36,37,-1
Harry Wood,Wood,CM++,Shelbourne,England,SSE Airtricity PD,59,64,54,61,61,52,55,-1
Alex Woodyard,Woodyard,CDM++,Colchester,England,EFL League Two,59,50,53,57,58,58,61,-1
Jordan Wright,Wright,GK++,Grimsby Town,England,EFL League Two,59,61,57,58,62,21,57,-1
Mohammed Yasir,Yasir,RW++,FC Goa,India,Hero ISL,59,75,52,55,61,35,58,-1
Yeerzati Yeerjieti,Yeerjieti Yeerzati,GK++,Qingdao W. Coast,China PR,CSL,59,61,56,63,57,49,57,-1
Seyhan Yigit,Yigit,RB++,SV Waldhof,Türkiye,3. Liga,59,71,33,51,61,53,54,-1
Özkan Yiğiter,Yiğiter,CDM++,Sivasspor,Türkiye,Trendyol Süper Lig,59,61,46,56,58,54,66,-1
Atsushi Zaizen,Zaizen,CAM++,Grazer AK,Japan,Ö. Bundesliga,59,62,49,54,66,32,38,-1
Nikodem Zielonka,Zielonka,LW++,Górnik Zabrze,Poland,PKO BP Ekstraklasa,59,73,53,51,64,25,51,-1
Dehai Zou,Zou Dehai,GK++,Changchun Yatai,China PR,CSL,59,57,58,55,59,46,59,-1
Jakob Kiilerich,Kiilerich,CB++,Mjällby AIF,Denmark,Allsvenskan,59,58,34,43,52,59,63,-1
Ekrem Kılıçarslan,Kılıçarslan,GK++,Göztepe,Türkiye,Trendyol Süper Lig,59,62,55,60,62,47,53,-1
Yeon Soo Kim,Kim Yeon Soo,CB++,Incheon United,Korea Republic,K League 1,59,51,23,29,36,60,68,-1
Gyeong Jae Kim,Kim Gyeong Jae,CB++,GwangJu FC,Korea Republic,K League 1,59,75,33,50,57,57,69,-1
Jun Bum Kim,Kim Jun Bum,CM++,Daejeon Citizen,Korea Republic,K League 1,59,70,47,55,63,50,65,-1
Tim Kips,Kips,GK++,FC Erzgebirge Aue,Luxembourg,3. Liga,59,58,61,59,60,24,61,-1
Makenzie Kirk,Kirk,ST++,St. Johnstone,Northern Ireland,cinch Prem,59,73,59,46,59,23,59,-1
Paddy Kirk,Kirk,LB++,Bohemian FC,Republic of Ireland,SSE Airtricity PD,59,55,41,48,56,57,64,-1
Mike Kleijn,Kleijn,CM++,Sparta Rotterdam,Netherlands,Eredivisie,59,68,47,61,61,52,50,-1
Tim Kloss,Kloss,CDM++,1860 München,Germany,3. Liga,59,67,32,51,49,58,61,-1
Tim Köhler,Köhler,CB++,SC Verl,Germany,3. Liga,59,54,32,31,39,61,62,-1
Williams Kokolo,Kokolo,LB++,Stade Lavallois,France,Ligue 2 BKT,59,72,44,52,59,52,69,-1
Corsin Konietzke,Konietzke,CDM++,FC St. Gallen,Switzerland,CSSL,59,64,35,53,55,56,65,-1
Miika Koskela,Koskela,CB++,Tromsø IL,Finland,Eliteserien,59,68,27,36,39,59,63,-1
Louis Köster,Köster,LW++,Hansa Rostock,Germany,3. Liga,59,68,46,55,63,56,68,-1
Damjan Kovacevic,Kovacevic,RB++,TSV Hartberg,Austria,Ö. Bundesliga,59,79,37,50,54,55,48,-1
Dion Krasniqi,Krasniqi,ST++,Kalmar FF,Kosovo,Allsvenskan,59,75,57,45,58,22,65,-1
Michał Król,Król,RB++,Motor Lublin,Poland,PKO BP Ekstraklasa,59,74,38,50,60,54,67,-1
Léandre Kuavita,Kuavita,CM++,Standard Liège,Belgium,1A Pro League,59,62,57,55,63,54,67,-1
Jaiden Kucharski,Kucharski,ST++,Sydney FC,Australia,A-League,59,76,59,48,61,34,59,-1
Julian Kudala,Kudala,RM++,SSV Ulm 1846,Germany,Bundesliga 2,59,77,53,51,60,43,50,-1
Ashique Kuruniyan,Kuruniyan,LM++,ATK Mohun Bagan,India,Hero ISL,59,87,51,51,58,45,60,-1
Robert Kwasigroch,Kwasigroch,GK++,Düsseldorf,Germany,Bundesliga 2,59,63,62,54,60,21,57,-1
Phurba Lachenpa,Lachenpa,GK++,Mumbai City FC,India,Hero ISL,59,62,58,56,61,28,57,-1
Max Larsson,Larsson,LB++,Västerås SK,Sweden,Allsvenskan,59,69,35,48,51,53,59,-1
Lukas Laupheimer,Laupheimer,CDM++,VfB Stuttgart II,Germany,3. Liga,59,64,36,47,62,58,63,-1
Jun Gyu Lee,Lee Jun Gyu,CM++,Daejeon Citizen,Korea Republic,K League 1,59,63,40,56,61,45,51,-1
Loïck Lespinasse,Lespinasse,ST++,Pau FC,France,Ligue 2 BKT,59,74,56,52,60,34,61,-1
Shenyuan Li,Li Shenyuan,RB++,Changchun Yatai,China PR,CSL,59,74,28,42,51,55,55,-1
Calixte Paul Ligue,Ligue,ST++,FC Zürich,Switzerland,CSSL,59,72,56,46,60,26,63,-1
Chuangyi Lin,Lin Chuangyi,CM++,SZ Peng City,China PR,CSL,59,66,56,57,59,60,65,-1
Zhurun Liu,Liu Zhurun,LM++,Shanghai Port,China PR,CSL,59,75,56,48,60,39,55,-1
Shibo Liu,Liu Shibo,GK++,Shandong Taishan,China PR,CSL,59,60,54,53,62,55,54,-1
Tommy Lonergan,Lonergan,ST++,Fleetwood Town,Republic of Ireland,EFL League Two,59,66,58,46,58,21,57,-1
Lautaro López Kaleniuk,López Kaleniuk,GK++,San Lorenzo,Argentina,Libertadores,59,59,59,53,60,38,57,-1
Louis Lord,Lord,GK++,FC Erzgebirge Aue,Germany,3. Liga,59,62,57,56,61,27,59,-1
Josna Loulendo,Loulendo,ST++,Al Ain FC,Congo,United Emirates League,59,69,57,38,58,17,49,-1
Jason Lowe,Lowe,CB++,Port Vale,England,EFL League Two,59,50,49,56,58,57,72,-1
Jeremías Lucco,Lucco,CAM++,Belgrano,Argentina,Sudamericana,59,66,47,62,62,46,47,-1
Kacper Lukasiak,Lukasiak,CAM++,Pogoń Szczecin,Poland,PKO BP Ekstraklasa,59,67,55,57,62,37,55,-1
Idar Lysgård,Lysgård,GK++,KFUM-Kameratene,Norway,Eliteserien,59,61,60,57,58,29,57,-1
Marcos Machuca,Machuca,RM++,S. Trinidense,Paraguay,Sudamericana,59,70,46,56,60,34,52,-1
Montader Madjed,Madjed,RW++,Hammarby IF,Iraq,Allsvenskan,59,75,52,48,68,23,45,-1
Herman Magnusson,Magnusson,CB++,Västerås SK,Sweden,Allsvenskan,59,57,32,42,50,59,67,-1
Jabez Makanda Maleko,Jabez Makanda,CAM++,Aleman. Aachen,Angola,3. Liga,59,66,60,54,60,25,56,-1
Elison Makolli,Makolli,CB++,Malmö FF,Sweden,Allsvenskan,59,73,29,47,59,55,75,-1
Tidiane Malbec,Malbec,GK++,AC Beauruelle,France,Ligue 2 BKT,59,60,62,60,59,27,58,-1
Dustin Maldonado,Maldonado,LM++,Real Tomayapo,Bolivia,Sudamericana,59,62,51,56,59,36,48,-1
Arjan Malić,Malić,CB++,SK Sturm Graz,Slovenia,Ö. Bundesliga,59,58,29,46,49,61,61,-1
Stephen Mallon,Mallon,LM++,Sligo Rovers,Republic of Ireland,SSE Airtricity PD,59,64,54,54,60,46,52,-1
Mikael Marqués,Marqués,CB++,Västerås SK,Sweden,Allsvenskan,59,59,27,34,48,58,70,-1
Louie Marsh,Marsh,ST++,Sheffield Utd,England,EFL Championship,59,67,58,52,62,42,43,-1
John Martin,Martin,ST++,Shelbourne,Republic of Ireland,SSE Airtricity PD,59,61,58,54,58,39,65,-1
Dan Martin,Martin,CDM++,Accrington,England,EFL League Two,59,67,45,53,57,53,66,-1
Tommaso Martinelli,Martinelli,GK++,Fiorentina,Italy,Serie A TIM,59,61,59,56,62,23,58,-1
Marco António Martins Ribeiro,Marco Ribeiro,CM++,Boavista FC,Portugal,Liga Portugal,59,59,50,57,59,57,45,-1
Ilija Maslarov,Maslarov,CDM++,FC Lugano,Switzerland,CSSL,59,57,33,52,53,59,55,-1
Sam Mather,Mather,LM++,Manchester Utd,England,Premier League,59,69,53,55,62,35,47,-1
Evans Maurin,Maurin,ST++,Grasshopper Club,France,CSSL,59,69,60,51,63,19,55,-1
Callum Maycock,Maycock,CM++,AFC Wimbledon,England,EFL League Two,59,67,51,57,59,56,69,-1
Jay McGrath,McGrath,CB++,Doncaster,Republic of Ireland,EFL League Two,59,63,28,45,46,59,64,-1
Archie Meekison,Meekison,CM++,Bohemian FC,Scotland,SSE Airtricity PD,59,69,54,58,62,48,53,-1
Tony Menzel,Menzel,RW++,Dynamo Dresden,Germany,3. Liga,59,71,47,54,63,31,52,-1
Novak Mićović,Mićović,GK++,LA Galaxy,Serbia,MLS,59,59,58,55,60,25,56,-1
Jevon Mills,Mills,CB++,Bohemian FC,Republic of Ireland,SSE Airtricity PD,59,51,27,32,37,59,67,-1
Seong Jun Min,Min Seong Jun,GK++,Incheon United,Korea Republic,K League 1,59,64,57,54,61,33,56,-1
Harrison Minturn,Minturn,CB++,Swindon Town,England,EFL League Two,59,60,24,35,48,57,67,-1
Samuel Mischitz,Mischitz,RB++,SCR Altach,Austria,Ö. Bundesliga,59,68,45,51,59,55,44,-1
Robert Mišković,Mišković,CM++,Politehnica Iași,Croatia,SUPERLIGA,59,69,53,60,61,47,65,-1
Zach Mitchell,Mitchell,CB++,Charlton Ath,England,EFL League One,59,67,28,48,53,57,67,-1
Omar Mohamedhoesein,Mohamedhoesein,CM++,N.E.C. Nijmegen,Netherlands,Eredivisie,59,75,53,59,63,55,49,-1
Shakur Mohammed,Mohammed,LM++,Orlando City,Ghana,MLS,59,76,59,53,60,24,49,-1
Tomasz Mokwa,Mokwa,LB++,Piast Gliwice,Poland,PKO BP Ekstraklasa,59,52,41,54,53,58,65,-1
Piero Mollica,Mollica,RB++,Caracas F.C.,Venezuela,Libertadores,59,64,27,39,52,61,55,-1
Sean Moore,Moore,LM++,West Ham,Republic of Ireland,Premier League,59,71,54,54,62,29,38,-1
Niall Morahan,Morahan,CM++,Sligo Rovers,Republic of Ireland,SSE Airtricity PD,59,58,50,57,59,55,61,-1
Mauricio Morales,Morales,CM++,Unión La Calera,Chile,Sudamericana,59,67,47,57,60,52,60,-1
Efraín Morales,Morales,CB++,Atlanta United,Bolivia,MLS,59,58,23,38,34,62,63,-1
Shayden Morris,Morris,RM++,Aberdeen,England,cinch Prem,59,81,55,50,62,23,39,-1
Jamie Mullins,Mullins,CAM++,Brighton,Republic of Ireland,Premier League,59,70,54,51,64,28,40,-1
Daniel Munie,Munie,LB++,SJ Earthquakes,United States,MLS,59,66,24,39,44,60,61,-1
Reno Münz,Münz,CB++,Fürth,Germany,Bundesliga 2,59,57,32,33,45,61,60,-1
Joe Murphy,Murphy,GK++,Tranmere Rovers,Republic of Ireland,EFL League Two,59,57,58,58,58,27,59,-1
Noah Nadje,Nadje,ST++,Angers SCO,France,Ligue 1 Uber Eats,59,54,61,46,59,25,48,-1
Amara Nallo,Nallo,CB++,Liverpool,England,Premier League,59,63,32,52,53,58,60,-1
Halicharan Narzary,Narzary,LM++,Bengaluru FC,India,Hero ISL,59,75,54,52,58,34,62,-1
Christopher Negele,Negele,CAM++,Heidenheim,Germany,Bundesliga,59,67,58,58,63,39,50,-1
Tom Negrel,Negrel,GK++,AJ Auxerre,France,Ligue 1 Uber Eats,59,56,57,60,62,23,61,-1
Yianni Nicolaou,Nicolaou,RB++,Macarthur FC,Australia,A-League,59,73,38,49,56,53,69,-1
Luc Nieuwenhuijs,Nieuwenhuijs,LM++,N.E.C. Nijmegen,Netherlands,Eredivisie,59,69,56,56,61,27,50,-1
Alex Nolan,Nolan,RM++,St. Pats,Republic of Ireland,SSE Airtricity PD,59,73,51,54,60,35,53,-1
James Norris,Norris,LB++,Liverpool,England,Premier League,59,68,35,53,53,55,54,-1
Troy Engseth Nyhammer,Nyhammer,ST++,FK Haugesund,Norway,Eliteserien,59,60,58,52,59,25,56,-1
Ryan O'Kane,O'Kane,LM++,Dundalk,Republic of Ireland,SSE Airtricity PD,59,72,52,51,63,31,44,-1
Karl O'Sullivan,O'Sullivan,RM++,Galway United,Republic of Ireland,SSE Airtricity PD,59,81,52,49,63,40,48,-1
Sefer Emini,Emini,CM++,Sønderjyske,North Macedonia,3F Superliga,59,67,58,60,63,38,54,-1
Noah Engelbreth,Engelbreth,CDM++,Hannover 96 II,Germany,3. Liga,59,54,33,49,51,61,58,-1
Aday Ercan,Ercan,CDM++,VfL Osnabrück,Germany,3. Liga,59,60,46,48,57,56,66,-1
Mihai Eșanu,Eșanu,GK++,FC Petrolul,Romania,SUPERLIGA,59,61,53,60,65,27,55,-1
Ángel Espínola,Espínola,GK++,Sportivo Luqueño,Argentina,Sudamericana,59,56,57,58,61,24,59,-1
Marco Essimi,Essimi,LM++,USL Dunkerque,France,Ligue 2 BKT,59,75,52,52,61,30,51,-1
Muhammadu Faal,Faal,ST++,Crawley Town,England,EFL League One,59,69,58,48,56,21,64,-1
Ali Fadal,Fadal,CM++,Valencia CF,Ghana,LALIGA EA SPORTS,59,60,47,58,55,55,56,-1
Fallou Fall,Fall,CB++,Fredrikstad FK,Senegal,Eliteserien,59,48,28,45,47,59,61,-1
Hao Fang,Fang Hao,RW++,Beijing Guoan,China PR,CSL,59,62,58,55,61,40,55,-1
Amin Farouk,Farouk,CAM++,Wehen Wiesbaden,Germany,3. Liga,59,70,49,54,64,35,55,-1
Frank Feller,Feller,GK++,Heidenheim,Germany,Bundesliga,59,61,60,63,60,30,62,-1
Boyuan Feng,Feng Boyuan,ST++,Henan SSLM FC,China PR,CSL,59,53,58,37,54,23,67,-1
Emmanuel Fernandez,Fernandez,CB++,Peterborough,England,EFL League One,59,57,36,39,43,58,67,-1
Fabio Ferraro,Ferraro,LM++,FCV Dender EH,Belgium,1A Pro League,59,68,56,51,66,18,35,-1
Bryan Fiabema,Fiabema,ST++,Lech Poznań,Norway,PKO BP Ekstraklasa,59,77,58,49,63,25,58,-1
Kellen Fisher,Fisher,RB++,Norwich,England,EFL Championship,59,68,36,50,58,55,62,-1
Will Fitzgerald,Fitzgerald,LM++,Sligo Rovers,Republic of Ireland,SSE Airtricity PD,59,76,47,52,61,34,55,-1
Sam Folarin,Folarin,RM++,Harrogate Town,England,EFL League Two,59,85,60,48,62,38,51,-1
Sam Foley,Foley,CM++,Barrow,Republic of Ireland,EFL League Two,59,40,55,60,60,58,68,-1
Jahlane Forbes,Forbes,LB++,Charlotte FC,United States,MLS,59,68,31,50,55,55,61,-1
Ezequiel Forclaz,Forclaz,CAM++,Tigre,Argentina,LPF,59,60,52,57,65,37,43,-1
Harry Forster,Forster,LB++,Crawley Town,England,EFL League One,59,71,54,55,60,52,58,-1
Edward Francis,Francis,CM++,Exeter City,England,EFL League One,59,63,54,56,58,60,65,-1
Ian Fray,Fray,CB++,Inter Miami CF,United States,MLS,59,72,28,39,51,58,62,-1
Robin Frej,Frej,CB++,GAIS,Sweden,Allsvenskan,59,48,23,33,53,59,66,-1
Kevin Gadellaa,Gadellaa,GK++,FC Utrecht,Netherlands,Eredivisie,59,60,58,54,61,28,55,-1
Chao Gan,Gan Chao,CM++,Rongcheng FC,China PR,CSL,59,79,54,58,60,53,61,-1
Di Gao,Gao Di,ST++,Zhejiang Pro,China PR,CSL,59,71,57,47,57,44,67,-1
Leonardo García Posadas,García Posadas,CB++,B. Dortmund II,Germany,3. Liga,59,65,24,48,51,59,62,-1
Dario Ndubuisi Gebuhr,Gebuhr,CB++,Hansa Rostock,Germany,3. Liga,59,58,29,37,41,60,62,-1
Jordan Gele,Gele,ST++,Unirea Slobozia,France,SUPERLIGA,59,58,58,44,51,26,70,-1
Thomas Geris,Geris,ST++,WSG Tirol,Austria,Ö. Bundesliga,59,60,59,48,61,25,48,-1
Juan Giménez,Giménez,CB++,Rosario Central,Argentina,Libertadores,59,57,31,53,43,60,59,-1
Maiken González,González,LM++,Dep. La Guaira,Venezuela,Sudamericana,59,72,51,48,67,24,41,-1
Jorge Damián González,González,RM++,Club Nacional,Paraguay,Sudamericana,59,70,54,57,61,55,59,-1
Archie Goodwin,Goodwin,ST++,Adelaide United,Australia,A-League,59,71,59,47,59,31,57,-1
John-Kymani Gordon,Gordon,ST++,Colchester,England,EFL League Two,59,76,57,44,60,27,59,-1
Dylan Gorosito,Gorosito,RB++,Boca Juniors,Argentina,Sudamericana,59,61,30,40,55,57,48,-1
Villiam Granath,Granath,RM++,Halmstads BK,Sweden,Allsvenskan,59,72,48,57,51,52,72,-1
Danny Grant,Grant,LM++,Bohemian FC,Republic of Ireland,SSE Airtricity PD,59,77,53,51,59,42,52,-1
Kamarl Grant,Grant,CB++,Bromley FC,England,EFL League Two,59,63,27,40,42,59,66,-1
Narek Grigoryan,Grigoryan,RW++,Farul Constanța,Armenia,SUPERLIGA,59,68,54,57,63,37,55,-1
Tommaso Guercio,Guercio,CB++,Śląsk Wrocław,Poland,PKO BP Ekstraklasa,59,60,50,55,60,60,57,-1
Luca Günther,Günther,RB++,FC St. Pauli,Germany,Bundesliga,59,61,28,47,57,58,57,-1
Seung Un Ha,Ha Seung Un,LW++,GwangJu FC,Korea Republic,K League 1,59,76,61,42,62,22,60,-1
Mika Haas,Haas,LB++,Kaiserslautern,Germany,Bundesliga 2,59,79,48,52,56,52,54,-1
Stefan Hagerup,Hagerup,GK++,Lillestrøm SK,Norway,Eliteserien,59,59,59,56,58,29,60,-1
Rayan Hamed,Hamed,CB++,Al Ahli,Saudi Arabia,ROSHN Saudi League,59,62,27,48,50,59,63,-1
Sabil Hansen,Hansen,CB++,Randers FC,Denmark,3F Superliga,59,59,24,25,35,61,64,-1
Walid Hasbi,Hasbi,GK++,Strasbourg,Morocco,Ligue 1 Uber Eats,59,66,58,55,62,45,53,-1
Abdullah Hawsawi,Hawsawi,RB++,Al Kholood,Saudi Arabia,ROSHN Saudi League,59,67,34,46,52,55,67,-1
Luke Hendrie,Hendrie,RB++,Morecambe,England,EFL League Two,59,67,35,53,56,56,67,-1
Jack Henry-Francis,Henry-Francis,CDM++,Sligo Rovers,Republic of Ireland,SSE Airtricity PD,59,53,43,58,58,53,55,-1
Jhoan Hernandez,Hernandez,LB++,Millonarios,Colombia,Libertadores,59,65,51,51,55,57,61,-1
Lundrim Hetemi,Hetemi,CM++,Vejle Boldklub,Albania,3F Superliga,59,68,48,56,63,58,53,-1
Joe Hilton,Hilton,GK++,Blackburn Rovers,England,EFL Championship,59,57,60,55,64,29,54,-1
Albert Hofman,Hofman,ST++,SC Oțelul Galați,Romania,SUPERLIGA,59,74,60,55,64,27,57,-1
Hallam Hope,Hope,ST++,Morecambe,Barbados,EFL League Two,59,72,57,54,60,30,59,-1
Mikkel Hope,Hope,RB++,FK Haugesund,Norway,Eliteserien,59,60,42,51,60,57,55,-1
Tom Hopper,Hopper,ST++,Colchester,England,EFL League Two,59,55,56,50,58,34,70,-1
Branden Horton,Horton,LB++,Chesterfield,England,EFL League Two,59,75,33,48,56,53,59,-1
Jiahui Huang,Huang Jiahui,CDM++,Tianjin JMT FC,China PR,CSL,59,69,35,46,56,58,64,-1
Ruifeng Huang,Huang Ruifeng,CM++,Henan SSLM FC,China PR,CSL,59,76,44,56,61,53,61,-1
Mackenzie Hunt,Hunt,LB++,Fleetwood Town,England,EFL League Two,59,66,49,56,57,53,59,-1
Mikkel Hyllegaard,Hyllegaard,ST++,Sønderjyske,Denmark,3F Superliga,59,90,58,45,58,21,51,-1
Harun Ibrahim,Ibrahim,CM++,GAIS,Sweden,Allsvenskan,59,78,50,57,67,54,61,-1
Frederik Ihler,Ihler,ST++,Molde FK,Denmark,Eliteserien,59,79,58,50,60,34,65,-1
Ethan Ingram,Ingram,RB++,Dundee FC,England,cinch Prem,59,75,32,50,57,54,59,-1
Tom Iorpenda,Iorpenda,CM++,Huddersfield,England,EFL League One,59,70,49,57,63,51,68,-1
Louis Jackson,Jackson,CB++,Manchester Utd,Scotland,Premier League,59,65,29,50,49,58,66,-1
Douglas James-Taylor,James-Taylor,ST++,Drogheda United,England,SSE Airtricity PD,59,83,55,46,59,28,66,-1
Kyle Jameson,Jameson,CB++,Newport County,England,EFL League Two,59,53,29,39,42,59,67,-1
Luka Janeš,Janeš,CDM++,Heidenheim,Germany,Bundesliga,59,59,38,48,53,61,61,-1
Justin Janitzek,Janitzek,CB++,Wehen Wiesbaden,Germany,3. Liga,59,46,32,41,40,62,55,-1
Rijk Janse,Janse,GK++,N.E.C. Nijmegen,Netherlands,Eredivisie,59,60,55,56,58,26,58,-1
Camil Jebara,Jebara,LW++,Västerås SK,Sweden,Allsvenskan,59,73,56,50,61,23,55,-1
Mylian Jimenez,Jimenez,CDM++,AaB,Netherlands,3F Superliga,59,65,51,55,58,54,58,-1
Simon Johansson,Johansson,RW++,Västerås SK,Sweden,Allsvenskan,59,65,62,56,59,30,58,-1
Carl Johansson,Johansson,LM++,IFK Värnamo,Sweden,Allsvenskan,59,70,46,53,61,41,45,-1
Mike Jones,Jones,CDM++,Chesterfield,England,EFL League Two,59,48,54,60,57,56,62,-1
Isak Jönsson,Jönsson,CB++,Västerås SK,Sweden,Allsvenskan,59,58,24,35,49,58,70,-1
Luka Jovanović,Jovanović,ST++,Adelaide United,Australia,A-League,59,75,58,50,61,32,66,-1
Alex Juárez,Juárez,LM++,Barracas Central,Argentina,LPF,59,64,54,56,60,60,49,-1
Frank Junior Adjei,Junior Adjei,CM++,IFK Värnamo,Ghana,Allsvenskan,59,69,55,58,59,53,57,-1
Stipe Jurić,Jurić,ST++,SC Oțelul Galați,Bosnia and Herzegovina,SUPERLIGA,59,56,60,41,53,22,62,-1
Marvin Kaleta,Kaleta,RB++,Motherwell,England,cinch Prem,59,67,40,51,58,55,62,-1
Vedat Karakuş,Karakuş,GK++,Adana Demirspor,Türkiye,Trendyol Süper Lig,59,63,58,53,65,28,53,-1
Mateo Karamatić,Karamatić,CB++,TSV Hartberg,Austria,Ö. Bundesliga,59,58,25,33,34,60,67,-1
Sam Karssies,Karssies,GK++,FC Twente,Netherlands,Eredivisie,59,58,60,55,60,19,56,-1
Sean Kavanagh,Kavanagh,LB++,Shamrock Rovers,Republic of Ireland,SSE Airtricity PD,59,55,53,62,61,57,59,-1
Conor Keeley,Keeley,CB++,St. Pats,Republic of Ireland,SSE Airtricity PD,59,35,42,43,36,59,73,-1
Kipp Keller,Keller,CB++,FC Cincinnati,United States,MLS,59,56,29,34,38,58,69,-1
Michael Kempter,Kempter,LB++,Grasshopper Club,Philippines,CSSL,59,66,32,51,62,55,59,-1
Joey Kesting,Kesting,GK++,RKC Waalwijk,Netherlands,Eredivisie,59,59,57,64,61,32,64,-1
Patryk Kieliś,Kieliś,RB++,Puszcza,Poland,PKO BP Ekstraklasa,59,65,35,49,54,56,59,-1
Jakub Antczak,Antczak,LW++,GKS Katowice,Poland,PKO BP Ekstraklasa,59,75,48,55,63,28,46,-1
Marcial Aquino,Aquino,CB++,S. Ameliano,Paraguay,Sudamericana,59,61,25,35,33,58,69,-1
Diogo Alexandre Aranha Dias,Diogo Dias,GK++,Estoril Praia,Portugal,Liga Portugal,59,56,62,53,60,23,55,-1
Nicolás Arévalo,Arévalo,CM++,Millonarios,Colombia,Libertadores,59,68,47,55,54,47,51,-1
Jeremy Arévalo Mera,Jeremy,ST++,R. Racing Club,Spain,LALIGA HYPERMOTION,59,73,60,45,59,24,51,-1
Haitham Asiri,Asiri,LM++,Al Ahli,Saudi Arabia,ROSHN Saudi League,59,80,52,49,60,24,63,-1
Afrden Asqer,Asqer Afrden,LW++,Wuhan 3 Towns,China PR,CSL,59,86,51,43,65,25,65,-1
Zachary Athekame,Athekame,RB++,BSC Young Boys,Switzerland,CSSL,59,67,28,45,53,55,52,-1
Edvin Austbø,Austbø,LW++,Viking FK,Norway,Eliteserien,59,73,58,50,62,23,44,-1
Josh Austerfield,Austerfield,CM++,Salford City,England,EFL League Two,59,67,45,55,57,56,55,-1
Sam Austin,Austin,CM++,Notts County,England,EFL League Two,59,74,57,58,61,49,61,-1
Alexandre Azevedo,Azevedo,LB++,VfB Stuttgart II,Germany,3. Liga,59,84,46,55,60,50,50,-1
Barry Baggley,Baggley,CM++,Waterford,Northern Ireland,SSE Airtricity PD,59,65,50,54,62,52,55,-1
Ahmed Bahusayn,Bahusayn,CM++,Al Taawoun,Saudi Arabia,ROSHN Saudi League,59,64,49,58,60,50,59,-1
Nicolas Bajlicz,Bajlicz,CM++,SK Rapid Wien,Austria,Ö. Bundesliga,59,68,47,58,69,45,46,-1
Labinot Bajrami,Bajrami,ST++,FC Zürich,Switzerland,CSSL,59,67,60,40,55,21,51,-1
Reed Baker-Whiting,Baker-Whiting,RB++,Sounders FC,United States,MLS,59,70,57,55,60,53,60,-1
James Ball,Ball,CM++,AFC Wimbledon,England,EFL League Two,59,53,58,57,56,56,76,-1
Kofi Balmer,Balmer,CB++,Motherwell,Northern Ireland,cinch Prem,59,64,33,44,50,59,64,-1
Ibrahima Sory Bangoura,Bangoura,CDM++,KRC Genk,Guinea,1A Pro League,59,64,35,50,52,57,64,-1
Sam Barnes,Barnes,CB++,Barrow,England,EFL League Two,59,59,30,45,52,59,59,-1
Jay Barnett,Barnett,CDM++,Adelaide United,Australia,A-League,59,61,43,55,58,55,56,-1
Tom Barth,Barth,RB++,VfB Stuttgart II,Germany,3. Liga,59,68,51,52,60,53,60,-1
William Benard,Benard,CM++,Stade Lavallois,France,Ligue 2 BKT,59,65,44,61,59,56,61,-1
Roméo Beney,Beney,ST++,FC Basel 1893,Switzerland,CSSL,59,57,58,40,58,17,57,-1
Justin Bengui,Bengui,GK++,OL,France,Ligue 1 Uber Eats,59,60,57,55,60,25,56,-1
Theo Bergvall,Bergvall,RB++,Brommapojkarna,Sweden,Allsvenskan,59,82,41,53,57,52,60,-1
Matteo Bignetti,Bignetti,GK++,SK Sturm Graz,Austria,Ö. Bundesliga,59,61,58,54,61,44,55,-1
Huseyin Biler,Biler,RB++,AFC Wimbledon,England,EFL League Two,59,82,29,49,60,52,61,-1
Mathéo Bodmer,Bodmer,CDM++,Havre AC,France,Ligue 1 Uber Eats,59,55,47,60,62,54,56,-1
Morgan Bokele,Bokele,LM++,FC Metz,Cameroon,Ligue 2 BKT,59,70,54,53,61,25,44,-1
Diabé Bolumbu,Bolumbu,LB++,SM Caen,France,Ligue 2 BKT,59,65,31,43,55,57,61,-1
Sam Bone,Bone,CB++,Shelbourne,England,SSE Airtricity PD,59,47,47,49,51,58,69,-1
Alex Bonetig,Bonetig,CB++,WS Wanderers,Australia,A-League,59,59,29,47,51,58,67,-1
Théo Borne,Borne,GK++,Clermont Foot 63,France,Ligue 2 BKT,59,55,62,52,63,31,56,-1
Amin Boudri,Boudri,LW++,GAIS,Sweden,Allsvenskan,59,65,54,53,63,35,56,-1
Ciaran Brennan,Brennan,CB++,Newport County,Republic of Ireland,EFL League Two,59,63,24,44,45,59,65,-1
Alexander Briedl,Briedl,CDM++,Blau-Weiss Linz,Austria,Ö. Bundesliga,59,57,32,54,51,57,57,-1
George Broadbent,Broadbent,CM++,Doncaster,England,EFL League Two,59,66,50,55,58,55,61,-1
Ameen Bukhari,Bukhari,GK++,Al Nassr,Saudi Arabia,ROSHN Saudi League,59,60,55,56,58,46,57,-1
Maxim Burghardt,Burghardt,RB++,FC Erzgebirge Aue,Germany,3. Liga,59,67,45,58,59,56,55,-1
Lautaro Bursich,Bursich,GK++,Central Córdoba,Argentina,LPF,59,63,58,51,61,28,54,-1
Nathan Butler-Oyedeji,Butler-Oyedeji,ST++,Arsenal,England,Premier League,59,74,57,53,62,19,52,-1
Victor Cabañas,Cabañas,RB++,Cerro Porteño,Paraguay,Libertadores,59,76,39,50,57,54,55,-1
Welat Cagro,Cagro,CM++,K. Beerschot VA,Belgium,1A Pro League,59,62,47,59,59,53,65,-1
Tudor Călin,Călin,CDM++,FC Gloria Buzău,Romania,SUPERLIGA,59,56,41,51,52,59,68,-1
Alexandro Calut,Calut,LB++,Standard Liège,Belgium,1A Pro League,59,69,29,52,58,54,56,-1
Ramón Cansinos,Cansinos,ST++,Central Córdoba,Argentina,LPF,59,73,61,43,59,24,47,-1
Kang Cao,Cao Kang,CDM++,Nantong Zhiyun FC,China PR,CSL,59,63,50,55,55,56,68,-1
Aldaír Caputa Ferreira,Aldaír Ferreira,CAM++,FC Botoșani,Angola,SUPERLIGA,59,65,54,57,58,47,48,-1
Anes Cardaklija,Cardaklija,CB++,GAIS,Sweden,Allsvenskan,59,56,25,39,53,58,68,-1
Gonçalo Miguel Cardoso Almeida,Gonçalo Almeida,RB++,Boavista FC,Portugal,Liga Portugal,59,73,36,42,56,55,47,-1
Conor Carty,Carty,ST++,Bolton,Republic of Ireland,EFL League One,59,68,58,51,58,23,56,-1
Julián Ceballos,Ceballos,LM++,Boca Juniors,Argentina,Sudamericana,59,72,47,56,63,38,41,-1
Miguel Chaiwa,Chaiwa,CDM++,BSC Young Boys,Zambia,CSSL,59,74,36,50,59,57,68,-1
Daniel Chesters,Chesters,RW++,Salford City,England,EFL League Two,59,71,47,56,63,46,55,-1
Adam Chicksen,Chicksen,LB++,Notts County,Zimbabwe,EFL League Two,59,69,49,53,58,53,64,-1
Niccolò Chiorra,Chiorra,GK++,Empoli,Italy,Serie A TIM,59,56,57,60,64,29,59,-1
Soo Hyuk Cho,Cho Soo Hyuk,GK++,Ulsan Hyundai,Korea Republic,K League 1,59,57,59,58,56,33,60,-1
Sung Gwon Cho,Cho Sung Gwon,CB++,GwangJu FC,Korea Republic,K League 1,59,61,28,34,40,57,71,-1
Woo Jin Choi,Choi Woo Jin,LM++,Incheon United,Korea Republic,K League 1,59,66,55,50,64,52,54,-1
Mirza Cihan,Cihan,LM++,Gaziantep,Türkiye,Trendyol Süper Lig,59,67,52,56,63,33,41,-1
Nicólas Claa,Claa,GK++,Lanús,Argentina,Sudamericana,59,61,59,58,62,21,59,-1
Jayden Clarke,Clarke,CAM++,Gillingham,England,EFL League Two,59,75,54,56,62,44,56,-1
Mateo Clemente,Clemente,GK++,San Lorenzo,Argentina,Libertadores,59,58,59,58,60,27,58,-1
Junior Colina,Colina,CAM++,Rayo Zuliano,Venezuela,Sudamericana,59,67,55,48,64,32,46,-1
Ciarán Coll,Coll,LB++,Derry City,Republic of Ireland,SSE Airtricity PD,59,70,31,53,50,56,61,-1
Toby Collyer,Collyer,CDM++,Manchester Utd,England,Premier League,59,65,33,56,58,55,55,-1
Enzo Crombez,Crombez,GK++,Rodez AF,France,Ligue 2 BKT,59,60,62,57,61,16,60,-1
Guilder Cuellar,Cuellar,LW++,Universitario,Bolivia,Sudamericana,59,67,59,51,63,22,42,-1
Marcos Cuenca Aranda,Marcos Cuenca,ST++,Real Zaragoza,Spain,LALIGA HYPERMOTION,59,71,57,53,58,42,57,-1
Sam Dalby,Dalby,ST++,Wrexham AFC,England,EFL League One,59,68,57,43,56,23,67,-1
Jacob Davenport,Davenport,CDM++,Derry City,England,SSE Airtricity PD,59,64,43,59,59,57,55,-1
Joe Day,Day,GK++,Cheltenham Town,England,EFL League Two,59,57,56,57,59,51,60,-1
Kas de Wit,de Wit,CAM++,N.E.C. Nijmegen,Netherlands,Eredivisie,59,69,47,57,64,40,46,-1
Martin Delavallée,Delavallée,GK++,Sp. Charleroi,Belgium,1A Pro League,59,60,56,62,59,46,59,-1
Lukas Demming,Demming,CM++,SC Verl,Germany,3. Liga,59,67,53,56,59,60,60,-1
Oliver Denham,Denham,CB++,Sligo Rovers,Wales,SSE Airtricity PD,59,55,26,38,46,58,67,-1
Louis Dennis,Dennis,RM++,Bromley FC,England,EFL League Two,59,72,55,54,60,44,59,-1
Matthew Dennis,Dennis,ST++,MK Dons,England,EFL League Two,59,85,56,45,60,39,66,-1
Samuele Di Benedetto,Di Benedetto,CDM++,VfB Stuttgart II,Germany,3. Liga,59,68,47,57,63,56,55,-1
Elson José Dias Junior,Elsinho,CB++,Chennaiyin FC,Brazil,Hero ISL,59,57,40,52,52,60,56,-1
Tyler Dibling,Dibling,RW++,Southampton,England,Premier League,59,77,51,51,64,25,49,-1
Benno Dietze,Dietze,CB++,Hansa Rostock,Germany,3. Liga,59,65,30,39,55,58,63,-1
Jonas Dirkner,Dirkner,CDM++,Hansa Rostock,Germany,3. Liga,59,53,38,52,57,59,55,-1
Alan Do Marcolino,Do Marcolino,ST++,Stade Rennais FC,Gabon,Ligue 1 Uber Eats,59,59,62,44,60,23,46,-1
Arnaud Dony,Dony,LB++,R. Union St.-G.,Belgium,1A Pro League,59,72,30,50,59,53,56,-1
Paul Doyle,Doyle,CDM++,Dundalk,Republic of Ireland,SSE Airtricity PD,59,47,41,57,58,53,66,-1
Dominik Draband,Draband,GK++,VfB Stuttgart II,Germany,3. Liga,59,62,56,55,61,16,59,-1
Patryk Dragon,Dragon,CDM++,SV Elversberg,Germany,Bundesliga 2,59,58,44,55,53,56,70,-1
Ognjen Drakulić,Drakulić,ST++,FC Ingolstadt 04,Serbia,3. Liga,59,60,59,43,55,24,60,-1
Jia Du,Du Jia,GK++,Shanghai Port,China PR,CSL,59,57,54,52,60,49,58,-1
Erik Dueñas,Dueñas,CM++,LAFC,Mexico,MLS,59,72,35,55,69,55,38,-1
Stephen Duke-McKenna,Duke-McKenna,CAM++,Harrogate Town,Guyana,EFL League Two,59,80,48,58,63,54,43,-1
Cameron Dummigan,Dummigan,RB++,Derry City,Northern Ireland,SSE Airtricity PD,59,54,40,55,55,57,58,-1
Alexander Eckmayr,Eckmayr,GK++,WSG Tirol,Austria,Ö. Bundesliga,59,58,60,55,60,23,56,-1
Joackim Åberg,Åberg,CDM++,GAIS,Sweden,Allsvenskan,59,53,47,53,56,55,66,-1
Kenneth Aboh,Aboh,ST++,Norwich,England,EFL Championship,59,74,58,39,58,27,62,-1
Matthew Acton,Acton,GK++,Brisbane Roar,Australia,A-League,59,60,58,58,61,40,57,-1
Mihai Adăscăliței,Adăscăliței,RB++,SC Oțelul Galați,Romania,SUPERLIGA,59,57,44,58,57,56,68,-1
Raphaël Adicéam,Adicéam,GK++,AJ Auxerre,France,Ligue 1 Uber Eats,59,62,60,57,58,21,60,-1
Gonzalo Aguilar López,Lalo Aguilar,CB++,Albacete BP,Spain,LALIGA HYPERMOTION,59,54,32,37,37,63,63,-1
Sören Ahlers,Ahlers,GK++,FC St. Pauli,Germany,Bundesliga,59,60,58,61,62,25,60,-1
James Akintunde,Akintunde,ST++,Bohemian FC,England,SSE Airtricity PD,59,70,59,49,60,33,69,-1
Abdelraouf Al Duqail,Al Duqail,GK++,Al Fayha,Saudi Arabia,ROSHN Saudi League,59,54,54,58,60,21,63,-1
Raid Al Ghamdi,Al Ghamdi,ST++,Al Raed,Saudi Arabia,ROSHN Saudi League,59,74,57,55,61,38,62,-1
Abdulhadi Al Harajin,Al Harajin,LM++,Al Fayha,Saudi Arabia,ROSHN Saudi League,59,70,53,55,61,25,44,-1
Nawaf Al Harthi,Al Harthi,CM++,Al Fayha,Saudi Arabia,ROSHN Saudi League,59,70,44,59,63,48,56,-1
Hamed Al Maqati,Al Maqati,LB++,Al Orobah,Saudi Arabia,ROSHN Saudi League,59,69,53,55,61,52,51,-1
Abdullah Al Meqran,Al Meqran,ST++,Damac FC,Saudi Arabia,ROSHN Saudi League,59,68,56,57,64,34,60,-1
Muteb Al Mufarrij,Al Mufarrij,CB++,Al Taawoun,Saudi Arabia,ROSHN Saudi League,59,61,26,43,50,58,58,-1
Awadh Al Nashri,Al Nashri,CDM++,Al Ittihad,Saudi Arabia,ROSHN Saudi League,59,51,31,48,50,58,66,-1
Abdullah Al Owayshir,Al Owayshir,GK++,Ettifaq FC,Saudi Arabia,ROSHN Saudi League,59,64,56,55,62,38,54,-1
Hamdan Al Ruwaili,Al Ruwaili,RB++,Al Orobah,Saudi Arabia,ROSHN Saudi League,59,77,31,49,54,53,63,-1
Mohammed Al Shanqeeti,Al Shanqeeti,LB++,Al Qadisiyah,Saudi Arabia,ROSHN Saudi League,59,66,30,44,52,56,57,-1
Fawaz Al Tryes,Al Tryes,LM++,Al Orobah,Saudi Arabia,ROSHN Saudi League,59,75,46,51,63,32,40,-1
Fredderick Alfonso,Alfonso,CM++,S. Ameliano,Paraguay,Sudamericana,59,65,42,57,57,51,53,-1
Anwar Ali,Ali,CB++,East Bengal,India,Hero ISL,59,67,34,45,52,58,72,-1
Kaden Amaniampong,Amaniampong,CB++,VfB Stuttgart II,Germany,3. Liga,59,69,24,45,53,60,56,-1
Chovanie Amatkarijo,Amatkarijo,LW++,GAIS,Netherlands,Allsvenskan,59,82,49,48,65,29,35,-1
Chan Gi An,An Chan Gi,GK++,Jeju United,Korea Republic,K League 1,59,58,61,55,57,20,60,-1
Lee Angol,Angol,ST++,Morecambe,England,EFL League Two,59,75,57,55,60,30,63,-1
John-Joe O'Toole,O'Toole,CB++,AFC Wimbledon,Republic of Ireland,EFL League Two,59,36,47,50,46,56,69,-1
Zech Obiero,Obiero,CM++,Leyton Orient,Kenya,EFL League One,59,73,48,56,63,56,56,-1
Chituru Odunze,Odunze,GK++,Charlotte FC,United States,MLS,59,59,58,55,60,26,57,-1
Idris Odutayo,Odutayo,LB++,Bromley FC,England,EFL League Two,59,73,43,49,54,55,65,-1
Jae Suk Oh,Oh Jae Suk,RB++,Daejeon Citizen,Korea Republic,K League 1,59,57,34,55,58,56,62,-1
Darren Oldaker,Oldaker,CDM++,Chesterfield,England,EFL League Two,59,70,51,58,61,52,63,-1
Christopher Olivier,Olivier,CM++,VfB Stuttgart II,Austria,3. Liga,59,71,55,58,61,54,65,-1
Marius Olsen,Olsen,CB++,Kristiansund BK,Norway,Eliteserien,59,54,32,40,49,58,63,-1
Tani Oluwaseyi,Oluwaseyi,ST++,Minnesota United,Nigeria,MLS,59,76,61,43,58,29,60,-1
Chilohem Onuoha,Onuoha,CAM++,SC Verl,Germany,3. Liga,59,67,51,57,62,34,55,-1
Tyler Onyango,Onyango,CM++,Stockport,England,EFL League One,59,51,45,57,56,53,75,-1
Enock Otoo,Otoo,CAM++,Lyngby BK,Ghana,3F Superliga,59,78,49,51,58,44,53,-1
Gabriel Oualengbe,Oualengbe,CM++,Paris FC,Central African Republic,Ligue 2 BKT,59,56,49,57,57,58,64,-1
Aston Oxborough,Oxborough,GK++,Motherwell,England,cinch Prem,59,59,60,56,57,43,58,-1
Mark Oxley,Oxley,GK++,Harrogate Town,England,EFL League Two,59,56,59,61,56,30,60,-1
Daniel Oyegoke,Oyegoke,CB++,Hearts,England,cinch Prem,59,76,37,49,59,59,62,-1
Daniel Padilla,Padilla,CM++,Caracas F.C.,Venezuela,Libertadores,59,67,52,59,60,45,47,-1
Gerardo Padrón,Padrón,CM++,Rayo Zuliano,Venezuela,Sudamericana,59,68,49,58,64,43,39,-1
Sang Hoon Paik,Paik Sang Hoon,CM++,FC Seoul,Korea Republic,K League 1,59,61,44,56,65,44,46,-1
Krystian Palacz,Palacz,LB++,Motor Lublin,Poland,PKO BP Ekstraklasa,59,78,30,45,57,54,58,-1
Ximing Pan,Pan Ximing,CB++,Meizhou Hakka,China PR,CSL,59,61,32,50,48,59,65,-1
Jack Panayotou,Panayotou,CM++,New England,United States,MLS,59,61,45,55,69,46,54,-1
Isaiah Parker,Parker,LM++,FC Dallas,United States,MLS,59,81,52,50,63,40,51,-1
Connor Parsons,Parsons,LM++,Waterford,England,SSE Airtricity PD,59,83,51,55,61,43,43,-1
Patryk Paryzek,Paryzek,ST++,Pogoń Szczecin,Poland,PKO BP Ekstraklasa,59,53,60,54,61,45,44,-1
Josh Passley,Passley,RB++,Bromley FC,England,EFL League Two,59,74,42,53,56,51,68,-1
Julian Pauli,Pauli,CB++,1. FC Köln,Germany,Bundesliga 2,59,67,25,41,38,59,64,-1
Lewis Payne,Payne,RB++,Cheltenham Town,England,EFL League Two,59,64,32,52,58,56,58,-1
Everson Junior Pereira da Silva,Everson Junior,CAM++,AC Ajaccio,France,Ligue 2 BKT,59,75,53,57,65,21,51,-1
Gonzalo Petit,Petit,ST++,Nacional,Uruguay,Libertadores,59,54,61,43,57,26,57,-1
Cameron Peupion,Peupion,RM++,Brighton,Australia,Premier League,59,63,46,60,59,41,49,-1
Denis Pfaffenrot,Pfaffenrot,CAM++,Fürth,Germany,Bundesliga 2,59,69,47,56,64,26,54,-1
Dominik Piła,Piła,RB++,Lechia Gdańsk,Poland,PKO BP Ekstraklasa,59,73,54,58,58,52,55,-1
Oscar Priestman,Priestman,CM++,WS Wanderers,Australia,A-League,59,70,42,54,62,55,66,-1
Philip Quinton,Quinton,CB++,Real Salt Lake,United States,MLS,59,51,24,38,33,59,71,-1
Kacper Radkowski,Radkowski,CB++,Waterford,Poland,SSE Airtricity PD,59,53,33,47,49,57,67,-1
Josh Rae,Rae,GK++,St. Johnstone,Scotland,cinch Prem,59,60,59,62,62,24,56,-1
Johan Rapp,Rapp,CB++,IFK Värnamo,Sweden,Allsvenskan,59,61,26,41,49,59,63,-1
Jadan Raymond,Raymond,CAM++,Crystal Palace,Wales,Premier League,59,67,55,57,63,38,48,-1
Jing Reec,Reec,ST++,Melb. Victory,Australia,A-League,59,82,58,47,57,32,60,-1
TP Rehenesh,Rehenesh,GK++,Mumbai City FC,India,Hero ISL,59,59,58,56,60,39,58,-1
Gonzalo Requena,Requena,CB++,Instituto,Argentina,LPF,59,55,29,32,41,61,68,-1
Bailey Rice,Rice,CDM++,Rangers,Scotland,cinch Prem,59,52,39,56,62,53,54,-1
Jack Robinson,Robinson,CDM++,Carlisle United,England,EFL League Two,59,66,37,55,56,58,64,-1
Zach Robinson,Robinson,ST++,Motherwell,England,cinch Prem,59,71,57,47,60,26,59,-1
Braudilio Rodrigues,Rodrigues,LW++,Sounders FC,Guinea-Bissau,MLS,59,73,61,46,63,23,42,-1
Carlitos Rodriguez,Rodriguez,RB++,Wilstermann,Bolivia,Sudamericana,59,78,29,48,62,53,45,-1
Paulo Rodríguez,Rodríguez,CAM++,Dep. Garcilaso,Peru,Sudamericana,59,65,51,57,58,41,49,-1
Danny Rogers,Rogers,GK++,St. Pats,Republic of Ireland,SSE Airtricity PD,59,60,58,59,60,44,58,-1
Camilo Romero,Romero,GK++,Millonarios,Colombia,Libertadores,59,60,58,55,60,42,58,-1
Matthieu Rongier,Rongier,GK++,Amiens SC,France,Ligue 2 BKT,59,60,62,59,59,29,56,-1
Kacper Rosa,Rosa,GK++,Motor Lublin,Poland,PKO BP Ekstraklasa,59,59,56,61,60,41,60,-1
Alexandru Roșca,Roșca,GK++,FC Dinamo 1948,Romania,SUPERLIGA,59,61,57,55,58,31,57,-1
Andrei Rus,Rus,RB++,SC Oțelul Galați,Romania,SUPERLIGA,59,73,30,45,51,52,59,-1
Markus Rusek,Rusek,CDM++,Grazer AK,Austria,Ö. Bundesliga,59,55,41,50,57,57,67,-1
Nathanaël Saintini,Saintini,CB++,FC Martigues,France,Ligue 2 BKT,59,59,31,48,44,57,72,-1
Sanel Saljic,Saljic,CAM++,FK Austria Wien,Austria,Ö. Bundesliga,59,71,54,49,68,34,48,-1
Harvey Saunders,Saunders,ST++,Tranmere Rovers,England,EFL League Two,59,88,56,46,59,22,56,-1
Calum Scanlon,Scanlon,LB++,Liverpool,England,Premier League,59,73,35,52,60,55,56,-1
Marcel Schantl,Schantl,RB++,Blau-Weiss Linz,Austria,Ö. Bundesliga,59,62,46,59,59,55,59,-1
Paul Schermer,Schermer,GK++,WSG Tirol,Austria,Ö. Bundesliga,59,62,57,56,61,24,57,-1
Kwabe Schulz,Schulz,CB++,Viktoria Köln,Germany,3. Liga,59,56,38,50,53,57,64,-1
Moritz Schulze,Schulze,GK++,Fürth,Germany,Bundesliga 2,59,58,56,56,63,43,56,-1
Brady Scott,Scott,GK++,LA Galaxy,United States,MLS,59,64,59,60,59,32,59,-1
Adrian Segecic,Segecic,RW++,Sydney FC,Australia,A-League,59,76,51,51,65,34,46,-1
David Sellés López,David Sellés,CB++,Levante UD,Spain,LALIGA HYPERMOTION,59,59,42,52,45,61,58,-1
Alejandro Severo,Severo,RW++,Racing Club,Uruguay,Sudamericana,59,70,56,55,62,44,57,-1
Max Sheaf,Sheaf,CM++,Ross County,England,cinch Prem,59,64,53,59,61,51,60,-1
Yan Shi,Shi Yan,LM++,Tianjin JMT FC,China PR,CSL,59,75,48,52,61,36,48,-1
Sang Eun Shin,Shin Sang Eun,RW++,Daejeon Citizen,Korea Republic,K League 1,59,80,50,51,60,22,63,-1
Hussain Sibyani,Sibyani,LB++,Al Shabab,Saudi Arabia,ROSHN Saudi League,59,81,35,44,61,51,49,-1
Janne Sietan,Sietan,CB++,SV Waldhof,Germany,3. Liga,59,61,30,41,45,59,66,-1
Gabriel Sigua,Sigua,CM++,FC Basel 1893,Georgia,CSSL,59,67,57,51,59,52,69,-1
Tommy Simkin,Simkin,GK++,Walsall,England,EFL League Two,59,61,57,58,60,30,57,-1
Luan Simnica,Simnica,CDM++,VfB Stuttgart II,Kosovo,3. Liga,59,61,53,57,61,56,62,-1
Simon Simoni,Simoni,GK++,FC Ingolstadt 04,Albania,3. Liga,59,64,57,54,61,29,58,-1
Naorem Mahesh Singh,Singh,RM++,East Bengal,India,Hero ISL,59,73,59,55,57,32,55,-1
Mehtab Singh,Singh,CB++,Mumbai City FC,India,Hero ISL,59,60,31,37,34,58,69,-1
Roshan Singh,Singh,LB++,Bengaluru FC,India,Hero ISL,59,66,50,55,59,52,60,-1
Jeakson Singh Thounaojam,Singh Thounaojam,CDM++,East Bengal,India,Hero ISL,59,53,45,52,58,55,73,-1
Xavier Sintes Egea,Xavi Sintes,CDM++,Córdoba CF,Spain,LALIGA HYPERMOTION,59,55,42,55,52,57,63,-1
Luca Sirch,Sirch,CB++,Kaiserslautern,Germany,Bundesliga 2,59,56,30,44,38,59,68,-1
Axel Sjöberg,Sjöberg,RB++,St. Pats,Sweden,SSE Airtricity PD,59,67,40,52,59,56,52,-1
Henrik Skogvold,Skogvold,ST++,Fredrikstad FK,Norway,Eliteserien,59,76,58,52,63,37,53,-1
Cieran Slicker,Slicker,GK++,Ipswich,Scotland,Premier League,59,58,61,58,60,27,57,-1
Noah Smith,Smith,LB++,Central Coast,Australia,A-League,59,69,47,53,56,55,65,-1
Dylan Smith,Smith,CB++,Ross County,Scotland,cinch Prem,59,63,29,39,49,59,63,-1
Fábio Rúben Soares Jaló,Fábio Jaló,ST++,Barnsley,Portugal,EFL League One,59,77,57,47,61,25,50,-1
David Sotelo,Sotelo,CM++,Newell's,Argentina,LPF,59,59,49,57,57,54,51,-1
Jhair Soto,Soto,RB++,ADT,Peru,Sudamericana,59,64,24,52,53,56,52,-1
Antonio Spagnoli,Spagnoli,GK++,FC Winterthur,Switzerland,CSSL,59,63,58,59,58,20,54,-1
Nick Stepantsev,Stepantsev,LM++,Hannover 96 II,Germany,3. Liga,59,70,50,56,59,30,56,-1
Godfrey Stephen,Stephen,LB++,Gaziantep,Nigeria,Trendyol Süper Lig,59,70,47,53,53,55,64,-1
Dušan Stojinović,Stojinović,CB++,Jagiellonia,Slovenia,PKO BP Ekstraklasa,59,59,26,39,40,62,58,-1
Aidan Stone,Stone,GK++,Notts County,England,EFL League Two,59,60,58,58,58,48,59,-1
Lawson Sunderland,Sunderland,CM++,Inter Miami CF,United States,MLS,59,67,44,57,57,53,63,-1
Kenneth Aboh,Aboh,ST++,Stevenage,England,EFL League One,59,74,58,39,58,27,62,-1
Abdullah Al Owayshir,Al Owayshir,GK++,Al Wehda,Saudi Arabia,ROSHN Saudi League,59,64,56,55,62,38,54,-1
Ameen Bukhari,Bukhari,GK++,Damac FC,Saudi Arabia,ROSHN Saudi League,59,60,55,56,58,46,57,-1
Sam Dalby,Dalby,ST++,Dundee United,England,cinch Prem,59,68,57,43,56,23,67,-1
Haitham Asiri,Asiri,LM++,Al Qadisiyah,Saudi Arabia,ROSHN Saudi League,59,80,52,49,60,24,63,-1
Niccolò Chiorra,Chiorra,GK++,Carrarese Calcio,Italy,Serie BKT,59,56,57,60,64,29,59,-1
Labinot Bajrami,Bajrami,ST++,FC Winterthur,Switzerland,CSSL,59,67,60,40,55,21,51,-1
Calum Scanlon,Scanlon,LB++,Millwall,England,EFL Championship,59,73,35,52,60,55,56,-1
Tani Oluwaseyi,Oluwaseyi,ST++,Minnesota United,Canada,MLS,59,76,61,43,58,29,60,-1
Mackenzie Hunt,Hunt,LB++,Fleetwood Town,United Arab Emirates,EFL League Two,59,66,49,56,57,53,59,-1
Arjan Malic,Malic,CB++,SK Sturm Graz,Bosnia and Herzegovina,Ö. Bundesliga,59,58,29,46,49,61,61,-1
Niall Morahan,Morahan,CM++,Bohemian FC,Republic of Ireland,SSE Airtricity PD,59,58,50,57,59,55,61,-1
Barry Baggley,Baggley,CM++,St. Pats,Northern Ireland,SSE Airtricity PD,59,65,50,54,62,52,55,-1
Ryan O'Kane,O'Kane,LM++,Shelbourne,Republic of Ireland,SSE Airtricity PD,59,72,52,51,63,31,44,-1
Jevon Mills,Mills,CB++,Hull City,Republic of Ireland,EFL Championship,59,51,27,32,37,59,67,-1
Dion Krasniqi,Krasniqi,ST++,IF Elfsborg,Kosovo,Allsvenskan,59,75,57,45,58,22,65,-1
Jakub Antczak,Antczak,LW++,Lech Poznań,Poland,PKO BP Ekstraklasa,59,75,48,55,63,28,46,-1
Camil Jebara,Jebara,LW++,IF Elfsborg,Sweden,Allsvenskan,59,73,56,50,61,23,55,-1
Kamarl Grant,Grant,CB++,Millwall,England,EFL Championship,59,63,27,40,42,59,66,-1
Kipp Keller,Keller,CB++,Minnesota United,United States,MLS,59,56,29,34,38,58,69,-1
Tommy Lonergan,Lonergan,ST++,Waterford,Republic of Ireland,SSE Airtricity PD,59,66,58,46,58,21,57,-1
Danny Grant,Grant,LM++,Shamrock Rovers,Republic of Ireland,SSE Airtricity PD,59,77,53,51,59,42,52,-1
Theo Bergvall,Bergvall,RB++,Djurgårdens IF,Sweden,Allsvenskan,59,82,41,53,57,52,60,-1
Harun Ibrahim,Ibrahim,CM++,Molde FK,Sweden,Eliteserien,59,78,50,57,67,54,61,-1
Conor Keeley,Keeley,CB++,Drogheda United,Republic of Ireland,SSE Airtricity PD,59,35,42,43,36,59,73,-1
Simon Simoni,Simoni,GK++,Kaiserslautern,Albania,Bundesliga 2,59,64,57,54,61,29,58,-1
Louie Marsh,Marsh,ST++,Fleetwood Town,England,EFL League Two,59,67,58,52,62,42,43,-1
Kenneth Aboh,Aboh,ST++,Colchester,England,EFL League Two,59,74,58,39,58,27,62,-1
Mohammed Al Shanqeeti,Al Shanqeeti,LB++,Al Orobah,Saudi Arabia,ROSHN Saudi League,59,66,30,44,52,56,57,-1
Stephen Duke-McKenna,Duke-McKenna,CAM++,St. Johnstone,Guyana,cinch Prem,59,80,48,58,63,54,43,-1
Zach Mitchell,Mitchell,CB++,St. Johnstone,England,cinch Prem,59,67,28,48,53,57,67,-1
Erik Dueñas,Dueñas,CM++,Houston Dynamo,Mexico,MLS,59,72,35,55,69,55,38,-1
Afrden Asqer,Asqer Afrden,LW++,Shanghai Port,China PR,CSL,59,86,51,43,65,25,65,-1
Conor Carty,Carty,ST++,St. Pats,Republic of Ireland,SSE Airtricity PD,59,68,58,51,58,23,56,-1
Chuangyi Lin,Lin Chuangyi,CM++,Qingdao Hainiu,China PR,CSL,59,66,56,57,59,60,65,-1
Stipe Juric,Juric,ST++,CFR 1907 Cluj,Bosnia and Herzegovina,SUPERLIGA,59,56,60,41,53,22,62,-1
Di Gao,Gao Di,ST++,Qingdao W. Coast,China PR,CSL,59,71,57,47,57,44,67,-1
Boyuan Feng,Feng Boyuan,ST++,Qingdao Hainiu,China PR,CSL,59,53,58,37,54,23,67,-1
Paul Doyle,Doyle,CDM++,Drogheda United,Republic of Ireland,SSE Airtricity PD,59,47,41,57,58,53,66,-1
Mihai Adascali?ei,Adascali?ei,RB++,Politehnica Iași,Romania,SUPERLIGA,59,57,44,58,57,56,68,-1
Jabir Abdihakim Ali,Abdihakim Ali,ST++,Lillestrøm SK,Sweden,Eliteserien,58,53,55,40,54,23,70,-1
Mohammed Abdulrahman,Abdulrahman,RB++,Ettifaq FC,Saudi Arabia,ROSHN Saudi League,58,77,29,41,53,55,58,-1
Sławomir Abramowicz,Abramowicz,GK++,Jagiellonia,Poland,PKO BP Ekstraklasa,58,55,59,63,59,29,58,-1
Eli Adams,Adams,LM++,Newcastle Jets,Australia,A-League,58,67,40,51,67,32,54,-1
Elicha Ahui,Ahui,RB++,Drogheda United,England,SSE Airtricity PD,58,65,28,50,52,57,65,-1
Yazeed Al Bakr,Al Bakr,RB++,Al Riyadh,Saudi Arabia,ROSHN Saudi League,58,76,27,48,58,53,58,-1
Fahad Al Hamad,Al Hamad,CB++,Al Ahli,Saudi Arabia,ROSHN Saudi League,58,66,26,40,40,57,67,-1
Saleh Al Harthi,Al Harthi,RM++,Al Okhdood,Saudi Arabia,ROSHN Saudi League,58,71,47,53,58,35,53,-1
Khaled Al Kaabi,Al Kaabi,RM++,Al Fayha,Saudi Arabia,ROSHN Saudi League,58,75,54,52,59,20,51,-1
Hussain Al Nowaiqi,Al Nowaiqi,RB++,Al Riyadh,Saudi Arabia,ROSHN Saudi League,58,73,39,50,54,52,55,-1
Abdulaziz Al Olewah,Al Olewah,RM++,Ettifaq FC,Saudi Arabia,ROSHN Saudi League,58,86,42,50,61,33,38,-1
Omar Al Owdah,Al Owdah,RB++,Al Khaleej,Saudi Arabia,ROSHN Saudi League,58,74,26,50,60,53,58,-1
Noor Al Rashidi,Al Rashidi,CB++,Damac FC,Saudi Arabia,ROSHN Saudi League,58,60,25,44,44,58,61,-1
Sattam Al Rouqi,Al Rouqi,LM++,Al Orobah,Saudi Arabia,ROSHN Saudi League,58,78,50,54,58,25,55,-1
Marwan Al Sahafi,Al Sahafi,RM++,Al Ittihad,Saudi Arabia,ROSHN Saudi League,58,75,46,49,61,35,56,-1
Mansour Al Shammari,Al Shammari,LB++,Al Nassr,Saudi Arabia,ROSHN Saudi League,58,68,28,50,56,55,58,-1
Abdulmalek Al Shammari,Al Shammari,LB++,Al Orobah,Saudi Arabia,ROSHN Saudi League,58,71,49,55,60,52,59,-1
Habib Al Watyan,Al Watyan,GK++,Al Hilal,Saudi Arabia,ROSHN Saudi League,58,58,59,57,59,32,56,-1
Abdullah Al Yousif,Al Yousif,LB++,Al Raed,Saudi Arabia,ROSHN Saudi League,58,68,39,51,52,55,67,-1
Levi Amantchi,Amantchi,ST++,Bromley FC,England,EFL League Two,58,73,57,38,49,29,71,-1
Luca Andronache,Andronache,ST++,SC Oțelul Galați,Romania,SUPERLIGA,58,70,55,52,62,31,53,-1
Paul Argney,Argney,GK++,Havre AC,France,Ligue 1 Uber Eats,58,59,59,60,64,44,49,-1
Keny Arroyo,Arroyo,LW++,Independiente DV,Ecuador,Libertadores,58,70,59,52,59,30,52,-1
Luca Ashby-Hammond,Ashby-Hammond,GK++,Fulham,England,Premier League,58,59,58,56,62,24,54,-1
Tyrell Ashcroft,Ashcroft,RB++,Spurs,England,Premier League,58,76,36,43,51,53,53,-1
Cian Ashford,Ashford,ST++,Cardiff City,Wales,EFL Championship,58,75,58,42,59,26,54,-1
Ahmed Ashraf,Ashraf,RM++,Al Taawoun,Saudi Arabia,ROSHN Saudi League,58,73,48,53,62,35,51,-1
Nathan Asiimwe,Asiimwe,RB++,Charlton Ath,Uganda,EFL League One,58,73,34,50,55,53,65,-1
Zach Awe,Awe,CB++,Accrington,England,EFL League Two,58,54,29,42,48,59,56,-1
Alex Badolato,Badolato,ST++,WS Wanderers,Australia,A-League,58,69,55,50,64,42,61,-1
Yunus Bahadır,Bahadır,RB++,Alanyaspor,Türkiye,Trendyol Süper Lig,58,68,29,44,57,53,51,-1
Ardian Bajrami,Bajrami,GK++,BSC Young Boys,Switzerland,CSSL,58,59,58,59,59,24,57,-1
Geraldo Bajrami,Bajrami,CB++,Burton Albion,Albania,EFL League One,58,62,37,38,47,58,66,-1
Cody Baker,Baker,RB++,Sounders FC,United States,MLS,58,70,26,38,54,55,57,-1
Johan Bakke,Bakke,CM++,Molde FK,Norway,Eliteserien,58,61,49,57,58,54,45,-1
Bartosz Baranowicz,Baranowicz,CDM++,GKS Katowice,Poland,PKO BP Ekstraklasa,58,62,41,52,53,57,66,-1
Charlie Barker,Barker,CB++,Crawley Town,England,EFL League One,58,65,34,43,51,57,66,-1
Kailin Barlow,Barlow,CAM++,Sligo Rovers,Republic of Ireland,SSE Airtricity PD,58,66,54,55,60,48,59,-1
Jonas Bauer,Bauer,RM++,Jahn Regensburg,Germany,Bundesliga 2,58,69,55,50,60,25,50,-1
Anton Bäuerle,Bäuerle,LM++,SC Paderborn 07,Germany,Bundesliga 2,58,63,41,58,60,53,52,-1
Aris Bayindir,Bayindir,CAM++,FC Schalke 04,Germany,Bundesliga 2,58,59,54,54,60,32,44,-1
Lachlan Bayliss,Bayliss,RM++,Newcastle Jets,New Zealand,A-League,58,74,55,52,59,40,56,-1
Gavin Beavers,Beavers,GK++,Real Salt Lake,United States,MLS,58,60,57,58,61,22,59,-1
Filip Beckman,Beckman,CB++,GAIS,Sweden,Allsvenskan,58,55,26,31,44,58,65,-1
Alcides Benítez,Benítez,RB++,Guaraní,Paraguay,Sudamericana,58,72,31,43,56,53,47,-1
Daniel Bennie,Bennie,RM++,QPR,Australia,EFL Championship,58,73,52,49,62,21,55,-1
Dion Berisha,Berisha,LM++,Rot-Weiss Essen,Kosovo,3. Liga,58,63,49,54,64,32,45,-1
James Berry,Berry,LM++,Chesterfield,England,EFL League Two,58,78,55,48,61,39,59,-1
Lewis Billington,Billington,RB++,Crewe Alexandra,England,EFL League Two,58,66,34,46,48,57,64,-1
Luke Bodnar,Bodnar,CDM++,Perth Glory,Australia,A-League,58,59,38,50,54,55,69,-1
Aaron Bolger,Bolger,CDM++,St. Pats,Republic of Ireland,SSE Airtricity PD,58,56,45,56,61,52,59,-1
Pépé Bonet,Bonet,GK++,Red Star FC,Congo DR,Ligue 2 BKT,58,60,55,57,59,17,56,-1
Ryan Boot,Boot,GK++,Chesterfield,England,EFL League Two,58,61,58,53,55,58,58,-1
Alexandru Borbei,Borbei,GK++,Lecce,Romania,Serie A TIM,58,57,61,62,53,33,60,-1
Rowllin Borges,Borges,CDM++,FC Goa,India,Hero ISL,58,52,41,50,50,57,70,-1
Pedro Borges Goncalves,Pedro Borges,CAM++,Exeter City,Portugal,EFL League One,58,73,50,53,61,48,67,-1
Mohamed-Amine Bouchenna,Bouchenna,CAM++,Clermont Foot 63,France,Ligue 2 BKT,58,76,57,48,63,18,37,-1
Manuel Braun,Braun,LB++,VfL Wolfsburg,Germany,Bundesliga,58,67,34,49,54,58,58,-1
Francisco Bregante,Bregante,LB++,Liverpool,Uruguay,Libertadores,58,53,35,47,42,59,61,-1
Luke Brennan,Brennan,LW++,Atlanta United,United States,MLS,58,63,51,53,65,48,58,-1
Taylan Bulut,Bulut,RB++,FC Schalke 04,Germany,Bundesliga 2,58,63,43,53,53,56,62,-1
Jakub Burek,Burek,GK++,Cracovia,Poland,PKO BP Ekstraklasa,58,59,61,48,58,21,57,-1
Evan Caffrey,Caffrey,CM++,Shelbourne,Republic of Ireland,SSE Airtricity PD,58,64,55,56,59,54,61,-1
Max Caputo,Caputo,ST++,Melbourne City,Australia,A-League,58,69,55,49,55,30,63,-1
Jarrod Carluccio,Carluccio,RM++,Perth Glory,Australia,A-League,58,78,50,48,61,42,59,-1
Robert Castellanos,Castellanos,CB++,Sporting KC,United States,MLS,58,53,24,38,41,57,67,-1
Alexandre Castro,Alexandre Castro,GK++,Racing Club,Brazil,Sudamericana,58,58,59,58,60,38,60,-1
Joshua Cavallo,Cavallo,LM++,Adelaide United,Australia,A-League,58,68,46,56,60,50,55,-1
Antonio Ceza,Ceza,CB++,Palestino,Chile,Libertadores,58,63,22,30,33,62,53,-1
Jacob Chapman,Chapman,GK++,Huddersfield,Australia,EFL League One,58,60,59,63,59,25,58,-1
Pratik Chaudhari,Chaudhari,CB++,Jamshedpur FC,India,Hero ISL,58,48,25,32,41,58,73,-1
Sidiki Chérif,Chérif,LM++,Angers SCO,France,Ligue 1 Uber Eats,58,68,53,52,60,30,51,-1
Adi Chică-Roșă,Chică-Roșă,ST++,FC Botoșani,Romania,SUPERLIGA,58,62,58,36,53,23,58,-1
Jeremiah Chilokoa-Mullen,Chilokoa-Mullen,CB++,Leeds United,Scotland,EFL Championship,58,58,24,45,52,57,58,-1
Chul Soon Choi,Choi Chul Soon,RB++,Jeonbuk Hyundai,Korea Republic,K League 1,58,58,45,56,56,57,65,-1
Radosław Cielemęcki,Cielemęcki,CAM++,Radomiak Radom,Poland,PKO BP Ekstraklasa,58,68,48,57,59,46,57,-1
Noah Cobb,Cobb,CB++,Atlanta United,United States,MLS,58,71,26,30,38,61,59,-1
Fredy Colmán,Colmán,RM++,Olimpia,Paraguay,Sudamericana,58,76,53,53,60,40,56,-1
Wilfred Correa,Correa,CAM++,Caracas F.C.,Venezuela,Libertadores,58,70,45,51,61,41,46,-1
Marius Courcoul,Courcoul,CB++,Angers SCO,France,Ligue 1 Uber Eats,58,57,29,38,40,60,61,-1
Trae Coyle,Coyle,LM++,Lausanne-Sport,England,CSSL,58,74,52,54,60,21,57,-1
Billy Crellin,Crellin,GK++,Everton,England,Premier League,58,58,57,57,61,33,56,-1
Guilherme da Gama Zimovski,Guilherme Zimovski,RW++,Radomiak Radom,Brazil,PKO BP Ekstraklasa,58,65,57,52,61,34,54,-1
Jez Davies,Davies,CM++,Salford City,England,EFL League Two,58,70,52,57,59,54,61,-1
William Dávila,Dávila,CAM++,Deportes Tolima,Colombia,Sudamericana,58,63,42,56,58,34,42,-1
Luc De Fougerolles,De Fougerolles,CB++,Fulham,Canada,Premier League,58,64,32,44,48,60,58,-1
Gary Deegan,Deegan,CDM++,Drogheda United,Republic of Ireland,SSE Airtricity PD,58,30,42,51,50,56,67,-1
Lorenzo Dellavalle,Dellavalle,CB++,LAFC,Italy,MLS,58,56,28,46,43,60,51,-1
Mandar Desai,Desai,LB++,Chennaiyin FC,India,Hero ISL,58,77,51,50,59,50,60,-1
Dramane Diarra,Diarra,LM++,Cerro Porteño,Mali,Libertadores,58,73,59,46,58,25,47,-1
Matt Dibley-Dias,Dibley-Dias,CM++,Northampton,New Zealand,EFL League One,58,68,58,59,63,53,54,-1
Mamadou Diop,Diop,GK++,Grenoble Foot 38,Mauritania,Ligue 2 BKT,58,61,54,59,66,28,53,-1
Albert Iustin Doicaru,Doicaru,RW++,Farul Constanța,Romania,SUPERLIGA,58,72,59,51,59,32,56,-1
Lukas Dominke,Dominke,CB++,Hannover 96 II,Germany,3. Liga,58,58,24,37,43,58,64,-1
Yanfeng Dong,Dong Yanfeng,CB++,Rongcheng FC,China PR,CSL,58,75,27,47,58,57,67,-1
Ronald Donkor,Donkor,CM++,Red Bulls,Mali,MLS,58,63,35,56,65,52,54,-1
Stephen Dooley,Dooley,CM++,Harrogate Town,Northern Ireland,EFL League Two,58,54,54,57,57,54,54,-1
Andrei Dorobanțu,Dorobanțu,CM++,Unirea Slobozia,Romania,SUPERLIGA,58,65,48,56,59,53,58,-1
Amidou Doumbouya,Doumbouya,CB++,OGC Nice,France,Ligue 1 Uber Eats,58,55,33,45,54,58,63,-1
Colin Doyle,Doyle,GK++,Bradford City,Republic of Ireland,EFL League Two,58,57,58,57,56,32,60,-1
Giacomo Drago,Drago,GK++,Südtirol,Italy,Serie BKT,58,58,55,55,62,39,53,-1
Sam Durrant,Durrant,LM++,Dundalk,Sri Lanka,SSE Airtricity PD,58,68,49,51,61,42,65,-1
Furkan Dursun,Dursun,ST++,SK Rapid Wien,Austria,Ö. Bundesliga,58,67,56,42,58,24,64,-1
Jordan Eastham,Eastham,GK++,Blackburn Rovers,England,EFL Championship,58,58,57,64,60,27,56,-1
Moritz Eder,Eder,RB++,Grazer AK,Austria,Ö. Bundesliga,58,67,27,45,53,55,54,-1
Deji Elerewe,Elerewe,CB++,Bromley FC,England,EFL League Two,58,69,24,40,44,57,68,-1
Jack Ellis,Ellis,RB++,Carlisle United,England,EFL League Two,58,67,29,46,55,54,64,-1
Emmanuel Essiam,Essiam,CM++,FC Basel 1893,Ghana,CSSL,58,71,48,53,62,55,68,-1
Cameron Evans,Evans,CB++,Newport County,Wales,EFL League Two,58,61,20,39,50,58,63,-1
Kieron Evans,Evans,CAM++,Newport County,Wales,EFL League Two,58,73,52,52,60,35,50,-1
Shane Farrell,Farrell,RM++,Drogheda United,Republic of Ireland,SSE Airtricity PD,58,67,52,56,59,51,62,-1
Boxuan Feng,Feng Boxuan,RB++,Beijing Guoan,China PR,CSL,58,83,51,52,61,50,59,-1
Gang Feng,Feng Gang,CM++,Qingdao W. Coast,China PR,CSL,58,78,48,58,60,55,50,-1
Raynier Fernandes,Fernandes,CM++,Odisha FC,India,Hero ISL,58,67,50,54,60,50,59,-1
Ryan Finnigan,Finnigan,CM++,Blackpool,England,EFL League One,58,66,52,58,61,49,60,-1
Andrei Florescu,Florescu,LW++,FC Dinamo 1948,Romania,SUPERLIGA,58,80,45,53,61,34,63,-1
Ibrahim Fofana,Fofana,CM++,Amiens SC,Côte d'Ivoire,Ligue 2 BKT,58,63,53,56,59,56,59,-1
Justin Forst,Forst,ST++,WSG Tirol,Austria,Ö. Bundesliga,58,64,56,43,58,18,61,-1
Lukas Frenkert,Frenkert,CB++,Preußen Münster,Germany,Bundesliga 2,58,72,25,38,52,57,68,-1
Huaze Gao,Gao Huaze,LM++,Tianjin JMT FC,China PR,CSL,58,73,55,51,59,49,63,-1
Antoine Gauthier,Gauthier,CM++,AS Saint-Étienne,France,Ligue 1 Uber Eats,58,63,55,60,62,46,54,-1
Xiaofeng Geng,Geng Xiaofeng,GK++,Rongcheng FC,China PR,CSL,58,59,62,52,56,41,52,-1
Brahim Ghalidi,Ghalidi,LM++,Standard Liège,Belgium,1A Pro League,58,74,51,50,63,22,33,-1
Juan Carlos Gonzáles,Gonzáles,LW++,ADT,Peru,Sudamericana,58,69,53,50,59,22,36,-1
Ángel González,González,GK++,Libertad,Paraguay,Libertadores,58,58,56,58,60,29,56,-1
Cristian Graciano,Graciano,RB++,Indep. Medellín,Colombia,Sudamericana,58,73,28,43,53,50,54,-1
Ryan Graydon,Graydon,RM++,Fleetwood Town,Republic of Ireland,EFL League Two,58,67,52,54,58,32,51,-1
Harvey Griffiths,Griffiths,CDM++,Wolves,England,Premier League,58,54,51,54,54,55,64,-1
Matthew Grimaldi,Grimaldi,LM++,Western United,Australia,A-League,58,69,54,52,60,39,59,-1
Gabriele Guarino,Guarino,CB++,Empoli,Italy,Serie A TIM,58,53,28,37,39,59,67,-1
Eggert Aron Gudmundsson,Gudmundsson,CAM++,IF Elfsborg,Iceland,Allsvenskan,58,65,55,54,59,41,61,-1
Jamie Gullan,Gullan,ST++,Dundalk,Scotland,SSE Airtricity PD,58,71,58,50,56,23,63,-1
Berke Gürbüz,Gürbüz,LM++,Gaziantep,Türkiye,Trendyol Süper Lig,58,65,46,54,63,33,50,-1
Max Hagemoser,Hagemoser,GK++,Hansa Rostock,Germany,3. Liga,58,59,56,58,60,24,57,-1
Jad Hakiki,Hakiki,CM++,Dundalk,Republic of Ireland,SSE Airtricity PD,58,66,46,56,65,49,49,-1
Jamie Stott,Stott,CB++,Morecambe,England,EFL League Two,58,67,26,45,46,57,68,-1
Jack Stretton,Stretton,ST++,Stockport,Scotland,EFL League One,58,66,58,43,56,25,54,-1
Yuanjie Su,Su Yuanjie,LB++,Tianjin JMT FC,China PR,CSL,58,75,50,51,62,51,56,-1
Yahya Sunbul,Sunbul,LM++,Al Raed,Saudi Arabia,ROSHN Saudi League,58,75,48,51,60,40,60,-1
Jakub Sypek,Sypek,LW++,Widzew Łódź,Poland,PKO BP Ekstraklasa,58,74,50,53,61,44,55,-1
Matei Tănasă,Tănasă,LW++,Politehnica Iași,Romania,SUPERLIGA,58,76,50,57,60,28,49,-1
Strahinja Tanasijević,Tanasijević,CB++,New York City FC,Serbia,MLS,58,46,29,42,50,59,63,-1
Devan Tanton,Tanton,RB++,Chesterfield,Colombia,EFL League Two,58,68,33,44,57,55,65,-1
Omar Taylor-Clarke,Taylor-Clarke,CDM++,Bristol City,Wales,EFL Championship,58,69,48,54,61,54,56,-1
Rodrigo Teliz,Teliz,CM++,Racing Club,Uruguay,Sudamericana,58,66,58,54,63,57,50,-1
El Mami Tetah,Tetah,LM++,Alanyaspor,Mauritania,Trendyol Süper Lig,58,71,48,52,63,33,43,-1
Mike Themsen,Themsen,CM++,Randers FC,Denmark,3F Superliga,58,66,46,55,63,42,54,-1
Andrew Thomas,Thomas,GK++,Sounders FC,Russia,MLS,58,61,58,60,61,25,57,-1
Miller Thomson,Thomson,RB++,Dundee United,Scotland,cinch Prem,58,73,53,55,59,54,47,-1
Darrell Kamdem Tibell,Tibell,ST++,Sandefjord,Sweden,Eliteserien,58,77,56,43,56,19,59,-1
Mihai Toma,Toma,CM++,FCSB,Romania,SUPERLIGA,58,69,54,59,58,47,53,-1
Mathis Touho,Touho,LM++,Amiens SC,France,Ligue 2 BKT,58,72,59,51,61,35,48,-1
Musa Toure,Toure,ST++,Clermont Foot 63,Australia,Ligue 2 BKT,58,84,58,46,60,31,58,-1
Aron van Lare,van Lare,GK++,NAC Breda,Netherlands,Eredivisie,58,61,59,62,60,36,59,-1
Diego van Oorschot,van Oorschot,ST++,Heracles Almelo,Netherlands,Eredivisie,58,74,60,49,62,28,39,-1
Jasper Van Oudenhove,Van Oudenhove,CM++,FCV Dender EH,Belgium,1A Pro League,58,65,43,57,53,53,52,-1
Timon Vanhoutte,Vanhoutte,GK++,RSC Anderlecht,Belgium,1A Pro League,58,60,56,54,60,30,56,-1
Jakob Vester,Vester,CM++,Viborg FF,Denmark,3F Superliga,58,71,48,53,64,52,50,-1
Jayson Videira Pereira,Jayson Videira,ST++,Hannover 96 II,Luxembourg,3. Liga,58,71,57,45,56,19,57,-1
Matti Wagner,Wagner,LB++,Fürth,Germany,Bundesliga 2,58,72,34,49,55,54,50,-1
Gabriel Wallentin,Wallentin,CB++,Halmstads BK,Sweden,Allsvenskan,58,53,25,37,39,58,64,-1
Jie Wang,Wang Jie,CB++,Nantong Zhiyun FC,China PR,CSL,58,35,43,40,50,55,67,-1
Wilson Waweru,Waweru,ST++,Sligo Rovers,Republic of Ireland,SSE Airtricity PD,58,71,58,46,54,28,63,-1
Szymon Weirauch,Weirauch,GK++,Lechia Gdańsk,Poland,PKO BP Ekstraklasa,58,57,56,55,62,32,57,-1
Da Wen,Wen Da,RB++,Cangzhou FC,China PR,CSL,58,70,45,43,55,53,63,-1
Colm Whelan,Whelan,ST++,Derry City,Republic of Ireland,SSE Airtricity PD,58,67,59,47,57,34,60,-1
Amund Wichne,Wichne,GK++,FK Haugesund,Norway,Eliteserien,58,59,56,60,61,45,56,-1
Charlie Wiggett,Wiggett,CB++,Sligo Rovers,England,SSE Airtricity PD,58,51,33,47,46,57,67,-1
Will Wilson,Wilson,LM++,Central Coast,Australia,A-League,58,70,55,55,56,50,61,-1
Max Woltman,Woltman,CAM++,Oxford United,England,EFL Championship,58,66,54,51,61,21,46,-1
Philipp Wydra,Wydra,CM++,Austria Klagenfurt,Austria,Ö. Bundesliga,58,63,46,54,60,49,53,-1
Dong Xu,Xu Dong,LB++,Qingdao Hainiu,China PR,CSL,58,65,29,38,47,59,67,-1
Haofeng Xu,Xu Haofeng,RB++,Henan SSLM FC,China PR,CSL,58,69,27,42,52,56,62,-1
Bilal Yalçınkaya,Yalçınkaya,CAM++,Hamburger SV,Germany,Bundesliga 2,58,68,54,54,62,32,45,-1
Chaosheng Yang,Yang Chaosheng,RM++,Meizhou Hakka,China PR,CSL,58,81,53,46,61,45,53,-1
Ephraim Yeboah,Yeboah,RM++,Doncaster,Italy,EFL League Two,58,82,53,48,58,18,40,-1
Congyao Yin,Yin Congyao,ST++,Meizhou Hakka,China PR,CSL,58,70,54,53,59,39,61,-1
Min Ho Yoon,Yoon Min Ho,CAM++,Pohang Steelers,Korea Republic,K League 1,58,65,53,52,62,32,42,-1
Jonny Yull,Yull,CM++,Adelaide United,Australia,A-League,58,69,49,59,64,46,57,-1
Louis Zabala,Zabala,RB++,Brisbane Roar,Australia,A-League,58,69,48,56,61,51,67,-1
Nikola Zečević,Zečević,CB++,BK Häcken,Serbia,Allsvenskan,58,67,27,40,51,58,63,-1
Besfort Zeneli,Zeneli,LW++,IF Elfsborg,Sweden,Allsvenskan,58,70,52,53,62,22,41,-1
Jianfei Zhao,Zhao Jianfei,CB++,Shandong Taishan,China PR,CSL,58,67,25,37,46,57,63,-1
Jan Ziółkowski,Ziółkowski,CB++,Legia Warszawa,Poland,PKO BP Ekstraklasa,58,62,28,41,39,58,60,-1
Hubert Zwoźny,Zwoźny,RB++,Korona Kielce,Poland,PKO BP Ekstraklasa,58,69,43,51,58,54,62,-1
Jack Milne,Milne,CDM++,Aberdeen,Scotland,cinch Prem,58,56,37,55,53,58,59,-1
David Mindombe,Mindombe,CB++,STVV,Belgium,1A Pro League,58,66,29,41,49,56,69,-1
José Antonio Molina Arjona,Antonio Molina,LM++,Córdoba CF,Spain,LALIGA HYPERMOTION,58,69,55,55,59,34,52,-1
Joaquín Molina Huamán,Molina Huamán,CB++,Dep. Garcilaso,Peru,Sudamericana,58,49,26,47,34,60,60,-1
Hyun Ho Moon,Moon Hyun Ho,GK++,Ulsan Hyundai,Korea Republic,K League 1,58,62,51,48,66,31,52,-1
Valentyn Morgun,Morgun,GK++,Dynamo Kyiv,Ukraine,Ukrayina Liha,58,58,57,57,59,36,58,-1
Jaly Mouaddib,Mouaddib,RW++,FC Botoșani,France,SUPERLIGA,58,68,50,57,62,46,55,-1
Fabian Mrozek,Mrozek,GK++,Brommapojkarna,Poland,Allsvenskan,58,57,56,58,60,31,57,-1
Pengfei Mu,Mu Pengfei,GK++,Qingdao Hainiu,China PR,CSL,58,58,55,53,57,30,56,-1
Jacob Muir,Muir,CB++,Perth Glory,Australia,A-League,58,49,27,45,46,56,70,-1
Joy Mukena,Mukena,CB++,Crawley Town,England,EFL League One,58,56,29,36,40,58,65,-1
Pascal Müller,Müller,CM++,Wolfsberger AC,Austria,Ö. Bundesliga,58,59,53,58,60,54,56,-1
Philipp Müller,Müller,CDM++,Fürth,Germany,Bundesliga 2,58,68,39,55,53,54,58,-1
Miguel Muñoz Fernández,Miguel Muñoz,CB++,Piast Gliwice,Spain,PKO BP Ekstraklasa,58,61,31,49,47,61,59,-1
Beltran Mvuka,Mvuka,LW++,Sandefjord,Norway,Eliteserien,58,79,50,53,58,23,45,-1
Kelly N'Mai,N'Mai,LW++,Salford City,Netherlands,EFL League Two,58,90,50,49,60,29,38,-1
Mohammad Nawaz,Nawaz,GK++,Chennaiyin FC,India,Hero ISL,58,59,55,59,62,39,55,-1
Montell Ndikom,Ndikom,CAM++,Hannover 96,Germany,Bundesliga 2,58,69,54,53,64,32,50,-1
Moutaz Neffati,Neffati,RB++,IFK Norrköping,Sweden,Allsvenskan,58,62,49,54,58,55,52,-1
George Nevett,Nevett,CB++,Peterborough,Wales,EFL League One,58,62,25,44,50,58,62,-1
Serge Ngoma,Ngoma,RM++,Red Bulls,United States,MLS,58,90,47,47,62,38,57,-1
Darragh Nugent,Nugent,CM++,Shamrock Rovers,Republic of Ireland,SSE Airtricity PD,58,55,55,57,56,57,64,-1
Alan Nuñez,Nuñez,RB++,Cerro Porteño,Paraguay,Libertadores,58,74,27,50,53,54,51,-1
Connor O'Brien,O'Brien,RB++,Accrington,Republic of Ireland,EFL League Two,58,79,29,46,55,50,64,-1
Josh O'Connor,O'Connor,ST++,Dundalk,Scotland,SSE Airtricity PD,58,72,57,43,61,25,57,-1
Justin Obikwu,Obikwu,ST++,Coventry City,Trinidad and Tobago,EFL Championship,58,83,55,40,55,28,70,-1
Emmanuel Ogura,Ogura,GK++,Randers FC,Ghana,3F Superliga,58,60,57,61,59,64,58,-1
Olufela Olomola,Olomola,ST++,Bromley FC,England,EFL League Two,58,74,55,45,57,25,73,-1
Filip Olsson,Olsson,CM++,IK Sirius,Sweden,Allsvenskan,58,71,51,56,58,49,61,-1
Oludare Olufunwa,Olufunwa,RB++,St. Johnstone,England,cinch Prem,58,61,38,49,53,55,66,-1
Oskar Opsahl,Opsahl,LB++,Tromsø IL,Norway,Eliteserien,58,73,39,51,57,52,58,-1
Lewis Orford,Orford,CDM++,West Ham,England,Premier League,58,61,43,58,57,50,60,-1
Manuel Osifo,Osifo,CDM++,OH Leuven,Belgium,1A Pro League,58,78,26,49,58,58,62,-1
Haqi Osman,Osman,LM++,Bodrum FK,Ghana,Trendyol Süper Lig,58,77,56,56,58,30,35,-1
Sebastian Otoa,Otoa,CB++,AaB,Denmark,3F Superliga,58,61,34,41,45,57,65,-1
Tiemoko Ouattara,Ouattara,LW++,Servette FC,Switzerland,CSSL,58,66,50,50,61,23,46,-1
Abdoul Kader Ouattara,Ouattara,ST++,Cercle Brugge,Burkina Faso,1A Pro League,58,71,59,42,54,17,48,-1
Daniel Pantschenko,Pantschenko,CDM++,SV Elversberg,Germany,Bundesliga 2,58,67,37,53,57,56,52,-1
Antony Papadopoulos,Papadopoulos,CM++,Crawley Town,England,EFL League One,58,71,53,57,60,53,61,-1
Jordi Paulina,Paulina,CAM++,B. Dortmund II,Netherlands,3. Liga,58,74,44,57,60,36,63,-1
Peng Peng,Peng Peng,GK++,SZ Peng City,China PR,CSL,58,58,56,52,65,17,57,-1
Lúkas Petersson,Petersson,GK++,TSG Hoffenheim,Iceland,Bundesliga,58,58,57,55,58,35,57,-1
Adam Petersson,Petersson,CM++,Mjällby AIF,Sweden,Allsvenskan,58,61,53,54,61,54,57,-1
Daniel Pike,Pike,RB++,Dundalk,England,SSE Airtricity PD,58,73,33,50,57,53,54,-1
Diego Píriz,Píriz,ST++,Danubio,Uruguay,Sudamericana,58,53,63,40,51,25,60,-1
Sergiu Pîrvulescu,Pîrvulescu,RB++,FC Gloria Buzău,Romania,SUPERLIGA,58,71,41,47,56,53,65,-1
Filip Piszczek,Piszczek,ST++,Bohemian FC,Poland,SSE Airtricity PD,58,70,54,49,54,27,68,-1
Marco Pledl,Pledl,RM++,SC Paderborn 07,Germany,Bundesliga 2,58,70,52,56,57,40,48,-1
Luca Podlech,Podlech,GK++,FC Schalke 04,Germany,Bundesliga 2,58,52,58,52,63,26,55,-1
Tom Poitoux,Poitoux,GK++,Standard Liège,Belgium,1A Pro League,58,57,58,58,59,33,56,-1
Finlay Pollock,Pollock,CAM++,Hearts,Scotland,cinch Prem,58,67,46,55,62,40,47,-1
Tom Pouilly,Pouilly,RB++,RC Lens,France,Ligue 1 Uber Eats,58,67,39,48,52,54,58,-1
Fotis Pseftis,Pseftis,GK++,FC Lugano,Greece,CSSL,58,59,56,61,60,22,58,-1
Rekeil Pyke,Pyke,ST++,Grimsby Town,England,EFL League Two,58,75,55,45,61,43,64,-1
Mihnea Rădulescu,Rădulescu,RW++,FC Petrolul,Romania,SUPERLIGA,58,78,54,52,60,22,55,-1
Lilian Raillot,Raillot,CDM++,FC Metz,France,Ligue 2 BKT,58,63,40,53,57,55,64,-1
Leo Ramirez-Espain,Ramirez-Espain,CDM++,Watford,England,EFL Championship,58,52,49,59,60,54,54,-1
Lukas Reich,Reich,RB++,1860 München,Germany,3. Liga,58,68,36,51,53,51,62,-1
Jayden Reid,Reid,LB++,St. Louis CITY SC,United States,MLS,58,85,32,50,60,47,63,-1
Arlind Rexhepi,Rexhepi,LM++,SV Waldhof,Albania,3. Liga,58,68,52,52,63,26,43,-1
Jairo Reyes,Reyes,CDM++,Independiente DV,Ecuador,Libertadores,58,71,36,55,57,55,64,-1
David Richards,Richards,GK++,Dundee United,Wales,cinch Prem,58,57,56,56,61,35,55,-1
Rico Richards,Richards,LM++,Aston Villa,England,Premier League,58,68,51,52,62,26,45,-1
Jannik Robatsch,Robatsch,CB++,Austria Klagenfurt,Austria,Ö. Bundesliga,58,65,27,44,48,58,59,-1
Santiago Rollano,Rollano,RM++,Cerro Largo,Uruguay,Sudamericana,58,71,54,51,60,29,49,-1
Hormipam Ruivah,Ruivah,CB++,Kerala Blasters,India,Hero ISL,58,54,35,43,50,59,68,-1
Elkin Ruiz,Ruiz,LB++,Independiente DV,Ecuador,Libertadores,58,76,38,45,56,53,52,-1
Abundance Salaou,Salaou,CDM++,IFK Göteborg,Côte d'Ivoire,Allsvenskan,58,63,27,51,55,54,59,-1
Dino Salihovic,Salihovic,CM++,IFK Norrköping,Sweden,Allsvenskan,58,67,40,55,59,51,62,-1
Sverre Hakami Sandal,Sandal,CM++,KFUM-Kameratene,Norway,Eliteserien,58,64,49,57,57,45,61,-1
Rasmus Sandberg,Sandberg,GK++,Rosenborg BK,Norway,Eliteserien,58,59,58,56,59,30,57,-1
Nicholas Scardina,Scardina,LM++,Charlotte FC,United States,MLS,58,69,46,52,62,26,42,-1
Maximilian Scharfetter,Scharfetter,CAM++,Wolfsberger AC,Austria,Ö. Bundesliga,58,74,54,52,57,39,52,-1
Sandro Schendl,Schendl,RM++,TSV Hartberg,Austria,Ö. Bundesliga,58,77,47,53,62,51,53,-1
Fabian Scherger,Scherger,GK++,Unterhaching,Germany,3. Liga,58,59,58,56,59,56,58,-1
Florian Schmid,Schmid,ST++,Unterhaching,Germany,3. Liga,58,64,56,39,52,26,66,-1
Cedwyn Scott,Scott,ST++,Notts County,England,EFL League Two,58,72,57,49,60,24,61,-1
Ryheem Sheckleford,Sheckleford,RB++,Chesterfield,England,EFL League Two,58,74,31,42,54,54,60,-1
Xiaodong Shi,Shi Xiaodong,GK++,Nantong Zhiyun FC,China PR,CSL,58,54,55,57,58,29,57,-1
Lewis Shipley,Shipley,LB++,Norwich,England,EFL Championship,58,64,28,45,50,55,64,-1
Udanta Singh,Singh,RM++,FC Goa,India,Hero ISL,58,85,52,49,58,32,61,-1
Suresh Singh Wangjam,Singh Wangjam,CM++,Bengaluru FC,India,Hero ISL,58,82,39,52,58,54,75,-1
Brage Skaret,Skaret,CB++,Fredrikstad FK,Norway,Eliteserien,58,53,29,43,46,57,65,-1
Sam Slocombe,Slocombe,GK++,Notts County,England,EFL League Two,58,59,57,56,58,39,57,-1
Kacper Śmiglewski,Śmiglewski,ST++,Cracovia,Poland,PKO BP Ekstraklasa,58,50,57,46,57,23,65,-1
Connor Smith,Smith,CM++,St. Johnstone,Scotland,cinch Prem,58,63,56,62,62,38,40,-1
Tunmise Sobowale,Sobowale,RB++,Swindon Town,Republic of Ireland,EFL League Two,58,77,46,51,57,52,73,-1
Jordy Soladio,Soladio,ST++,FCV Dender EH,Belgium,1A Pro League,58,64,58,52,62,18,49,-1
Elias Sebastian Solberg,Solberg,RM++,Lillestrøm SK,Norway,Eliteserien,58,72,47,55,64,35,44,-1
Lino Sousa,Sousa,LB++,Bristol Rovers,England,EFL League One,58,62,39,54,57,56,54,-1
Mason Stajduhar,Stajduhar,GK++,Orlando City,United States,MLS,58,59,56,58,60,33,57,-1
Yannic Stein,Stein,GK++,Union Berlin,Germany,Bundesliga,58,61,54,56,62,28,57,-1
Jonah Sticker,Sticker,RB++,Viktoria Köln,Germany,3. Liga,58,66,28,50,53,53,58,-1
Frank Stople,Stople,GK++,Strømsgodset IF,Norway,Eliteserien,58,59,60,57,61,28,57,-1
Pronay Halder,Halder,CDM++,Jamshedpur FC,India,Hero ISL,58,38,49,51,54,55,73,-1
Michael Halliday,Halliday,RB++,Orlando City,United States,MLS,58,68,29,48,54,54,60,-1
Aksel Halsgaard,Halsgaard,CB++,AGF,Denmark,3F Superliga,58,58,31,36,36,61,49,-1
Teodor Berg Haltvik,Haltvik,RW++,KFUM-Kameratene,Norway,Eliteserien,58,64,55,53,61,20,58,-1
Mathis Hamdi,Hamdi,LB++,ESTAC Troyes,France,Ligue 2 BKT,58,61,29,42,49,56,53,-1
Jong Mu Han,Han Jong Mu,CM++,Jeju United,Korea Republic,K League 1,58,53,45,56,63,42,61,-1
David Harrington,Harrington,GK++,Fleetwood Town,Republic of Ireland,EFL League Two,58,59,59,56,59,21,59,-1
Ryan Haynes,Haynes,LB++,Cheltenham Town,England,EFL League Two,58,71,48,53,54,54,66,-1
Naif Hazazi,Hazazi,CDM++,Al Raed,Saudi Arabia,ROSHN Saudi League,58,33,46,52,51,57,69,-1
Martin Hellan,Hellan,RB++,SK Brann,Norway,Eliteserien,58,60,33,47,56,54,56,-1
Maximilian Herwerth,Herwerth,CB++,VfB Stuttgart II,Germany,3. Liga,58,52,22,38,42,57,66,-1
Leon Hien,Hien,CB++,Odds BK,Sweden,Eliteserien,58,62,53,44,54,57,64,-1
Jonas Lange Hjorth,Hjorth,LB++,KFUM-Kameratene,Norway,Eliteserien,58,73,41,51,60,49,58,-1
Tim Hoffmann,Hoffmann,CB++,FC Erzgebirge Aue,Germany,3. Liga,58,63,25,42,45,58,61,-1
Emil Højlund,Højlund,ST++,FC Schalke 04,Denmark,Bundesliga 2,58,61,57,48,58,28,63,-1
Tim Hoops,Hoops,CB++,Unterhaching,Germany,3. Liga,58,67,26,44,44,58,60,-1
Rio Hope-Gund,Hope-Gund,CB++,New York City FC,United States,MLS,58,69,29,41,45,57,63,-1
Sam Hornby,Hornby,GK++,Walsall,England,EFL League Two,58,60,57,54,62,51,54,-1
David Hurley,Hurley,CAM++,Galway United,Republic of Ireland,SSE Airtricity PD,58,63,46,56,58,43,61,-1
Jonathan Hutters,Hutters,GK++,AGF,Denmark,3F Superliga,58,60,60,59,60,29,53,-1
Soon Min Hwang,Hwang Soon Min,LB++,Suwon FC,Korea Republic,K League 1,58,61,54,56,59,53,61,-1
Do Yun Hwang,Hwang Do Yun,CM++,FC Seoul,Korea Republic,K League 1,58,65,45,58,58,48,61,-1
Emmanuel Iwe,Iwe,LM++,SV Sandhausen,Nigeria,3. Liga,58,80,55,49,60,32,53,-1
Zach Jeacock,Jeacock,GK++,Lincoln City,England,EFL League One,58,57,56,62,62,29,57,-1
Nicolás Johansen,Johansen,ST++,Coquimbo Unido,Argentina,Sudamericana,58,61,61,43,60,20,55,-1
Marc-André Jürgen,Jürgen,LB++,1. FC Magdeburg,Germany,Bundesliga 2,58,58,41,51,56,56,57,-1
Lucas Kåhed,Kåhed,CM++,IFK Göteborg,Sweden,Allsvenskan,58,73,50,55,67,48,39,-1
Edgar Kaizer,Kaizer,CB++,Energie Cottbus,Germany,3. Liga,58,54,29,35,43,57,68,-1
Conor Kane,Kane,LB++,Drogheda United,Republic of Ireland,SSE Airtricity PD,58,70,30,52,58,54,60,-1
Yiğit Karademir,Karademir,CB++,VfL Osnabrück,Türkiye,3. Liga,58,68,24,34,37,59,60,-1
Sankara Karamoko,Karamoko,ST++,Wolfsberger AC,Côte d'Ivoire,Ö. Bundesliga,58,87,57,38,51,19,46,-1
Laxmikant Kattimani,Kattimani,GK++,FC Goa,India,Hero ISL,58,57,59,58,60,40,58,-1
Tino Kaufmann,Kaufmann,RW++,VfB Stuttgart II,Germany,3. Liga,58,69,56,52,60,25,42,-1
Stijn Keller,Keller,GK++,Almere City FC,Switzerland,Eredivisie,58,60,59,60,58,39,56,-1
Michael Kelly,Kelly,GK++,Accrington,Republic of Ireland,EFL League Two,58,59,58,56,58,29,59,-1
Logan Ketterer,Ketterer,GK++,CF Montréal,United States,MLS,58,54,57,55,52,38,65,-1
Rafiq Khaleel,Khaleel,CAM++,Crawley Town,Morocco,EFL League One,58,75,48,54,61,32,43,-1
Nelson Khumbeni,Khumbeni,CDM++,Accrington,England,EFL League Two,58,66,42,52,57,55,56,-1
Keun Bae Kim,Kim Keun Bae,GK++,Jeju United,Korea Republic,K League 1,58,60,57,57,59,42,56,-1
Ju Yeop Kim,Kim Ju Yeop,RB++,Suwon FC,Korea Republic,K League 1,58,62,36,44,53,55,62,-1
Seung Sub Kim,Kim Seung Sub,LW++,Gimcheon Sangmu,Korea Republic,K League 1,58,81,54,51,60,26,60,-1
Seung Woo Kim,Kim Seung Woo,CB++,GwangJu FC,Korea Republic,K League 1,58,53,24,29,39,57,66,-1
Geon Hui Kim,Kim Geon Hui,CB++,Incheon United,Korea Republic,K League 1,58,61,24,35,34,58,65,-1
Jakob Kindberg,Kindberg,GK++,Kalmar FF,Sweden,Allsvenskan,58,54,57,59,60,27,61,-1
Gideon Kodua,Kodua,RM++,West Ham,England,Premier League,58,74,51,53,61,29,42,-1
Min Hyeon Kong,Kong Min Hyeon,ST++,Daejeon Citizen,Korea Republic,K League 1,58,61,57,47,58,20,54,-1
Nurettin Korkmaz,Korkmaz,LM++,Kayserispor,Türkiye,Trendyol Süper Lig,58,68,56,53,62,30,40,-1
Ayouba Kosiah,Kosiah,ST++,K. Beerschot VA,Netherlands,1A Pro League,58,41,57,43,54,27,62,-1
Stefan Krell,Krell,GK++,Unirea Slobozia,Austria,SUPERLIGA,58,59,58,60,56,31,58,-1
Danylo Krevsun,Krevsun,CAM++,B. Dortmund II,Ukraine,3. Liga,58,75,43,53,63,41,44,-1
Mikkel Kristensen,Kristensen,CB++,AGF,Denmark,3F Superliga,58,74,27,47,52,56,64,-1
Joshua Krüger,Krüger,CDM++,Hansa Rostock,Germany,3. Liga,58,64,37,51,58,58,51,-1
Nandha Kumar Sekar,Kumar Sekar,LM++,East Bengal,India,Hero ISL,58,78,55,51,55,26,65,-1
Amir Kurdi,Kurdi,RB++,Al Riyadh,Saudi Arabia,ROSHN Saudi League,58,58,49,58,58,54,59,-1
Oskar Lachowicz,Lachowicz,CAM++,Cracovia,Poland,PKO BP Ekstraklasa,58,64,50,55,60,33,46,-1
Alessandro Lai,Lai,GK++,Cosenza,Italy,Serie BKT,58,59,57,56,61,33,59,-1
Kameron Ledwidge,Ledwidge,CB++,Shelbourne,Republic of Ireland,SSE Airtricity PD,58,69,31,48,54,56,68,-1
Jakub Lewicki,Lewicki,LM++,Jagiellonia,Poland,PKO BP Ekstraklasa,58,64,44,56,57,52,57,-1
Paul Lewis,Lewis,CAM++,Morecambe,England,EFL League Two,58,62,56,56,58,53,66,-1
Myles Lewis-Skelly,Lewis-Skelly,CM++,Arsenal,England,Premier League,58,63,48,58,61,52,59,-1
Hailong Li,Li Hailong,RB++,Qingdao Hainiu,China PR,CSL,58,69,31,48,56,55,61,-1
Jakub Lis,Lis,CDM++,Pogoń Szczecin,Poland,PKO BP Ekstraklasa,58,67,42,54,57,55,58,-1
Filip Loftesnes-Bjune,Loftesnes-Bjune,RB++,Sandefjord,Norway,Eliteserien,58,63,40,53,58,54,59,-1
Sam Long,Long,GK++,Bromley FC,Scotland,EFL League Two,58,62,55,59,58,42,54,-1
Wei Long,Long Wei,CDM++,Qingdao Hainiu,China PR,CSL,58,54,31,51,53,55,65,-1
Cristhian Loor,Loor,GK++,Independiente DV,Ecuador,Libertadores,58,59,54,50,65,17,59,-1
Matéo Loubatières,Loubatières,CM++,SC Bastia,France,Ligue 2 BKT,58,68,57,59,60,51,39,-1
Zak Lovelace,Lovelace,ST++,Rangers,England,cinch Prem,58,87,57,47,60,25,50,-1
Junior Luamba,Luamba,ST++,Salford City,Congo DR,EFL League Two,58,79,54,44,60,29,60,-1
Rayan Lutin,Lutin,CM++,Amiens SC,Comoros,Ligue 2 BKT,58,70,47,56,70,47,39,-1
Brooklyn Lyons-Foster,Lyons-Foster,CB++,HJK Helsinki,England,Finnliiga,58,54,29,44,45,58,61,-1
Xingyu Ma,Ma Xingyu,CM++,Qingdao Hainiu,China PR,CSL,58,57,43,53,58,55,62,-1
Harvey Macadam,Macadam,CM++,Morecambe,England,EFL League Two,58,60,53,55,58,55,70,-1
Seong Ung Maeng,Maeng Seong Ung,CM++,Gimcheon Sangmu,Korea Republic,K League 1,58,58,40,59,55,55,56,-1
Juan Magallanes,Magallanes,CM++,Universitario,Bolivia,Sudamericana,58,68,39,57,60,52,58,-1
Ali Makki,Makki,CB++,Al Wehda,Saudi Arabia,ROSHN Saudi League,58,49,27,46,42,58,66,-1
Jarzinho Malanga,Malanga,RW++,VfB Stuttgart II,Germany,3. Liga,58,70,54,52,59,26,56,-1
Kevin Mamani,Mamani,RB++,Real Tomayapo,Bolivia,Sudamericana,58,68,27,46,49,54,52,-1
Abdoulie Manneh,Manneh,ST++,Mjällby AIF,Gambia,Allsvenskan,58,72,55,43,57,21,63,-1
Johan Manzambi,Manzambi,CM++,SC Freiburg,Switzerland,Bundesliga,58,69,45,56,62,55,61,-1
Mallki Marmanillo,Marmanillo,GK++,Dep. Garcilaso,Peru,Sudamericana,58,54,56,50,59,37,58,-1
Jon Martín Vicente,Jon Martín,CB++,Real Sociedad,Spain,LALIGA EA SPORTS,58,68,26,37,45,56,64,-1
Kevin Martínez,Martínez,GK++,Danubio,Uruguay,Sudamericana,58,61,55,58,59,22,59,-1
Fernando Martínez,Martínez,RB++,Central Córdoba,Argentina,LPF,58,59,31,40,54,57,52,-1
Loïs Martins,Martins,CM++,Stade Lavallois,Portugal,Ligue 2 BKT,58,65,49,55,58,47,52,-1
Naif Masoud,Masoud,CDM++,Al Qadisiyah,Saudi Arabia,ROSHN Saudi League,58,59,32,52,49,58,56,-1
Jerry Mawihmingthanga,Mawihmingthanga,RW++,Odisha FC,India,Hero ISL,58,80,49,54,61,27,51,-1
Liam McCarron,McCarron,LB++,Northampton,Scotland,EFL League One,58,82,47,51,58,52,48,-1
Ed McCarthy,McCarthy,LM++,Galway United,Republic of Ireland,SSE Airtricity PD,58,66,52,52,58,48,66,-1
Jason McClelland,McClelland,RM++,St. Pats,Republic of Ireland,SSE Airtricity PD,58,63,55,56,58,52,56,-1
Ben McCormack,McCormack,CAM++,Waterford,Republic of Ireland,SSE Airtricity PD,58,68,52,58,60,47,52,-1
Robbie McCourt,McCourt,LB++,Waterford,Republic of Ireland,SSE Airtricity PD,58,45,50,56,58,58,58,-1
Declan McDaid,McDaid,LM++,Bohemian FC,Scotland,SSE Airtricity PD,58,74,52,53,59,41,59,-1
Rowan McDonald,McDonald,CDM++,Waterford,England,SSE Airtricity PD,58,64,43,51,56,55,65,-1
Ryan McLaughlin,McLaughlin,RB++,St. Pats,Northern Ireland,SSE Airtricity PD,58,67,49,53,56,56,59,-1
Ryan McLean,McLean,LM++,AFC Wimbledon,England,EFL League Two,58,77,52,50,57,23,59,-1
Corentin Michel,Michel,GK++,ESTAC Troyes,Belgium,Ligue 2 BKT,58,59,57,58,59,31,56,-1
Naif Masoud,Masoud,CDM++,Al Fateh,Saudi Arabia,ROSHN Saudi League,58,59,32,52,49,58,56,-1
Habib Al Watyan,Al Watyan,GK++,Al Fateh,Saudi Arabia,ROSHN Saudi League,58,58,59,57,59,32,56,-1
Billy Crellin,Crellin,GK++,Accrington,England,EFL League Two,58,58,57,57,61,33,56,-1
Luca Ashby-Hammond,Ashby-Hammond,GK++,Gillingham,England,EFL League Two,58,59,58,56,62,24,54,-1
Rico Richards,Richards,LM++,Port Vale,England,EFL League Two,58,68,51,52,62,26,45,-1
Jakub Lewicki,Lewicki,LM++,Piast Gliwice,Poland,PKO BP Ekstraklasa,58,64,44,56,57,52,57,-1
Gabriele Guarino,Guarino,CB++,Carrarese Calcio,Italy,Serie BKT,58,53,28,37,39,59,67,-1
Marwan Al Sahafi,Al Sahafi,RM++,K. Beerschot VA,Saudi Arabia,1A Pro League,58,75,46,49,61,35,56,-1
Manuel Braun,Braun,LB++,SV Waldhof,Germany,3. Liga,58,67,34,49,54,58,58,-1
Justin Obikwu,Obikwu,ST++,Grimsby Town,Trinidad and Tobago,EFL League Two,58,83,55,40,55,28,70,-1
Lewis Shipley,Shipley,LB++,Cheltenham Town,England,EFL League Two,58,64,28,45,50,55,64,-1
Gideon Kodua,Kodua,RM++,Wycombe,England,EFL League One,58,74,51,53,61,29,42,-1
Jarzinho Malanga,Malanga,RW++,VfB Stuttgart,Germany,Bundesliga,58,70,54,52,59,26,56,-1
David Harrington,Harrington,GK++,Fleetwood Town,Wales,EFL League Two,58,59,59,56,59,21,59,-1
Josh O'Connor,O'Connor,ST++,Hibernian,Scotland,cinch Prem,58,72,57,43,61,25,57,-1
Jad Hakiki,Hakiki,CAM++,Sligo Rovers,Republic of Ireland,SSE Airtricity PD,58,66,46,56,65,49,49,-1
Colm Whelan,Whelan,ST++,Bohemian FC,Republic of Ireland,SSE Airtricity PD,58,67,59,47,57,34,60,-1
Fabian Mrozek,Mrozek,GK++,Liverpool,Poland,Premier League,58,57,56,58,60,31,57,-1
Nelson Khumbeni,Khumbeni,CDM++,Bolton,England,EFL League One,58,66,42,52,57,55,56,-1
Jong Mu Han,Han Jong Mu,CM++,Daegu FC,Korea Republic,K League 1,58,53,45,56,63,42,61,-1
Cedwyn Scott,Scott,ST++,Carlisle United,England,EFL League Two,58,72,57,49,60,24,61,-1
Trae Coyle,Coyle,LM++,Waterford,England,SSE Airtricity PD,58,74,52,54,60,21,57,-1
Ephraim Yeboah,Yeboah,RM++,Bristol City,Italy,EFL Championship,58,82,53,48,58,18,40,-1
Giacomo Drago,Drago,GK++,Cremonese,Italy,Serie BKT,58,58,55,55,62,39,53,-1
Nelson Khumbeni,Khumbeni,CDM++,Gillingham,England,EFL League Two,58,66,42,52,57,55,56,-1
Haofeng Xu,Xu Haofeng,RB++,Changchun Yatai,China PR,CSL,58,69,27,42,52,56,62,-1
Nathan Asiimwe,Asiimwe,RB++,Walsall,Uganda,EFL League Two,58,73,34,50,55,53,65,-1
James Berry,Berry,LM++,Wycombe,England,EFL League One,58,78,55,48,61,39,59,-1
Matti Wagner,Wagner,LB++,Rot-Weiss Essen,Germany,3. Liga,58,72,34,49,55,54,50,-1
Sebastian Otoa,Otoa,CB++,Genoa,Denmark,Serie A TIM,58,61,34,41,45,57,65,-1
Jarrod Carluccio,Carluccio,RM++,WS Wanderers,Australia,A-League,58,78,50,48,61,42,59,-1
Mason Stajduhar,Stajduhar,GK++,Real Salt Lake,United States,MLS,58,59,56,58,60,33,57,-1
Simon Schierack,Schierack,CM++,Śląsk Wrocław,Germany,PKO BP Ekstraklasa,57,64,51,54,58,58,66,-1
Frederik Schumann,Schumann,LB++,VfB Stuttgart II,Germany,3. Liga,57,64,51,54,58,53,53,-1
Walter Scott,Scott,LB++,Macarthur FC,Australia,A-League,57,73,39,51,56,51,64,-1
Joshua Seberry,Seberry,CB++,Newport County,Republic of Ireland,EFL League Two,57,62,27,42,44,56,64,-1
Marvin Seybold,Seybold,GK++,SSV Ulm 1846,Germany,Bundesliga 2,57,58,54,51,60,21,56,-1
Hussain Shaian,Shaian,GK++,Al Okhdood,Saudi Arabia,ROSHN Saudi League,57,55,57,55,57,48,56,-1
Efe-Kaan Sihlaroglu,Sihlaroglu,CM++,Karlsruher SC,Germany,Bundesliga 2,57,64,48,56,59,50,51,-1
Kees Sims,Sims,GK++,GAIS,New Zealand,Allsvenskan,57,57,59,59,55,26,54,-1
Vikram Singh,Singh,RM++,Mumbai City FC,India,Hero ISL,57,78,54,49,57,24,49,-1
Dheeraj Singh Moirangthem,Singh Moirangthem,GK++,ATK Mohun Bagan,India,Hero ISL,57,56,55,56,62,31,54,-1
Adrian Skogmar,Skogmar,CM++,Malmö FF,Sweden,Allsvenskan,57,64,42,53,68,48,64,-1
Kerr Smith,Smith,CB++,Aston Villa,Scotland,Premier League,57,58,28,41,48,55,64,-1
Tom Smith,Smith,GK++,Colchester,England,EFL League Two,57,59,55,58,59,34,55,-1
Anders Sønderskov,Sønderskov,CB++,Vejle Boldklub,Denmark,3F Superliga,57,63,27,40,47,58,56,-1
Wenjie Song,Song Wenjie,ST++,Qingdao Hainiu,China PR,CSL,57,65,56,51,59,32,66,-1
Tom Sparrow,Sparrow,RB++,Motherwell,Wales,cinch Prem,57,59,46,54,60,52,53,-1
Lee Steacy,Steacy,GK++,Shamrock Rovers,Republic of Ireland,SSE Airtricity PD,57,57,57,55,56,38,58,-1
Zheng'ao Sun,Sun Zheng'ao,CB++,Zhejiang Pro,China PR,CSL,57,55,29,41,35,58,61,-1
Qinhan Sun,Sun Qinhan,RB++,Cangzhou FC,China PR,CSL,57,67,34,44,58,52,57,-1
Minghim Sun,Sun Minghim,LB++,Cangzhou FC,Hong Kong,CSL,57,59,49,47,59,53,49,-1
Niklas Szerencsi,Szerencsi,CB++,Austria Klagenfurt,Austria,Ö. Bundesliga,57,61,25,35,35,58,64,-1
Rei Tachikawa,Tachikawa,CM++,Jamshedpur FC,Japan,Hero ISL,57,61,54,54,59,46,62,-1
Sam Taylor,Taylor,ST++,Tranmere Rovers,England,EFL League Two,57,69,57,37,58,17,48,-1
Franck Tchassem,Tchassem,ST++,FC Univ. Cluj,Cameroon,SUPERLIGA,57,66,55,45,59,26,56,-1
Tristan Teuchy,Teuchy,LM++,STVV,Belgium,1A Pro League,57,69,36,55,63,46,38,-1
Joe Thomas,Thomas,RB++,Newport County,Wales,EFL League Two,57,73,43,45,54,52,60,-1
Junior Tiensia,Tiensia,LB++,Barrow,England,EFL League Two,57,77,32,48,62,47,64,-1
David Tritschler,Tritschler,ST++,VfB Stuttgart II,Germany,3. Liga,57,48,58,38,52,21,68,-1
George Ungureanu,Ungureanu,GK++,FC Rapid 1923,Romania,SUPERLIGA,57,58,57,52,59,40,58,-1
Wojciech Urbański,Urbański,CAM++,Legia Warszawa,Poland,PKO BP Ekstraklasa,57,61,53,56,55,40,53,-1
Suhair Vadakkepeedika,Vadakkepeedika,RM++,East Bengal,India,Hero ISL,57,68,52,50,58,31,67,-1
Jordi Valadon,Valadon,CDM++,Melb. Victory,Australia,A-League,57,60,50,54,60,51,42,-1
Oskar van Hattum,van Hattum,RW++,Well. Phoenix,New Zealand,A-League,57,79,53,48,58,39,65,-1
Edwin Sydney Vanspaul,Vanspaul,RB++,East Bengal,India,Hero ISL,57,66,37,51,56,49,72,-1
Farik Ventura,Ventura,CM++,Dep. Garcilaso,Peru,Sudamericana,57,58,42,60,58,45,50,-1
Kane Vidmar,Vidmar,CB++,Western United,Australia,A-League,57,68,36,40,47,57,63,-1
Bandar Wahishi,Wahishi,CB++,Al Raed,Saudi Arabia,ROSHN Saudi League,57,62,22,39,46,55,67,-1
Stephen Walsh,Walsh,ST++,Galway United,Republic of Ireland,SSE Airtricity PD,57,54,57,49,55,53,68,-1
Yang Wang,Wang Yang,CB++,Zhejiang Pro,China PR,CSL,57,62,33,45,47,56,63,-1
Yu Wang,Wang Yu,CDM++,Changchun Yatai,China PR,CSL,57,63,38,50,53,50,63,-1
Patrick Weber,Weber,CM++,Servette FC,Switzerland,CSSL,57,67,50,55,59,46,57,-1
Reece Welch,Welch,CB++,Everton,England,Premier League,57,45,24,31,34,57,65,-1
Dean Williams,Williams,ST++,Shelbourne,Republic of Ireland,SSE Airtricity PD,57,68,58,49,58,26,57,-1
Harry Williams,Williams,CB++,Walsall,England,EFL League Two,57,53,24,35,36,56,71,-1
Sam Woods,Woods,CDM++,Bromley FC,England,EFL League Two,57,50,36,48,51,56,65,-1
Florian Wustinger,Wustinger,CDM++,FK Austria Wien,Austria,Ö. Bundesliga,57,66,37,52,61,54,55,-1
Junmin Xu,Xu Junmin,CAM++,Nantong Zhiyun FC,China PR,CSL,57,64,48,55,60,31,57,-1
Qinghao Xue,Xue Qinghao,GK++,Nantong Zhiyun FC,China PR,CSL,57,58,57,55,58,20,58,-1
Abdoulaye Yahaya,Yahaya,RW++,FCV Dender EH,Cameroon,1A Pro League,57,70,57,52,60,26,39,-1
Zihao Yan,Yan Zihao,LB++,Cangzhou FC,China PR,CSL,57,72,25,33,50,54,62,-1
Fan Yang,Yang Fan,CB++,Rongcheng FC,China PR,CSL,57,61,31,50,57,57,63,-1
Yilin Yang,Yang Yilin,LM++,Henan SSLM FC,China PR,CSL,57,59,42,56,57,39,54,-1
Boyu Yang,Yang Boyu,CB++,Qingdao W. Coast,China PR,CSL,57,39,29,34,41,58,68,-1
Yihu Yang,Yang Yihu,LB++,Meizhou Hakka,China PR,CSL,57,71,55,50,61,49,63,-1
Zihao Yang,Yang Zihao,LB++,Tianjin JMT FC,China PR,CSL,57,73,28,41,49,50,66,-1
Xuchen Yao,Yao Xuchen,RM++,Cangzhou FC,China PR,CSL,57,64,46,52,58,42,54,-1
Kai Yearn,Yearn,CAM++,Coventry City,England,EFL Championship,57,70,51,54,58,44,51,-1
Elton Yeboah,Yeboah,CM++,KV Mechelen,Belgium,1A Pro League,57,64,47,54,53,53,63,-1
Kadan Young,Young,LM++,Aston Villa,England,Premier League,57,66,61,53,58,35,40,-1
Huachen Zhang,Zhang Huachen,CM++,Changchun Yatai,China PR,CSL,57,70,45,56,58,56,63,-1
Wei Zhang,Zhang Wei,ST++,Qingdao Hainiu,China PR,CSL,57,54,53,46,56,44,66,-1
Tuluo Zheng,Zheng Tuluo,GK++,Beijing Guoan,Chinese Taipei,CSL,57,59,55,54,62,24,57,-1
Dadi Zhou,Zhou Dadi,LM++,SZ Peng City,China PR,CSL,57,69,49,52,59,42,62,-1
Junchen Zhou,Zhou Junchen,LM++,Shanghai Shenhua,China PR,CSL,57,79,49,47,59,23,50,-1
Elvir Zukaj,Zukaj,CB++,Grasshopper Club,Switzerland,CSSL,57,59,26,39,35,56,64,-1
Cristian Chira,Chira,CM++,SC Oțelul Galați,Romania,SUPERLIGA,57,63,53,58,58,49,57,-1
Cheol Won Choi,Choi Cheol Won,GK++,FC Seoul,Korea Republic,K League 1,57,59,56,53,57,29,57,-1
Gi Yun Choi,Choi Gi Yun,RW++,Gimcheon Sangmu,Korea Republic,K League 1,57,68,48,48,61,34,45,-1
Sang Hun Choo,Choo Sang Hun,RW++,Gimcheon Sangmu,Korea Republic,K League 1,57,74,50,45,61,24,43,-1
Samy Chouchane,Chouchane,CDM++,Northampton,Tunisia,EFL League One,57,61,44,54,58,56,55,-1
Fin Conchie,Conchie,CM++,Well. Phoenix,New Zealand,A-League,57,66,45,58,57,52,72,-1
Dixon Contreras,Contreras,GK++,Palestino,Chile,Libertadores,57,60,54,57,55,23,53,-1
Ethan Cox,Cox,GK++,Adelaide United,Australia,A-League,57,59,57,55,57,33,54,-1
Sadin Crnovrsanin,Crnovrsanin,CB++,BSC Young Boys,Switzerland,CSSL,57,63,24,38,43,57,63,-1
Mauricio Cuevas,Cuevas,RB++,LA Galaxy,United States,MLS,57,72,30,45,55,52,45,-1
Leon Cuk,Cuk,GK++,Jahn Regensburg,Germany,Bundesliga 2,57,59,55,53,57,27,56,-1
Kamil Cybulski,Cybulski,CM++,Widzew Łódź,Poland,PKO BP Ekstraklasa,57,66,50,58,56,50,53,-1
Vontae Daley-Campbell,Daley-Campbell,RB++,Chesterfield,England,EFL League Two,57,68,39,50,52,52,62,-1
James Daly,Daly,ST++,Harrogate Town,England,EFL League Two,57,75,56,43,58,25,47,-1
Gabriel Dănuleasă,Dănuleasă,CB++,Farul Constanța,Romania,SUPERLIGA,57,62,24,42,39,55,65,-1
Bajung Darboe,Darboe,CM++,LAFC,United States,MLS,57,55,39,52,58,49,54,-1
Tom Davies,Davies,LB++,Cardiff City,Wales,EFL Championship,57,73,39,54,55,50,54,-1
Warren Davis,Davis,LM++,Drogheda United,Republic of Ireland,SSE Airtricity PD,57,69,47,49,59,25,51,-1
Maurice Dehler,Dehler,GK++,FC Ingolstadt 04,Germany,3. Liga,57,60,55,52,59,25,55,-1
Aodh Dervin,Dervin,CM++,Dundalk,Republic of Ireland,SSE Airtricity PD,57,60,50,53,59,55,65,-1
Marcus Dinanga,Dinanga,ST++,Bromley FC,England,EFL League Two,57,71,56,43,57,19,55,-1
Alouis Diriken,Diriken,CB++,STVV,Belgium,1A Pro League,57,41,22,38,47,58,57,-1
Regan Donelon,Donelon,LB++,Galway United,Republic of Ireland,SSE Airtricity PD,57,68,35,54,54,52,56,-1
Romelle Donovan,Donovan,RM++,Birmingham City,England,EFL League One,57,79,46,49,64,29,45,-1
Jacob Dowse,Dowse,LM++,Newcastle Jets,Australia,A-League,57,65,54,58,55,44,65,-1
Marc Niclas Dühring,Dühring,LB++,FC Ingolstadt 04,Germany,3. Liga,57,68,37,50,49,52,53,-1
Yaya Dukuly,Dukuly,LM++,Adelaide United,Australia,A-League,57,85,45,47,61,31,54,-1
Luke Duzel,Duzel,CM++,Adelaide United,Australia,A-League,57,66,49,58,59,48,62,-1
Hayrullah Erkip,Erkip,LM++,Kayserispor,Türkiye,Trendyol Süper Lig,57,63,56,54,60,34,44,-1
Aaron Essel,Essel,CDM++,St. Johnstone,Ghana,cinch Prem,57,66,43,48,54,55,68,-1
Ahmad Faqa,Faqa,CB++,AIK,Syria,Allsvenskan,57,56,48,39,55,56,66,-1
Zack Farnsworth,Farnsworth,LB++,Real Salt Lake,United States,MLS,57,74,30,41,52,56,60,-1
Bobby Faulkner,Faulkner,CB++,Dundalk,England,SSE Airtricity PD,57,68,27,33,41,56,67,-1
Josh Feeney,Feeney,CB++,Shrewsbury,England,EFL League One,57,53,31,42,41,58,57,-1
Justin Ferizaj,Ferizaj,CM++,Frosinone,Republic of Ireland,Serie BKT,57,66,50,55,59,49,55,-1
Alexander Fesshaie,Fesshaie,ST++,AIK,Sweden,Allsvenskan,57,75,55,50,63,25,52,-1
Robert Filip,Filip,CM++,CFR 1907 Cluj,Romania,SUPERLIGA,57,67,50,57,56,49,64,-1
Elio Nicolas Firmino,Nick Firmino,CAM++,Atlanta United,Brazil,MLS,57,59,48,54,61,35,49,-1
Ajani Fortune,Fortune,CM++,Atlanta United,Trinidad and Tobago,MLS,57,62,42,55,54,43,55,-1
Franciszek Franczak,Franczak,RM++,St. Johnstone,Poland,cinch Prem,57,71,48,53,62,45,42,-1
Robbie Fraser,Fraser,LB++,Rangers,Scotland,cinch Prem,57,72,37,48,55,55,56,-1
Miguel Freckleton,Freckleton,CB++,Swindon Town,England,EFL League Two,57,71,30,40,41,57,69,-1
Malcolm Fry,Fry,RW++,New England,United States,MLS,57,65,57,53,58,27,56,-1
Ramiro Nahuel García,García,GK++,Defensa,Argentina,Sudamericana,57,56,56,49,60,27,54,-1
Juan José Giménez,Giménez,RM++,S. Ameliano,Paraguay,Sudamericana,57,72,49,51,61,27,49,-1
Tim Goller,Goller,GK++,Hertha Berlin,Germany,Bundesliga 2,57,58,59,55,57,21,57,-1
Thomas González,González,CB++,Cerro Largo,Uruguay,Sudamericana,57,58,48,46,51,58,60,-1
Chafik Gourichy,Gourichy,CAM++,Saarbrücken,France,3. Liga,57,84,50,51,65,40,44,-1
Lukas Graf,Graf,CB++,Grazer AK,Austria,Ö. Bundesliga,57,54,49,50,51,57,56,-1
Seán Grehan,Grehan,CB++,Crystal Palace,Republic of Ireland,Premier League,57,57,24,43,49,57,61,-1
Aaron Gurd,Gurd,CB++,Sydney FC,Australia,A-League,57,48,29,37,41,56,66,-1
Tyler Hall,Hall,CB++,Inter Miami CF,United States,MLS,57,61,28,53,56,58,52,-1
Victor Emanuel Halvorsen,Halvorsen,CM++,Sarpsborg 08,Norway,Eliteserien,57,57,50,54,57,55,60,-1
Rinto Hanashiro,Hanashiro,CAM++,VfB Stuttgart II,Japan,3. Liga,57,67,49,52,62,33,44,-1
Kayden Harrack,Harrack,CB++,Morecambe,England,EFL League Two,57,66,27,41,45,55,69,-1
Calvin Harris,Harris,LM++,Colorado Rapids,England,MLS,57,67,54,48,60,33,56,-1
Fenton Heard,Heard,CAM++,West Brom,England,EFL Championship,57,72,51,57,60,42,53,-1
Fabian Heck,Heck,GK++,Kaiserslautern,Luxembourg,Bundesliga 2,57,58,58,59,57,25,56,-1
Luke Heeney,Heeney,RB++,Drogheda United,Republic of Ireland,SSE Airtricity PD,57,65,27,51,51,54,62,-1
Malik Henry-Scott,Henry-Scott,ST++,FC Dallas,United States,MLS,57,59,57,44,57,36,54,-1
Selmin Hodza,Hodza,RM++,FC Zürich,Switzerland,CSSL,57,64,47,54,57,52,49,-1
Elias Höftmann,Höftmann,GK++,Hansa Rostock,Germany,3. Liga,57,59,57,56,59,26,55,-1
Lucas Høgsberg,Høgsberg,RB++,FC Nordsjælland,Denmark,3F Superliga,57,71,25,44,58,51,58,-1
Matúš Holíček,Holíček,LM++,Crewe Alexandra,Slovakia,EFL League Two,57,74,47,50,60,31,53,-1
Colm Horgan,Horgan,RB++,Galway United,Republic of Ireland,SSE Airtricity PD,57,62,31,54,55,53,61,-1
Isaac Hughes,Hughes,CB++,Well. Phoenix,New Zealand,A-League,57,59,39,49,49,57,64,-1
Luka Hujber,Hujber,RB++,Vejle Boldklub,Croatia,3F Superliga,57,64,38,52,55,52,58,-1
Andrin Hunziker,Hunziker,ST++,Karlsruher SC,Switzerland,Bundesliga 2,57,63,54,38,47,25,66,-1
Sung Min Hwang,Hwang Sung Min,GK++,FC Seoul,Korea Republic,K League 1,57,57,58,58,55,39,60,-1
Bradley Ihionvien,Ihionvien,ST++,Colchester,England,EFL League Two,57,80,55,42,53,24,68,-1
Filip Ilie,Ilie,ST++,Unirea Slobozia,Romania,SUPERLIGA,57,75,56,40,59,19,51,-1
David Jaunegg,Jaunegg,RB++,WSG Tirol,Austria,Ö. Bundesliga,57,60,39,47,56,56,61,-1
Cole Jensen,Jensen,GK++,Inter Miami CF,United States,MLS,57,60,60,60,58,20,59,-1
Zilei Jiang,Jiang Zilei,RM++,Nantong Zhiyun FC,China PR,CSL,57,75,48,49,60,39,59,-1
Simon Joachims,Joachims,RM++,1. FC Nürnberg,Germany,Bundesliga 2,57,69,50,53,53,30,53,-1
Daniel Job,Job,RM++,Sarpsborg 08,Nigeria,Eliteserien,57,78,48,49,57,25,54,-1
Arkell Jude-Boyd,Jude-Boyd,RB++,Cheltenham Town,England,EFL League Two,57,74,44,50,56,52,57,-1
San Jung,Jung San,GK++,Daejeon Citizen,Korea Republic,K League 1,57,56,56,58,55,44,56,-1
Han Min Jung,Jung Han Min,LM++,Gangwon FC,Korea Republic,K League 1,57,68,59,45,59,27,57,-1
Robin Kalem,Kalem,RM++,Hannover 96 II,Germany,3. Liga,57,73,52,52,58,27,53,-1
Robert Kampa,Kampa,GK++,1. FC Magdeburg,Germany,Bundesliga 2,57,57,57,54,57,21,56,-1
Jardell Kanga,Kanga,CAM++,Hammarby IF,Sweden,Allsvenskan,57,69,53,55,59,32,56,-1
Eren Karaağaç,Karaağaç,LB++,Başakşehir,Türkiye,Trendyol Süper Lig,57,66,37,49,60,54,51,-1
İlker Karakaş,Karakaş,ST++,Gaziantep,Türkiye,Trendyol Süper Lig,57,57,58,43,51,25,68,-1
Cian Kavanagh,Kavanagh,ST++,St. Pats,Republic of Ireland,SSE Airtricity PD,57,64,54,50,54,25,67,-1
Brandon Khela,Khela,CAM++,Birmingham City,England,EFL League One,57,60,48,57,58,47,55,-1
Evan Khouri,Khouri,CDM++,Grimsby Town,England,EFL League Two,57,72,44,53,57,53,61,-1
Kasper Kiilerich,Kiilerich,GK++,Viborg FF,Denmark,3F Superliga,57,58,55,52,57,23,59,-1
Yakup Arda Kılıç,Kılıç,LW++,Beşiktaş,Türkiye,Trendyol Süper Lig,57,72,52,48,63,28,53,-1
Dong Jin Kim,Kim Dong Jin,CM++,Pohang Steelers,Korea Republic,K League 1,57,49,48,54,57,54,60,-1
Maxwell Kinsey,Kinsey,CB++,AFC Bournemouth,England,Premier League,57,60,30,38,41,57,65,-1
James Abankwah,Abankwah,CB++,Udinese,Republic of Ireland,Serie A TIM,57,66,29,44,53,55,67,-1
Hamza Abdallah,Abdallah,RB++,Lausanne-Sport,France,CSSL,57,62,35,43,52,54,51,-1
Nabil Aberdin,Aberdin,CB++,Getafe CF,France,LALIGA EA SPORTS,57,53,25,44,40,59,59,-1
Desmond Acquah,Acquah,CAM++,FCV Dender EH,Belgium,1A Pro League,57,66,49,55,57,39,44,-1
Nino Adom-Malaki,Adom-Malaki,LB++,Millwall,England,EFL Championship,57,80,35,46,52,52,55,-1
Stephen Afrifa,Afrifa,ST++,Sporting KC,Canada,MLS,57,73,58,40,58,18,51,-1
Jeremy Agbonifo,Agbonifo,LW++,BK Häcken,Sweden,Allsvenskan,57,71,53,54,58,26,57,-1
Yannick Agnero,Agnero,ST++,Halmstads BK,Côte d'Ivoire,Allsvenskan,57,72,54,45,61,19,52,-1
Hamza Yiğit Akman,Akman,CM++,Sønderjyske,Türkiye,3F Superliga,57,73,51,55,70,47,41,-1
Zaid Al Bawardi,Al Bawardi,GK++,Al Riyadh,Saudi Arabia,ROSHN Saudi League,57,60,58,61,55,28,56,-1
Hisham Al Dubais,Al Dubais,ST++,Al Khaleej,Saudi Arabia,ROSHN Saudi League,57,69,56,43,55,22,55,-1
Yahya Al Najai,Al Najai,RM++,Al Wehda,Saudi Arabia,ROSHN Saudi League,57,78,51,51,58,28,53,-1
Meshari Al Nemer,Al Nemer,ST++,Al Nassr,Saudi Arabia,ROSHN Saudi League,57,71,52,39,54,20,58,-1
Mubarak Al Rajih,Al Rajih,CB++,Al Raed,Saudi Arabia,ROSHN Saudi League,57,65,23,36,37,57,68,-1
Mohammed Al Saeed,Al Saeed,LB++,Al Okhdood,Saudi Arabia,ROSHN Saudi League,57,70,42,56,58,50,55,-1
Farha Al Shamrani,Al Shamrani,CM++,Al Ittihad,Saudi Arabia,ROSHN Saudi League,57,66,42,54,59,53,52,-1
Abdihakin Ali,Ali,CM++,AIK,Sweden,Allsvenskan,57,64,47,53,61,48,50,-1
Oliver Amby,Amby,CDM++,Vejle Boldklub,Denmark,3F Superliga,57,66,41,54,51,56,55,-1
Victor Andersson,Andersson,LM++,AIK,Sweden,Allsvenskan,57,74,50,53,63,23,34,-1
Kai Andrews,Andrews,CM++,Coventry City,Wales,EFL Championship,57,74,56,54,58,54,59,-1
Cameron Antwi,Antwi,CDM++,Newport County,England,EFL League Two,57,63,37,51,57,54,62,-1
Charles Yaw Appiah,Appiah,RW++,Apoel FC,Ghana,Liga Cyprus,57,72,50,50,62,25,47,-1
Leonardo Arana,Arana,LW++,Universitario,Bolivia,Sudamericana,57,71,48,49,62,31,47,-1
Isaac Asante,Asante,CAM++,KV Mechelen,Ghana,1A Pro League,57,70,48,49,64,32,49,-1
Siaka Bakayoko,Bakayoko,CB++,Amiens SC,France,Ligue 2 BKT,57,61,29,41,48,58,55,-1
Alama Bayo,Bayo,RW++,Cercle Brugge,Belgium,1A Pro League,57,69,50,43,65,25,44,-1
Vitalie Becker,Becker,LB++,FC Schalke 04,Germany,Bundesliga 2,57,61,42,50,53,54,55,-1
Matt Bersano,Bersano,GK++,Austin FC,United States,MLS,57,60,51,60,58,23,54,-1
Hosine Bility,Bility,CB++,Brisbane Roar,Australia,A-League,57,56,25,36,41,53,69,-1
Israel Boatwright,Boatwright,RB++,Inter Miami CF,Dominican Republic,MLS,57,70,22,33,62,55,50,-1
Valentin Borcea,Borcea,CAM++,UTA Arad,Romania,SUPERLIGA,57,68,51,50,58,43,57,-1
Vincent Borden,Borden,CDM++,Galway United,United States,SSE Airtricity PD,57,59,24,42,48,58,61,-1
Federico Brancolini,Brancolini,GK++,Empoli,Italy,Serie A TIM,57,53,59,64,56,25,60,-1
Gabriel Breeze,Breeze,GK++,Carlisle United,England,EFL League Two,57,56,56,55,58,25,55,-1
Ryan Brennan,Brennan,CM++,Drogheda United,Republic of Ireland,SSE Airtricity PD,57,43,57,56,56,53,61,-1
Nathan Broome,Broome,GK++,Swansea City,England,EFL Championship,57,56,58,57,58,36,54,-1
Daniel Bunk,Bunk,CAM++,Düsseldorf,Germany,Bundesliga 2,57,63,44,57,61,33,33,-1
Cian Byrne,Byrne,CB++,Bohemian FC,Republic of Ireland,SSE Airtricity PD,57,53,30,41,45,57,63,-1
Brandon Cambridge,Cambridge,CM++,Charlotte FC,United States,MLS,57,67,35,54,61,49,59,-1
Jessel Carneiro,Carneiro,LB++,Bengaluru FC,India,Hero ISL,57,68,33,51,54,52,62,-1
Matty Carson,Carson,LB++,Grimsby Town,England,EFL League Two,57,64,44,53,53,52,55,-1
Theo Chapman,Chapman,CAM++,Barnsley,England,EFL League One,57,75,52,53,60,33,48,-1
Jie Chen,Chen Jie,CDM++,Meizhou Hakka,China PR,CSL,57,55,43,49,56,56,72,-1
Juri Kirchmayr,Kirchmayr,GK++,Grazer AK,Austria,Ö. Bundesliga,57,61,53,55,60,28,53,-1
Aki Koch,Koch,GK++,Karlsruher SC,Germany,Bundesliga 2,57,60,56,59,62,23,57,-1
Samuel Kotto,Kotto,CB++,IFK Värnamo,Cameroon,Allsvenskan,57,69,35,43,42,51,78,-1
Marcel Krajewski,Krajewski,RM++,Widzew Łódź,Poland,PKO BP Ekstraklasa,57,66,45,51,58,50,56,-1
Erik Krantz,Krantz,GK++,GAIS,Sweden,Allsvenskan,57,59,57,56,57,25,59,-1
Jonas Kühn,Kühn,LB++,Austria Klagenfurt,Germany,Ö. Bundesliga,57,71,34,46,52,52,57,-1
Jerry Lalrinzuala,Lalrinzuala,LB++,Odisha FC,India,Hero ISL,57,71,41,49,53,50,66,-1
Bas Langenbick,Langenbick,GK++,Cercle Brugge,Belgium,1A Pro League,57,62,57,55,61,21,53,-1
Oliver Larraz,Larraz,CDM++,Colorado Rapids,United States,MLS,57,57,42,54,60,52,50,-1
Julian Larsson,Larsson,ST++,Burton Albion,Sweden,EFL League One,57,73,53,45,59,22,50,-1
Jun Seo Lee,Lee Jun Seo,GK++,Daejeon Citizen,Korea Republic,K League 1,57,59,54,54,58,29,55,-1
Paul Lehmann,Lehmann,CB++,Dynamo Dresden,Germany,3. Liga,57,51,36,45,43,56,64,-1
Wenjie Lei,Lei Wenjie,LW++,Qingdao W. Coast,China PR,CSL,57,71,51,50,59,27,64,-1
Lewis Leigh,Leigh,CM++,Bromley FC,England,EFL League Two,57,64,41,56,61,52,50,-1
Alexander Leuthard,Leuthard,LM++,Unterhaching,Germany,3. Liga,57,70,45,55,57,31,49,-1
Huayang Li,Li Huayang,GK++,Nantong Zhiyun FC,China PR,CSL,57,58,56,55,56,54,54,-1
Yixin Liu,Liu Yixin,LB++,Henan SSLM FC,China PR,CSL,57,57,29,41,42,57,55,-1
Filip Luberecki,Luberecki,LB++,Motor Lublin,Poland,PKO BP Ekstraklasa,57,74,24,41,53,54,56,-1
Pablo Luján,Luján,RM++,Universitario,Bolivia,Sudamericana,57,73,46,52,56,41,51,-1
Panashe Madanha,Madanha,RB++,Adelaide United,Australia,A-League,57,84,50,50,58,48,71,-1
Ander Madariaga Susaeta,Mada,CAM++,SD Eibar,Spain,LALIGA HYPERMOTION,57,58,44,64,60,47,50,-1
Robbie Mahon,Mahon,LM++,Dundalk,Republic of Ireland,SSE Airtricity PD,57,66,53,48,58,24,42,-1
Jovon Makama,Makama,ST++,Lincoln City,England,EFL League One,57,64,56,41,54,26,67,-1
Robin Mantel,Mantel,GK++,Heracles Almelo,Belgium,Eredivisie,57,56,58,55,63,24,56,-1
Stefano Marino,Marino,ST++,Karlsruher SC,Italy,Bundesliga 2,57,63,57,40,55,18,58,-1
Filip Marschall,Marschall,GK++,Crewe Alexandra,England,EFL League Two,57,58,55,60,59,20,55,-1
Aiden Marsh,Marsh,ST++,Barnsley,England,EFL League One,57,70,55,40,55,21,45,-1
Dario Marzino,Marzino,GK++,BSC Young Boys,Switzerland,CSSL,57,63,52,53,60,47,53,-1
Boris Matić,Matić,RB++,Wolfsberger AC,Serbia,Ö. Bundesliga,57,69,27,35,54,55,51,-1
Scott McGill,McGill,CM++,Dundalk,Scotland,SSE Airtricity PD,57,71,47,56,59,52,56,-1
Cole McKinnon,McKinnon,CM++,Rangers,Scotland,cinch Prem,57,69,54,54,58,53,63,-1
Brian McManus,McManus,CM++,Bohemian FC,Republic of Ireland,SSE Airtricity PD,57,54,50,56,58,53,59,-1
Dean McMenamy,McMenamy,CM++,Waterford,Republic of Ireland,SSE Airtricity PD,57,65,49,54,56,54,65,-1
Jayden Meghoma,Meghoma,LB++,Southampton,England,Premier League,57,75,36,48,56,51,56,-1
Jasper Meijster,Meijster,GK++,FC Groningen,Netherlands,Eredivisie,57,55,57,60,56,21,57,-1
Juliën Mesbahi,Mesbahi,CB++,FC Twente,Netherlands,Eredivisie,57,59,33,34,42,59,55,-1
Zoran Mitrov,Mitrov,CAM++,FC Botoșani,Romania,SUPERLIGA,57,73,52,53,60,37,50,-1
Fabian Monge,Monge,CDM++,Melb. Victory,Australia,A-League,57,74,48,51,61,54,56,-1
John Montaño,Montaño,RW++,Indep. Medellín,Colombia,Sudamericana,57,67,48,47,62,19,42,-1
Santiago Morales,Morales,CAM++,Inter Miami CF,United States,MLS,57,64,43,55,60,35,45,-1
John Mountney,Mountney,RB++,Dundalk,Republic of Ireland,SSE Airtricity PD,57,42,55,61,58,55,62,-1
Nebijan Moxmet,Moxmet Nebijan,LB++,Beijing Guoan,China PR,CSL,57,61,36,51,57,57,53,-1
Jacob Murrell,Murrell,ST++,D.C. United,United States,MLS,57,49,55,39,55,24,63,-1
Zack Nelson,Nelson,ST++,Luton Town,England,EFL Championship,57,69,57,48,57,23,50,-1
Levy Nene,Nene,ST++,FC Nordsjælland,Ghana,3F Superliga,57,79,54,45,59,18,51,-1
Villads Nielsen,Nielsen,CB++,FK Bodø/Glimt,Denmark,Eliteserien,57,61,36,47,50,56,62,-1
Toma Niga,Niga,GK++,Politehnica Iași,Romania,SUPERLIGA,57,56,55,56,59,27,53,-1
Ivan Nikolov,Nikolov,CM++,Sønderjyske,North Macedonia,3F Superliga,57,68,38,56,63,49,61,-1
Blondy Nna Noukeu,Nna Noukeu,GK++,Sunderland,Cameroon,EFL Championship,57,59,55,55,64,17,53,-1
Conan Noonan,Noonan,CM++,Shamrock Rovers,Republic of Ireland,SSE Airtricity PD,57,65,49,60,58,50,51,-1
Musah Nuhu,Nuhu,CB++,FC St. Gallen,Ghana,CSSL,57,38,28,38,41,56,70,-1
Mark O'Mahony,O'Mahony,ST++,Brighton,Republic of Ireland,Premier League,57,67,59,46,55,23,63,-1
Henry Offia,Offia,ST++,Västerås SK,Nigeria,Allsvenskan,57,84,53,49,61,24,56,-1
Junior Ogedi-Uzokwe,Ogedi-Uzokwe,ST++,Galway United,England,SSE Airtricity PD,57,81,56,50,57,35,56,-1
Habeeb Ogunneye,Ogunneye,RB++,Manchester Utd,England,Premier League,57,73,29,51,62,53,53,-1
Krystian Okoniewski,Okoniewski,ST++,Radomiak Radom,Poland,PKO BP Ekstraklasa,57,68,56,39,55,25,57,-1
Nathan Ordaz,Ordaz,ST++,LAFC,Mexico,MLS,57,64,61,40,60,20,46,-1
Emir Ortakaya,Ortakaya,CB++,KVC Westerlo,Türkiye,1A Pro League,57,52,37,48,53,59,55,-1
Trent Ostler,Ostler,RM++,Perth Glory,Australia,A-League,57,64,55,51,58,50,58,-1
Ștefan Pacionel,Pacionel,CM++,Unirea Slobozia,Romania,SUPERLIGA,57,66,50,55,61,51,58,-1
Ishan Pandita,Pandita,ST++,Kerala Blasters,India,Hero ISL,57,66,57,48,55,23,60,-1
Yong Hui Park,Park Yong Hui,RW++,Daegu FC,Korea Republic,K League 1,57,69,49,44,60,32,59,-1
Sam Parker,Parker,RB++,Swansea City,Wales,EFL Championship,57,70,37,48,54,53,62,-1
Ben Parkinson,Parkinson,RW++,Newcastle Utd,England,Premier League,57,73,57,50,58,31,54,-1
Nathan Paull,Paull,CB++,Central Coast,Australia,A-League,57,66,30,38,40,56,68,-1
Harry Pell,Pell,CM++,Cheltenham Town,England,EFL League Two,57,47,58,58,54,55,71,-1
Frantz Pierrot,Pierrot,ST++,Drogheda United,Haiti,SSE Airtricity PD,57,62,58,43,52,26,64,-1
Kacper Pietrzyk,Pietrzyk,ST++,GKS Katowice,Poland,PKO BP Ekstraklasa,57,69,57,42,57,27,61,-1
Paul Piffer,Piffer,GK++,SCR Altach,Austria,Ö. Bundesliga,57,59,52,52,60,23,55,-1
Nikhil Poojary,Poojary,RB++,Bengaluru FC,India,Hero ISL,57,70,49,49,56,50,64,-1
Ionuț Pop,Pop,GK++,FC Hermannstadt,Romania,SUPERLIGA,57,55,55,56,59,28,55,-1
Finley Potter,Potter,CB++,Fleetwood Town,England,EFL League Two,57,60,25,36,42,55,67,-1
Rahul Praveen,Praveen,RM++,Kerala Blasters,India,Hero ISL,57,89,52,46,58,37,52,-1
Majed Qasheesh,Qasheesh,LB++,Al Nassr,Saudi Arabia,ROSHN Saudi League,57,77,26,42,52,52,49,-1
Andrew Quinn,Quinn,CB++,Drogheda United,Republic of Ireland,SSE Airtricity PD,57,55,26,46,48,56,63,-1
Stefan Radosavljevic,Radosavljevic,LM++,Sligo Rovers,Faroe Islands,SSE Airtricity PD,57,75,55,48,57,28,70,-1
Vinit Rai,Rai,CDM++,Punjab FC,India,Hero ISL,57,49,53,54,50,53,70,-1
Kiban Rai,Rai,CAM++,Newport County,Wales,EFL League Two,57,79,52,54,60,42,45,-1
Gustavo Ramos,Ramos,CB++,Dep. Garcilaso,Peru,Sudamericana,57,50,24,47,35,59,59,-1
Emiliano Ramos,Ramos,ST++,Everton,Chile,Sudamericana,57,79,54,46,57,21,57,-1
Khaled Razak,Razak,RW++,Willem II,Netherlands,Eredivisie,57,76,53,51,59,30,41,-1
Lucciano Reinoso,Reinoso,ST++,Caracas F.C.,Venezuela,Libertadores,57,65,56,43,56,20,57,-1
Filip Rejczyk,Rejczyk,CM++,Śląsk Wrocław,Poland,PKO BP Ekstraklasa,57,64,46,56,52,53,68,-1
Leon Robinson,Robinson,CB++,Kaiserslautern,Germany,Bundesliga 2,57,60,30,49,36,58,65,-1
Javier Rodríguez Galiano,Javi Rodríguez,RB++,RC Celta,Spain,LALIGA EA SPORTS,57,59,28,43,50,55,56,-1
Benjamin Rosenberger,Rosenberger,RM++,Grazer AK,Austria,Ö. Bundesliga,57,67,41,54,57,48,57,-1
Paul Rothrock,Rothrock,RM++,Sounders FC,United States,MLS,57,68,46,53,57,29,53,-1
Pim Saathof,Saathof,CB++,Go Ahead Eagles,Netherlands,Eredivisie,57,57,47,52,60,58,50,-1
Joseph Sabobo Banda,Sabobo Banda,LW++,FC Zürich,Zambia,CSSL,57,74,55,51,61,37,41,-1
Dominic Sadi,Sadi,LM++,Carlisle United,England,EFL League Two,57,68,56,52,60,31,49,-1
Ángel Sánchez Chávez,Sánchez Chávez,GK++,S. Ameliano,Paraguay,Sudamericana,57,59,51,55,57,27,60,-1
Lauge Sandgrav,Sandgrav,CM++,Lyngby BK,Denmark,3F Superliga,57,60,54,55,58,51,49,-1
Zac Sapsford,Sapsford,ST++,WS Wanderers,Australia,A-League,57,78,54,46,61,32,55,-1
Malik Sawadogo,Sawadogo,LB++,Servette FC,Switzerland,CSSL,57,74,29,50,61,50,41,-1
Franco Schädlich,Schädlich,RB++,FC Erzgebirge Aue,Germany,3. Liga,57,68,46,48,56,58,59,-1
Marcelo Pitaluga,Marcelo Pitaluga,GK++,Liverpool,Brazil,Premier League,57,60,50,48,64,34,56,-1
Arkell Jude-Boyd,Jude-Boyd,RB++,Cheltenham Town,St. Lucia,EFL League Two,57,74,44,50,56,52,57,-1
Stefano Marino,Marino,ST++,Hannover 96 II,Italy,3. Liga,57,63,57,40,55,18,58,-1
Bradley Ihionvien,Ihionvien,ST++,Peterborough,England,EFL League One,57,80,55,42,53,24,68,-1
Krystian Okoniewski,Okoniewski,ST++,Puszcza,Poland,PKO BP Ekstraklasa,57,68,56,39,55,25,57,-1
Mark O'Mahony,O'Mahony,ST++,Portsmouth,Republic of Ireland,EFL Championship,57,67,59,46,55,23,63,-1
Meshari Al Nemer,Al Nemer,ST++,Damac FC,Saudi Arabia,ROSHN Saudi League,57,71,52,39,54,20,58,-1
Farha Al Shamrani,Al Shamrani,CM++,Al Kholood,Saudi Arabia,ROSHN Saudi League,57,66,42,54,59,53,52,-1
Romelle Donovan,Donovan,RM++,Burton Albion,England,EFL League One,57,79,46,49,64,29,45,-1
Jayden Meghoma,Meghoma,LB++,Brentford,England,Premier League,57,75,36,48,56,51,56,-1
Edwin Sydney Vanspaul,Vanspaul,RB++,Chennaiyin FC,India,Hero ISL,57,66,37,51,56,49,72,-1
Kayden Harrack,Harrack,CB++,Morecambe,Grenada,EFL League Two,57,66,27,41,45,55,69,-1
Levy Nene,Nene,ST++,FC Nordsjælland,Mali,3F Superliga,57,79,54,45,59,18,51,-1
John Mountney,Mountney,RB++,Bohemian FC,Republic of Ireland,SSE Airtricity PD,57,42,55,61,58,55,62,-1
Cian Kavanagh,Kavanagh,ST++,Sligo Rovers,Republic of Ireland,SSE Airtricity PD,57,64,54,50,54,25,67,-1
Bobby Faulkner,Faulkner,CB++,Doncaster,England,EFL League Two,57,68,27,33,41,56,67,-1
Sung Min Hwang,Hwang Sung Min,GK++,Incheon United,Korea Republic,K League 1,57,57,58,58,55,39,60,-1
Wenjie Lei,Lei Wenjie,LW++,Shanghai Port,China PR,CSL,57,71,51,50,59,27,64,-1
Qinghao Xue,Xue Qinghao,GK++,Shanghai Shenhua,China PR,CSL,57,58,57,55,58,20,58,-1
Wei Zhang,Zhang Wei,ST++,Tianjin JMT FC,China PR,CSL,57,54,53,46,56,44,66,-1
Han Min Jung,Jung Han Min,LM++,FC Seoul,Korea Republic,K League 1,57,68,59,45,59,27,57,-1
Minghim Sun,Sun Minghim,LB++,Tianjin JMT FC,Hong Kong,CSL,57,59,49,47,59,53,49,-1
Brandon Khela,Khela,CAM++,Bradford City,England,EFL League Two,57,60,48,57,58,47,55,-1
Rahul Praveen,Praveen,RM++,Odisha FC,India,Hero ISL,57,89,52,46,58,37,52,-1
Hisham Al Dubais,Al Dubais,ST++,Al Shabab,Saudi Arabia,ROSHN Saudi League,57,69,56,43,55,22,55,-1
Samuel Kotto,Kotto,CB++,Malmö FF,Cameroon,Allsvenskan,57,69,35,43,42,51,78,-1
Kai Andrews,Andrews,CM++,Motherwell,Wales,cinch Prem,57,74,56,54,58,54,59,-1
Nathan Broome,Broome,GK++,Port Vale,England,EFL League Two,57,56,58,57,58,36,54,-1
James Abankwah,Abankwah,CB++,Watford,Republic of Ireland,EFL Championship,57,66,29,44,53,55,67,-1
Johnson,Johnson,CB++,Notts County,England,EFL League Two,57,60,28,40,52,56,64,-1
Jayden Meghoma,Meghoma,LB++,Preston,England,EFL Championship,57,75,36,48,56,51,56,-1
Junchen Zhou,Zhou Junchen,LM++,Changchun Yatai,China PR,CSL,57,79,49,47,59,23,50,-1
Jeremy Agbonifo,Agbonifo,LW++,RC Lens,Sweden,Ligue 1 Uber Eats,57,71,53,54,58,26,57,-1
Roaldsøy,,CM++,HamKam Fotball,Norway,Eliteserien,57,63,48,56,58,54,63,-1
Samuel Kotto,Kotto,CB++,KAA Gent,Cameroon,1A Pro League,57,69,35,43,42,51,78,-1
Hamza Yigit Akman,Akman,CM++,Eyüpspor,Türkiye,Trendyol Süper Lig,57,73,51,55,70,47,41,-1
Qinhan Sun,Sun Qinhan,RB++,Changchun Yatai,China PR,CSL,57,67,34,44,58,52,57,-1
Xuchen Yao,Yao Xuchen,RM++,Changchun Yatai,China PR,CSL,57,64,46,52,58,42,54,-1
Oskar van Hattum,van Hattum,RW++,Sligo Rovers,New Zealand,SSE Airtricity PD,57,79,53,48,58,39,65,-1
Tom Davies,Davies,LB++,Newport County,Wales,EFL League Two,57,73,39,54,55,50,54,-1
Yong Hui Park,Park Yong Hui,RW++,Suwon FC,Korea Republic,K League 1,57,69,49,44,60,32,59,-1
Dominic Sadi,Sadi,LM++,AFC Bournemouth,England,Premier League,57,68,56,52,60,31,49,-1
Emir Ortakaya,Ortakaya,CB++,K. Beerschot VA,Türkiye,1A Pro League,57,52,37,48,53,59,55,-1
Fan Yang,Yang Fan,CB++,Tianjin JMT FC,China PR,CSL,57,61,31,50,57,57,63,-1
Elias Aarflot,Aarflot,ST++,Tromsø IL,Norway,Eliteserien,56,73,55,39,55,19,50,-1
Behram Abduweli,Behram Abduweli,ST++,SZ Peng City,China PR,CSL,56,71,56,43,58,19,52,-1
Haliq Ablahan,Ablahan,CM++,Wuhan 3 Towns,China PR,CSL,56,69,42,54,62,47,63,-1
Hassan Abu Sharara,Abu Sharara,CAM++,Damac FC,Saudi Arabia,ROSHN Saudi League,56,69,43,55,61,27,37,-1
Jordan Adebayo-Smith,Adebayo-Smith,ST++,Minnesota United,United States,MLS,56,80,55,46,57,24,53,-1
Joseph Adjei,Adjei,CB++,Mohammedan SC,Ghana,Hero ISL,56,61,38,34,45,57,64,-1
Thamer Al Ali,Al Ali,LM++,Al Wehda,Saudi Arabia,ROSHN Saudi League,56,76,52,48,58,25,51,-1
Firas Al Ghamdi,Al Ghamdi,RM++,Al Raed,Saudi Arabia,ROSHN Saudi League,56,73,48,51,54,48,55,-1
Ziad Al Haniti,Al Haniti,CB++,Al Orobah,Saudi Arabia,ROSHN Saudi League,56,47,24,34,30,58,59,-1
Othman Al Othman,Al Othman,RW++,Al Fateh,Saudi Arabia,ROSHN Saudi League,56,78,46,47,58,19,37,-1
Abdulrahman Al Shammari,Al Shammari,GK++,Al Riyadh,Saudi Arabia,ROSHN Saudi League,56,57,56,54,56,41,53,-1
Mohammed Al Yami,Al Yami,CDM++,Al Shabab,Saudi Arabia,ROSHN Saudi League,56,70,33,45,51,56,68,-1
Awet Ermias Alemseged,Alemseged,RW++,Kristiansund BK,Norway,Eliteserien,56,66,59,48,57,25,44,-1
José Alipaz,Alipaz,LM++,Universitario,Bolivia,Sudamericana,56,72,48,52,55,46,55,-1
Mohammad Alsalkhadi,Alsalkhadi,RW++,IFK Värnamo,Sweden,Allsvenskan,56,67,53,53,58,24,49,-1
Casper Glenna Andersen,Andersen,RB++,Odds BK,Norway,Eliteserien,56,72,43,51,61,48,48,-1
David Andersson,Andersson,GK++,IFK Norrköping,Sweden,Allsvenskan,56,57,54,58,58,30,55,-1
Aske Andresen,Andresen,GK++,Silkeborg IF,Denmark,3F Superliga,56,56,55,55,58,30,56,-1
Yohan Aymon,Aymon,LW++,FC Sion,Switzerland,CSSL,56,62,61,46,60,23,44,-1
Ethem Balcı,Balcı,RW++,Kayserispor,Türkiye,Trendyol Süper Lig,56,69,52,49,61,28,36,-1
Jethren Barr,Barr,GK++,Drogheda United,South Africa,SSE Airtricity PD,56,55,56,61,57,25,55,-1
Niklas Barthel,Barthel,CB++,FC Schalke 04,Germany,Bundesliga 2,56,57,29,41,48,58,58,-1
Jake Batty,Batty,LB++,Blackburn Rovers,England,EFL Championship,56,64,30,48,54,51,54,-1
Zishim Bawa,Bawa,LM++,Drogheda United,Nigeria,SSE Airtricity PD,56,70,53,47,56,22,54,-1
Patrick Beach,Beach,GK++,Melbourne City,Australia,A-League,56,57,53,54,59,31,53,-1
Alfie Bendle,Bendle,CDM++,Colchester,England,EFL League Two,56,62,40,50,59,52,59,-1
Soufiane Benjdida,Benjdida,ST++,Standard Liège,Morocco,1A Pro League,56,71,57,48,57,18,49,-1
Lukas Björklund,Björklund,CM++,Sønderjyske,Sweden,3F Superliga,56,68,45,57,60,37,59,-1
Matthias Köbbing,Köbbing,GK++,1. FC Köln,Germany,Bundesliga 2,56,61,57,52,56,32,51,-1
Jakub Konstantyn,Konstantyn,LM++,Korona Kielce,Poland,PKO BP Ekstraklasa,56,72,57,53,56,24,47,-1
Amet Korça,Korça,CB++,FC Dallas,United States,MLS,56,53,29,44,44,56,62,-1
Igor Kośmicki,Kośmicki,CB++,Korona Kielce,Poland,PKO BP Ekstraklasa,56,49,26,33,38,55,66,-1
David Kubatta,Kubatta,CB++,Dynamo Dresden,Germany,3. Liga,56,54,22,37,31,55,65,-1
Luka Kukić,Kukić,GK++,FC Botoșani,Bosnia and Herzegovina,SUPERLIGA,56,53,57,52,55,24,56,-1
Ritwik Kumar Das,Kumar Das,LM++,Jamshedpur FC,India,Hero ISL,56,67,50,52,55,42,60,-1
Sasha Kuzevski,Kuzevski,RB++,Central Coast,Australia,A-League,56,75,39,46,53,48,61,-1
Pawel Kwiatkowski,Kwiatkowski,CB++,Widzew Łódź,Poland,PKO BP Ekstraklasa,56,63,30,43,53,55,62,-1
Pachuau Laldinpuia,Laldinpuia,CB++,Chennaiyin FC,India,Hero ISL,56,48,36,37,41,57,66,-1
Isaiah LeFlore,LeFlore,LB++,Philadelphia,United States,MLS,56,71,31,41,53,51,54,-1
Anderson Leguizamón,Leguizamón,LM++,Guaraní,Paraguay,Sudamericana,56,69,49,48,62,21,46,-1
Yongjia Li,Li Yongjia,CDM++,Meizhou Hakka,China PR,CSL,56,66,38,55,55,50,54,-1
Franco Lino,Lino,LB++,Viking FK,Australia,Eliteserien,56,86,40,39,49,49,64,-1
Filip Lissah,Lissah,CB++,Swansea City,England,EFL Championship,56,68,37,51,54,55,60,-1
Jiashen Liu,Liu Jiashen,CB++,Qingdao Hainiu,China PR,CSL,56,49,24,25,32,59,73,-1
Yue Liu,Liu Yue,LM++,Wuhan 3 Towns,China PR,CSL,56,76,50,50,56,35,44,-1
Zhenli Liu,Liu Zhenli,GK++,Qingdao Hainiu,China PR,CSL,56,56,58,53,53,43,57,-1
Ben Lomax,Lomax,CB++,Port Vale,England,EFL League Two,56,66,31,45,46,54,63,-1
Andy Lonergan,Lonergan,GK++,Wigan Athletic,England,EFL League One,56,54,58,45,52,33,60,-1
Rubén López Durán,Rubén López,CM++,RC Deportivo,Spain,LALIGA HYPERMOTION,56,62,43,57,57,57,56,-1
Rafael Lubach,Lubach,CM++,1. FC Nürnberg,Germany,Bundesliga 2,56,67,50,56,63,50,57,-1
Ben Lundt,Lundt,GK++,St. Louis CITY SC,Germany,MLS,56,56,55,57,59,45,60,-1
Mohammed Mahzari,Mahzari,CM++,Al Taawoun,Saudi Arabia,ROSHN Saudi League,56,78,42,52,58,49,63,-1
Debjit Majumder,Majumder,GK++,East Bengal,India,Hero ISL,56,58,51,49,60,40,55,-1
Mohammed Marran,Marran,ST++,Al Nassr,Saudi Arabia,ROSHN Saudi League,56,64,56,41,54,20,55,-1
Glan Martins,Martins,CDM++,ATK Mohun Bagan,India,Hero ISL,56,61,48,53,55,50,67,-1
Oğuzhan Matur,Matur,LB++,Hatayspor,Türkiye,Trendyol Süper Lig,56,67,35,45,61,52,43,-1
Michał Matys,Matys,GK++,Zagłębie Lubin,Poland,PKO BP Ekstraklasa,56,58,60,52,57,31,49,-1
Glenn McConnell,McConnell,CAM++,Cambridge Utd,Republic of Ireland,EFL League One,56,60,49,54,58,44,51,-1
Aaron McNally,McNally,LB++,Drogheda United,Republic of Ireland,SSE Airtricity PD,56,71,47,52,60,52,58,-1
Mateusz Mędrala,Mędrala,GK++,Lech Poznań,Poland,PKO BP Ekstraklasa,56,57,57,55,58,28,55,-1
Dermot Mee,Mee,GK++,Manchester Utd,Northern Ireland,Premier League,56,58,53,53,55,33,54,-1
Kanayo Megwa,Megwa,RB++,Hibernian,England,cinch Prem,56,71,36,45,53,52,56,-1
Max Metcalfe,Metcalfe,GK++,Stockport,Scotland,EFL League One,56,59,55,53,58,35,56,-1
Martin Miller,Miller,RB++,Bohemian FC,Estonia,SSE Airtricity PD,56,68,51,57,57,47,47,-1
Diego Mina,Mina,GK++,FC Lugano,Switzerland,CSSL,56,53,56,54,57,29,54,-1
Hazem Mohammed,Mohammed,RM++,Al Ain FC,United Arab Emirates,United Emirates League,56,67,45,52,61,34,61,-1
Thoiba Singh Moirangthem,Moirangthem,CDM++,Odisha FC,India,Hero ISL,56,56,39,47,51,52,72,-1
Francisco Morel,Morel,ST++,Club Nacional,Paraguay,Sudamericana,56,65,53,40,53,26,59,-1
Lorenzo Moretti,Moretti,CB++,Cremonese,Italy,Serie BKT,56,58,25,35,45,56,57,-1
Trey Muse,Muse,GK++,Portland Timbers-Thorns,United States,MLS,56,59,56,53,57,42,59,-1
Mohammed Naif,Naif,LM++,Al Okhdood,Saudi Arabia,ROSHN Saudi League,56,73,49,52,55,31,50,-1
Sivasakthi Narayanan,Narayanan,ST++,Bengaluru FC,India,Hero ISL,56,75,56,48,56,31,46,-1
Maissa Ndiaye,Ndiaye,CB++,Cremonese,Senegal,Serie BKT,56,64,33,36,44,63,44,-1
Jack Neeley,Neeley,CB++,Charlotte FC,United States,MLS,56,58,25,30,36,60,59,-1
Alexander Nilsson,Nilsson,GK++,HamKam Fotball,Sweden,Eliteserien,56,57,56,55,57,26,56,-1
Maurice Nugent,Nugent,CDM++,Galway United,Republic of Ireland,SSE Airtricity PD,56,52,31,45,49,58,64,-1
Félix Nzouango,Nzouango,CB++,K. Beerschot VA,France,1A Pro League,56,62,25,35,30,58,60,-1
Niall O'Keeffe,O'Keeffe,CDM++,Waterford,Republic of Ireland,SSE Airtricity PD,56,63,50,54,56,53,62,-1
Curtis Ofori,Ofori,LB++,Red Bulls,United States,MLS,56,86,27,42,53,47,56,-1
Jakub Ojrzyński,Ojrzyński,GK++,Liverpool,Poland,Premier League,56,56,56,57,60,25,58,-1
Koen Oostenbrink,Oostenbrink,CDM++,Dundalk,Netherlands,SSE Airtricity PD,56,50,42,51,45,55,57,-1
Laurenz Orgler,Orgler,GK++,SK Rapid Wien,Austria,Ö. Bundesliga,56,58,57,59,58,22,56,-1
Matt Orr,Orr,ST++,SZ Peng City,Hong Kong,CSL,56,61,57,39,54,20,61,-1
Mohamed Oukhattou,Oukhattou,CAM++,PEC Zwolle,Netherlands,Eredivisie,56,69,45,50,66,29,38,-1
Timothy Noor Ouma,Ouma,CAM++,IF Elfsborg,Kenya,Allsvenskan,56,75,45,55,56,38,63,-1
Leander Øy,Øy,GK++,Sarpsborg 08,Norway,Eliteserien,56,57,53,54,58,21,55,-1
Emil Özkan,Özkan,CM++,IK Sirius,Sweden,Allsvenskan,56,62,50,53,60,53,52,-1
Chu Young Park,Park Chu Young,ST++,Ulsan Hyundai,Korea Republic,K League 1,56,39,59,60,56,35,51,-1
Kyu Min Park,Park Kyu Min,RM++,Jeonbuk Hyundai,Korea Republic,K League 1,56,66,51,46,59,23,52,-1
Christie Pattisson,Pattisson,RM++,Waterford,England,SSE Airtricity PD,56,65,49,52,58,33,56,-1
Adam Pavlesic,Pavlesic,GK++,Central Coast,Australia,A-League,56,56,57,53,59,30,58,-1
Laurits Raun Pedersen,Pedersen,CM++,Randers FC,Denmark,3F Superliga,56,72,36,57,59,48,57,-1
Adrián Peña,Peña,CAM++,Wilstermann,Bolivia,Sudamericana,56,62,58,58,53,44,53,-1
Jaden Pinas,Pinas,CB++,Almere City FC,Netherlands,Eredivisie,56,61,31,38,46,56,62,-1
Ernesto Pinillos,Pinillos,GK++,ADT,Peru,Sudamericana,56,54,55,57,62,20,50,-1
Alfie Pond,Pond,CB++,Wolves,England,Premier League,56,64,21,33,41,54,65,-1
Kristian Popović,Popović,CDM++,Macarthur FC,Australia,A-League,56,63,43,52,54,52,65,-1
Davide Popșa,Popșa,RB++,Sepsi OSK,Romania,SUPERLIGA,56,62,28,43,48,55,58,-1
James Pradic,Pradic,GK++,Preston,Wales,EFL Championship,56,56,58,50,56,30,55,-1
Dejan Radonjic,Radonjic,CB++,FK Austria Wien,Austria,Ö. Bundesliga,56,61,24,36,36,58,60,-1
Ramhlunchhunga Ramhlunchhunga,Ramhlunchhunga,LM++,Hyderabad FC,India,Hero ISL,56,70,41,51,58,39,45,-1
Jonas Dobloug Rasen,Rasen,RW++,HamKam Fotball,Norway,Eliteserien,56,74,52,50,58,30,52,-1
Peter Remmert,Remmert,ST++,FC Schalke 04,Germany,Bundesliga 2,56,53,55,42,49,26,67,-1
Laldinliana Renthlei,Renthlei,RB++,Odisha FC,India,Hero ISL,56,68,27,41,49,52,70,-1
Jake Richards,Richards,CM++,Exeter City,England,EFL League One,56,72,49,55,58,52,51,-1
Mauro Rodas,Rodas,GK++,S. Trinidense,Paraguay,Sudamericana,56,57,55,52,57,21,54,-1
Yang Ruan,Ruan Yang,RM++,SZ Peng City,China PR,CSL,56,67,54,48,59,35,51,-1
Noah Rupp,Rupp,CM++,Karlsruher SC,Switzerland,Bundesliga 2,56,59,49,58,58,48,50,-1
Mansour Saeed,Saeed,LB++,Al Ain FC,United Arab Emirates,United Emirates League,56,69,32,44,53,52,62,-1
Charles Sagoe Jr,Sagoe Jr,RW++,Shrewsbury,England,EFL League One,56,61,55,53,60,27,35,-1
Rodrigo Sandoval,Sandoval,CB++,Cobresal,Chile,Libertadores,56,59,38,49,48,54,65,-1
Santiago Santacruz,Santacruz,CM++,Indep. Medellín,Colombia,Sudamericana,56,63,43,50,58,45,52,-1
Talha Sarıarslan,Sarıarslan,ST++,Kayserispor,Türkiye,Trendyol Süper Lig,56,45,58,54,58,31,46,-1
Aron Sasu,Sasu,LM++,AFC Wimbledon,Norway,EFL League Two,56,70,47,50,56,33,55,-1
Maarten Schut,Schut,GK++,Willem II,Netherlands,Eredivisie,56,62,54,52,60,25,44,-1
Josh Seary,Seary,RB++,Preston,Republic of Ireland,EFL Championship,56,67,42,52,56,50,57,-1
Hitesh Sharma,Sharma,CM++,Mumbai City FC,India,Hero ISL,56,70,46,53,59,52,63,-1
Ross Sinclair,Sinclair,GK++,St. Johnstone,Scotland,cinch Prem,56,57,54,53,55,24,54,-1
Sandeep Singh,Singh,RB++,Kerala Blasters,India,Hero ISL,56,61,33,42,51,54,67,-1
Boris Singh,Singh,RM++,FC Goa,India,Hero ISL,56,75,46,51,57,49,46,-1
Raf Smekens,Smekens,CM++,KVC Westerlo,Belgium,1A Pro League,56,63,44,51,57,53,43,-1
Shawn Blum,Blum,RW++,Kaiserslautern,Germany,Bundesliga 2,56,74,55,44,61,24,52,-1
Michael Boamah,Boamah,CB++,HJK Helsinki,Finland,Finnliiga,56,69,22,37,47,55,61,-1
Isaac Boehmer,Boehmer,GK++,Whitecaps FC,Canada,MLS,56,58,54,56,53,17,57,-1
Luca Böggemann,Böggemann,GK++,VfL Osnabrück,Germany,3. Liga,56,58,60,52,63,24,50,-1
Tom Booth,Booth,GK++,Crewe Alexandra,England,EFL League Two,56,55,55,54,56,29,54,-1
Arif Boşluk,Boşluk,LB++,Trabzonspor,Türkiye,Trendyol Süper Lig,56,68,36,50,57,53,57,-1
Rhys Bozinovski,Bozinovski,CDM++,Western United,Australia,A-League,56,79,43,50,60,50,57,-1
Keanu Brandt,Brandt,LM++,Hannover 96 II,Germany,3. Liga,56,67,38,52,59,53,48,-1
Alan Bród,Bród,CAM++,GKS Katowice,Poland,PKO BP Ekstraklasa,56,63,43,55,55,28,45,-1
Dajaune Brown,Brown,ST++,Derby County,England,EFL Championship,56,71,54,43,58,19,56,-1
Ryan Burke,Burke,LB++,Waterford,Republic of Ireland,SSE Airtricity PD,56,61,42,54,53,52,59,-1
Tiago Caballero,Caballero,ST++,Club Nacional,Paraguay,Sudamericana,56,55,55,43,57,31,50,-1
Frederik Carstensen,Carstensen,RM++,Sarpsborg 08,Denmark,Eliteserien,56,68,49,51,58,22,43,-1
Yuri Casermeiro,Casermeiro,CB++,Central Córdoba,Argentina,LPF,56,52,22,35,34,55,68,-1
Taylor Charters,Charters,LB++,Carlisle United,England,EFL League Two,56,68,47,55,56,49,64,-1
Carmine Chiappetta,Chiappetta,LM++,FC Winterthur,Switzerland,CSSL,56,73,52,48,59,17,43,-1
Leon Chiwome,Chiwome,ST++,Wolves,England,Premier League,56,78,54,43,53,17,54,-1
Matthew Connor,Connor,GK++,Waterford,Republic of Ireland,SSE Airtricity PD,56,56,57,55,56,24,54,-1
Qi Cui,Cui Qi,CB++,Changchun Yatai,China PR,CSL,56,63,26,36,41,59,65,-1
William Da Rocha,Da Rocha,GK++,KFUM-Kameratene,Norway,Eliteserien,56,57,55,55,59,27,54,-1
Marcus Dackers,Dackers,ST++,Salford City,Wales,EFL League Two,56,54,55,39,49,22,73,-1
Vignesh Dakshinamurthy,Dakshinamurthy,LB++,Chennaiyin FC,India,Hero ISL,56,69,38,47,51,51,55,-1
Jacob Danquah,Danquah,CB++,Hannover 96 II,Germany,3. Liga,56,52,25,34,29,54,68,-1
Kasper Davidsen,Davidsen,CDM++,AaB,Denmark,3F Superliga,56,62,36,48,53,53,54,-1
Ebbe De Vlaeminck,De Vlaeminck,GK++,KV Kortrijk,Belgium,1A Pro League,56,58,57,54,59,19,55,-1
Nevio Di Giusto,Di Giusto,CAM++,FC Zürich,Switzerland,CSSL,56,71,51,54,57,52,43,-1
Charles Divialle,Divialle,CB++,FC Metz,France,Ligue 2 BKT,56,54,34,45,37,57,60,-1
James Dornelly,Dornelly,RB++,Peterborough,England,EFL League One,56,67,34,49,56,50,51,-1
Liam Dulson,Dulson,ST++,Cheltenham Town,England,EFL League Two,56,75,55,35,50,24,69,-1
Bela Dumrath,Dumrath,GK++,FC St. Gallen,Germany,CSSL,56,58,59,56,55,27,53,-1
Hamza El Dahri,El Dahri,CAM++,Sparta Rotterdam,Netherlands,Eredivisie,56,66,43,49,63,32,58,-1
Nouri El Harmazi,El Harmazi,CAM++,RKC Waalwijk,Netherlands,Eredivisie,56,58,49,55,56,48,54,-1
Ziad El Sheiwi,El Sheiwi,LB++,FK Austria Wien,Austria,Ö. Bundesliga,56,74,36,52,64,52,51,-1
Ben Engdahl,Engdahl,RB++,BK Häcken,Sweden,Allsvenskan,56,78,35,44,52,49,52,-1
Detlef Esapa Osong,Esapa Osong,ST++,Rotherham Utd,England,EFL League One,56,61,57,39,51,18,59,-1
Ernanduo Fei,Fei Ernanduo,ST++,Shanghai Shenhua,China PR,CSL,56,58,55,38,52,19,58,-1
Marcus Ferkranus,Ferkranus,CB++,Brisbane Roar,United States,A-League,56,48,21,37,33,59,60,-1
Mark Ferrie,Ferrie,ST++,Motherwell,Scotland,cinch Prem,56,72,55,44,59,18,53,-1
Charlie Finney,Finney,LB++,Crewe Alexandra,England,EFL League Two,56,72,46,52,56,50,46,-1
Lasse Flø,Flø,RB++,Vejle Boldklub,Denmark,3F Superliga,56,62,35,51,52,53,51,-1
Shane Flynn,Flynn,CB++,Waterford,Republic of Ireland,SSE Airtricity PD,56,68,41,51,57,57,53,-1
Adam Foley,Foley,RM++,Drogheda United,Republic of Ireland,SSE Airtricity PD,56,59,57,50,54,44,58,-1
Dustin Forkel,Forkel,ST++,1. FC Nürnberg,Germany,Bundesliga 2,56,69,55,43,54,25,53,-1
Richard Emeka Friday,Friday,ST++,GAIS,Nigeria,Allsvenskan,56,80,53,45,57,19,57,-1
Paulo Fritschi,Fritschi,CB++,VfB Stuttgart II,Germany,3. Liga,56,56,22,33,47,58,55,-1
Narender Gahlot,Gahlot,RB++,Odisha FC,India,Hero ISL,56,57,37,46,42,54,70,-1
Joseph Gbode,Gbode,ST++,Gillingham,England,EFL League Two,56,84,53,35,54,20,68,-1
Zhen Ge,Ge Zhen,RB++,Qingdao W. Coast,China PR,CSL,56,65,28,47,50,52,63,-1
Martin Gjone,Gjone,CB++,Sandefjord,Norway,Eliteserien,56,58,29,40,45,56,59,-1
Aimar Govea,Govea,LM++,Swansea City,Ecuador,EFL Championship,56,66,49,48,61,18,38,-1
Luke Graham,Graham,CB++,Dundee FC,Scotland,cinch Prem,56,61,29,39,43,56,60,-1
Darius Grosu,Grosu,RB++,Farul Constanța,Romania,SUPERLIGA,56,78,32,48,53,48,45,-1
Max Grüger,Grüger,CDM++,FC Schalke 04,Germany,Bundesliga 2,56,63,35,48,54,57,55,-1
Andreas Hegdahl Gundersen,Gundersen,ST++,KFUM-Kameratene,Norway,Eliteserien,56,77,56,42,53,19,53,-1
Feng Han,Han Feng,GK++,Cangzhou FC,China PR,CSL,56,57,54,58,54,51,55,-1
Carlos Harvey,Harvey,CDM++,Minnesota United,Panama,MLS,56,53,42,52,54,51,61,-1
Abdulbasit Hawsawi,Hawsawi,GK++,Damac FC,Saudi Arabia,ROSHN Saudi League,56,56,55,53,58,30,53,-1
Zhenyu He,He Zhenyu,RM++,Changchun Yatai,China PR,CSL,56,78,54,48,57,33,60,-1
Benjamin Hemcke,Hemcke,RM++,Viktoria Köln,Germany,3. Liga,56,64,42,50,58,51,57,-1
Alex Henderson,Henderson,CAM++,Accrington,England,EFL League Two,56,70,49,55,57,45,67,-1
Patrick Hickey,Hickey,CB++,Galway United,United States,SSE Airtricity PD,56,51,26,36,39,55,65,-1
Jackson Hopkins,Hopkins,CAM++,D.C. United,United States,MLS,56,65,38,55,58,38,60,-1
Ahmed Horaisi,Horaisi,LW++,Damac FC,Saudi Arabia,ROSHN Saudi League,56,72,46,50,62,36,54,-1
Olti Hyseni,Hyseni,LW++,Sønderjyske,Denmark,3F Superliga,56,75,46,46,63,20,49,-1
Wilfred George Igor,Igor,CM++,Kristiansund BK,Nigeria,Eliteserien,56,64,48,52,54,48,57,-1
Mutellip Iminqari,Iminqari,LW++,Rongcheng FC,China PR,CSL,56,59,45,50,59,45,52,-1
Sander Håvik Innvær,Innvær,RM++,FK Haugesund,Norway,Eliteserien,56,66,51,50,57,31,55,-1
Tobias Haahr Jakobsen,Jakobsen,GK++,Vejle Boldklub,Denmark,3F Superliga,56,58,56,57,56,36,54,-1
Yeong Woo Jang,Jang Yeong Woo,RB++,Suwon FC,Korea Republic,K League 1,56,58,46,54,55,53,55,-1
Si Young Jang,Jang Si Young,RM++,Ulsan Hyundai,Korea Republic,K League 1,56,69,50,46,59,27,47,-1
Tim Janisch,Janisch,RM++,1. FC Nürnberg,Germany,Bundesliga 2,56,69,52,48,59,24,47,-1
Sven Jansen,Jansen,GK++,Go Ahead Eagles,Netherlands,Eredivisie,56,58,55,58,56,17,49,-1
Timo Jansink,Jansink,GK++,Heracles Almelo,Netherlands,Eredivisie,56,56,59,52,54,26,56,-1
Zan Jevsenak,Jevsenak,CDM++,Pisa,Slovenia,Serie BKT,56,59,34,52,53,53,63,-1
Shengpan Ji,Ji Shengpan,RM++,Nantong Zhiyun FC,China PR,CSL,56,71,50,48,57,37,57,-1
Ning Jiang,Jiang Ning,CM++,Qingdao Hainiu,China PR,CSL,56,36,54,59,59,47,51,-1
Oliver Jones,Jones,CB++,Macarthur FC,Australia,A-League,56,62,40,48,51,53,68,-1
Ji Hoon Jung,Jung Ji Hoon,LM++,GwangJu FC,Korea Republic,K League 1,56,63,51,46,61,22,42,-1
Panagiotis Kattirtzis,Kattirtzis,CM++,Apoel FC,Cyprus,Liga Cyprus,56,63,41,54,60,47,55,-1
Dara Keane,Keane,CDM++,Dundalk,Republic of Ireland,SSE Airtricity PD,56,66,49,51,58,52,66,-1
Jack Keaney,Keaney,CB++,Drogheda United,Republic of Ireland,SSE Airtricity PD,56,49,46,54,38,55,67,-1
Martin Kern,Kern,CM++,SK Sturm Graz,Hungary,Ö. Bundesliga,56,65,38,56,59,48,51,-1
Lalthathanga Khawlhring,Khawlhring,CM++,Odisha FC,India,Hero ISL,56,57,44,55,60,51,63,-1
Seong Min Kim,Kim Seong Min,RB++,Incheon United,Korea Republic,K League 1,56,68,40,46,57,50,59,-1
Dae Woo Kim,Kim Dae Woo,CM++,Gangwon FC,Korea Republic,K League 1,56,60,41,53,58,54,70,-1
Ha Jun Kim,Kim Ha Jun,CB++,Jeonbuk Hyundai,Korea Republic,K League 1,56,65,41,38,48,55,59,-1
Gyu Hyeong Kim,Kim Gyu Hyeong,CAM++,Pohang Steelers,Korea Republic,K League 1,56,65,52,50,59,35,42,-1
Marian Kirsch,Kirsch,GK++,Preußen Münster,Germany,Bundesliga 2,56,61,55,54,57,32,48,-1
Bernt Klaverboer,Klaverboer,GK++,sc Heerenveen,Netherlands,Eredivisie,56,60,53,58,57,25,53,-1
Leon Klußmann,Klußmann,GK++,B. Dortmund II,Germany,3. Liga,56,59,56,55,56,42,50,-1
Jimmy Knowles,Knowles,ST++,Accrington,England,EFL League Two,56,76,55,44,55,27,52,-1
Ramzi Solan,Solan,RB++,Damac FC,Saudi Arabia,ROSHN Saudi League,56,80,48,46,60,47,53,-1
Jun Seok Song,Song Jun Seok,LB++,Gangwon FC,Korea Republic,K League 1,56,63,40,49,54,52,56,-1
Karim Sow,Sow,CB++,Lausanne-Sport,Switzerland,CSSL,56,52,28,34,31,57,66,-1
Alexandru Stan,Stan,ST++,FC Gloria Buzău,Romania,SUPERLIGA,56,62,52,46,55,26,63,-1
Miłosz Strzeboński,Strzeboński,CAM++,Korona Kielce,Poland,PKO BP Ekstraklasa,56,60,41,56,57,40,48,-1
Jakov Šuver,Šuver,CB++,VfB Stuttgart II,Croatia,3. Liga,56,60,25,32,36,54,63,-1
Gianluca Swajkowski,Swajkowski,CB++,Rot-Weiss Essen,Germany,3. Liga,56,60,29,36,52,55,63,-1
Sil Swinkels,Swinkels,CB++,Aston Villa,Netherlands,Premier League,56,48,31,37,37,56,58,-1
Chris Sze,Sze,ST++,Wigan Athletic,England,EFL League One,56,67,53,49,56,27,50,-1
Liam Tahwildaran,Tahwildaran,LB++,Brommapojkarna,Sweden,Allsvenskan,56,78,38,49,57,49,57,-1
Kian Taylor,Taylor,CM++,Preston,England,EFL Championship,56,65,45,55,59,50,55,-1
Basil Tuma,Tuma,ST++,Reading,Malta,EFL League One,56,87,54,47,57,27,48,-1
Cian Tyler,Tyler,GK++,Coventry City,Wales,EFL Championship,56,58,54,55,60,26,52,-1
Joël van der Wilt,van der Wilt,GK++,Almere City FC,Netherlands,Eredivisie,56,57,58,55,56,28,56,-1
Simon Wæver,Wæver,RB++,Sønderjyske,Denmark,3F Superliga,56,68,33,44,53,51,59,-1
Qiao Wang,Wang Qiao,RB++,SZ Peng City,China PR,CSL,56,68,35,46,53,54,64,-1
Xianjun Wang,Wang Xianjun,CB++,Tianjin JMT FC,China PR,CSL,56,67,37,48,50,52,67,-1
Yaopeng Wang,Wang Yaopeng,CB++,Changchun Yatai,China PR,CSL,56,63,27,34,49,56,67,-1
Yusuf Wardak,Wardak,CAM++,SV Waldhof,Germany,3. Liga,56,66,47,52,61,27,46,-1
Alexander Warneryd,Warneryd,RB++,Västerås SK,Sweden,Allsvenskan,56,69,37,48,58,50,57,-1
Mitchell Wassenne,Wassenne,RM++,Everton,Chile,Sudamericana,56,71,42,47,62,17,49,-1
Leon-Oumar Wechsel,Wechsel,GK++,Hannover 96,Germany,Bundesliga 2,56,58,55,56,59,23,54,-1
Lai Wei,Wei Lai,LB++,Nantong Zhiyun FC,China PR,CSL,56,68,28,34,52,54,58,-1
Minzhe Wei,Wei Minzhe,GK++,SZ Peng City,China PR,CSL,56,56,56,53,56,23,55,-1
Charlie Whitaker,Whitaker,CAM++,Everton,England,Premier League,56,63,55,51,59,37,49,-1
Kai Whitmore,Whitmore,CM++,Newport County,Wales,EFL League Two,56,64,50,54,58,47,62,-1
Andrew Wogan,Wogan,GK++,Drogheda United,Republic of Ireland,SSE Airtricity PD,56,57,56,56,57,26,54,-1
Josh Woods,Woods,ST++,Accrington,England,EFL League Two,56,77,54,42,55,20,53,-1
Bachirou Yameogo,Yameogo,CDM++,Grenoble Foot 38,Burkina Faso,Ligue 2 BKT,56,58,35,47,51,55,74,-1
Zhiyu Yan,Yan Zhiyu,LB++,Changchun Yatai,China PR,CSL,56,72,28,35,49,57,46,-1
Noah Yannick,Yannick,CDM++,FC St. Gallen,Cameroon,CSSL,56,55,35,49,54,56,55,-1
Daochi Ye,Ye Daochi,RB++,Nantong Zhiyun FC,China PR,CSL,56,63,28,43,54,51,52,-1
Miska Ylitolva,Ylitolva,RB++,HJK Helsinki,Finland,Finnliiga,56,73,29,45,54,50,56,-1
Jack Young,Young,CM++,Wycombe,England,EFL League One,56,62,47,57,60,49,44,-1
Sun Yu,Yu Sun,CB++,Gimcheon Sangmu,Korea Republic,K League 1,56,50,24,36,37,59,62,-1
Marlon Zacharias,Zacharias,GK++,SC Verl,Germany,3. Liga,56,57,59,54,57,41,48,-1
Chi Zhang,Zhang Chi,RB++,Shandong Taishan,China PR,CSL,56,47,50,57,52,59,58,-1
Yingjie Zhao,Zhao Yingjie,CM++,Cangzhou FC,China PR,CSL,56,65,55,52,52,53,66,-1
Yue Zhu,Zhu Yue,RB++,Cangzhou FC,China PR,CSL,56,69,26,39,43,54,58,-1
Adam Zimarino,Zimarino,ST++,Brisbane Roar,Australia,A-League,56,68,57,49,56,33,56,-1
Malwin Zok,Zok,GK++,SV Waldhof,Germany,3. Liga,56,56,54,51,60,34,52,-1
Rubén López Durán,Rubén López,CM++,FC Barcelona,Spain,LALIGA EA SPORTS,56,62,43,57,57,57,56,-1
Laldinliana Renthlei,Renthlei,RB++,Chennaiyin FC,India,Hero ISL,56,68,27,41,49,52,70,-1
Darius Grosu,Grosu,RB++,FC Gloria Buzău,Romania,SUPERLIGA,56,78,32,48,53,48,45,-1
Thamer Al Ali,Al Ali,LM++,Damac FC,Saudi Arabia,ROSHN Saudi League,56,76,52,48,58,25,51,-1
Marcus Dackers,Dackers,ST++,Morecambe,Wales,EFL League Two,56,54,55,39,49,22,73,-1
Jake Batty,Batty,LB++,Accrington,England,EFL League Two,56,64,30,48,54,51,54,-1
Andrew Wogan,Wogan,GK++,Stockport,Republic of Ireland,EFL League One,56,57,56,56,57,26,54,-1
Yue Zhu,Zhu Yue,RB++,Shanghai Shenhua,China PR,CSL,56,69,26,39,43,54,58,-1
Haliq Ablahan,Ablahan,CM++,Shanghai Port,China PR,CSL,56,69,42,54,62,47,63,-1
Shengpan Ji,Ji Shengpan,RM++,Zhejiang Pro,China PR,CSL,56,71,50,48,57,37,57,-1
Minzhe Wei,Wei Minzhe,GK++,Wuhan 3 Towns,China PR,CSL,56,56,56,53,56,23,55,-1
Sil Swinkels,Swinkels,CB++,Bristol Rovers,Netherlands,EFL League One,56,48,31,37,37,56,58,-1
Mohamed Oukhattou,Oukhattou,CAM++,Sparta Rotterdam,Netherlands,Eredivisie,56,69,45,50,66,29,38,-1
Detlef Esapa Osong,Esapa Osong,ST++,Cambridge Utd,England,EFL League One,56,61,57,39,51,18,59,-1
Alexandru Stan,Stan,ST++,SC Oțelul Galați,Romania,SUPERLIGA,56,62,52,46,55,26,63,-1
Yongjia Li,Li Yongjia,CDM++,Tianjin JMT FC,China PR,CSL,56,66,38,55,55,50,54,-1
Yingjie Zhao,Zhao Yingjie,CM++,Changchun Yatai,China PR,CSL,56,65,55,52,52,53,66,-1
Charlie Whitaker,Whitaker,CAM++,Notts County,England,EFL League Two,56,63,55,51,59,37,49,-1
Charles Sagoe Jr,Sagoe Jr,RW++,Arsenal,England,Premier League,56,61,55,53,60,27,35,-1
Finn Delap,Delap,CB++,Burton Albion,England,EFL League One,55,64,24,34,37,55,66,-1
Matias Delgadillo,Delgadillo,RB++,Wilstermann,Bolivia,Sudamericana,55,63,38,43,52,51,62,-1
Luke Dennison,Dennison,GK++,Drogheda United,United States,SSE Airtricity PD,55,57,56,54,58,21,53,-1
Emir Derviskadic,Derviskadic,CDM++,FK Haugesund,Norway,Eliteserien,55,67,45,49,55,52,57,-1
Gora Diouf,Diouf,CB++,FC Sion,Senegal,CSSL,55,61,27,41,52,53,61,-1
Seiminlen Doungel,Doungel,RW++,Jamshedpur FC,India,Hero ISL,55,80,53,48,55,30,68,-1
Deniz Ertaş,Ertaş,GK++,Konyaspor,Türkiye,Trendyol Süper Lig,55,60,52,51,56,23,52,-1
Logan Farrington,Farrington,ST++,FC Dallas,United States,MLS,55,59,55,32,48,22,63,-1
Joseph Forde,Forde,LB++,Waterford,Australia,SSE Airtricity PD,55,72,35,47,57,48,58,-1
Gabriel Fuentes,Fuentes,GK++,Palestino,Chile,Libertadores,55,58,54,53,57,22,51,-1
Julian Gaines,Gaines,RB++,Nashville SC,United States,MLS,55,66,24,44,51,50,58,-1
Rareș Gal,Gal,GK++,CFR 1907 Cluj,Romania,SUPERLIGA,55,53,56,54,63,24,52,-1
Christian Gammelgaard,Gammelgaard,RM++,Vejle Boldklub,Denmark,3F Superliga,55,74,51,50,57,36,50,-1
Konstantin Gerhardt,Gerhardt,CM++,SC Verl,Germany,3. Liga,55,64,45,59,55,48,47,-1
Shahzat Ghojaehmet,Ghojaehmet,LW++,SZ Peng City,China PR,CSL,55,77,41,45,61,35,49,-1
Parthib Gogoi,Gogoi,RM++,NorthEast United,India,Hero ISL,55,80,50,46,56,25,52,-1
Albino Giovanni Gomes,Gomes,GK++,Jamshedpur FC,India,Hero ISL,55,56,56,54,55,33,55,-1
Daniel González García,Dani González,CM++,R. Racing Club,Spain,LALIGA HYPERMOTION,55,66,44,56,59,43,51,-1
Paul Grave,Grave,GK++,VfL Bochum,Germany,Bundesliga,55,55,56,50,61,22,55,-1
Jack Grieves,Grieves,ST++,Ross County,England,cinch Prem,55,65,53,43,51,20,57,-1
Mohammed Harboush,Harboush,RB++,Al Shabab,Saudi Arabia,ROSHN Saudi League,55,77,28,43,53,48,44,-1
Ben Hatton,Hatton,CAM++,Rotherham Utd,England,EFL League One,55,68,47,52,56,50,49,-1
Lorcan Healy,Healy,GK++,Shelbourne,Republic of Ireland,SSE Airtricity PD,55,53,56,58,53,52,53,-1
Krisztián Hegyi,Hegyi,GK++,Motherwell,Hungary,cinch Prem,55,56,55,53,57,25,52,-1
Karim Hüneburg,Hüneburg,CM++,Braunschweig,Germany,Bundesliga 2,55,68,43,52,58,49,68,-1
Ibon Ispizua Helguera,Ibon Ispizua,GK++,SD Eibar,Spain,LALIGA HYPERMOTION,55,55,59,50,54,25,51,-1
Darius Iurasciuc,Iurasciuc,CB++,UTA Arad,Romania,SUPERLIGA,55,62,28,42,44,56,56,-1
Aniket Jadhav,Jadhav,LM++,Jamshedpur FC,India,Hero ISL,55,81,51,46,55,28,66,-1
Jakub Jezierski,Jezierski,CAM++,Śląsk Wrocław,Poland,PKO BP Ekstraklasa,55,62,49,53,56,40,49,-1
Shunkai Jin,Jin Shunkai,CB++,Shanghai Shenhua,China PR,CSL,55,66,22,32,33,55,68,-1
Owen Jochmans,Jochmans,GK++,OH Leuven,Belgium,1A Pro League,55,62,58,51,60,22,49,-1
Nate Jones,Jones,CB++,Colorado Rapids,United States,MLS,55,59,24,25,33,56,67,-1
August Karlin,Karlin,CDM++,Lillestrøm SK,Sweden,Eliteserien,55,57,40,50,62,48,57,-1
Josh Keeley,Keeley,GK++,Spurs,Republic of Ireland,Premier League,55,57,55,56,56,33,54,-1
Lukas Kirkegaard,Kirkegaard,CB++,Viborg FF,Denmark,3F Superliga,55,61,31,43,44,54,57,-1
Peder Klausen,Klausen,GK++,Odds BK,Norway,Eliteserien,55,56,54,53,56,32,53,-1
John Klein,Klein,RM++,St. Louis CITY SC,United States,MLS,55,64,53,51,59,26,38,-1
Olaf Korczakowski,Korczakowski,LM++,Pogoń Szczecin,Poland,PKO BP Ekstraklasa,55,68,49,51,56,28,48,-1
Johan Kury,Kury,RM++,Yverdon Sport FC,Switzerland,CSSL,55,71,52,47,60,19,48,-1
Seung Min Kwak,Kwak Seung Min,ST++,Jeju United,Korea Republic,K League 1,55,57,52,36,50,43,65,-1
Provat Lakra,Lakra,RB++,East Bengal,India,Hero ISL,55,67,30,42,50,50,70,-1
Lalchungnunga Lalchungnunga,Lalchungnunga,CB++,East Bengal,India,Hero ISL,55,68,28,41,45,55,67,-1
Ole Langbråten,Langbråten,GK++,Fredrikstad FK,Norway,Eliteserien,55,57,58,56,55,27,56,-1
Joo Hyun Lee,Lee Joo Hyun,GK++,Gimcheon Sangmu,Korea Republic,K League 1,55,60,54,56,58,27,52,-1
Jong Wook Lee,Lee Jong Wook,RW++,Incheon United,Korea Republic,K League 1,55,74,54,39,59,20,63,-1
Seung Won Lee,Lee Seung Won,CM++,Gimcheon Sangmu,Korea Republic,K League 1,55,57,42,57,59,44,48,-1
Matt Lendfers,Lendfers,GK++,STVV,Belgium,1A Pro League,55,64,49,53,60,47,50,-1
Tucker Lepley,Lepley,RW++,LA Galaxy,United States,MLS,55,70,54,46,57,23,38,-1
Zhi Li,Li Zhi,LB++,SZ Peng City,China PR,CSL,55,71,26,47,52,48,52,-1
Ning Li,Li Ning,CM++,Meizhou Hakka,China PR,CSL,55,70,41,50,60,46,59,-1
Pujin Liu,Liu Pujin,CB++,Qingdao W. Coast,China PR,CSL,55,61,27,37,36,56,55,-1
Xinyu Liu,Liu Xinyu,RM++,Cangzhou FC,China PR,CSL,55,65,51,49,55,34,67,-1
August Ljungberg,Ljungberg,LW++,IK Sirius,Sweden,Allsvenskan,55,67,50,51,58,23,55,-1
Alfons Lohake,Lohake,CM++,Brommapojkarna,Sweden,Allsvenskan,55,56,45,51,57,44,56,-1
Diamant Lokaj,Lokaj,CM++,SV Sandhausen,Kosovo,3. Liga,55,69,42,49,57,52,61,-1
Yongtao Lu,Lu Yongtao,CAM++,Nantong Zhiyun FC,China PR,CSL,55,64,54,48,56,44,63,-1
Jack Lynn,Lynn,ST++,Orlando City,United States,MLS,55,51,59,43,49,25,56,-1
Ronan Maher,Maher,CAM++,Walsall,Republic of Ireland,EFL League Two,55,75,50,52,59,35,44,-1
Kaelan Majekodunmi,Majekodunmi,CB++,Perth Glory,Australia,A-League,55,58,29,31,36,55,62,-1
Gustavo Marecos,Marecos,CM++,Guaraní,Paraguay,Sudamericana,55,58,39,51,59,50,50,-1
Cristian Martínez,Martínez,CM++,S. Trinidense,Paraguay,Sudamericana,55,64,42,57,51,44,60,-1
Joel McGregor,McGregor,RB++,Swindon Town,England,EFL League Two,55,77,37,50,54,47,49,-1
Callan McKenna,McKenna,GK++,AFC Bournemouth,Scotland,Premier League,55,53,54,54,55,30,56,-1
Ninthoi Meetei,Meetei,RM++,Punjab FC,India,Hero ISL,55,86,42,47,55,29,46,-1
Marcus Melchior,Melchior,CM++,Sandefjord,Norway,Eliteserien,55,57,45,51,58,47,50,-1
Max Meyer,Meyer,LM++,Jahn Regensburg,Germany,Bundesliga 2,55,72,45,51,58,28,47,-1
Mirshad Michu,Michu,GK++,NorthEast United,India,Hero ISL,55,56,55,55,56,21,54,-1
Bryce Miranda,Miranda,LW++,Kerala Blasters,India,Hero ISL,55,78,50,50,57,42,61,-1
Araphat Mohammed,Mohammed,CM++,FC Nordsjælland,Ghana,3F Superliga,55,68,35,53,61,46,60,-1
Amín Molinas,Molinas,CM++,Libertad,Paraguay,Libertadores,55,63,43,52,56,41,48,-1
Rudi Molotnikov,Molotnikov,CAM++,Hibernian,Scotland,cinch Prem,55,67,50,53,57,34,50,-1
D'Alessandro Montenegro,Montenegro,CB++,ADT,Peru,Sudamericana,55,63,23,30,36,57,58,-1
Pierrick Moulin,Moulin,CAM++,FC Sion,Switzerland,CSSL,55,61,42,58,56,38,45,-1
Ross Munro,Munro,GK++,Dundalk,Scotland,SSE Airtricity PD,55,56,57,55,57,30,54,-1
Kiyan Nassiri,Nassiri,ST++,Chennaiyin FC,India,Hero ISL,55,58,56,46,58,21,52,-1
Adam Nhaili,Nhaili,CAM++,STVV,Belgium,1A Pro League,55,62,56,47,63,19,44,-1
Damian Nigg,Nigg,LW++,Grasshopper Club,Switzerland,CSSL,55,70,54,47,59,25,46,-1
Wally Njie,Njie,ST++,Sandefjord,Norway,Eliteserien,55,79,53,37,55,15,51,-1
Nolan Norris,Norris,CM++,FC Dallas,United States,MLS,55,64,56,50,59,51,50,-1
Arne Hopland Ødegård,Ødegård,CM++,HamKam Fotball,Norway,Eliteserien,55,59,44,52,58,44,64,-1
Nickson Okosun,Okosun,LM++,Bohemian FC,Republic of Ireland,SSE Airtricity PD,55,74,51,47,53,31,59,-1
Javier Otero,Otero,GK++,Orlando City,Venezuela,MLS,55,56,53,52,55,25,54,-1
Dylan Oyarzún,Oyarzún,ST++,Huachipato,Chile,Libertadores,55,55,53,36,45,23,68,-1
Muhammet Ali Özbaskıcı,Özbaskıcı,CAM++,Samsunspor,Türkiye,Trendyol Süper Lig,55,64,46,54,57,46,47,-1
Adrián Palacios,Palacios,CB++,KRC Genk,Venezuela,1A Pro League,55,58,27,41,35,53,62,-1
Jamie Pardington,Pardington,GK++,Lincoln City,England,EFL League One,55,55,53,53,56,19,54,-1
Isaiah Parente,Parente,CAM++,LA Galaxy,United States,MLS,55,56,43,57,61,45,43,-1
Nick Pariano,Pariano,CAM++,Philadelphia,United States,MLS,55,62,41,60,58,35,46,-1
Chang Woo Park,Park Chang Woo,RB++,Jeonbuk Hyundai,Korea Republic,K League 1,55,59,37,45,55,50,58,-1
Karl Pischon,Pischon,GK++,Energie Cottbus,Germany,3. Liga,55,54,51,54,60,24,56,-1
Sebastian Quirk,Quirk,CM++,Accrington,England,EFL League Two,55,70,52,56,61,51,53,-1
Oliver Ramis,Ramis,CDM++,Cobresal,Chile,Libertadores,55,63,35,49,50,51,52,-1
Amey Ranawade,Ranawade,RB++,Odisha FC,India,Hero ISL,55,68,26,42,50,49,59,-1
Princeton Rebello,Rebello,CDM++,Punjab FC,India,Hero ISL,55,53,43,53,59,50,60,-1
Kaylen Reitmaier,Reitmaier,GK++,Sparta Rotterdam,Germany,Eredivisie,55,58,56,56,53,36,57,-1
Alberto Risco Alcántara,Alberto Risco,CAM++,Getafe CF,Spain,LALIGA EA SPORTS,55,60,43,57,55,38,43,-1
Darren Robinson,Robinson,CM++,Derby County,Northern Ireland,EFL Championship,55,61,42,52,59,56,56,-1
Roger Rojas,Rojas,LB++,Sportivo Luqueño,Paraguay,Sudamericana,55,64,31,34,47,55,53,-1
Baptiste Rolland,Rolland,CB++,Lyngby BK,France,3F Superliga,55,64,21,35,47,54,58,-1
Tadhg Ryan,Ryan,GK++,Derry City,Republic of Ireland,SSE Airtricity PD,55,55,55,54,56,45,52,-1
Henry Rylah,Rylah,RW++,Charlton Ath,England,EFL League One,55,75,49,45,58,32,59,-1
Adrian Sæther,Sæther,GK++,Kristiansund BK,Norway,Eliteserien,55,57,54,54,56,23,55,-1
Ryan Sandford,Sandford,GK++,Crawley Town,England,EFL League One,55,57,56,55,56,35,55,-1
Aakash Sangwan,Sangwan,LB++,FC Goa,India,Hero ISL,55,60,36,47,50,54,57,-1
Shubham Sarangi,Sarangi,RB++,Jamshedpur FC,India,Hero ISL,55,68,45,48,53,52,61,-1
Rilwanu Sarki,Sarki,RM++,Al Ain FC,Nigeria,United Emirates League,55,73,46,48,58,23,36,-1
Luca Schmidt,Schmidt,GK++,Aleman. Aachen,Germany,3. Liga,55,55,51,55,59,23,59,-1
Tyrell Sellars-Fleming,Sellars-Fleming,ST++,Hull City,England,EFL Championship,55,69,54,40,53,26,54,-1
Oliver Semmle,Semmle,GK++,Philadelphia,Germany,MLS,55,55,57,53,54,29,54,-1
Alex Servian,Servian,CAM++,S. Ameliano,Paraguay,Sudamericana,55,65,47,51,57,41,38,-1
Harrison Sharp,Sharp,GK++,Dundee FC,Scotland,cinch Prem,55,57,54,56,54,23,55,-1
Jack Shorrock,Shorrock,LB++,Port Vale,England,EFL League Two,55,77,43,47,56,49,52,-1
Sol Sidibé,Sidibé,CM++,Stoke City,England,EFL Championship,55,77,52,54,57,47,60,-1
Jitendra Singh,Singh,CDM++,Chennaiyin FC,India,Hero ISL,55,76,42,50,55,53,64,-1
Gurmeet Singh,Singh,GK++,NorthEast United,India,Hero ISL,55,54,56,55,56,29,57,-1
Kamaljit Singh,Singh,GK++,East Bengal,India,Hero ISL,55,55,49,52,57,33,54,-1
Jakub Snopczyński,Snopczyński,CAM++,Radomiak Radom,Poland,PKO BP Ekstraklasa,55,72,47,50,61,33,34,-1
Simone Stroscio,Stroscio,CDM++,Grasshopper Club,Switzerland,CSSL,55,61,41,50,51,53,51,-1
Jithin Subran,Subran,LM++,NorthEast United,India,Hero ISL,55,77,48,49,55,33,54,-1
Ellis Taylor,Taylor,LM++,Harrogate Town,England,EFL League Two,55,72,47,49,55,43,46,-1
Dylan Teves,Teves,RM++,Sounders FC,United States,MLS,55,65,55,48,55,44,46,-1
Josh Thomas,Thomas,ST++,Swansea City,Wales,EFL Championship,55,78,54,41,55,26,52,-1
Ziyi Tian,Tian Ziyi,CB++,Meizhou Hakka,China PR,CSL,55,63,27,35,36,56,62,-1
Redeem Tlang,Tlang,RM++,NorthEast United,India,Hero ISL,55,74,45,48,55,29,55,-1
Filip Trpcevski,Trpcevski,ST++,BK Häcken,North Macedonia,Allsvenskan,55,70,54,49,60,26,37,-1
Cheveyo Tsawa,Tsawa,CAM++,FC Zürich,Switzerland,CSSL,55,62,41,59,55,45,48,-1
Emre Uzun,Uzun,CM++,Antalyaspor,Türkiye,Trendyol Süper Lig,55,57,54,57,62,43,41,-1
Nando Verdoni,Verdoni,GK++,Go Ahead Eagles,Netherlands,Eredivisie,55,55,52,59,56,27,54,-1
Duke Verduin,Verduin,GK++,PEC Zwolle,Netherlands,Eredivisie,55,55,54,48,55,31,55,-1
Yannick Vötter,Vötter,ST++,WSG Tirol,Austria,Ö. Bundesliga,55,68,56,45,63,24,38,-1
Dongsheng Wang,Wang Dongsheng,LB++,Zhejiang Pro,China PR,CSL,55,68,26,34,52,52,49,-1
Christie Ward,Ward,CAM++,Wycombe,England,EFL League One,55,70,53,54,56,52,54,-1
Jack Warshawsky,Warshawsky,GK++,Central Coast,Australia,A-League,55,57,51,51,57,31,52,-1
David Webster,Webster,CB++,Drogheda United,Republic of Ireland,SSE Airtricity PD,55,29,30,44,41,54,59,-1
Myles Weston,Weston,RB++,Bromley FC,Antigua and Barbuda,EFL League Two,55,79,52,56,61,45,52,-1
Fabian Wilfinger,Wilfinger,CM++,TSV Hartberg,Austria,Ö. Bundesliga,55,67,43,52,56,53,60,-1
Nathan Wood,Wood,LM++,Newport County,Wales,EFL League Two,55,68,51,52,54,39,55,-1
Leopold Wurm,Wurm,CB++,Jahn Regensburg,Germany,Bundesliga 2,55,58,21,35,34,58,60,-1
Yang Xu,Xu Yang,LM++,Qingdao Hainiu,China PR,CSL,55,54,55,55,57,57,55,-1
Hong Gyu Ye,Ye Hong Gyu,RB++,Jeju United,Korea Republic,K League 1,55,72,47,45,63,48,55,-1
Suk Ju Yoon,Yoon Suk Ju,CDM++,Pohang Steelers,Korea Republic,K League 1,55,56,38,52,51,53,54,-1
Marcus Younis,Younis,RM++,WS Wanderers,Australia,A-League,55,75,46,44,64,32,51,-1
Nils Zätterström,Zätterström,CB++,Malmö FF,Sweden,Allsvenskan,55,74,31,45,45,51,71,-1
Haoqian Zheng,Zheng Haoqian,ST++,Nantong Zhiyun FC,China PR,CSL,55,61,54,37,52,22,57,-1
Albin Ahlstrand,Ahlstrand,CM++,Halmstads BK,Sweden,Allsvenskan,55,63,52,51,58,42,50,-1
Malek Al Abdulmunem,Al Abdulmunem,ST++,Al Fayha,Saudi Arabia,ROSHN Saudi League,55,74,52,38,56,19,51,-1
Sultan Al Akouz,Al Akouz,LM++,Al Wehda,Saudi Arabia,ROSHN Saudi League,55,68,46,52,54,31,45,-1
Mohammed Al Aqeel,Al Aqeel,CM++,Al Riyadh,Saudi Arabia,ROSHN Saudi League,55,61,37,55,56,54,55,-1
Mohammed Al Aqel,Al Aqel,RM++,Al Riyadh,Saudi Arabia,ROSHN Saudi League,55,71,52,46,57,24,54,-1
Abdulrahman Al Enazi,Al Enazi,CM++,Al Orobah,Saudi Arabia,ROSHN Saudi League,55,67,35,55,60,47,56,-1
Abdulaziz Al Hotailah,Al Hotailah,CAM++,Al Okhdood,Saudi Arabia,ROSHN Saudi League,55,68,49,52,57,35,50,-1
Osama Al Mermish,Al Mermish,GK++,Al Ittihad,Saudi Arabia,ROSHN Saudi League,55,56,51,50,59,39,50,-1
Abdulaziz Al Ouwiradi,Al Ouwiradi,GK++,Al Riyadh,Saudi Arabia,ROSHN Saudi League,55,57,51,51,58,36,56,-1
Abdulrahman Al Riou,Al Riou,LB++,Al Okhdood,Saudi Arabia,ROSHN Saudi League,55,67,28,46,52,53,62,-1
Abdulrahman Al Sanbi,Al Sanbi,GK++,Al Ahli,Saudi Arabia,ROSHN Saudi League,55,56,54,52,57,43,56,-1
Yaseen Al Zubaidi,Al Zubaidi,LM++,Al Ahli,Saudi Arabia,ROSHN Saudi League,55,66,43,50,57,28,39,-1
Iker Aldai Igartua,Iker Aldai,CB++,SD Eibar,Spain,LALIGA HYPERMOTION,55,55,25,44,39,56,55,-1
Isak Alemayehu,Alemayehu,CM++,Djurgårdens IF,Sweden,Allsvenskan,55,67,48,51,64,41,52,-1
Naif Almas,Almas,CB++,Al Fayha,Saudi Arabia,ROSHN Saudi League,55,59,26,33,35,53,68,-1
Matías Alvarado,Alvarado,RM++,Coquimbo Unido,Chile,Sudamericana,55,66,53,43,59,22,47,-1
Eugene Amankwah,Amankwah,LB++,AaB,Ghana,3F Superliga,55,71,32,48,50,48,53,-1
Viktor Andersson,Andersson,GK++,IFK Värnamo,Sweden,Allsvenskan,55,54,55,56,59,27,53,-1
Enzo Andrén,Andrén,CAM++,IF Elfsborg,Sweden,Allsvenskan,55,62,47,52,56,35,53,-1
Mayowa Animasahun,Animasahun,CB++,Dundalk,Republic of Ireland,SSE Airtricity PD,55,54,21,40,35,55,64,-1
Oskar Annell,Annell,GK++,KV Mechelen,Belgium,1A Pro League,55,56,60,52,55,29,58,-1
Ethon Archer,Archer,CAM++,Cheltenham Town,England,EFL League Two,55,85,44,48,63,29,53,-1
Muhammed Eren Arıkan,Arıkan,LB++,Kayserispor,Türkiye,Trendyol Süper Lig,55,61,34,41,56,53,50,-1
Nóel Arnórsson,Arnórsson,CB++,AaB,Iceland,3F Superliga,55,64,36,48,51,54,57,-1
Ahmedin Avdic,Avdic,CAM++,Yverdon Sport FC,Switzerland,CSSL,55,64,54,53,56,39,48,-1
Daniel Bąk,Bąk,ST++,Korona Kielce,Poland,PKO BP Ekstraklasa,55,64,56,45,57,22,49,-1
Moritz Bangerter,Bangerter,CDM++,1860 München,Germany,3. Liga,55,65,41,54,52,49,60,-1
Norbert Barczak,Barczak,RB++,Górnik Zabrze,Poland,PKO BP Ekstraklasa,55,65,39,52,49,46,58,-1
Vincy Barretto,Barretto,RM++,Chennaiyin FC,India,Hero ISL,55,90,46,48,56,24,47,-1
Jay Benn,Benn,RB++,Lincoln City,England,EFL League One,55,70,25,46,53,49,58,-1
Kevin Berkoe,Berkoe,LB++,Salford City,England,EFL League Two,55,78,28,36,50,51,60,-1
Léo Besson,Besson,GK++,Servette FC,Kosovo,CSSL,55,60,54,57,58,22,54,-1
Bryant Bilongo,Bilongo,LB++,Bristol Rovers,England,EFL League One,55,64,29,33,49,54,48,-1
Jay Bird,Bird,ST++,Exeter City,England,EFL League One,55,68,51,45,54,32,64,-1
Nathanael Blair,Blair,ST++,Perth Glory,Australia,A-League,55,80,51,36,50,28,68,-1
Iker Blanco,Blanco,GK++,Indep. Medellín,Colombia,Sudamericana,55,57,50,57,59,26,53,-1
Zak Bradshaw,Bradshaw,LB++,Tranmere Rovers,England,EFL League Two,55,60,26,44,49,53,61,-1
Jack Brady,Brady,GK++,Galway United,Republic of Ireland,SSE Airtricity PD,55,55,55,54,55,38,54,-1
Magnus Brøndbo,Brøndbo,GK++,FK Bodø/Glimt,Norway,Eliteserien,55,57,54,55,57,34,54,-1
Richard Brush,Brush,GK++,Sligo Rovers,England,SSE Airtricity PD,55,53,55,54,53,51,56,-1
Rumarn Burrell,Burrell,ST++,Burton Albion,England,EFL League One,55,75,54,37,55,16,57,-1
Mario Butros,Butros,CM++,Brommapojkarna,Sweden,Allsvenskan,55,55,45,51,57,42,57,-1
Hayden Cann,Cann,CB++,Dundalk,England,SSE Airtricity PD,55,54,24,44,40,55,65,-1
Linus Carlstrand,Carlstrand,ST++,IFK Göteborg,Sweden,Allsvenskan,55,69,54,40,54,20,59,-1
Jacob Carney,Carney,GK++,Newport County,England,EFL League Two,55,54,56,50,58,32,53,-1
Jacob Castro,Castro,GK++,Sounders FC,United States,MLS,55,56,60,53,56,43,51,-1
Souvik Chakrabarti,Chakrabarti,RB++,East Bengal,India,Hero ISL,55,59,43,47,54,52,69,-1
Changcheng Cheng,Cheng Changcheng,ST++,Changchun Yatai,China PR,CSL,55,56,55,39,51,31,68,-1
Ayush Chhetri,Chhetri,CDM++,FC Goa,India,Hero ISL,55,54,44,50,56,49,60,-1
Geon Ju Choi,Choi Geon Ju,ST++,Daejeon Citizen,Korea Republic,K League 1,55,84,55,48,60,22,40,-1
Adam Chojecki,Chojecki,CDM++,Korona Kielce,Poland,PKO BP Ekstraklasa,55,63,37,52,53,52,56,-1
Makan Winkle Chothe,Chothe,CAM++,Mohammedan SC,India,Hero ISL,55,72,46,52,60,21,38,-1
Farukh Choudhary,Choudhary,LM++,Chennaiyin FC,India,Hero ISL,55,74,46,51,55,39,58,-1
Joel Colwill,Colwill,CM++,Cheltenham Town,Wales,EFL League Two,55,56,45,54,58,52,50,-1
Cameron Congreve,Congreve,CM++,Bromley FC,Wales,EFL League Two,55,63,49,55,61,45,51,-1
George Cooper,Cooper,CB++,Mansfield Town,England,EFL League One,55,65,34,41,48,54,60,-1
Michel Dammeier,Dammeier,CDM++,Hannover 96 II,Germany,3. Liga,55,57,36,51,51,52,60,-1
Josh Keeley,Keeley,GK++,Leyton Orient,Republic of Ireland,EFL League One,55,57,55,56,56,33,54,-1
Jay Benn,Benn,RB++,Bradford City,England,EFL League Two,55,70,25,46,53,49,58,-1
Marcus Younis,Younis,RM++,PSV,Australia,Eredivisie,55,75,46,44,64,32,51,-1
Abdulaziz Al Ouwiradi,Al Ouwiradi,GK++,Al Qadisiyah,Saudi Arabia,ROSHN Saudi League,55,57,51,51,58,36,56,-1
Josh Thomas,Thomas,ST++,Bromley FC,Wales,EFL League Two,55,78,54,41,55,26,52,-1
Kamaljit Singh,Singh,GK++,Odisha FC,India,Hero ISL,55,55,49,52,57,33,54,-1
Johan Kury,Kury,RM++,Yverdon Sport FC,Rwanda,CSSL,55,71,52,47,60,19,48,-1
Yongtao Lu,Lu Yongtao,CAM++,Shandong Taishan,China PR,CSL,55,64,54,48,56,44,63,-1
Jack Brady,Brady,GK++,Drogheda United,Republic of Ireland,SSE Airtricity PD,55,55,55,54,55,38,54,-1
Bryant Bilongo,Bilongo,LB++,Harrogate Town,England,EFL League Two,55,64,29,33,49,54,48,-1
Josh Thomas,Thomas,ST++,Drogheda United,Wales,SSE Airtricity PD,55,78,54,41,55,26,52,-1
Yaseen Al Zubaidi,Al Zubaidi,LM++,Al Okhdood,Saudi Arabia,ROSHN Saudi League,55,66,43,50,57,28,39,-1
Kamaljit Singh,Singh,GK++,Kerala Blasters,India,Hero ISL,55,55,49,52,57,33,54,-1
George Cooper,Cooper,CB++,Drogheda United,England,SSE Airtricity PD,55,65,34,41,48,54,60,-1
Haoqian Zheng,Zheng Haoqian,ST++,Wuhan 3 Towns,China PR,CSL,55,61,54,37,52,22,57,-1
Rohit Danu,Danu,LW++,Bengaluru FC,India,Hero ISL,54,72,52,46,54,26,45,-1
Abdulkarim Darisi,Darisi,RM++,Al Ahli,Saudi Arabia,ROSHN Saudi League,54,65,38,50,54,39,55,-1
Sourav Das,Das,CDM++,Jamshedpur FC,India,Hero ISL,54,42,36,49,52,48,68,-1
Arron Davies,Davies,GK++,Port Vale,England,EFL League Two,54,56,53,56,54,41,54,-1
Zenzo De Boeck,De Boeck,GK++,KVC Westerlo,Belgium,1A Pro League,54,48,56,48,59,21,52,-1
Zac De Jesus,De Jesus,RB++,Sydney FC,Australia,A-League,54,76,28,44,54,46,56,-1
Neo Dobson,Dobson,ST++,Northampton,England,EFL League One,54,84,49,34,58,26,60,-1
Aibanbha Dohling,Dohling,CB++,Kerala Blasters,India,Hero ISL,54,68,30,41,47,53,69,-1
Matthias Dollinger,Dollinger,LB++,Austria Klagenfurt,Austria,Ö. Bundesliga,54,71,24,39,52,51,44,-1
Mamadou Doumbia,Doumbia,ST++,Watford,Mali,EFL Championship,54,59,57,35,45,19,56,-1
Michael Edwards,Edwards,CB++,Colorado Rapids,United States,MLS,54,52,27,32,32,52,68,-1
Otega Ekperuoh,Ekperuoh,GK++,Brommapojkarna,Sweden,Allsvenskan,54,57,56,53,56,23,55,-1
Nassim El Ouarti,El Ouarti,CDM++,Wehen Wiesbaden,Germany,3. Liga,54,56,46,51,53,52,58,-1
Owen Elding,Elding,ST++,Sligo Rovers,Republic of Ireland,SSE Airtricity PD,54,63,54,44,52,18,56,-1
Luis Engelns,Engelns,CAM++,SC Paderborn 07,Germany,Bundesliga 2,54,65,50,51,54,43,43,-1
Isaac Esquenazi,Esquenazi,GK++,Everton,Chile,Sudamericana,54,50,52,50,55,19,54,-1
Sonny Fish,Fish,ST++,Crawley Town,Wales,EFL League One,54,73,53,45,55,40,52,-1
Aldo Galeano,Galeano,GK++,S. Ameliano,Paraguay,Sudamericana,54,52,56,51,57,28,52,-1
Hunor Gedő,Gedő,GK++,Sepsi OSK,Romania,SUPERLIGA,54,54,55,55,55,25,52,-1
Mitch Glasson,Glasson,ST++,Sydney FC,Australia,A-League,54,74,51,44,52,21,62,-1
Noah Grognuz,Grognuz,CB++,FC Sion,Switzerland,CSSL,54,61,24,33,37,54,59,-1
Jay Gupta,Gupta,LB++,FC Goa,India,Hero ISL,54,66,24,41,49,51,61,-1
Filip Gustafsson,Gustafsson,CDM++,GAIS,Sweden,Allsvenskan,54,53,35,49,54,53,53,-1
Taha Habroune,Habroune,CAM++,Columbus Crew,United States,MLS,54,63,44,53,59,50,48,-1
Matthew Hall,Hall,GK++,Bristol Rovers,England,EFL League One,54,55,48,46,61,26,56,-1
Aaron Harper-Bailey,Harper-Bailey,CB++,Drogheda United,England,SSE Airtricity PD,54,57,22,39,44,54,61,-1
Haakon Haugen,Haugen,LW++,Kristiansund BK,Norway,Eliteserien,54,57,54,51,55,26,49,-1
Nawaf Hazazi,Hazazi,RM++,Ettifaq FC,Saudi Arabia,ROSHN Saudi League,54,79,45,46,59,23,43,-1
Kang Joon Heo,Heo Kang Joon,CB++,Jeju United,Korea Republic,K League 1,54,62,27,41,49,51,64,-1
Alexander Hidalgo,Hidalgo,CAM++,ADT,Peru,Sudamericana,54,70,46,49,54,24,42,-1
Oliver Højer,Højer,CM++,F.C. København,Denmark,3F Superliga,54,73,51,54,57,39,41,-1
Uk Hyun Hong,Hong Uk Hyun,CB++,Gimcheon Sangmu,Korea Republic,K League 1,54,52,25,35,31,52,64,-1
Silas Huber,Huber,GK++,FC Zürich,Switzerland,CSSL,54,55,52,51,56,23,52,-1
Bertin Jacquesson,Jacquesson,ST++,Real Salt Lake,France,MLS,54,69,53,48,58,19,57,-1
Noah James,James,GK++,Newcastle Jets,Australia,A-League,54,57,54,51,57,26,51,-1
William Kallenbach,Kallenbach,RM++,FC Erzgebirge Aue,Germany,3. Liga,54,68,49,45,57,32,46,-1
Min Woo Kang,Kang Min Woo,CB++,Ulsan Hyundai,Korea Republic,K League 1,54,64,24,43,33,52,62,-1
Han Seo Kim,Kim Han Seo,CM++,Daejeon Citizen,Korea Republic,K League 1,54,69,39,51,58,49,57,-1
Tae Hun Kim,Kim Tae Hun,GK++,Gimcheon Sangmu,Korea Republic,K League 1,54,56,56,55,58,29,51,-1
Yu Sung Kim,Kim Yu Sung,GK++,Incheon United,Korea Republic,K League 1,54,59,58,52,53,20,52,-1
Ju Hwan Kim,Kim Ju Hwan,RB++,Ulsan Hyundai,Korea Republic,K League 1,54,76,27,38,50,48,55,-1
Samba Koné,Koné,CDM++,Yverdon Sport FC,Côte d'Ivoire,CSSL,54,59,35,51,51,52,60,-1
Katia Kouyate,Kouyate,ST++,Barrow,England,EFL League Two,54,78,52,38,54,23,60,-1
Jan Krzywański,Krzywański,GK++,Widzew Łódź,Poland,PKO BP Ekstraklasa,54,54,55,59,55,32,49,-1
Rohit Kumar,Kumar,CDM++,Odisha FC,India,Hero ISL,54,43,44,49,55,50,65,-1
Bleon Kurtulus,Kurtulus,CB++,Halmstads BK,Sweden,Allsvenskan,54,55,30,40,50,54,58,-1
Hugo Lambotte,Lambotte,CB++,STVV,Belgium,1A Pro League,54,63,27,35,37,57,51,-1
Dong Won Lee,Lee Dong Won,LB++,Daejeon Citizen,Korea Republic,K League 1,54,73,44,47,58,44,58,-1
Shaowen Liang,Liang Shaowen,CB++,Nantong Zhiyun FC,China PR,CSL,54,70,50,40,48,51,64,-1
Lei Liao,Liao Lei,LB++,Nantong Zhiyun FC,China PR,CSL,54,67,29,40,54,47,57,-1
Yoo Seok Lim,Lim Yoo Seok,CB++,Daejeon Citizen,Korea Republic,K League 1,54,55,21,36,34,53,64,-1
Alex Lindelöv,Lindelöv,CM++,Västerås SK,Sweden,Allsvenskan,54,58,46,51,55,48,58,-1
Ben Lloyd,Lloyd,CAM++,Swansea City,Wales,EFL Championship,54,54,46,51,62,30,36,-1
Francely Lomboto,Lomboto,LW++,Galway United,Republic of Ireland,SSE Airtricity PD,54,80,50,46,53,26,51,-1
Favian Loyola,Loyola,CM++,Orlando City,United States,MLS,54,68,42,56,61,35,46,-1
Sheng Ma,Ma Sheng,CB++,Nantong Zhiyun FC,China PR,CSL,54,64,22,28,29,57,60,-1
Owen Mason,Mason,GK++,Mansfield Town,Republic of Ireland,EFL League One,54,56,53,49,54,29,52,-1
Abdullah Matuq,Matuq,RW++,Al Shabab,Saudi Arabia,ROSHN Saudi League,54,80,49,45,54,23,58,-1
Benjamin Mazzeo,Mazzeo,RM++,Melbourne City,Australia,A-League,54,75,45,45,55,33,51,-1
Law McCabe,McCabe,CAM++,Middlesbrough,England,EFL Championship,54,72,46,53,56,39,52,-1
Ciaran McGuckin,McGuckin,ST++,Rotherham Utd,Northern Ireland,EFL League One,54,54,56,39,48,16,54,-1
Samik Mitra,Mitra,GK++,Chennaiyin FC,India,Hero ISL,54,54,52,52,54,26,53,-1
Liam Möller,Möller,CAM++,HJK Helsinki,Finland,Finnliiga,54,73,48,51,56,34,45,-1
Mathias Bakken Myklebust,Myklebust,LB++,FK Haugesund,Norway,Eliteserien,54,62,36,43,53,50,53,-1
Mamour Ndiaye,Ndiaye,GK++,Sarpsborg 08,Senegal,Eliteserien,54,54,53,55,56,18,55,-1
Alexander Nielsen,Nielsen,GK++,Halmstads BK,Sweden,Allsvenskan,54,57,56,53,55,21,54,-1
Ziyi Niu,Niu Ziyi,CB++,Henan SSLM FC,China PR,CSL,54,62,28,39,50,53,67,-1
Matthew O'Brien,O'Brien,CM++,Drogheda United,Republic of Ireland,SSE Airtricity PD,54,61,53,54,55,51,60,-1
Conor O'Keeffe,O'Keeffe,RB++,Galway United,Republic of Ireland,SSE Airtricity PD,54,55,26,42,41,54,57,-1
Hoo Sung Oh,Oh Hoo Sung,ST++,GwangJu FC,Korea Republic,K League 1,54,73,52,52,57,40,43,-1
Nicolas Ortegel,Ortegel,GK++,1. FC Nürnberg,Germany,Bundesliga 2,54,56,55,52,56,23,50,-1
William Osnes-Ringen,Osnes-Ringen,CAM++,HamKam Fotball,Norway,Eliteserien,54,62,47,52,59,38,54,-1
Sander Østraat,Østraat,GK++,HamKam Fotball,Norway,Eliteserien,54,55,53,52,56,47,53,-1
Sahil Panwar,Panwar,LB++,Mumbai City FC,India,Hero ISL,54,61,37,42,44,52,72,-1
Kyung Bae Park,Park Kyung Bae,ST++,Gangwon FC,Korea Republic,K League 1,54,57,53,42,53,25,57,-1
Harry Politidis,Politidis,LB++,Melbourne City,Australia,A-League,54,73,40,46,54,47,56,-1
Nicolas Popescu,Popescu,CM++,Farul Constanța,Romania,SUPERLIGA,54,69,40,52,58,52,55,-1
Leander Popp,Popp,ST++,Fürth,Germany,Bundesliga 2,54,70,53,40,51,19,52,-1
Yumiao Qian,Qian Yumiao,RB++,Tianjin JMT FC,China PR,CSL,54,74,25,39,51,51,62,-1
Abdul Rabeeh,Rabeeh,RW++,Hyderabad FC,India,Hero ISL,54,70,48,49,56,44,46,-1
Iustin Răducan,Răducan,ST++,FC Petrolul,Romania,SUPERLIGA,54,72,55,42,52,20,46,-1
Jeremy Rafanello,Rafanello,ST++,Philadelphia,United States,MLS,54,62,55,45,56,29,55,-1
Brooklyn Raines,Raines,CM++,Houston Dynamo,United States,MLS,54,72,44,50,58,48,44,-1
Hmingthanmawia Ralte,Ralte,CB++,Mumbai City FC,India,Hero ISL,54,53,27,36,35,53,70,-1
Jayesh Rane,Rane,CDM++,Mumbai City FC,India,Hero ISL,54,66,50,53,60,48,63,-1
Sumit Rathi,Rathi,CB++,ATK Mohun Bagan,India,Hero ISL,54,68,33,42,49,50,68,-1
Magnus Rugland Ree,Ree,GK++,Viking FK,Norway,Eliteserien,54,55,54,57,53,23,52,-1
Justin Reynolds,Reynolds,RB++,Chicago Fire FC,United States,MLS,54,59,28,42,52,51,52,-1
Ludvig Richtnér,Richtnér,RB++,IF Elfsborg,Sweden,Allsvenskan,54,63,36,46,52,49,55,-1
Brian Romero,Romero,RM++,Charlotte FC,United States,MLS,54,67,47,48,57,23,37,-1
Raul Rotund,Rotund,CM++,FC Dinamo 1948,Romania,SUPERLIGA,54,64,46,59,55,38,51,-1
Maxime Rouiller,Rouiller,GK++,Yverdon Sport FC,Switzerland,CSSL,54,54,53,53,53,23,54,-1
Alan Rybak,Rybak,ST++,Jagiellonia,Poland,PKO BP Ekstraklasa,54,66,56,38,57,23,35,-1
Yannis Ryter,Ryter,CM++,FC Lugano,Switzerland,CSSL,54,59,55,51,54,52,49,-1
Sai Sachdev,Sachdev,RB++,Sheffield Utd,England,EFL Championship,54,70,29,37,51,50,57,-1
Matteo Salamon,Matteo Salamon,GK++,QPR,Brazil,EFL Championship,54,55,52,53,54,29,52,-1
Lucas Salinas,Salinas,GK++,Wilstermann,Bolivia,Sudamericana,54,50,61,60,51,37,49,-1
Ture Sandberg,Sandberg,CM++,IFK Norrköping,Sweden,Allsvenskan,54,56,45,49,55,45,59,-1
Hayden Sargis,Sargis,CB++,D.C. United,United States,MLS,54,63,24,32,41,56,57,-1
Matthew Scarcella,Scarcella,CM++,Newcastle Jets,Australia,A-League,54,64,44,51,62,46,40,-1
Elias Scherf,Scherf,GK++,TSV Hartberg,Austria,Ö. Bundesliga,54,57,54,58,54,25,52,-1
Christian Schmidt,Schmidt,CAM++,Jahn Regensburg,Germany,Bundesliga 2,54,47,59,44,56,24,63,-1
Laurent Seji,Seji,GK++,Grasshopper Club,Switzerland,CSSL,54,54,53,53,53,26,55,-1
Jiteshwor Singh,Singh,CDM++,Chennaiyin FC,India,Hero ISL,54,37,37,48,55,50,47,-1
Samuel Skree Skjeldal,Skjeldal,LB++,Odds BK,Norway,Eliteserien,54,62,31,38,50,50,62,-1
Declan Skura,Skura,CB++,Wycombe,England,EFL League One,54,60,25,33,34,57,61,-1
Harrison Sohna,Sohna,CM++,Cheltenham Town,England,EFL League Two,54,66,40,53,58,49,54,-1
Christ Souanga,Souanga,LB++,OH Leuven,Belgium,1A Pro League,54,66,27,32,51,54,52,-1
Michael Spellman,Spellman,LW++,Newport County,England,EFL League Two,54,69,49,49,56,30,51,-1
Sanjeev Stalin,Stalin,LB++,Mumbai City FC,India,Hero ISL,54,60,26,45,50,51,59,-1
Guoliang Sun,Sun Guoliang,CB++,Changchun Yatai,China PR,CSL,54,59,23,30,32,59,57,-1
Luke Supyk,Supyk,ST++,Well. Phoenix,New Zealand,A-League,54,76,51,43,53,29,61,-1
Sachin Suresh,Suresh,GK++,Kerala Blasters,India,Hero ISL,54,58,56,55,51,22,54,-1
Sima Suso,Suso,CDM++,Düsseldorf,Germany,Bundesliga 2,54,61,37,50,53,51,62,-1
Chuang Tang,Tang Chuang,ST++,Rongcheng FC,China PR,CSL,54,62,55,36,52,21,60,-1
Rejan Thaçi,Thaçi,LB++,Yverdon Sport FC,Kosovo,CSSL,54,66,31,40,47,52,57,-1
Andreas Tomaselli,Tomaselli,CB++,Vejle Boldklub,Denmark,3F Superliga,54,65,35,45,50,53,55,-1
Luis Toomey,Toomey,CAM++,Auckland FC,New Zealand,A-League,54,60,47,54,56,40,60,-1
Jonas Torsvik,Torsvik,LB++,SK Brann,Norway,Eliteserien,54,67,39,43,54,49,53,-1
Seydou Traoré,Traoré,ST++,Lausanne-Sport,Côte d'Ivoire,CSSL,54,63,50,39,58,20,50,-1
Holden Trent,Trent,GK++,Philadelphia,United States,MLS,54,53,58,46,58,31,51,-1
David Tufekcic,Tufekcic,RW++,Kristiansund BK,Norway,Eliteserien,54,68,51,50,55,36,42,-1
Melker Uppenberg,Uppenberg,GK++,IF Elfsborg,Sweden,Allsvenskan,54,55,52,51,56,37,52,-1
Xavier Valdez,Valdez,GK++,Houston Dynamo,Dominican Republic,MLS,54,58,53,54,55,27,52,-1
Isak Vanlalruatfela,Vanlalruatfela,LW++,Odisha FC,India,Hero ISL,54,62,49,54,55,40,45,-1
Justin Vidic,Vidic,ST++,Newcastle Jets,Australia,A-League,54,64,53,42,50,29,63,-1
Jamie Walker,Walker,LB++,Dundalk,Scotland,SSE Airtricity PD,54,59,28,44,44,54,60,-1
James Wilson,Wilson,ST++,Hearts,Scotland,cinch Prem,54,48,57,39,49,17,44,-1
Wei Wu,Wu Wei,CM++,Zhejiang Pro,China PR,CSL,54,62,47,50,54,54,69,-1
Emirhan Yiğit,Yiğit,RW++,Kasımpaşa,Türkiye,Trendyol Süper Lig,54,66,50,51,59,27,36,-1
Rhys Youlley,Youlley,CAM++,KVC Westerlo,Australia,1A Pro League,54,65,50,51,57,40,48,-1
Abudulam Abdurasul,Abdurasul,RM++,Shandong Taishan,China PR,CSL,54,73,40,49,57,38,53,-1
Mads Agger,Agger,ST++,Sønderjyske,Denmark,3F Superliga,54,66,54,39,54,19,54,-1
Asheer Akhtar,Akhtar,CB++,NorthEast United,India,Hero ISL,54,54,33,42,43,51,71,-1
Waleed Al Enazi,Al Enazi,GK++,Al Fateh,Saudi Arabia,ROSHN Saudi League,54,55,53,53,56,36,53,-1
Abdulrahman Al Hajeri,Al Hajeri,LB++,Al Wehda,Saudi Arabia,ROSHN Saudi League,54,64,39,48,52,51,56,-1
Omar Al Jadaani,Al Jadaani,LM++,Al Ittihad,Saudi Arabia,ROSHN Saudi League,54,68,52,47,56,26,39,-1
Ziyad Al Jari,Al Jari,CB++,Al Fateh,Saudi Arabia,ROSHN Saudi League,54,52,30,32,37,54,64,-1
Suwailem Al Menhali,Al Menhali,CB++,Al Riyadh,Saudi Arabia,ROSHN Saudi League,54,64,30,42,39,52,65,-1
Sharafi Al Saleem,Al Saleem,CDM++,Al Okhdood,Saudi Arabia,ROSHN Saudi League,54,64,31,50,55,52,53,-1
Hassan Al Slais,Al Slais,ST++,Al Fateh,Saudi Arabia,ROSHN Saudi League,54,49,55,35,49,20,69,-1
Saleh Al Wehimid,Al Wehimid,GK++,Al Raed,Saudi Arabia,ROSHN Saudi League,54,56,53,49,54,36,53,-1
Mehmet Albayrak,Albayrak,CB++,Sivasspor,Türkiye,Trendyol Süper Lig,54,36,34,41,46,53,59,-1
César Álvarez,Álvarez,CM++,ADT,Peru,Sudamericana,54,60,43,54,56,38,42,-1
Martin Alvsaker,Alvsaker,RM++,FK Haugesund,Norway,Eliteserien,54,66,53,47,53,23,51,-1
Nathan Amanatidis,Amanatidis,LM++,Sydney FC,Australia,A-League,54,76,49,43,60,26,50,-1
Joel Anasmo,Anasmo,LM++,Perth Glory,Australia,A-League,54,74,50,48,51,25,56,-1
Casper Andersson,Andersson,GK++,Kalmar FF,Sweden,Allsvenskan,54,57,55,54,58,31,52,-1
Hugo Andersson Mella,Andersson Mella,CAM++,IK Sirius,Sweden,Allsvenskan,54,59,48,47,55,41,51,-1
Conner Antley,Antley,LB++,D.C. United,United States,MLS,54,63,30,32,46,56,58,-1
Umit Aras,Aras,CB++,Västerås SK,Sweden,Allsvenskan,54,57,24,36,37,55,61,-1
Erion Avdija,Avdija,GK++,1860 München,Kosovo,3. Liga,54,59,53,56,53,38,54,-1
Taylan Utku Aydın,Aydın,CB++,Kasımpaşa,Türkiye,Trendyol Süper Lig,54,50,32,31,36,57,57,-1
Hugo Bacharach,Bacharach,CB++,Minnesota United,Spain,MLS,54,65,23,25,29,55,65,-1
Emil Benny,Benny,CAM++,Jamshedpur FC,India,Hero ISL,54,68,45,55,56,42,58,-1
Will Blackmore,Blackmore,GK++,Peterborough,England,EFL League One,54,55,56,52,54,24,52,-1
Julian Bock,Bock,GK++,FC Luzern,Switzerland,CSSL,54,53,53,49,54,21,55,-1
Oskar Boesen,Boesen,CM++,Silkeborg IF,Denmark,3F Superliga,54,65,44,52,59,44,57,-1
Maksymilian Boruc,Boruc,GK++,Hibernian,Poland,cinch Prem,54,54,53,58,56,18,55,-1
Muhammed Canazlar,Canazlar,CM++,TSV Hartberg,Austria,Ö. Bundesliga,54,61,43,56,61,36,45,-1
Saulo Cancho,Cancho,CB++,ADT,Peru,Sudamericana,54,62,22,30,37,57,52,-1
Nicolás Cárcamo,Cárcamo,CM++,Huachipato,Chile,Libertadores,54,60,43,52,50,45,63,-1
Yiğit Emre Çeltik,Çeltik,CM++,Kayserispor,Türkiye,Trendyol Süper Lig,54,67,46,52,61,44,48,-1
Keqiang Chen,Chen Keqiang,LM++,Henan SSLM FC,China PR,CSL,54,56,52,50,56,44,58,-1
Chunxin Chen,Chen Chunxin,CM++,Qingdao Hainiu,China PR,CSL,54,72,40,54,57,49,56,-1
Peter Cherrie,Cherrie,GK++,Dundalk,Scotland,SSE Airtricity PD,54,54,56,52,51,22,54,-1
Amin Chiakha,Chiakha,ST++,F.C. København,Denmark,3F Superliga,54,61,55,45,51,20,60,-1
Nicolas Closset,Closset,GK++,Sp. Charleroi,Belgium,1A Pro League,54,53,50,52,58,23,55,-1
Joel Cotterill,Cotterill,CM++,Swindon Town,Wales,EFL League Two,54,57,43,54,53,47,54,-1
Matías Daniele,Daniele,GK++,Belgrano,Argentina,Sudamericana,54,61,55,53,52,27,50,-1
Abdulrahman Al Hajeri,Al Hajeri,LB++,Al Riyadh,Saudi Arabia,ROSHN Saudi League,54,64,39,48,52,51,56,-1
Francely Lomboto,Lomboto,LM++,Sligo Rovers,Republic of Ireland,SSE Airtricity PD,54,80,50,46,53,26,51,-1
Amin Chiakha,Chiakha,ST++,F.C. København,Algeria,3F Superliga,54,61,55,45,51,20,60,-1
Shaowen Liang,Liang Shaowen,CB++,Beijing Guoan,China PR,CSL,54,70,50,40,48,51,64,-1
Sima Suso,Suso,CDM++,Hansa Rostock,Germany,3. Liga,54,61,37,50,53,51,62,-1
Leander Popp,Popp,ST++,Unterhaching,Germany,3. Liga,54,70,53,40,51,19,52,-1
Xavier Valdez,Valdez,GK++,Nashville SC,Dominican Republic,MLS,54,58,53,54,55,27,52,-1
Nathan Amanatidis,Amanatidis,LM++,Brisbane Roar,Australia,A-League,54,76,49,43,60,26,50,-1
Nathan Harness,Harness,GK++,MK Dons,England,EFL League Two,53,56,52,50,50,21,50,-1
Elias Kringberg Haug,Haug,CB++,Sarpsborg 08,Norway,Eliteserien,53,64,23,36,43,52,56,-1
Stuart Hawkins,Hawkins,CB++,Sounders FC,United States,MLS,53,53,24,36,39,53,58,-1
Longhai He,He Longhai,ST++,Qingdao W. Coast,China PR,CSL,53,72,50,53,60,45,53,-1
Hannes Hermann,Hermann,GK++,Hamburger SV,Germany,Bundesliga 2,53,51,57,56,58,24,51,-1
Lalrinliana Hnamte,Hnamte,LM++,Chennaiyin FC,India,Hero ISL,53,56,43,48,55,43,66,-1
Bailey Hobson,Hobson,CAM++,Chesterfield,England,EFL League Two,53,69,43,51,53,40,56,-1
Jae Seok Hong,Hong Jae Seok,CDM++,Jeju United,Korea Republic,K League 1,53,51,37,44,46,52,63,-1
Harry Ibbitson,Ibbitson,ST++,Bradford City,England,EFL League Two,53,65,54,30,46,20,68,-1
Brooklyn Ilunga,Ilunga,LB++,MK Dons,England,EFL League Two,53,77,48,47,55,47,52,-1
Joshua Inserra,Inserra,CB++,Melb. Victory,Australia,A-League,53,52,25,40,42,53,54,-1
Mohammed Irshad,Irshad,CDM++,Mohammedan SC,India,Hero ISL,53,50,42,47,50,49,77,-1
Aaron James,James,CB++,Wrexham AFC,England,EFL League One,53,67,26,35,41,53,62,-1
Rony Jansson,Jansson,CB++,Kalmar FF,Finland,Allsvenskan,53,60,23,43,46,54,55,-1
Sigge Jansson,Jansson,CDM++,BK Häcken,Sweden,Allsvenskan,53,58,33,51,54,50,49,-1
Bartłomiej Jelonek,Jelonek,GK++,Piast Gliwice,Poland,PKO BP Ekstraklasa,53,50,54,53,51,21,59,-1
Malachi Jones,Jones,LW++,New York City FC,Sierra Leone,MLS,53,76,51,42,58,25,39,-1
Adam Kardaś,Kardaś,CDM++,Lechia Gdańsk,Poland,PKO BP Ekstraklasa,53,64,49,56,60,44,54,-1
Jonas Karner,Karner,CAM++,TSV Hartberg,Austria,Ö. Bundesliga,53,60,46,51,57,31,46,-1
Alby Kelly-Heald,Kelly-Heald,GK++,Well. Phoenix,New Zealand,A-League,53,56,52,53,52,24,49,-1
Imran Khan,Khan,LM++,Jamshedpur FC,India,Hero ISL,53,64,45,50,55,49,53,-1
Jeong Hyun Kim,Kim Jeong Hyun,CAM++,Daegu FC,Korea Republic,K League 1,53,62,48,50,57,35,51,-1
Hyeon Woo Kim,Kim Hyeon Woo,LW++,Jeju United,Korea Republic,K League 1,53,59,56,46,54,18,49,-1
Min Young Kim,Kim Min Young,ST++,Daegu FC,Korea Republic,K League 1,53,64,52,38,54,20,46,-1
Young Jun Kim,Kim Young Jun,ST++,Daegu FC,Korea Republic,K League 1,53,59,53,41,51,17,57,-1
Jakub Kolan,Kolan,RB++,Zagłębie Lubin,Poland,PKO BP Ekstraklasa,53,64,30,35,50,51,53,-1
Niilo Kujasalo,Kujasalo,CM++,HJK Helsinki,Finland,Finnliiga,53,62,45,49,52,44,56,-1
Patryk Kusztal,Kusztal,LM++,Zagłębie Lubin,Poland,PKO BP Ekstraklasa,53,65,56,45,57,20,47,-1
Gyeong Min Lee,Lee Gyeong Min,GK++,Suwon FC,Korea Republic,K League 1,53,58,53,54,51,25,49,-1
Jae Hun Lee,Lee Jae Hun,GK++,Suwon FC,Korea Republic,K League 1,53,55,57,56,53,32,48,-1
Hyeong Jin Lim,Lim Hyeong Jin,CB++,Incheon United,Korea Republic,K League 1,53,63,29,40,42,52,64,-1
Piotr Liszewski,Liszewski,RB++,Piast Gliwice,Poland,PKO BP Ekstraklasa,53,62,27,32,50,52,58,-1
Bin Liu,Liu Bin,LB++,Henan SSLM FC,China PR,CSL,53,57,38,46,59,46,65,-1
Rafał Mamla,Mamla,GK++,Korona Kielce,Poland,PKO BP Ekstraklasa,53,55,51,53,55,25,50,-1
Saurav Mandal,Mandal,RM++,Kerala Blasters,India,Hero ISL,53,75,46,49,52,30,56,-1
Alfie Marriott,Marriott,GK++,Watford,England,EFL Championship,53,55,53,52,55,37,49,-1
Denechandra Meitei,Meitei,LB++,Punjab FC,India,Hero ISL,53,66,34,43,51,49,57,-1
Melroy Melwin Assisi,Melwin Assisi,CB++,Punjab FC,India,Hero ISL,53,59,34,43,43,49,71,-1
Hira Mondal,Mondal,LB++,East Bengal,India,Hero ISL,53,64,36,40,45,49,70,-1
Kelsey Mooney,Mooney,ST++,Accrington,England,EFL League Two,53,65,53,40,52,21,42,-1
David Mutter,Mutter,GK++,Saarbrücken,Germany,3. Liga,53,59,47,54,60,22,48,-1
Jake Najdovski,Najdovski,ST++,Western United,Australia,A-League,53,78,53,41,57,18,46,-1
Muhammed Nemil,Nemil,CAM++,FC Goa,India,Hero ISL,53,73,41,51,55,35,55,-1
James Nieuwenhuizen,Nieuwenhuizen,GK++,Melbourne City,Australia,A-League,53,54,51,53,54,28,50,-1
Ben Nink,Nink,CB++,Wehen Wiesbaden,Germany,3. Liga,53,59,24,40,36,54,57,-1
Cory O'Sullivan,O'Sullivan,LB++,Shamrock Rovers,Republic of Ireland,SSE Airtricity PD,53,67,37,35,44,50,50,-1
Igor Orlikowski,Orlikowski,CB++,Zagłębie Lubin,Poland,PKO BP Ekstraklasa,53,64,26,32,49,53,50,-1
Ju Yeong Park,Park Ju Yeong,RW++,Jeju United,Korea Republic,K League 1,53,64,50,42,55,27,53,-1
Jun Beom Park,Park Jun Beom,ST++,Jeonbuk Hyundai,Korea Republic,K League 1,53,55,53,45,52,21,55,-1
Sydie Peck,Peck,CM++,Sheffield Utd,Wales,EFL Championship,53,69,46,53,56,49,54,-1
Fabian Pekruhl,Pekruhl,GK++,SC Verl,Germany,3. Liga,53,52,58,58,57,25,50,-1
Storm Bugge Pettersen,Pettersen,ST++,Sandefjord,Norway,Eliteserien,53,61,50,43,56,19,55,-1
Kayden Pierre,Pierre,RB++,Sporting KC,United States,MLS,53,71,26,41,51,46,51,-1
Diego Alonso Plaza,Plaza,CM++,Coquimbo Unido,Chile,Sudamericana,53,62,43,52,52,40,46,-1
Florian Pruhs,Pruhs,GK++,SC Paderborn 07,Germany,Bundesliga 2,53,55,58,57,52,21,47,-1
Mobashir Rahman,Rahman,CM++,Jamshedpur FC,India,Hero ISL,53,63,48,50,55,48,69,-1
Mohamad Rakip,Rakip,RB++,East Bengal,India,Hero ISL,53,68,26,40,45,48,67,-1
Chris Rindov,Rindov,CB++,Sporting KC,United States,MLS,53,55,25,29,33,53,67,-1
Alex Robinson,Robinson,GK++,Macarthur FC,Australia,A-League,53,54,50,53,55,35,51,-1
Lalchhanhima Sailo,Sailo,CDM++,Hyderabad FC,India,Hero ISL,53,61,39,47,54,52,45,-1
Alex Saji,Saji,RB++,Hyderabad FC,India,Hero ISL,53,57,31,38,41,53,66,-1
Ronnie Sandford,Sandford,GK++,MK Dons,England,EFL League Two,53,54,52,52,54,25,53,-1
Phoenix Scholtz,Scholtz,RB++,MK Dons,Northern Ireland,EFL League Two,53,75,31,44,50,47,53,-1
Yibo Sha,Sha Yibo,CB++,Qingdao Hainiu,China PR,CSL,53,59,25,28,37,57,54,-1
Lara Sharma,Sharma,GK++,FC Goa,India,Hero ISL,53,55,54,54,56,26,51,-1
Matt Sheridan,Sheridan,RB++,Well. Phoenix,New Zealand,A-League,53,66,27,43,46,47,58,-1
Min Ha Shin,Shin Min Ha,CB++,Gangwon FC,Korea Republic,K League 1,53,56,25,30,34,53,64,-1
Almoatasim Siddiq,Siddiq,RM++,Al Ittihad,Saudi Arabia,ROSHN Saudi League,53,78,41,47,58,23,39,-1
Huidrom Singh,Singh,LB++,Kerala Blasters,India,Hero ISL,53,60,28,37,51,51,55,-1
Isak Sjong,Sjong,GK++,FK Bodø/Glimt,Norway,Eliteserien,53,53,51,55,54,37,51,-1
Gabriel Sloane-Rodrigues,Sloane-Rodrigues,RW++,Well. Phoenix,New Zealand,A-League,53,74,52,42,56,21,45,-1
Tobias Sommer,Sommer,CDM++,Sønderjyske,Denmark,3F Superliga,53,46,36,47,52,51,61,-1
Chang seok Song,Song Chang Seok,CAM++,Daejeon Citizen,Korea Republic,K League 1,53,65,50,43,56,37,62,-1
Patryk Szczuka,Szczuka,GK++,GKS Katowice,Poland,PKO BP Ekstraklasa,53,57,51,52,58,23,50,-1
Qianglong Tao,Tao Qianglong,RM++,Wuhan 3 Towns,China PR,CSL,53,65,52,42,60,32,51,-1
Sahil Tavora,Tavora,CDM++,Hyderabad FC,India,Hero ISL,53,67,49,51,49,49,66,-1
Jackson Travis,Travis,LB++,Colorado Rapids,United States,MLS,53,70,31,39,60,48,48,-1
Muhammed Uvais Moyikkal,Uvais Moyikkal,LB++,Jamshedpur FC,India,Hero ISL,53,55,34,38,48,54,66,-1
Kamiel Van de Perre,Van de Perre,CM++,R. Union St.-G.,Belgium,1A Pro League,53,73,39,52,59,41,42,-1
Håkon Volden,Volden,CB++,Rosenborg BK,Norway,Eliteserien,53,61,21,35,31,52,63,-1
Ludwig Vraa-Jensen,Vraa-Jensen,CB++,Brøndby IF,Denmark,3F Superliga,53,61,26,36,33,52,60,-1
Gabe Wadsworth,Wadsworth,CM++,Bradford City,England,EFL League Two,53,71,44,50,55,41,66,-1
Elis Wahl,Wahl,GK++,Västerås SK,Sweden,Allsvenskan,53,53,54,50,57,24,49,-1
Zhenghao Wang,Wang Zhenghao,LB++,Tianjin JMT FC,China PR,CSL,53,55,30,39,50,52,64,-1
Jinshuai Wang,Wang Jinshuai,GK++,Henan SSLM FC,China PR,CSL,53,58,54,48,49,24,53,-1
Harry Whitwell,Whitwell,CM++,West Brom,England,EFL Championship,53,65,46,54,54,47,56,-1
Theo Williams,Williams,RM++,Fleetwood Town,England,EFL League Two,53,75,48,43,57,39,49,-1
Thomas Williams,Williams,CB++,Orlando City,United States,MLS,53,54,31,37,45,52,65,-1
Vishal Yadav,Yadav,GK++,Jamshedpur FC,India,Hero ISL,53,54,52,53,55,20,54,-1
Deniz Zeitler,Zeitler,LM++,FC Ingolstadt 04,Germany,3. Liga,53,70,44,51,51,30,47,-1
Isak Hagen Aalberg,Aalberg,CB++,Kristiansund BK,Norway,Eliteserien,53,52,26,39,42,53,56,-1
Merdanjan Abduklim,Merdanjan Abduklim,LM++,Qingdao W. Coast,China PR,CSL,53,70,47,51,49,23,49,-1
Johan Persson Åhstedt,Åhstedt,LB++,Mjällby AIF,Sweden,Allsvenskan,53,54,33,45,57,48,54,-1
Matai Akinmboni,Akinmboni,CB++,D.C. United,United States,MLS,53,54,25,36,37,53,60,-1
Adnan Aktaş,Aktaş,LB++,Kasımpaşa,Türkiye,Trendyol Süper Lig,53,66,33,34,59,52,47,-1
Furkan Onur Akyüz,Akyüz,GK++,Fenerbahçe,Türkiye,Trendyol Süper Lig,53,55,52,58,56,20,48,-1
Rayan Al Bloushi,Al Bloushi,ST++,Al Riyadh,Saudi Arabia,ROSHN Saudi League,53,76,51,43,54,22,57,-1
Leander Næss Alvheim,Alvheim,ST++,Kristiansund BK,Norway,Eliteserien,53,62,53,39,49,23,54,-1
Sebastian Anderson,Anderson,RB++,Colorado Rapids,United States,MLS,53,54,32,43,53,50,52,-1
Joel Anker,Anker,CAM++,MK Dons,England,EFL League Two,53,63,47,54,54,38,39,-1
Pratama Arhan Alif Rifai,Arhan,LB++,Suwon FC,Indonesia,K League 1,53,68,29,40,55,47,45,-1
Leon Augustine,Augustine,RM++,Punjab FC,India,Hero ISL,53,80,42,47,53,26,52,-1
Luca Nicolae Banu,Banu,CDM++,Farul Constanța,Romania,SUPERLIGA,53,52,39,48,51,52,54,-1
Mohamed Bawa,Bawa,RW++,GAIS,Sweden,Allsvenskan,53,63,51,48,55,22,44,-1
Adam Beaudry,Beaudry,GK++,Colorado Rapids,United States,MLS,53,55,53,56,53,24,49,-1
Stephen Bolma,Bolma,CM++,IFK Norrköping,Ghana,Allsvenskan,53,58,38,52,57,47,45,-1
Federico Bonini,Bonini,CB++,Catanzaro,Italy,Serie BKT,53,55,26,34,35,54,53,-1
Matt Boylan,Boylan,GK++,St. Pats,Republic of Ireland,SSE Airtricity PD,53,57,56,53,54,26,50,-1
Noah Brdar,Brdar,GK++,Wehen Wiesbaden,Germany,3. Liga,53,58,54,55,52,24,52,-1
Isak Brusberg,Brusberg,CM++,BK Häcken,Sweden,Allsvenskan,53,60,51,50,55,31,60,-1
Andrew Buah,Buah,ST++,Port Vale,England,EFL League Two,53,71,51,38,48,26,57,-1
Quincy Butler,Butler,RW++,WSG Tirol,United States,Ö. Bundesliga,53,62,53,44,58,33,42,-1
Noel Caliskan,Caliskan,CM++,Real Salt Lake,Germany,MLS,53,59,40,52,55,51,55,-1
Pietro Candelari,Candelari,CM++,Spezia,Italy,Serie BKT,53,55,44,52,58,47,46,-1
Antonio Carrera,Carrera,GK++,FC Dallas,United States,MLS,53,53,53,53,54,29,51,-1
Victor Cespedes,Cespedes,LM++,Guaraní,Paraguay,Sudamericana,53,68,57,45,56,23,49,-1
Kang Min Choi,Choi Kang Min,RB++,Ulsan Hyundai,Korea Republic,K League 1,53,65,38,53,56,45,58,-1
Charlie Cummins,Cummins,CM++,Exeter City,Republic of Ireland,EFL League One,53,62,41,51,53,47,66,-1
James Dadge,Dadge,GK++,Northampton,England,EFL League One,53,51,50,57,55,25,53,-1
Rakshit Dagar,Dagar,GK++,Jamshedpur FC,India,Hero ISL,53,52,54,53,53,28,54,-1
John Paul Dembe,Dembe,ST++,BK Häcken,Uganda,Allsvenskan,53,69,51,36,52,16,56,-1
Julien Devriendt,Devriendt,GK++,FCV Dender EH,Belgium,1A Pro League,53,49,60,48,50,27,46,-1
Jaden Dixon,Dixon,CB++,Stoke City,England,EFL Championship,53,68,31,43,49,52,61,-1
Hang Dong,Dong Hang,GK++,Cangzhou FC,China PR,CSL,53,56,53,57,54,20,51,-1
Justin Duda,Duda,GK++,Braunschweig,Germany,Bundesliga 2,53,53,56,45,54,28,54,-1
Sean Dulic,Dulic,CB++,1860 München,Germany,3. Liga,53,65,25,39,39,54,54,-1
Herbert Endeley,Endeley,RM++,FC Dallas,United States,MLS,53,74,52,45,54,31,52,-1
Connor Evans,Evans,ST++,Waterford,Wales,SSE Airtricity PD,53,76,51,39,54,29,48,-1
David Ezeh,Ezeh,ST++,Raków,Finland,PKO BP Ekstraklasa,53,73,51,46,56,23,51,-1
Sonny Finch,Finch,ST++,Middlesbrough,England,EFL Championship,53,53,56,42,52,21,38,-1
Baran Ali Gezek,Gezek,CAM++,Kayserispor,Türkiye,Trendyol Süper Lig,53,46,46,54,59,43,41,-1
Alex Giles,Giles,CB++,Gillingham,England,EFL League Two,53,66,29,45,43,53,59,-1
Alf Lukas Noel Grønneberg,Grønneberg,GK++,Sandefjord,Norway,Eliteserien,53,54,52,51,56,27,53,-1
Daníel Tristan Guðjohnsen,Guðjohnsen,ST++,Malmö FF,Iceland,Allsvenskan,53,69,50,43,57,17,62,-1
Zac Hadi,Hadi,GK++,Bradford City,England,EFL League Two,53,52,51,51,53,24,51,-1
Bret Halsey,Halsey,RB++,FC Cincinnati,United States,MLS,53,67,23,42,50,50,51,-1
Ji Yul Han,Han Ji Yul,GK++,Daegu FC,Korea Republic,K League 1,53,55,53,49,52,18,50,-1
Sang Gyu Han,Han Sang Gyu,CB++,Suwon FC,Korea Republic,K League 1,53,64,25,30,38,51,69,-1
Sahil Tavora,Tavora,CDM++,FC Goa,India,Hero ISL,53,67,49,51,49,49,66,-1
Kayden Pierre,Pierre,RB++,KRC Genk,United States,1A Pro League,53,71,26,41,51,46,51,-1
Sonny Finch,Finch,ST++,MK Dons,England,EFL League Two,53,53,56,42,52,21,38,-1
Sydie Peck,Peck,CM++,Sheffield Utd,England,EFL Championship,53,69,46,53,56,49,54,-1
Matai Akinmboni,Akinmboni,CB++,AFC Bournemouth,United States,Premier League,53,54,25,36,37,53,60,-1
Ju Yeong Park,Park Ju Yeong,RW++,Jeonbuk Hyundai,Korea Republic,K League 1,53,64,50,42,55,27,53,-1
Longhai He,He Longhai,ST++,Shanghai Shenhua,China PR,CSL,53,72,50,53,60,45,53,-1
Brooklyn Ilunga,Ilunga,LB++,Bromley FC,England,EFL League Two,53,77,48,47,55,47,52,-1
David Ezeh,Ezeh,ST++,HJK Helsinki,Finland,Finnliiga,53,73,51,46,56,23,51,-1
Hang Dong,Dong Hang,GK++,Qingdao W. Coast,China PR,CSL,53,56,53,57,54,20,51,-1
Adam Queally,Queally,CB++,Waterford,Republic of Ireland,SSE Airtricity PD,52,52,35,40,41,52,59,-1
Kevin Radulovic,Radulovic,GK++,Blau-Weiss Linz,Austria,Ö. Bundesliga,52,55,53,59,54,23,50,-1
Paul Ramfangzauva,Ramfangzauva,CDM++,Odisha FC,India,Hero ISL,52,50,34,48,50,47,69,-1
Gottfrid Rapp,Rapp,RW++,IF Elfsborg,Sweden,Allsvenskan,52,73,44,44,53,38,50,-1
Caleb Roberts,Roberts,CAM++,Plymouth Argyle,England,EFL Championship,52,61,42,50,55,34,46,-1
Buanthanglun Samte,Samte,LB++,NorthEast United,India,Hero ISL,52,65,31,46,47,44,52,-1
Meshari Sanyor,Sanyor,GK++,Al Raed,Saudi Arabia,ROSHN Saudi League,52,51,50,50,53,30,51,-1
Ryan Schewe,Schewe,GK++,Sporting KC,United States,MLS,52,54,50,57,55,26,48,-1
Tarik Scott,Scott,LM++,FC Dallas,United States,MLS,52,73,44,45,54,34,44,-1
Gabriel Segal,Segal,ST++,Houston Dynamo,United States,MLS,52,54,54,40,49,18,54,-1
Ju Hwan Seo,Seo Ju Hwan,GK++,FC Seoul,Korea Republic,K League 1,52,50,52,55,54,25,52,-1
Mario Sfaiț,Sfaiț,RW++,FC Univ. Cluj,Romania,SUPERLIGA,52,67,50,48,54,23,48,-1
Ricky John Shabong,Shabong,CDM++,Punjab FC,India,Hero ISL,52,45,36,43,48,49,64,-1
Arsh Shaikh,Shaikh,GK++,ATK Mohun Bagan,India,Hero ISL,52,53,52,52,50,19,51,-1
Il Yeon Sin,Sin Il Yeon,RB++,Suwon FC,Korea Republic,K League 1,52,63,25,33,46,51,47,-1
Gursimrat Singh,Singh,CB++,East Bengal,India,Hero ISL,52,43,26,31,33,52,67,-1
Gurkirat Singh,Singh,ST++,Chennaiyin FC,India,Hero ISL,52,67,56,41,53,27,62,-1
Tondonba Singh,Singh,LB++,NorthEast United,India,Hero ISL,52,64,35,37,49,46,60,-1
Joey Skinner,Skinner,LB++,Nashville SC,United States,MLS,52,62,26,32,46,53,47,-1
Seung Beom Son,Son Seung Beom,LM++,FC Seoul,Korea Republic,K League 1,52,66,45,48,53,25,59,-1
Haoyu Song,Song Haoyu,RB++,Nantong Zhiyun FC,China PR,CSL,52,58,27,36,48,48,54,-1
Yue Song,Song Yue,CB++,SZ Peng City,China PR,CSL,52,65,37,49,46,48,69,-1
Simon Spari,Spari,GK++,Austria Klagenfurt,Austria,Ö. Bundesliga,52,51,47,52,54,24,53,-1
Arion Sulemani,Sulemani,ST++,Melbourne City,Australia,A-League,52,68,52,38,48,33,58,-1
Nicolás Sumavil,Sumavil,GK++,Platense,Argentina,LPF,52,47,53,62,57,26,52,-1
Yoon Soo Sung,Sung Yoon Soo,GK++,Incheon United,Korea Republic,K League 1,52,51,53,52,57,17,46,-1
Ethan Sutcliffe,Sutcliffe,CB++,AFC Wimbledon,England,EFL League Two,52,64,23,38,36,51,63,-1
Liam Svensson,Svensson,CB++,Mjällby AIF,Sweden,Allsvenskan,52,53,35,37,37,53,55,-1
Yuda Tian,Tian Yuda,ST++,Changchun Yatai,China PR,CSL,52,53,53,38,49,17,60,-1
Ioan Tolea,Tolea,CM++,FC Petrolul,Romania,SUPERLIGA,52,67,44,53,55,51,56,-1
Amidou Traore,Traore,CM++,FK Haugesund,Côte d'Ivoire,Eliteserien,52,62,44,50,54,51,55,-1
Lewis Trickett,Trickett,LM++,Accrington,Northern Ireland,EFL League Two,52,75,49,43,55,30,44,-1
Callum Tripp,Tripp,CM++,MK Dons,England,EFL League Two,52,69,39,49,54,47,64,-1
Gerardo Valenzuela,Valenzuela,CAM++,FC Cincinnati,United States,MLS,52,69,45,50,50,39,53,-1
Gustav Wagner,Wagner,CB++,Sønderjyske,Denmark,3F Superliga,52,63,27,32,31,52,60,-1
Morgan Williams,Williams,CM++,AFC Wimbledon,Wales,EFL League Two,52,67,46,49,53,46,60,-1
Ewan Wilson,Wilson,LB++,Motherwell,Scotland,cinch Prem,52,66,29,36,49,49,59,-1
Sijie Zhang,Zhang Sijie,CB++,Meizhou Hakka,China PR,CSL,52,61,25,35,34,53,60,-1
Shi Zhao,Zhao Shi,GK++,SZ Peng City,China PR,CSL,52,59,51,48,54,28,44,-1
Xuejian Zheng,Zheng Xuejian,CM++,Zhejiang Pro,China PR,CSL,52,62,40,52,55,52,65,-1
Emmanuel Agyemang,Agyemang,CAM++,Wolfsberger AC,Ghana,Ö. Bundesliga,52,61,44,50,59,32,51,-1
Filip Åkesson Linderoth,Åkesson Linderoth,RB++,Mjällby AIF,Sweden,Allsvenskan,52,65,29,41,47,47,57,-1
Meshal Al Alaeli,Al Alaeli,LB++,Ettifaq FC,Saudi Arabia,ROSHN Saudi League,52,81,29,38,50,45,49,-1
Nasser Al Bishi,Al Bishi,CAM++,Al Shabab,Saudi Arabia,ROSHN Saudi League,52,67,41,52,55,34,45,-1
Azzam Al Bishi,Al Bishi,ST++,Al Wehda,Saudi Arabia,ROSHN Saudi League,52,63,51,42,50,21,60,-1
Mohammed Al Dawsari,Al Dawsari,GK++,Al Taawoun,Saudi Arabia,ROSHN Saudi League,52,50,51,53,54,29,50,-1
Rakan Al Dawsari,Al Dawsari,ST++,Al Raed,Saudi Arabia,ROSHN Saudi League,52,67,51,35,49,17,60,-1
Rakan Al Najjar,Al Najjar,GK++,Al Okhdood,Saudi Arabia,ROSHN Saudi League,52,55,53,49,53,31,47,-1
Rayan Al Qahtani,Al Qahtani,RW++,Damac FC,Saudi Arabia,ROSHN Saudi League,52,71,49,50,53,26,42,-1
Abdullah Al Qahtani,Al Qahtani,RB++,Al Raed,Saudi Arabia,ROSHN Saudi League,52,72,32,43,51,44,52,-1
Wilmer Andersson,Andersson,CM++,Kalmar FF,Sweden,Allsvenskan,52,55,47,48,52,41,56,-1
Wahengbam Angousana,Angousana,CM++,Mohammedan SC,India,Hero ISL,52,56,37,48,53,47,57,-1
Gbemi Arubi,Arubi,ST++,Waterford,Republic of Ireland,SSE Airtricity PD,52,73,50,43,54,25,42,-1
Alexis Barrionuevo,Barrionuevo,GK++,Real Tomayapo,Bolivia,Sudamericana,52,48,50,49,58,32,55,-1
Rhys Bartley,Bartley,CM++,St. Pats,Republic of Ireland,SSE Airtricity PD,52,63,46,51,55,51,55,-1
Namgyal Bhutia,Bhutia,RB++,Bengaluru FC,India,Hero ISL,52,75,45,47,51,45,50,-1
Mads Bomholt,Bomholt,CM++,AaB,Denmark,3F Superliga,52,62,41,49,51,48,53,-1
Zac Bowling,Bowling,GK++,Newcastle Jets,Australia,A-League,52,54,51,50,54,31,50,-1
Andy Breuer,Breuer,CM++,Unterhaching,Germany,3. Liga,52,65,42,51,61,42,42,-1
Jaxon Brown,Brown,CDM++,Swindon Town,England,EFL League Two,52,67,33,47,49,48,60,-1
Killian Cailloce,Cailloce,ST++,Drogheda United,Republic of Ireland,SSE Airtricity PD,52,62,52,42,51,19,53,-1
Ted Cann,Cann,GK++,West Brom,England,EFL Championship,52,52,53,52,53,37,50,-1
Yuhao Chen,Chen Yuhao,RB++,Qingdao W. Coast,China PR,CSL,52,72,24,30,46,48,55,-1
Gian Marco Crespi,Crespi,GK++,Spezia,Italy,Serie BKT,52,53,48,58,54,28,51,-1
Raoul Cristea,Cristea,ST++,UTA Arad,Romania,SUPERLIGA,52,59,52,41,51,18,51,-1
Aaren D'Silva,D'Silva,ST++,Hyderabad FC,India,Hero ISL,52,46,55,39,53,17,59,-1
Cristóbal Dorador,Dorador,GK++,Coquimbo Unido,Chile,Sudamericana,52,58,53,48,58,23,41,-1
Emin Durakovic,Durakovic,LM++,Melbourne City,Australia,A-League,52,63,50,49,53,40,42,-1
Callum Edwards,Edwards,ST++,Wrexham AFC,England,EFL League One,52,73,51,36,50,18,41,-1
Seung Min Eom,Eom Seung Min,RW++,Jeonbuk Hyundai,Korea Republic,K League 1,52,75,46,42,56,22,48,-1
Emad Fadda,Fadda,GK++,Al Ahli,Saudi Arabia,ROSHN Saudi League,52,53,51,50,54,28,50,-1
Hugo Fagerberg,Fagerberg,GK++,Mjällby AIF,Sweden,Allsvenskan,52,53,51,55,52,43,50,-1
Danish Farooq Bhat,Farooq Bhat,CM++,Kerala Blasters,India,Hero ISL,52,61,53,52,56,39,61,-1
Alex Ferguson,Ferguson,CM++,St. Johnstone,Scotland,cinch Prem,52,66,47,49,55,47,51,-1
Calvin Jay Fodrey,CJ Fodrey,ST++,Austin FC,United States,MLS,52,72,52,35,48,17,61,-1
Isaiah Foster,Foster,LB++,FC Cincinnati,United States,MLS,52,61,31,37,48,49,61,-1
Alexander Freeman,Freeman,RB++,Orlando City,United States,MLS,52,63,41,40,47,47,62,-1
Min Seong Gang,Gang Min Seong,LW++,Suwon FC,Korea Republic,K League 1,52,62,42,40,58,22,44,-1
Matteo Godfroid,Godfroid,GK++,Standard Liège,Belgium,1A Pro League,52,48,50,52,52,20,55,-1
Almar Gjerd Grindhaug,Grindhaug,CM++,FK Haugesund,Norway,Eliteserien,52,59,43,51,56,47,56,-1
Liam Hall,Hall,GK++,Wrexham AFC,England,EFL League One,52,55,51,49,57,30,48,-1
Taiga Harper,Harper,GK++,WS Wanderers,Australia,A-League,52,53,54,54,54,22,53,-1
Nawaf Hawsawi,Hawsawi,CDM++,Al Riyadh,Saudi Arabia,ROSHN Saudi League,52,65,40,47,53,48,56,-1
Yiran He,He Yiran,CB++,Changchun Yatai,China PR,CSL,52,56,26,37,45,53,54,-1
Hetao Hu,Hu Hetao,LB++,Rongcheng FC,China PR,CSL,52,61,27,34,49,48,52,-1
Zhouxin Huang,Huang Zhouxin,GK++,Wuhan 3 Towns,China PR,CSL,52,50,55,54,49,26,52,-1
Freddie Issaka,Issaka,ST++,Plymouth Argyle,Wales,EFL Championship,52,71,51,40,56,18,48,-1
Ed James,James,CB++,Exeter City,Wales,EFL League One,52,55,24,31,32,52,62,-1
Myeong Je Jeong,Jeong Myeong Je,GK++,Gimcheon Sangmu,Korea Republic,K League 1,52,49,56,55,53,30,48,-1
Wenhao Jiang,Jiang Wenhao,LB++,Changchun Yatai,China PR,CSL,52,68,37,42,49,47,52,-1
Will Johnson,Johnson,CB++,Fleetwood Town,England,EFL League Two,52,61,24,32,36,51,66,-1
Yoon Seo Jung,Jung Yoon Seo,CB++,Daegu FC,Korea Republic,K League 1,52,39,22,39,31,50,60,-1
Seong Hyeok Kang,Kang Seong Hyeok,GK++,Pohang Steelers,Korea Republic,K League 1,52,55,54,60,47,23,49,-1
Johan Kenneryd,Kenneryd,CB++,IFK Värnamo,Sweden,Allsvenskan,52,58,25,36,41,52,56,-1
Eoin Kenny,Kenny,ST++,Dundalk,Republic of Ireland,SSE Airtricity PD,52,59,52,46,55,34,36,-1
Mourad Khodari,Khodari,ST++,Al Wehda,Saudi Arabia,ROSHN Saudi League,52,70,52,41,51,17,46,-1
Tom King,King,ST++,Cheltenham Town,England,EFL League Two,52,72,51,37,53,22,44,-1
Sota Kitahara,Kitahara,CM++,Sounders FC,United States,MLS,52,64,40,53,56,49,50,-1
Erik Kojzek,Kojzek,ST++,Wolfsberger AC,Slovenia,Ö. Bundesliga,52,63,54,39,50,17,51,-1
Wiktor Koptas,Koptas,GK++,Radomiak Radom,Poland,PKO BP Ekstraklasa,52,57,47,53,57,24,49,-1
Chang Hoon Kwon,Kwon Chang Hoon,RW++,Jeonbuk Hyundai,Korea Republic,K League 1,52,48,49,52,55,29,41,-1
Daniel Lalhlimpuia,Lalhlimpuia,ST++,Mumbai City FC,India,Hero ISL,52,58,50,42,53,23,56,-1
Freddy Lallawmawma,Lallawmawma,CDM++,Kerala Blasters,India,Hero ISL,52,56,40,46,51,48,62,-1
Seung Joon Lee,Lee Seung Joon,RM++,FC Seoul,Korea Republic,K League 1,52,63,42,48,54,29,49,-1
Mihăiță Lemnaru,Lemnaru,CM++,Unirea Slobozia,Romania,SUPERLIGA,52,62,36,50,55,47,54,-1
Khaimin Lhungdim,Lhungdim,RB++,Punjab FC,India,Hero ISL,52,61,45,47,51,46,57,-1
Chaoyang Liu,Liu Chaoyang,CAM++,Qingdao Hainiu,China PR,CSL,52,65,43,44,55,44,56,-1
Paris Lock,Lock,LM++,AFC Wimbledon,England,EFL League Two,52,66,46,43,57,28,46,-1
Samuel James Lyngdoh Kynshi,Lyngdoh Kynshi,CM++,Punjab FC,India,Hero ISL,52,61,49,49,52,49,60,-1
Benjamin Martino,Martino,GK++,Nashville SC,United States,MLS,52,58,58,57,45,25,45,-1
Theo Mawene,Mawene,CAM++,Preston,England,EFL Championship,52,67,40,49,54,51,58,-1
Christian McFarlane,McFarlane,LB++,New York City FC,England,MLS,52,67,25,35,50,46,50,-1
Harry McHugh,McHugh,CM++,Wigan Athletic,England,EFL League One,52,73,44,54,56,40,47,-1
Sebastián Mella,Mella,GK++,Huachipato,Chile,Libertadores,52,57,50,46,54,23,50,-1
Mijit Mewlan,Mewlan,ST++,Shandong Taishan,China PR,CSL,52,69,51,39,55,16,51,-1
Filip Milojevic,Milojevic,CB++,SCR Altach,Austria,Ö. Bundesliga,52,61,33,33,34,52,63,-1
Manoj Mohammad,Mohammad,LB++,Hyderabad FC,India,Hero ISL,52,61,30,38,48,48,65,-1
Jack Moore,Moore,RB++,Blackpool,England,EFL League One,52,64,32,46,49,49,43,-1
Wungngayam Muirang,Muirang,CB++,Jamshedpur FC,India,Hero ISL,52,54,24,29,32,53,63,-1
Ankit Mukherjee,Mukherjee,RB++,Chennaiyin FC,India,Hero ISL,52,70,34,38,43,47,62,-1
Ville Nilsson,Nilsson,ST++,Kalmar FF,Sweden,Allsvenskan,52,54,52,40,52,15,54,-1
Donay O'Brien-Brady,O'Brien-Brady,CAM++,Peterborough,England,EFL League One,52,75,46,48,56,30,47,-1
Christian Østergaard,Østergaard,CB++,Randers FC,Denmark,3F Superliga,52,67,21,25,34,53,61,-1
Chae Jun Park,Park Chae Jun,RM++,Jeonbuk Hyundai,Korea Republic,K League 1,52,59,45,47,56,23,40,-1
Harald Postl,Postl,GK++,TSV Hartberg,Austria,Ö. Bundesliga,52,59,52,45,52,30,47,-1
Nikhil Prabhu,Prabhu,CDM++,Punjab FC,India,Hero ISL,52,50,38,44,50,52,63,-1
Nasser Al Bishi,Al Bishi,CAM++,Al Riyadh,Saudi Arabia,ROSHN Saudi League,52,67,41,52,55,34,45,-1
Meshal Al Alaeli,Al Alaeli,LB++,Al Wehda,Saudi Arabia,ROSHN Saudi League,52,81,29,38,50,45,49,-1
Wenhao Jiang,Jiang Wenhao,LB++,Beijing Guoan,China PR,CSL,52,68,37,42,49,47,52,-1
Yuhao Chen,Chen Yuhao,RB++,Wuhan 3 Towns,China PR,CSL,52,72,24,30,46,48,55,-1
Aaren D'Silva,D'Silva,ST++,FC Goa,India,Hero ISL,52,46,55,39,53,17,59,-1
Abdullah Abdo,Abdo,GK++,Al Ahli,Saudi Arabia,ROSHN Saudi League,51,52,51,48,51,41,52,-1
London Aghedo,Aghedo,CB++,FC Cincinnati,United States,MLS,51,55,24,28,35,52,58,-1
Bernd Aineter,Aineter,GK++,Blau-Weiss Linz,Australia,Ö. Bundesliga,51,59,53,45,49,18,46,-1
Forster Ajago,Ajago,ST++,Nashville SC,Ghana,MLS,51,57,51,36,46,21,54,-1
Abdulrahman Al Hamyani,Al Hamyani,CAM++,Al Ahli,Saudi Arabia,ROSHN Saudi League,51,64,39,47,54,42,44,-1
Sultan Al Harbi,Al Harbi,CB++,Al Fayha,Saudi Arabia,ROSHN Saudi League,51,68,35,40,46,49,60,-1
Freddie Allen,Allen,LB++,Doncaster,England,EFL League Two,51,68,27,34,44,46,51,-1
Godwill Ambrose,Ambrose,CB++,Odds BK,Norway,Eliteserien,51,66,27,34,40,51,55,-1
Drew Baiera,Baiera,RB++,New York City FC,United States,MLS,51,64,28,33,49,48,47,-1
Shimeng Bao,Bao Shimeng,RB++,Shanghai Port,China PR,CSL,51,66,24,31,49,46,43,-1
Conor Barr,Barr,CB++,Derry City,Northern Ireland,SSE Airtricity PD,51,55,30,32,39,50,58,-1
Dipesh Chauhan,Chauhan,GK++,NorthEast United,India,Hero ISL,51,60,51,45,52,31,46,-1
Ayush Chhikara,Chhikara,ST++,Mumbai City FC,India,Hero ISL,51,64,49,37,52,20,58,-1
Min Kyu Cho,Cho Min Kyu,GK++,Gangwon FC,Korea Republic,K League 1,51,56,50,49,53,20,48,-1
Hyun Woung Choi,Choi Hyun Woung,CB++,Pohang Steelers,Korea Republic,K League 1,51,53,24,33,33,50,59,-1
Ye Hoon Choi,Choi Ye Hoon,LB++,Gimcheon Sangmu,Korea Republic,K League 1,51,60,29,35,53,46,56,-1
Joe Collins,Collins,GK++,Bohemian FC,Republic of Ireland,SSE Airtricity PD,51,51,50,57,59,19,46,-1
Harry Dean,Dean,CB++,Wrexham AFC,Wales,EFL League One,51,58,24,29,31,52,55,-1
Max Edgecombe,Edgecombe,LB++,Exeter City,England,EFL League One,51,66,37,44,52,44,52,-1
Redman Evans,Evans,GK++,Swindon Town,England,EFL League Two,51,52,52,44,54,35,46,-1
Ayman Fallatah,Fallatah,CDM++,Al Ahli,Saudi Arabia,ROSHN Saudi League,51,54,33,46,49,50,55,-1
Danny Flores,Flores,CM++,Sporting KC,United States,MLS,51,64,40,52,56,39,44,-1
Wayne Frederick,Frederick,CAM++,Colorado Rapids,Trinidad and Tobago,MLS,51,65,47,44,56,32,43,-1
Caden Glover,Glover,ST++,St. Louis CITY SC,United States,MLS,51,62,52,34,53,17,40,-1
Vanlalpeka Guite,Guite,CM++,East Bengal,India,Hero ISL,51,55,38,50,50,41,46,-1
Jiayu Guo,Guo Jiayu,GK++,Wuhan 3 Towns,China PR,CSL,51,50,52,53,51,21,50,-1
Jeong Woo Ha,Ha Jeong Woo,ST++,Suwon FC,Korea Republic,K League 1,51,50,47,36,46,26,69,-1
Evan Haddock,Haddock,CB++,Drogheda United,Republic of Ireland,SSE Airtricity PD,51,50,21,30,33,50,60,-1
Adam Hayton,Hayton,GK++,Barnsley,England,EFL League One,51,51,50,56,54,32,46,-1
Sung Jin Jeon,Jeon Sung Jin,LB++,Jeju United,Korea Republic,K League 1,51,66,34,52,56,40,60,-1
Seung Bae Jeong,Jeong Seung Bae,RW++,Suwon FC,Korea Republic,K League 1,51,70,52,44,54,24,41,-1
Jun Hyeon Jo,Jo Jun Hyeon,CAM++,Suwon FC,Korea Republic,K League 1,51,58,42,47,51,40,56,-1
Wataru Kamijo,Kamijo,CDM++,Sydney FC,Australia,A-League,51,66,39,48,52,46,37,-1
Young Suk Kang,Kang Young Suk,CDM++,Jeonbuk Hyundai,Korea Republic,K League 1,51,55,32,46,49,49,51,-1
Hyeon Deok Kim,Kim Hyeon Deok,CB++,FC Seoul,Korea Republic,K League 1,51,54,21,36,35,50,60,-1
Hyun Seo Kim,Kim Hyun Seo,CM++,Incheon United,Korea Republic,K League 1,51,68,39,51,56,32,49,-1
Bego Kujrakovic,Kujrakovic,CDM++,Austria Klagenfurt,Austria,Ö. Bundesliga,51,64,35,50,50,50,52,-1
Niraj Kumar,Kumar,GK++,Odisha FC,India,Hero ISL,51,51,49,49,50,29,50,-1
Anuj Kumar,Kumar,GK++,Odisha FC,India,Hero ISL,51,51,50,53,52,27,50,-1
Hyun Yong Lee,Lee Hyun Yong,CB++,Suwon FC,Korea Republic,K League 1,51,50,25,30,34,50,58,-1
Won Woo Lee,Lee Won Woo,CB++,Daegu FC,Korea Republic,K League 1,51,39,33,37,38,50,56,-1
Han Bin Lee,Lee Han Bin,CB++,Daejeon Citizen,Korea Republic,K League 1,51,62,25,27,30,50,64,-1
Yun Geon Lee,Lee Yun Geon,CDM++,Suwon FC,Korea Republic,K League 1,51,66,38,47,48,48,57,-1
Woo Yeon Lee,Lee Woo Yeon,CB++,Jeonbuk Hyundai,Korea Republic,K League 1,51,44,29,37,35,51,57,-1
Toms Leitis,Leitis,GK++,Shamrock Rovers,Latvia,SSE Airtricity PD,51,52,51,52,53,18,50,-1
Oskar Leśniak,Leśniak,LM++,Piast Gliwice,Poland,PKO BP Ekstraklasa,51,61,43,46,58,34,38,-1
Brandon Liggett,Liggett,CM++,Cheltenham Town,England,EFL League Two,51,70,41,49,55,43,57,-1
Guobao Liu,Liu Guobao,ST++,Shandong Taishan,China PR,CSL,51,67,51,34,47,19,53,-1
Abdullah Masoud,Masoud,CB++,Al Kholood,Saudi Arabia,ROSHN Saudi League,51,64,33,42,42,51,58,-1
Jakub Niemczyk,Niemczyk,LM++,Burton Albion,Poland,EFL League One,51,72,46,42,54,17,48,-1
Naorem Nongdamba,Nongdamba,LM++,Jamshedpur FC,India,Hero ISL,51,69,47,45,51,31,56,-1
Aidan O'Connor,O'Connor,CB++,Red Bulls,United States,MLS,51,56,24,27,32,51,67,-1
Felix Oberwaditzer,Oberwaditzer,CB++,SCR Altach,Liechtenstein,Ö. Bundesliga,51,58,31,33,33,53,53,-1
Evan Ovendale,Ovendale,GK++,Derry City,Wales,SSE Airtricity PD,51,51,50,48,52,37,50,-1
Tyron Owusu,Owusu,CM++,FC Luzern,Switzerland,CSSL,51,60,33,51,51,52,55,-1
Sang Young Park,Park Sang Young,GK++,Daegu FC,Korea Republic,K League 1,51,48,46,51,56,19,52,-1
Sang Hyeon Park,Park Sang Hyeon,CB++,Gangwon FC,Korea Republic,K League 1,51,62,22,27,33,50,64,-1
Jang Han Gyeol Park,Park Jang Han Gyeol,CAM++,FC Seoul,Korea Republic,K League 1,51,63,40,54,51,29,43,-1
Malik Pinto,Pinto,CM++,FC Cincinnati,United States,MLS,51,57,40,51,53,50,56,-1
Julian Placias,Placias,ST++,KVC Westerlo,United States,1A Pro League,51,52,50,37,47,22,62,-1
Lalthuammawia Ralte,Ralte,GK++,Bengaluru FC,India,Hero ISL,51,50,50,51,53,24,51,-1
Sheikh Sahil,Sahil,CDM++,Jamshedpur FC,India,Hero ISL,51,46,36,45,50,46,67,-1
Lalhrezuala Sailung,Sailung,RB++,Odisha FC,India,Hero ISL,51,58,33,46,46,47,61,-1
Mohammed Sanan,Sanan,CAM++,Jamshedpur FC,India,Hero ISL,51,65,57,44,53,23,44,-1
Nelson Diogo Sanca Balde,Nelson Sanca,CB++,Newport County,Portugal,EFL League Two,51,62,25,31,34,49,68,-1
Cenk Şen,Şen,LB++,Bodrum FK,Türkiye,Trendyol Süper Lig,51,67,50,54,62,41,46,-1
Dinesh Singh,Singh,CB++,NorthEast United,India,Hero ISL,51,57,23,35,38,49,68,-1
Phalguni Singh,Singh,CAM++,NorthEast United,India,Hero ISL,51,72,42,47,51,49,68,-1
Ranjeet Singh Pandre,Singh Pandre,ST++,Punjab FC,India,Hero ISL,51,67,51,37,51,18,52,-1
Lucas Soares Dantas,Lucas Dantas,CM++,Blau-Weiss Linz,Brazil,Ö. Bundesliga,51,62,40,52,47,42,56,-1
Kimani Stewart-Baynes,Stewart-Baynes,ST++,Colorado Rapids,Canada,MLS,51,72,50,38,52,19,47,-1
Fabian Talladira,Talladira,CM++,Adelaide United,Australia,A-League,51,64,43,50,54,44,51,-1
Adam Vendelbo,Vendelbo,ST++,Lyngby BK,Denmark,3F Superliga,51,64,52,39,51,18,48,-1
Paul Walters,Walters,GK++,FC Cincinnati,United States,MLS,51,48,50,52,57,31,50,-1
Freddy Willcox,Willcox,CM++,Cheltenham Town,England,EFL League Two,51,66,40,50,56,42,45,-1
Wei Wu,Wu Wei,RB++,Cangzhou FC,China PR,CSL,51,63,24,30,46,49,49,-1
Xiaoxi Xia,Xia Xiaoxi,LM++,Wuhan 3 Towns,China PR,CSL,51,64,37,46,51,41,46,-1
Junlong Xiao,Xiao Junlong,RB++,Tianjin JMT FC,China PR,CSL,51,68,30,41,46,47,52,-1
Zhenyao Xu,Xu Zhenyao,GK++,Zhejiang Pro,China PR,CSL,51,56,51,52,57,27,45,-1
Sun Woo Yoo,Yoo Sun Woo,RW++,Daejeon Citizen,Korea Republic,K League 1,51,61,50,43,56,24,47,-1
Tae Min Yoon,Yoon Tae Min,CB++,Daegu FC,Korea Republic,K League 1,51,45,25,31,35,51,56,-1
Umidjan Yusup,Yusup,CB++,Wuhan 3 Towns,China PR,CSL,51,63,24,30,33,52,60,-1
Ayman Fallatah,Fallatah,CDM++,Damac FC,Saudi Arabia,ROSHN Saudi League,51,54,33,46,49,50,55,-1
Forster Ajago,Ajago,ST++,Real Salt Lake,Ghana,MLS,51,57,51,36,46,21,54,-1
Jaziel Orozco,Orozco,CB++,Real Salt Lake,United States,MLS,50,59,27,29,31,50,61,-1
Charlie Osborne,Osborne,CDM++,TSV Hartberg,England,Ö. Bundesliga,50,62,45,42,49,53,54,-1
Abduhelil Osmanjan,Abduhelil Osmanjan,CM++,Qingdao W. Coast,China PR,CSL,50,70,39,49,51,38,50,-1
Jin Young Park,Park Jin Young,CB++,Daegu FC,Korea Republic,K League 1,50,51,27,27,30,50,63,-1
Si Hwa Park,Park Si Hwa,LB++,Jeonbuk Hyundai,Korea Republic,K League 1,50,59,28,34,44,47,44,-1
Oliver Patrick,Patrick,CM++,Accrington,England,EFL League Two,50,65,52,48,50,44,52,-1
Jaylan Pearman,Pearman,CAM++,Perth Glory,Australia,A-League,50,59,41,51,51,40,43,-1
Ashis Pradhan,Pradhan,CM++,Punjab FC,India,Hero ISL,50,58,44,51,49,47,53,-1
Weifeng Ran,Ran Weifeng,GK++,Rongcheng FC,China PR,CSL,50,51,50,53,52,24,48,-1
Ji Min Rim,Rim Ji Min,RB++,Daegu FC,Korea Republic,K League 1,50,58,27,34,46,47,48,-1
Kieran Sargeant,Sargeant,RB++,Houston Dynamo,United States,MLS,50,65,25,32,47,45,54,-1
Jonathan Shore,Shore,CM++,New York City FC,United States,MLS,50,57,45,48,52,42,46,-1
Abhishek Singh,Singh,RB++,Punjab FC,India,Hero ISL,50,62,33,36,44,47,55,-1
Maheson Singh,Singh,CM++,Punjab FC,India,Hero ISL,50,58,40,45,54,48,50,-1
Adem Sipić,Sipić,ST++,Nashville SC,United States,MLS,50,61,49,32,46,23,56,-1
Denis Ștefan,Ștefan,ST++,FC Botoșani,Romania,SUPERLIGA,50,64,51,41,52,19,44,-1
Clemens Steinbauer,Steinbauer,GK++,LASK,Austria,Ö. Bundesliga,50,49,58,55,47,27,49,-1
Nihal Sudeesh,Sudeesh,ST++,Punjab FC,India,Hero ISL,50,68,51,45,53,34,52,-1
Xu Tang,Tang Xu,ST++,Henan SSLM FC,China PR,CSL,50,61,50,37,47,21,50,-1
Hrithik Tiwari,Tiwari,GK++,FC Goa,India,Hero ISL,50,52,51,50,50,24,50,-1
Matthew Turner,Turner,GK++,Cardiff City,Wales,EFL Championship,50,50,51,48,52,22,48,-1
Bijoy Varghese,Varghese,CB++,Kerala Blasters,India,Hero ISL,50,58,24,31,31,49,66,-1
Junqiang Wang,Wang Junqiang,LB++,Shanghai Shenhua,China PR,CSL,50,58,27,33,46,48,46,-1
Kyle White,White,CM++,Waterford,England,SSE Airtricity PD,50,55,38,47,51,49,55,-1
Xinyang Yang,Yang Xinyang,GK++,Changchun Yatai,China PR,CSL,50,51,52,50,53,27,49,-1
Jinyong Yu,Yu Jinyong,GK++,Shandong Taishan,China PR,CSL,50,55,51,50,56,24,45,-1
Tao Zhang,Zhang Tao,RM++,Wuhan 3 Towns,China PR,CSL,50,60,42,40,54,50,55,-1
Hui Zhang,Zhang Hui,LB++,Wuhan 3 Towns,China PR,CSL,50,68,44,49,50,41,41,-1
Hyeok Ju Ahn,Ahn Hyeok Ju,LM++,GwangJu FC,Korea Republic,K League 1,50,57,38,51,52,35,45,-1
Rayan Al Dawsari,Al Dawsari,GK++,Al Khaleej,Saudi Arabia,ROSHN Saudi League,50,48,50,47,51,26,50,-1
Saad Al Muwallad,Al Muwallad,ST++,Al Shabab,Saudi Arabia,ROSHN Saudi League,50,69,49,36,50,20,61,-1
Bandar Al Shamrani,Al Shamrani,CB++,Al Ahli,Saudi Arabia,ROSHN Saudi League,50,60,25,34,37,50,58,-1
Faisal Al Sibyani,Al Sibyani,CDM++,Al Ahli,Saudi Arabia,ROSHN Saudi League,50,59,28,46,50,49,46,-1
Anas Al Zahrani,Al Zahrani,CAM++,Al Raed,Saudi Arabia,ROSHN Saudi League,50,66,42,48,54,27,39,-1
Max Anchor,Anchor,GK++,Whitecaps FC,Canada,MLS,50,50,51,53,50,25,51,-1
Mohammed Azhar,Azhar,RB++,Kerala Blasters,India,Hero ISL,50,61,24,32,43,47,49,-1
Seung Heon Baek,Baek Seung Heon,RW++,Jeju United,Korea Republic,K League 1,50,66,46,39,57,22,41,-1
Andreas Bakeng-Rogne,Bakeng-Rogne,CM++,Kristiansund BK,Norway,Eliteserien,50,72,38,48,53,49,49,-1
Nikhil Barla,Barla,RM++,Jamshedpur FC,India,Hero ISL,50,66,50,43,50,43,55,-1
Gabriel Billington,Billington,CM++,Exeter City,England,EFL League One,50,66,43,47,53,49,60,-1
Bridel Bosakani,Bosakani,ST++,Drogheda United,Republic of Ireland,SSE Airtricity PD,50,64,51,38,49,15,53,-1
Xiangyu Chen,Chen Xiangyu,ST++,Qingdao W. Coast,China PR,CSL,50,52,49,39,46,19,46,-1
Jin Hyuk Cho,Cho Jin Hyuk,RW++,Gangwon FC,Korea Republic,K League 1,50,63,47,42,53,26,51,-1
Seung Gu Choi,Choi Seung Gu,RB++,Incheon United,Korea Republic,K League 1,50,60,27,38,45,46,49,-1
Connor Cook,Cook,CM++,Chesterfield,England,EFL League Two,50,67,40,50,51,43,50,-1
Devansh Dabas,Dabas,GK++,Chennaiyin FC,India,Hero ISL,50,50,50,52,49,28,51,-1
Nitesh Darjee,Darjee,LB++,Punjab FC,India,Hero ISL,50,56,32,42,45,46,53,-1
Arvin Davoudi-Kia,Davoudi-Kia,LB++,Kalmar FF,Sweden,Allsvenskan,50,65,30,37,43,47,56,-1
Anton Dworzak,Dworzak,CM++,Swindon Town,England,EFL League Two,50,64,46,49,50,44,55,-1
Lalremtluanga Fanai,Fanai,CDM++,Bengaluru FC,India,Hero ISL,50,63,34,43,47,44,55,-1
Ștefan Georgescu,Georgescu,GK++,Unirea Slobozia,Romania,SUPERLIGA,50,51,48,49,53,33,50,-1
Amrit Gope,Gope,GK++,Jamshedpur FC,India,Hero ISL,50,51,48,51,46,25,49,-1
Yunqi Guo,Guo Yunqi,RB++,Cangzhou FC,China PR,CSL,50,59,34,48,49,47,42,-1
Dong Seon Ha,Ha Dong Seon,ST++,Incheon United,Korea Republic,K League 1,50,58,50,39,47,18,51,-1
Sonny Hart,Hart,CB++,Swindon Town,England,EFL League Two,50,62,26,35,42,50,61,-1
Marco Hoffmann,Hoffmann,ST++,TSV Hartberg,Austria,Ö. Bundesliga,50,60,46,57,54,40,41,-1
Sung Moo Hong,Hong Sung Moo,CM++,Gangwon FC,Korea Republic,K League 1,50,53,36,47,51,47,58,-1
Michael Hutter,Hutter,CM++,TSV Hartberg,Austria,Ö. Bundesliga,50,64,37,49,50,42,52,-1
Ashish Jha,Jha,LW++,Bengaluru FC,India,Hero ISL,50,64,56,41,52,21,52,-1
Boyan Jia,Jia Boyan,LB++,Nantong Zhiyun FC,China PR,CSL,50,71,49,42,54,45,41,-1
Feifan Jia,Jia Feifan,CM++,Shandong Taishan,China PR,CSL,50,66,39,50,49,45,56,-1
Stiven Jimenez,Jimenez,RB++,FC Cincinnati,United States,MLS,50,62,34,42,47,46,42,-1
Lalbiakhlua Jongte,Jongte,GK++,Hyderabad FC,India,Hero ISL,50,49,50,48,50,18,49,-1
Jae Sang Jung,Jung Jae Sang,ST++,Daegu FC,Korea Republic,K League 1,50,53,50,35,48,20,61,-1
Heon Taek Jung,Jung Heon Taek,RB++,Daegu FC,Korea Republic,K League 1,50,53,28,35,45,49,54,-1
Do Uk Kang,Kang Do Uk,CAM++,Incheon United,Korea Republic,K League 1,50,58,43,47,55,31,42,-1
Dae Hyeon Kim,Kim Dae Hyeon,CB++,Suwon FC,Korea Republic,K League 1,50,47,24,29,33,50,59,-1
Hae Seung Kim,Kim Hae Seung,ST++,Gangwon FC,Korea Republic,K League 1,50,73,48,34,45,18,51,-1
Jeorgio Kocevski,Kocevski,CM++,Orlando City,United States,MLS,50,63,40,52,49,41,59,-1
Ravi Kumar,Kumar,GK++,Punjab FC,India,Hero ISL,50,48,50,48,51,22,51,-1
Gyu Baek Lee,Lee Gyu Baek,CB++,Pohang Steelers,Korea Republic,K League 1,50,50,25,39,40,49,56,-1
Min-young Lee,Min Young Lee,CM++,Austria Klagenfurt,Korea DPR,Ö. Bundesliga,50,63,40,48,52,40,52,-1
Yo Seb Lee,Lee Yo Seb,CDM++,Suwon FC,Korea Republic,K League 1,50,61,35,49,46,44,51,-1
Yuefeng Li,Li Yuefeng,GK++,Tianjin JMT FC,China PR,CSL,50,51,53,52,50,21,48,-1
Zhizhao Li,Li Zhizhao,GK++,SZ Peng City,China PR,CSL,50,53,49,55,53,27,44,-1
Deming Li,Li Deming,RW++,Shanghai Port,China PR,CSL,50,70,54,40,53,24,39,-1
Kun Liang,Liang Kun,GK++,Shanghai Port,China PR,CSL,50,48,50,50,52,27,52,-1
Cristian Licsandru,Licsandru,CM++,FC Dinamo 1948,Romania,SUPERLIGA,50,63,38,50,49,52,52,-1
Haofan Liu,Liu Haofan,CB++,Zhejiang Pro,China PR,CSL,50,55,26,31,38,50,57,-1
Jun Liu,Liu Jun,GK++,Qingdao Hainiu,China PR,CSL,50,49,54,51,50,32,46,-1
Owen Lunt,Lunt,CM++,Crewe Alexandra,England,EFL League Two,50,65,39,47,50,42,47,-1
Olwethu Makhanya,Makhanya,CB++,Philadelphia,South Africa,MLS,50,61,24,29,31,53,51,-1
Callum McCay,McCay,CDM++,Derry City,Northern Ireland,SSE Airtricity PD,50,55,35,41,46,48,59,-1
Jovan Mijatovic,Mijatovic,ST++,New York City FC,Serbia,MLS,50,54,51,41,51,23,49,-1
Roald Mitchell,Mitchell,ST++,Red Bulls,United States,MLS,50,71,52,36,49,18,44,-1
Monirul Molla,Molla,ST++,Bengaluru FC,India,Hero ISL,50,65,51,41,50,17,45,-1
Sean Moore,Moore,CDM++,Bohemian FC,Republic of Ireland,SSE Airtricity PD,50,63,40,44,52,45,51,-1
Halen Nongtdu,Nongtdu,CB++,Mumbai City FC,India,Hero ISL,50,46,22,28,30,50,59,-1
Harry O'Connor,O'Connor,CAM++,Drogheda United,Republic of Ireland,SSE Airtricity PD,50,65,39,46,57,35,40,-1
Sergio Oregel,Oregel,CM++,Chicago Fire FC,United States,MLS,50,64,40,51,55,34,44,-1
Min-young Lee,Min Young Lee,CM++,Austria Klagenfurt,Korea Republic,Ö. Bundesliga,50,63,40,48,52,40,52,-1
Faisal Al Sibyani,Al Sibyani,CDM++,Damac FC,Saudi Arabia,ROSHN Saudi League,50,59,28,46,50,49,46,-1
Jovan Mijatovic,Mijatovic,ST++,OH Leuven,Serbia,1A Pro League,50,54,51,41,51,23,49,-1
Chang Min Ahn,Ahn Chang Min,ST++,Daegu FC,Korea Republic,K League 1,49,55,48,37,44,35,66,-1
Rayan Al Johani,Al Johani,ST++,Al Taawoun,Saudi Arabia,ROSHN Saudi League,49,56,49,36,51,19,48,-1
Bader Al Mutairi,Al Mutairi,CM++,Al Riyadh,Saudi Arabia,ROSHN Saudi League,49,64,35,48,52,48,44,-1
Chi Woo An,An Chi Woo,CM++,Suwon FC,Korea Republic,K League 1,49,56,41,49,53,38,51,-1
Nathan Asher Rodrigues,Asher Rodrigues,LB++,Mumbai City FC,India,Hero ISL,49,48,29,34,45,47,54,-1
Harry Ashfield,Ashfield,CM++,Wrexham AFC,Wales,EFL League One,49,62,37,47,51,41,52,-1
Soo Min Bae,Bae Soo Min,CM++,Daegu FC,Korea Republic,K League 1,49,61,42,46,49,45,59,-1
Hyun Seo Bae,Bae Hyun Seo,LB++,FC Seoul,Korea Republic,K League 1,49,60,25,30,45,49,48,-1
Javier Casas Jr.,Casas Jr.,CM++,Chicago Fire FC,United States,MLS,49,56,43,51,54,37,38,-1
Guoliang Chen,Chen Guoliang,CB++,Rongcheng FC,China PR,CSL,49,52,27,29,32,52,56,-1
Luka Coveny,Coveny,CB++,Western United,New Zealand,A-League,49,57,38,43,44,49,57,-1
Nathan Crockford,Nate Crockford,GK++,D.C. United,United States,MLS,49,49,49,55,45,21,54,-1
Nikhil Deka,Deka,GK++,Mohammedan SC,India,Hero ISL,49,49,50,50,50,32,49,-1
Zhixuan Du,Du Zhixuan,CM++,Henan SSLM FC,China PR,CSL,49,50,36,48,46,46,60,-1
Jinming Fan,Fan Jinming,GK++,Zhejiang Pro,China PR,CSL,49,51,53,48,49,18,42,-1
Zavier Gozo,Gozo,RW++,Real Salt Lake,United States,MLS,49,64,47,39,49,17,43,-1
Dong Min Heo,Heo Dong Min,CDM++,FC Seoul,Korea Republic,K League 1,49,58,32,44,45,45,58,-1
Yong Jun Jeon,Jeon Yong Jun,RW++,Daegu FC,Korea Republic,K League 1,49,62,44,42,50,20,49,-1
Hyun Tae Jo,Jo Hyun Tae,CB++,Gangwon FC,Korea Republic,K League 1,49,47,23,29,32,49,59,-1
Hyun Je Kang,Kang Hyun Je,CM++,Pohang Steelers,Korea Republic,K League 1,49,52,40,50,54,31,56,-1
Min Sub Kim,Kim Min Sub,CM++,Daegu FC,Korea Republic,K League 1,49,60,44,49,55,36,44,-1
Jae Min Kim,Kim Jae Min,CM++,Jeju United,Korea Republic,K League 1,49,54,39,48,48,41,53,-1
Yu Seong Kim,Kim Yu Seong,GK++,Gangwon FC,Korea Republic,K League 1,49,49,46,50,51,26,52,-1
Gyu Min Lee,Lee Gyu Min,LW++,Pohang Steelers,Korea Republic,K League 1,49,59,50,43,51,26,43,-1
Dong Hyeop Lee,Lee Dong Hyeop,LB++,Pohang Steelers,Korea Republic,K League 1,49,57,27,35,47,48,42,-1
Xiaolong Liu,Liu Xiaolong,LW++,Shanghai Port,China PR,CSL,49,59,49,42,52,23,42,-1
Junxian Liu,Liu Junxian,ST++,Tianjin JMT FC,China PR,CSL,49,58,51,36,51,17,40,-1
Yujie Liu,Liu Yujie,CM++,Shanghai Shenhua,China PR,CSL,49,64,40,46,50,43,46,-1
Weicheng Liu,Liu Weicheng,CM++,Qingdao Hainiu,China PR,CSL,49,59,37,48,47,49,58,-1
Zhiyuan Lu,Lu Zhiyuan,CDM++,Henan SSLM FC,China PR,CSL,49,55,38,44,46,48,54,-1
Ryan Maher,Maher,GK++,Drogheda United,Republic of Ireland,SSE Airtricity PD,49,49,50,49,50,20,50,-1
Fardin Ali Molla,Molla,ST++,ATK Mohun Bagan,India,Hero ISL,49,62,52,43,56,18,37,-1
Franklin Nazareth,Nazareth,CDM++,Mumbai City FC,India,Hero ISL,49,46,32,45,46,45,55,-1
Macarton Louis Nickson,Nickson,CM++,NorthEast United,India,Hero ISL,49,68,50,47,51,44,41,-1
Abbas Nureli,Nureli,GK++,Beijing Guoan,China PR,CSL,49,56,49,48,48,18,50,-1
Luke O'Donnell,O'Donnell,CM++,Derry City,Republic of Ireland,SSE Airtricity PD,49,63,34,47,53,44,50,-1
Bekey Oram,Oram,CAM++,NorthEast United,India,Hero ISL,49,60,37,46,52,30,39,-1
Ju Seung Park,Park Ju Seung,ST++,Jeju United,Korea Republic,K League 1,49,59,44,41,51,38,47,-1
Se Min Park,Park Se Min,RW++,Daegu FC,Korea Republic,K League 1,49,64,48,40,51,28,45,-1
Jae Hyun Park,Park Jae Hyun,LM++,Daegu FC,Korea Republic,K League 1,49,62,37,40,49,44,57,-1
Harsh Patre,Patre,CDM++,Bengaluru FC,India,Hero ISL,49,53,37,43,45,47,51,-1
Adam Pearlman,Pearlman,CB++,Toronto FC,South Africa,MLS,49,60,22,30,39,51,55,-1
Tomas Pondeca,Pondeca,CAM++,FC Dallas,United States,MLS,49,59,39,48,54,31,53,-1
Ahan Prakash,Prakash,GK++,Mumbai City FC,India,Hero ISL,49,46,45,52,53,27,51,-1
Zhongyi Qiu,Qiu Zhongyi,CB++,Nantong Zhiyun FC,China PR,CSL,49,56,25,27,34,52,53,-1
James Rainbird,Rainbird,ST++,Wrexham AFC,England,EFL League One,49,70,46,42,51,34,49,-1
Ravi Rana,Rana,CB++,ATK Mohun Bagan,India,Hero ISL,49,63,43,44,51,48,53,-1
Thoi Singh,Singh,LW++,NorthEast United,India,Hero ISL,49,71,40,39,54,22,43,-1
Seung Min Son,Son Seung Min,CM++,Daegu FC,Korea Republic,K League 1,49,55,42,49,51,42,42,-1
Xuelong Sun,Sun Xuelong,CM++,Tianjin JMT FC,China PR,CSL,49,68,41,50,52,40,46,-1
Abhishek Suryavanshi,Suryavanshi,CM++,ATK Mohun Bagan,India,Hero ISL,49,54,44,50,53,36,42,-1
Alejandro Urzua,Urzua,CM++,FC Dallas,United States,MLS,49,62,38,46,47,46,52,-1
David Vazquez,Vazquez,LW++,Philadelphia,United States,MLS,49,67,50,39,51,22,39,-1
Robin Yadav,Yadav,CB++,NorthEast United,India,Hero ISL,49,49,24,28,34,52,53,-1
Irfan Yadwad,Yadwad,ST++,Chennaiyin FC,India,Hero ISL,49,48,47,35,46,20,61,-1
Bingliang Yan,Yan Bingliang,GK++,Tianjin JMT FC,China PR,CSL,49,46,55,53,50,31,43,-1
Tianxiang Yu,Yu Tianxiang,RB++,Wuhan 3 Towns,China PR,CSL,49,60,28,31,47,44,57,-1
Alex Rando,Rando,GK++,New York City FC,United States,MLS,48,47,47,51,46,27,52,-1
Tahir Reid-Brown,Reid-Brown,LB++,Orlando City,United States,MLS,48,78,28,33,42,43,49,-1
Hee Dong Roh,Roh Hee Dong,GK++,GwangJu FC,Korea Republic,K League 1,48,48,50,53,50,25,43,-1
Tommy Silva,Silva,LB++,Real Salt Lake,United States,MLS,48,59,26,29,42,51,55,-1
Aphaoba Singh,Singh,ST++,Odisha FC,India,Hero ISL,48,64,46,36,43,17,52,-1
Bowei Song,Song Bowei,RB++,Qingdao W. Coast,China PR,CSL,48,66,35,42,44,43,57,-1
Yong Tian,Tian Yong,CB++,Qingdao W. Coast,China PR,CSL,48,61,23,29,29,50,52,-1
Alexander Turkin,Turkin,GK++,Austria Klagenfurt,Austria,Ö. Bundesliga,48,55,45,53,49,23,46,-1
Zhiwei Wei,Wei Zhiwei,RM++,Meizhou Hakka,China PR,CSL,48,64,45,46,47,25,40,-1
Lei Wu,Wu Lei,CDM++,Rongcheng FC,China PR,CSL,48,59,37,47,45,45,63,-1
Xingliang Zhang,Zhang Xingliang,RM++,Tianjin JMT FC,China PR,CSL,48,59,47,45,50,23,40,-1
Junwei Zheng,Zheng Junwei,ST++,Henan SSLM FC,China PR,CSL,48,36,48,35,41,21,56,-1
Jianyan Zhou,Zhou Jianyan,CM++,Cangzhou FC,China PR,CSL,48,58,34,44,51,44,40,-1
Zhengkai Zhou,Zhou Zhengkai,GK++,Shanghai Shenhua,China PR,CSL,48,56,49,49,46,23,42,-1
Mark Zothanpuia,Zothanpuia,LB++,East Bengal,India,Hero ISL,48,52,38,46,47,42,59,-1
Markus Anderson,Anderson,LW++,Philadelphia,United States,MLS,48,65,52,37,50,24,38,-1
Min Gyu Baek,Baek Min Gyu,ST++,Incheon United,Korea Republic,K League 1,48,61,47,36,51,18,53,-1
Xuhuang Chen,Chen Xuhuang,CDM++,Shanghai Port,China PR,CSL,48,56,36,44,48,47,47,-1
Min Ki Choi,Choi Min Ki,CM++,Daegu FC,Korea Republic,K League 1,48,65,38,47,48,39,56,-1
Xiongtao Deng,Deng Xiongtao,GK++,Meizhou Hakka,China PR,CSL,48,48,49,53,48,20,50,-1
Qeyser Ezimet,Ezimet,RW++,Rongcheng FC,China PR,CSL,48,65,47,39,52,25,42,-1
Billy Gilmore,Gilmore,CM++,Bohemian FC,Republic of Ireland,SSE Airtricity PD,48,65,37,45,48,41,53,-1
Sun Woo Ham,Ham Sun Woo,CB++,FC Seoul,Korea Republic,K League 1,48,55,26,30,32,51,55,-1
Haoxiang Jin,Jin Haoxiang,CB++,Zhejiang Pro,China PR,CSL,48,58,24,26,32,50,56,-1
Eun Woo Jung,Jung Eun Woo,RW++,Daegu FC,Korea Republic,K League 1,48,61,45,41,52,21,36,-1
Muheet Shabir Khan,Khan,GK++,Punjab FC,India,Hero ISL,48,49,50,46,46,22,45,-1
Tae Jun Kim,Kim Tae Jun,GK++,GwangJu FC,Korea Republic,K League 1,48,51,46,44,49,20,42,-1
Seung Hwan Lee,Lee Seung Hwan,GK++,Pohang Steelers,Korea Republic,K League 1,48,48,46,50,55,19,43,-1
Jun Sub Lim,Lim Jun Sub,GK++,Jeju United,Korea Republic,K League 1,48,45,51,52,52,23,46,-1
Ji Hoon Min,Min Ji Hoon,CAM++,FC Seoul,Korea Republic,K League 1,48,61,34,51,51,33,43,-1
Jun Sub Lim,Lim Jun Sub,GK++,FC Seoul,Korea Republic,K League 1,48,45,51,52,52,23,46,-1
Mohammed Aimen,Aimen,ST++,Kerala Blasters,India,Hero ISL,47,64,45,45,53,26,49,-1
Fredy Chawngthansanga,Chawngthansanga,CAM++,NorthEast United,India,Hero ISL,47,62,40,45,49,32,46,-1
Lalchungnunga Chhangte,Chhangte,CM++,Hyderabad FC,India,Hero ISL,47,66,37,45,48,43,53,-1
Seo Ung Hwang,Hwang Seo Ung,CAM++,Pohang Steelers,Korea Republic,K League 1,47,57,36,43,56,32,47,-1
In Jung Jo,Jo In Jung,CM++,Jeju United,Korea Republic,K League 1,47,65,37,46,47,42,59,-1
Isaiah Jones,Jones,CM++,Nashville SC,Sierra Leone,MLS,47,75,31,43,49,49,49,-1
Gyo Hoon Kang,Kang Gyo Hoon,CM++,Suwon FC,Korea Republic,K League 1,47,53,35,45,46,43,54,-1
Dong Min Kim,Kim Dong Min,CDM++,Pohang Steelers,Korea Republic,K League 1,47,52,34,43,49,45,43,-1
Myeong Jun Kim,Kim Myeong Jun,ST++,Pohang Steelers,Korea Republic,K League 1,47,49,46,38,46,20,51,-1
Se Hoon Kim,Kim Se Hoon,CM++,Incheon United,Korea Republic,K League 1,47,63,36,47,48,37,42,-1
Rongxiang Liao,Liao Rongxiang,CM++,Rongcheng FC,China PR,CSL,47,66,37,47,48,40,51,-1
Zixi Min,Min Zixi,CM++,Wuhan 3 Towns,China PR,CSL,47,61,38,43,50,40,44,-1
Fangze Ning,Ning Fangze,CM++,Zhejiang Pro,China PR,CSL,47,50,37,45,46,38,45,-1
Hyung Woo Park,Park Hyung Woo,RM++,Pohang Steelers,Korea Republic,K League 1,47,60,39,40,52,20,40,-1
Jin Hong Park,Park Jin Hong,CM++,Incheon United,Korea Republic,K League 1,47,65,36,43,47,36,58,-1
Sajad Parray,Parray,RB++,Mohammedan SC,India,Hero ISL,47,55,24,34,39,46,65,-1
Engson Singh,Singh,CAM++,ATK Mohun Bagan,India,Hero ISL,47,31,45,47,52,34,45,-1
Ousmane Sylla,Sylla,CM++,Houston Dynamo,Senegal,MLS,47,67,38,46,45,40,55,-1
Feng Wei,Wei Feng,RB++,Changchun Yatai,China PR,CSL,47,57,47,38,50,43,49,-1
Hui Do Won,Won Hui Do,CM++,Jeju United,Korea Republic,K League 1,47,66,35,46,46,41,64,-1
Yuhang Wu,Wu Yuhang,CDM++,Zhejiang Pro,China PR,CSL,47,56,34,43,45,43,54,-1
Hui Do Won,Won Hui Do,CM++,Gangwon FC,Korea Republic,K League 1,47,66,35,46,46,41,64,-1
