Nombre,Alias,Posición,Club,Nación,Liga,OVR,PAC,SHO,PAS,DRI,DEF,PHY,Precio
Daniel Wass,Wass,CM++,Brøndby IF,Denmark,3F Superliga,74,69,72,75,74,70,75,3510
Fernando Zuqui,Zuqui,CM++,Uni. Católica,Argentina,Sudamericana,74,70,63,75,72,69,69,3510
Sergio Akieme Rodríguez,Akieme,LB++,Stade de Reims,Spain,Ligue 1 Uber Eats,74,78,48,60,71,71,71,3240
Tiago Maria Antunes Gouveia,Tiago Gouveia,RM++,SL Benfica,Portugal,Liga Portugal,74,85,68,67,76,32,61,3240
Mats Rits,Rits,CDM++,RSC Anderlecht,Belgium,1A Pro League,74,71,69,71,73,72,73,3510
Omar Colley,Colley,CB++,Beşiktaş,Gambia,Trendyol Süper Lig,74,64,31,48,55,73,84,3240
Patrick Cutrone,Cutrone,ST++,Como,Italy,Serie A TIM,74,72,73,59,74,29,71,3240
Jonny Evans,Evans,CB++,Manchester Utd,Northern Ireland,Premier League,74,33,32,62,56,76,70,3240
Antonino Gallo,Gallo,LB++,Lecce,Italy,Serie A TIM,74,78,52,70,70,68,66,3510
Omar Colley,Colley,CB++,PAOK FC,Gambia,Hellas Liga,74,64,31,48,55,73,84,3240
Adam Idah,Idah,ST++,Celtic,Republic of Ireland,cinch Prem,73,80,72,57,69,24,78,2880
Birger Meling,Meling,LB++,F.C. København,Norway,3F Superliga,73,79,55,68,72,69,66,3120
Divock Origi,Origi,ST++,Milano FC,Belgium,Serie A TIM,73,71,72,66,72,27,72,2880
Francisco Pérez Martínez,Fran Pérez,RM++,Valencia CF,Spain,LALIGA EA SPORTS,73,75,68,70,74,39,56,2880
Francisco Pizzini,Pizzini,RM++,Vélez Sarsfield,Argentina,LPF,73,82,67,69,75,41,71,3120
Dirk Proper,Proper,CDM++,N.E.C. Nijmegen,Netherlands,Eredivisie,73,59,55,67,74,68,61,2880
Juan Pedro Ramírez López,Juanpe,CB++,Girona FC,Spain,LALIGA EA SPORTS,73,50,37,55,49,72,77,2880
Jacob Rasmussen,Rasmussen,CB++,Brøndby IF,Denmark,3F Superliga,73,56,39,60,62,72,79,2880
Mihailo Ristić,Ristić,LB++,RC Celta,Serbia,LALIGA EA SPORTS,73,75,64,66,73,67,68,3120
Connor Roberts,Roberts,RB++,Burnley,Wales,EFL Championship,73,76,61,70,70,68,73,3120
Patricio Rodríguez,Rodríguez,LW++,Bolívar,Argentina,Libertadores,73,82,68,70,77,29,39,2880
Juan Gabriel Rodríguez,Rodríguez,CB++,Talleres,Argentina,Libertadores,73,68,39,58,64,72,75,2880
Daan Rots,Rots,RM++,FC Twente,Netherlands,Eredivisie,73,80,67,70,73,39,60,2880
Tatsuhiro Sakamoto,Sakamoto,RM++,Coventry City,Japan,EFL Championship,73,80,64,69,75,58,60,3120
Ilie Sánchez Farres,Ilie Sánchez,CDM++,LAFC,Spain,MLS,73,47,49,64,69,69,75,2880
Max Aarons,Aarons,RB++,AFC Bournemouth,England,Premier League,73,81,42,62,73,69,74,3120
Himad Abdelli,Abdelli,CAM++,Angers SCO,Algeria,Ligue 1 Uber Eats,73,65,68,70,73,60,73,3120
Ilias Akhomach Chakkour,Ilias,RW++,Villarreal CF,Morocco,LALIGA EA SPORTS,73,74,70,68,74,28,57,2880
Agustín Almendra,Almendra,CM++,Racing Club,Argentina,Sudamericana,73,68,67,69,71,66,71,3120
Owen Wijndal,Wijndal,LB++,Ajax,Netherlands,Eredivisie,73,80,54,69,71,67,71,3120
Luke Woolfenden,Woolfenden,CB++,Ipswich,England,Premier League,73,68,35,61,63,72,79,2880
Mattia Zanotti,Zanotti,RB++,FC Lugano,Italy,CSSL,73,78,59,69,72,68,72,3120
Akim Zedadka,Zedadka,RB++,LOSC Lille,Algeria,Ligue 1 Uber Eats,73,79,55,65,68,67,65,2880
Liam Scales,Scales,CB++,Celtic,Republic of Ireland,cinch Prem,73,70,56,63,63,71,79,3120
Jeffrey Schlupp,Schlupp,LW++,Crystal Palace,Ghana,Premier League,73,75,71,68,74,70,69,3120
Aleksandar Sedlar,Sedlar,CB++,D. Alavés,Serbia,LALIGA EA SPORTS,73,43,43,51,51,74,77,2880
Davie Selke,Selke,ST++,Hamburger SV,Germany,Bundesliga 2,73,77,72,54,67,37,77,2880
Jordan Siebatcheu,Siebatcheu,ST++,Union Berlin,United States,Bundesliga,73,55,72,61,71,39,76,2880
Santiago Simón,Simón,RM++,River Plate,Argentina,Libertadores,73,75,62,70,74,65,72,3120
Santiago Sosa,Sosa,CB++,Racing Club,Argentina,Sudamericana,73,57,57,63,67,72,78,2880
Marcos Vinícius Sousa Natividade,Marquinhos,LW++,Apoel FC,Brazil,Liga Cyprus,73,85,68,66,74,26,56,2880
Jack Stacey,Stacey,RB++,Norwich,England,EFL Championship,73,71,55,66,70,70,73,3120
Gabriel Suazo,Suazo,LB++,Toulouse FC,Chile,Ligue 1 Uber Eats,73,71,59,69,71,69,75,3120
Morlaye Sylla,Sylla,LM++,Arouca,Guinea,Liga Portugal,73,81,66,67,75,61,64,3120
Oussama Targhalline,Targhalline,CM++,Havre AC,Morocco,Ligue 1 Uber Eats,73,50,63,70,72,68,57,2880
Lassina Traoré,Traoré,ST++,Shakhtar Donetsk,Burkina Faso,Ukrayina Liha,73,78,71,58,69,30,76,2880
Conrad Wallem,Wallem,LM++,Slavia Praha,Norway,Česká Liga,73,80,62,69,74,53,70,3120
Dion Lopy,Lopy,CDM++,UD Almería,Senegal,LALIGA HYPERMOTION,73,64,60,69,72,70,73,3120
Sandi Lovrič,Lovrič,CDM++,Udinese,Slovenia,Serie A TIM,73,49,64,72,72,68,69,2880
Jeison Lucumí,Lucumí,LM++,Deportes Tolima,Colombia,Sudamericana,73,82,67,67,74,25,65,2880
Jaime Mata Arnaiz,Mata,ST++,UD Las Palmas,Spain,LALIGA EA SPORTS,73,61,72,63,70,38,72,2880
Gary Medel,Medel,CB++,Boca Juniors,Chile,Sudamericana,73,51,50,62,68,72,73,2880
Gonzalo Montes,Montes,CM++,Huachipato,Uruguay,Libertadores,73,70,67,68,71,64,66,3120
Dan Neil,Neil,CDM++,Sunderland,England,EFL Championship,73,73,64,66,72,68,77,3120
Carlos Neva Tey,Carlos Neva,LB++,Granada CF,Spain,LALIGA HYPERMOTION,73,77,52,62,70,69,68,2880
Tanguy Nianzou,Nianzou,CB++,Sevilla FC,France,LALIGA EA SPORTS,73,60,37,55,63,72,75,2880
Brian Oliván Herrero,Brian Oliván,LB++,RCD Espanyol,Spain,LALIGA EA SPORTS,73,78,60,71,68,66,76,3120
Jesús Areso Blanco,Areso,RB++,CA Osasuna,Spain,LALIGA EA SPORTS,73,72,34,65,68,69,70,2880
Noah Atubolu,Atubolu,GK++,SC Freiburg,Germany,Bundesliga,73,73,69,70,74,35,72,2880
Oğuz Aydın,Aydın,RM++,Fenerbahçe,Türkiye,Trendyol Süper Lig,73,81,68,70,73,40,56,2880
Leon Balogun,Balogun,CB++,Rangers,Nigeria,cinch Prem,73,70,44,59,60,72,77,2880
Fredrik Andre Bjørkan,Bjørkan,LB++,FK Bodø/Glimt,Norway,Eliteserien,73,80,53,64,72,66,75,3120
Jayden Bogle,Bogle,RB++,Leeds United,England,EFL Championship,73,79,55,67,74,69,68,3120
Javier Cabrera,Cabrera,RM++,Peñarol,Uruguay,Libertadores,73,76,63,68,75,53,70,3120
Mathieu Cafaro,Cafaro,LM++,AS Saint-Étienne,France,Ligue 1 Uber Eats,73,75,68,70,75,47,65,3120
Jens-Lys Cajuste,Cajuste,CDM++,Ipswich,Sweden,Premier League,73,67,62,69,74,68,74,3120
Adam Gnezda Čerin,Čerin,CM++,Panathinaikos,Slovenia,Hellas Liga,73,73,63,71,73,62,68,3120
Diego Chará,Chará,CDM++,Portland Timbers-Thorns,Colombia,MLS,73,71,54,64,69,68,78,3120
Oliver Christensen,Christensen,GK++,Fiorentina,Denmark,Serie A TIM,73,75,70,69,79,44,69,3120
Carlos Clerc Martínez,Clerc,LB++,Elche CF,Spain,LALIGA HYPERMOTION,73,81,58,68,71,66,73,3120
Francisco González Metilli,González Metilli,CAM++,Belgrano,Argentina,Sudamericana,73,73,70,70,74,41,69,2880
Abdou Harroui,Harroui,CM++,Hellas Verona,Morocco,Serie A TIM,73,69,70,70,74,67,73,3120
Junior Hernández,Hernández,LB++,Deportes Tolima,Colombia,Sudamericana,73,81,61,65,68,69,61,3120
Yeremay Hernández Cubas,Yeremay,LW++,RC Deportivo,Spain,LALIGA HYPERMOTION,73,77,64,69,75,22,48,2880
Philipp Hofmann,Hofmann,ST++,VfL Bochum,Germany,Bundesliga,73,51,72,55,65,37,80,2880
Dejan Joveljić,Joveljić,ST++,LA Galaxy,Serbia,MLS,73,74,72,61,70,32,73,2880
Joris Kayembe,Kayembe,LB++,KRC Genk,Congo DR,1A Pro League,73,79,60,68,73,66,73,3120
Johann Lepenant,Lepenant,CDM++,FC Nantes,France,Ligue 1 Uber Eats,73,69,56,67,71,69,69,3120
Keane Lewis-Potter,Lewis-Potter,LW++,Brentford,England,Premier League,73,78,67,65,76,44,65,2880
Janner Corozo,Corozo,RM++,Barcelona SC,Ecuador,Libertadores,73,84,65,66,75,51,65,3120
Jose Joaquim de Carvalho,Zeca,ST++,Shandong Taishan,Brazil,CSL,73,79,72,56,68,27,77,2880
Thibault De Smet,De Smet,LB++,Stade de Reims,Belgium,Ligue 1 Uber Eats,73,67,52,64,68,68,72,2880
Diego Demme,Demme,CDM++,Hertha Berlin,Germany,Bundesliga 2,73,51,47,71,72,69,68,2880
Fabio Depaoli,Depaoli,RB++,Sampdoria,Italy,Serie BKT,73,72,56,69,74,68,61,3120
Mikkel Desler,Desler,RB++,Austin FC,Denmark,MLS,73,72,60,68,70,68,69,3120
Habib Diarra,Diarra,CM++,Strasbourg,Senegal,Ligue 1 Uber Eats,73,68,63,69,73,69,70,3120
Tomás Romano dos Santos Händel,Tomás Händel,CDM++,Vitória SC,Portugal,Liga Portugal,73,71,56,70,73,69,67,3120
Roger Fernandes,Roger Fernandes,LM++,SC Braga,Portugal,Liga Portugal,73,88,63,65,74,33,48,2880
Ezequiel Fernández,Fernández,CDM++,Al Qadisiyah,Argentina,ROSHN Saudi League,73,68,47,66,72,69,78,3120
Fraser Forster,Forster,GK++,Spurs,England,Premier League,73,72,71,67,75,28,74,2880
Valentin Gendrey,Gendrey,RB++,Lecce,France,Serie A TIM,73,79,34,59,66,68,73,2880
Ryan Giles,Giles,LB++,Hull City,England,EFL Championship,73,88,57,73,73,62,65,3120
Pedro Jorge Gonçalves Malheiro,Pedro Malheiro,RB++,Trabzonspor,Portugal,Trendyol Süper Lig,73,78,62,65,73,67,61,3120
Valentin Gendrey,Gendrey,RB++,TSG Hoffenheim,France,Bundesliga,73,79,34,59,66,68,73,2880
Moses,Moses,RM++,Luton Town,Nigeria,EFL Championship,73,72,67,70,74,66,67,3120
Oliver Christensen,Christensen,GK++,Salernitana,Denmark,Serie BKT,73,75,70,69,79,44,69,3120
Conrad Wallem,Wallem,LM++,St. Louis CITY SC,Norway,MLS,73,80,62,69,74,53,70,3120
Max Aarons,Aarons,RB++,Valencia CF,England,LALIGA EA SPORTS,73,81,42,62,73,69,74,3120
Thibault De Smet,De Smet,LB++,Paris FC,Belgium,Ligue 2 BKT,73,67,52,64,68,68,72,2880
Ryan Giles,Giles,LB++,Middlesbrough,England,EFL Championship,73,88,57,73,73,62,65,3120
Jeffrey Schlupp,Schlupp,LW++,Celtic,Ghana,cinch Prem,73,75,71,68,74,70,69,3120
Gary Medel,Medel,CB++,Uni. Católica,Chile,Sudamericana,73,51,50,62,68,72,73,2880
Alexis Canelo,Canelo,LM++,Lanús,Argentina,Sudamericana,73,86,74,68,72,28,73,3120
Ilie Sánchez Farres,Ilie Sánchez,CDM++,Austin FC,Spain,MLS,73,47,49,64,69,69,75,2880
Pasquale Mazzocchi,Mazzocchi,RM++,SSC Napoli,Italy,Serie A TIM,72,76,59,72,73,67,69,2730
Stefan Bajcetic Maquieira,Stefan Bajcetic,CDM++,Liverpool,Spain,Premier League,72,66,52,66,72,69,66,2520
Pantelis Hatzidiakos,Hatzidiakos,CB++,Cagliari,Greece,Serie A TIM,72,67,55,66,66,72,71,2520
Félix Alexandre A. Sanches Correia,Félix Correia,LM++,Gil Vicente,Portugal,Liga Portugal,72,83,66,65,74,33,58,2520
Mehdi Abeid,Abeid,CDM++,Al Raed,Algeria,ROSHN Saudi League,72,60,68,69,73,67,72,2730
Luis Abram,Abram,CB++,Atlanta United,Peru,MLS,72,66,42,58,60,69,78,2520
Dapo Afolayan,Afolayan,RW++,FC St. Pauli,England,Bundesliga,72,80,69,65,73,48,71,2730
Lucien Agoumé,Agoumé,CM++,Sevilla FC,France,LALIGA EA SPORTS,72,61,54,69,73,69,70,2520
Alfredo Aguilar,Aguilar,GK++,Sportivo Luqueño,Paraguay,Sudamericana,72,70,70,71,74,46,71,2730
Ameen Al Dakhil,Al Dakhil,CB++,Burnley,Belgium,EFL Championship,72,70,27,51,62,72,73,2520
Facundo Altamirano,Altamirano,GK++,San Lorenzo,Argentina,Libertadores,72,71,68,70,74,45,70,2520
Jaidon Anthony,Anthony,LM++,AFC Bournemouth,England,Premier League,72,77,66,68,74,39,63,2520
Daniel Armstrong,Armstrong,RM++,Kilmarnock,Scotland,cinch Prem,72,80,67,69,72,53,67,2730
Yáser Asprilla,Asprilla,RW++,Girona FC,Colombia,LALIGA EA SPORTS,72,77,68,69,75,50,62,2730
Tommaso Augello,Augello,LB++,Cagliari,Italy,Serie A TIM,72,72,55,68,71,67,59,2520
Matthias Bader,Bader,RB++,SV Darmstadt 98,Germany,Bundesliga 2,72,71,41,61,69,68,69,2520
Barry Bannan,Bannan,CM++,Sheffield Wed,Scotland,EFL Championship,72,59,63,73,75,58,61,2520
Gonçalo Baptista Franco,Gonçalo Franco,CDM++,Swansea City,Portugal,EFL Championship,72,66,64,69,72,67,73,2730
Jean-David Beauguel,Beauguel,ST++,Qingdao W. Coast,France,CSL,72,63,73,52,64,31,79,2520
Abdelkader Bedrane,Bedrane,CB++,Damac FC,Algeria,ROSHN Saudi League,72,61,30,55,53,72,76,2520
Dion Drena Beljo,Beljo,ST++,SK Rapid Wien,Croatia,Ö. Bundesliga,72,59,71,49,68,31,73,2520
Alessandro Bellemo,Bellemo,CDM++,Sampdoria,Italy,Serie BKT,72,50,62,70,70,64,70,2520
Sofiane Bendebka,Bendebka,CM++,Al Fateh,Algeria,ROSHN Saudi League,72,74,66,68,73,61,73,2730
Daniel Bentley,Bentley,GK++,Wolves,England,Premier League,72,73,67,69,73,46,72,2730
Bartosz Bereszyński,Bereszyński,RB++,Sampdoria,Poland,Serie BKT,72,76,56,64,69,67,72,2730
Paul Bernardoni,Bernardoni,GK++,Yverdon Sport FC,France,CSSL,72,73,70,69,71,29,72,2520
Benjamín Berríos,Berríos,CM++,Everton,Chile,Sudamericana,72,71,58,67,73,68,72,2730
Pietro Beruatto,Beruatto,LB++,Pisa,Italy,Serie BKT,72,78,51,60,65,68,69,2520
Ermin Bičakčić,Bičakčić,CB++,Braunschweig,Bosnia and Herzegovina,Bundesliga 2,72,54,37,49,47,71,76,2520
Stipe Biuk,Biuk,LM++,R. Valladolid CF,Croatia,LALIGA EA SPORTS,72,83,64,65,73,38,62,2520
Sebastián Blanco,Blanco,CAM++,San Lorenzo,Argentina,Libertadores,72,65,70,72,72,32,58,2520
Alexis Blin,Blin,CDM++,Palermo,France,Serie BKT,72,31,54,63,65,69,77,2520
Diego Rubio,Rubio,ST++,Austin FC,Chile,MLS,72,68,72,65,71,48,71,2520
Carl Rushworth,Rushworth,GK++,Brighton,England,Premier League,72,72,70,71,73,55,71,2730
Mujaid Sadick Aliu,Mujaid,CB++,KRC Genk,Spain,1A Pro League,72,63,26,57,55,72,77,2520
Bartosz Salamon,Salamon,CB++,Lech Poznań,Poland,PKO BP Ekstraklasa,72,46,47,58,54,72,80,2520
Manolis Saliakas,Saliakas,RB++,FC St. Pauli,Greece,Bundesliga,72,69,57,66,69,67,68,2520
Mbwana Ally Samatta,Samatta,ST++,PAOK FC,Tanzania,Hellas Liga,72,75,71,63,69,37,73,2520
Matisse Samoise,Samoise,RM++,KAA Gent,Belgium,1A Pro League,72,76,63,69,70,64,72,2730
Borja Sánchez Laborde,Borja Sánchez,LM++,R. Oviedo,Spain,LALIGA HYPERMOTION,72,75,68,70,73,49,68,2730
Juan Luis Sánchez Velasco,Juanlu Sánchez,RB++,Sevilla FC,Spain,LALIGA EA SPORTS,72,65,59,63,73,69,62,2520
Philipp Sander,Sander,CM++,M'gladbach,Germany,Bundesliga,72,73,58,71,73,65,67,2730
Killian Sardella,Sardella,RB++,RSC Anderlecht,Belgium,1A Pro League,72,74,38,67,73,67,64,2520
Richard Schunke,Schunke,CB++,Independiente DV,Argentina,Libertadores,72,59,34,53,54,71,80,2520
Ole Kristian Selnæs,Selnæs,CM++,Rosenborg BK,Norway,Eliteserien,72,62,67,72,71,68,76,2730
Volodymyr Shepelev,Shepelev,CDM++,Dynamo Kyiv,Ukraine,Ukrayina Liha,72,64,62,64,69,66,62,2520
Eldor Shomurodov,Shomurodov,ST++,AS Roma,Uzbekistan,Serie A TIM,72,76,70,64,73,39,66,2520
Alejandro Silva,Silva,CM++,Libertad,Uruguay,Libertadores,72,75,68,71,74,63,72,2730
André Luís Silva de Aguiar,André Luís,ST++,Shanghai Shenhua,Brazil,CSL,72,75,71,60,69,24,71,2520
Hrvoje Smolčić,Smolčić,CB++,LASK,Croatia,Ö. Bundesliga,72,68,28,49,58,72,73,2520
Jun Ho Son,Son Jun Ho,CDM++,Suwon FC,Korea Republic,K League 1,72,71,61,69,70,67,75,2730
Ali Sowe,Sowe,ST++,Çaykur Rizespor,Gambia,Trendyol Süper Lig,72,75,69,60,72,32,77,2520
Andraž Šporar,Šporar,ST++,Panathinaikos,Slovenia,Hellas Liga,72,75,72,65,70,19,67,2520
Marko Stamenić,Stamenić,CDM++,Olympiacos FC,New Zealand,Hellas Liga,72,67,60,68,72,66,75,2730
Petar Stojanović,Stojanović,RB++,Empoli,Slovenia,Serie A TIM,72,79,51,67,69,66,75,2730
Nikola Storm,Storm,LM++,KV Mechelen,Belgium,1A Pro League,72,76,71,69,72,36,55,2520
Mario Stroeykens,Stroeykens,CAM++,RSC Anderlecht,Belgium,1A Pro League,72,74,69,68,74,42,67,2520
Roberto Suárez Pier,Róber Pier,CB++,R. Sporting,Spain,LALIGA HYPERMOTION,72,55,48,65,64,73,72,2520
Issiaga Sylla,Sylla,LB++,Montpellier,Guinea,Ligue 1 Uber Eats,72,68,61,67,67,68,73,2730
Mamadou Sylla,Sylla,ST++,R. Valladolid CF,Senegal,LALIGA EA SPORTS,72,77,71,62,70,37,75,2520
Japhet Tanganga,Tanganga,CB++,Millwall,England,EFL Championship,72,70,33,61,66,71,75,2520
Florian Tardieu,Tardieu,CDM++,AS Saint-Étienne,France,Ligue 1 Uber Eats,72,40,63,70,67,68,74,2520
Jan Thielmann,Thielmann,RM++,1. FC Köln,Germany,Bundesliga 2,72,81,69,66,72,45,66,2520
Jón Dagur Þorsteinsson,Þorsteinsson,LM++,OH Leuven,Iceland,1A Pro League,72,80,66,66,73,40,72,2520
Gastón Togni,Togni,LM++,Defensa,Argentina,Sudamericana,72,75,70,70,72,63,69,2730
Jeremy Toljan,Toljan,RB++,Sassuolo,Germany,Serie BKT,72,79,42,66,70,66,64,2520
El Bilal Touré,Touré,ST++,VfB Stuttgart,Mali,Bundesliga,72,71,72,61,71,23,63,2520
Nicolás Tripichio,Tripichio,RB++,San Lorenzo,Argentina,Libertadores,72,81,51,66,71,66,69,2730
William Troost-Ekong,Troost-Ekong,CB++,Al Kholood,Nigeria,ROSHN Saudi League,72,58,32,44,44,72,77,2520
Alex Valera,Valera,ST++,Universitario,Peru,Libertadores,72,67,72,52,68,28,75,2520
Emanuele Valeri,Valeri,LB++,Parma,Italy,Serie A TIM,72,67,65,69,72,69,53,2520
Charles Vanhoutte,Vanhoutte,CM++,R. Union St.-G.,Belgium,1A Pro League,72,57,61,64,72,68,77,2520
Juan Pablo Vargas,Vargas,CB++,Millonarios,Costa Rica,Libertadores,72,51,24,44,48,72,77,2520
Pablo Vázquez Pérez,Pablo Vázquez,CB++,RC Deportivo,Spain,LALIGA HYPERMOTION,72,67,32,50,47,71,71,2520
Benjamin Verbič,Verbič,LW++,Panathinaikos,Slovenia,Hellas Liga,72,81,70,66,75,44,68,2730
Nick Viergever,Viergever,CB++,FC Utrecht,Netherlands,Eredivisie,72,70,54,64,66,72,73,2520
João Carlos Vilaça Teixeira,João Teixeira,CAM++,Shanghai Shenhua,Portugal,CSL,72,74,65,69,74,36,61,2520
Marios Vrousai,Vrousai,LM++,Rio Ave FC,Greece,Liga Portugal,72,76,69,70,73,61,67,2730
Danny Ward,Ward,GK++,Leicester City,Wales,Premier League,72,72,71,68,72,46,70,2520
Marcelo Weigandt,Weigandt,RB++,Inter Miami CF,Argentina,MLS,72,79,47,59,70,68,75,2520
Noah Weißhaupt,Weißhaupt,LM++,SC Freiburg,Germany,Bundesliga,72,76,60,67,74,46,58,2520
Mateusz Wieteska,Wieteska,CB++,Cagliari,Poland,Serie A TIM,72,47,37,50,59,73,73,2520
Chris Willock,Willock,RM++,Cardiff City,England,EFL Championship,72,79,68,65,75,29,56,2520
Cláudio Winck Neto,Cláudio Winck,RB++,Kasımpaşa,Brazil,Trendyol Süper Lig,72,73,59,65,68,68,74,2730
Miki Yamane,Yamane,RB++,LA Galaxy,Japan,MLS,72,77,61,65,65,68,74,2730
Maya Yoshida,Yoshida,CB++,LA Galaxy,Japan,MLS,72,56,41,54,63,72,73,2520
Étienne Youté Kinkoué,Youté Kinkoué,CB++,Havre AC,France,Ligue 1 Uber Eats,72,61,31,50,48,70,78,2520
Luca Zanimacchia,Zanimacchia,RM++,Cremonese,Italy,Serie BKT,72,73,69,70,69,50,56,2520
Alessandro Zanoli,Zanoli,RB++,Genoa,Italy,Serie A TIM,72,70,40,63,69,69,71,2520
Oier Zarraga Egaña,Zarraga,CM++,Udinese,Spain,Serie A TIM,72,75,66,71,74,61,65,2730
Matthias Zimmermann,Zimmermann,RB++,Düsseldorf,Germany,Bundesliga 2,72,69,52,66,67,68,70,2520
Nermin Zolotić,Zolotić,CB++,Casa Pia AC,Bosnia and Herzegovina,Liga Portugal,72,53,53,64,63,70,78,2520
Lucas Blondel,Blondel,RB++,Boca Juniors,Argentina,Sudamericana,72,79,61,60,70,68,70,2730
Róbert Boženík,Boženík,ST++,Boavista FC,Slovakia,Liga Portugal,72,74,72,63,67,32,74,2520
Pedro Miguel Braga Rebocho,Pedro Rebocho,LB++,Al Khaleej,Portugal,ROSHN Saudi League,72,76,57,68,72,66,74,2730
Nathan Broadhead,Broadhead,LM++,Ipswich,Wales,Premier League,72,79,71,66,73,36,66,2520
Alan Browne,Browne,CM++,Sunderland,Republic of Ireland,EFL Championship,72,70,69,70,72,69,78,2730
Gaston Brugman,Brugman,CM++,LA Galaxy,Uruguay,MLS,72,70,68,71,73,69,72,2730
Osman Bukari,Bukari,RW++,Austin FC,Ghana,MLS,72,85,67,61,75,37,65,2520
Cameron Burgess,Burgess,CB++,Ipswich,Australia,Premier League,72,51,37,56,54,72,80,2520
Marnon Busch,Busch,RB++,Heidenheim,Germany,Bundesliga,72,81,53,63,70,66,74,2730
Matteo Cancellieri,Cancellieri,LW++,Parma,Italy,Serie A TIM,72,79,69,69,77,38,59,2520
Víctor Cantillo,Cantillo,CDM++,Junior,Colombia,Libertadores,72,67,39,66,74,65,68,2520
Lukáš Červ,Červ,CDM++,Viktoria Plzeň,Czechia,Česká Liga,72,69,62,66,68,68,77,2730
Maxime Chanot,Chanot,CB++,LAFC,Luxembourg,MLS,72,47,49,48,50,71,80,2520
Leandro Chichizola,Chichizola,GK++,Parma,Argentina,Serie A TIM,72,70,70,69,72,51,74,2730
Gue Sung Cho,Cho Gue Sung,ST++,FC Midtjylland,Korea Republic,3F Superliga,72,78,71,52,68,30,79,2520
Matt Clarke,Clarke,CB++,Middlesbrough,England,EFL Championship,72,51,37,53,62,71,78,2520
Matías Cóccaro,Cóccaro,ST++,CF Montréal,Uruguay,MLS,72,72,72,48,70,40,72,2520
Alex Cochrane,Cochrane,LB++,Birmingham City,England,EFL League One,72,73,45,66,69,68,67,2520
Carlos Miguel Coronel,Carlos Coronel,GK++,Red Bulls,Paraguay,MLS,72,71,70,73,73,39,71,2520
Charlie Cresswell,Cresswell,CB++,Toulouse FC,England,Ligue 1 Uber Eats,72,52,30,50,55,72,74,2520
Rafael Czichos,Czichos,CB++,Chicago Fire FC,Germany,MLS,72,57,47,59,60,72,77,2520
José Pedro da Silva Figueiredo,Zé Pedro,CB++,FC Porto,Portugal,Liga Portugal,72,64,53,63,61,72,72,2520
Diego Hipólito da Silva Lopes,Diego Lopes,CAM++,Qingdao Hainiu,Brazil,CSL,72,71,67,70,74,49,55,2520
Jesper Daland,Daland,CB++,Cardiff City,Norway,EFL Championship,72,60,40,52,57,72,76,2520
Zuriko Davitashvili,Davitashvili,LM++,AS Saint-Étienne,Georgia,Ligue 1 Uber Eats,72,84,60,67,73,25,59,2520
Luca de la Torre,de la Torre,CM++,RC Celta,United States,LALIGA EA SPORTS,72,64,61,72,73,62,62,2520
José Artur de Lima Junior,Artur,CDM++,Houston Dynamo,Brazil,MLS,72,62,51,64,68,69,77,2520
Thomas Delaine,Delaine,LB++,Strasbourg,France,Ligue 1 Uber Eats,72,81,50,69,71,66,71,2730
Hannes Delcroix,Delcroix,CB++,Burnley,Belgium,EFL Championship,72,67,33,61,62,72,70,2520
Olivier Deman,Deman,LB++,SV Werder Bremen,Belgium,Bundesliga,72,66,63,69,71,66,71,2730
Stanley Nsoki,Nsoki,CB++,TSG Hoffenheim,France,Bundesliga,72,74,38,62,67,72,77,2520
Robert Kenedy Nunes do Nascimento,Kenedy,LM++,R. Valladolid CF,Brazil,LALIGA EA SPORTS,72,72,68,70,74,60,61,2730
Brian Ocampo,Ocampo,LM++,Cádiz CF,Uruguay,LALIGA HYPERMOTION,72,82,67,69,75,47,63,2730
Caleb Okoli,Okoli,CB++,Leicester City,Italy,Premier League,72,43,30,46,53,72,80,2520
Victor Olatunji,Olatunji,ST++,Sparta Praha,Nigeria,Česká Liga,72,77,67,55,66,24,78,2520
Anderson Oliveira da Silva,Anderson Oliveira,LM++,Suwon FC,Brazil,K League 1,72,85,64,63,75,33,55,2520
Frank Onyeka,Onyeka,CM++,Brentford,Nigeria,Premier League,72,77,63,66,73,72,76,2730
Joao Ortiz,Ortiz,CDM++,Independiente DV,Ecuador,Libertadores,72,72,68,67,70,68,77,2730
Jonathan Osorio,Osorio,CM++,Toronto FC,Canada,MLS,72,58,68,70,74,61,65,2520
Leo Østigård,Østigård,CB++,Stade Rennais FC,Norway,Ligue 1 Uber Eats,72,64,37,50,61,71,79,2520
Rémi Oudin,Oudin,RW++,Lecce,France,Serie A TIM,72,63,70,72,74,33,63,2520
Berat Özdemir,Özdemir,CM++,Başakşehir,Türkiye,Trendyol Süper Lig,72,71,60,70,69,69,76,2730
Rômulo José Pacheco da Silva,Rômulo,RW++,Rongcheng FC,Brazil,CSL,72,80,69,71,72,52,69,2730
Seung Ho Paik,Paik Seung Ho,CM++,Birmingham City,Korea Republic,EFL League One,72,68,67,70,73,64,75,2730
Tiago Palacios,Palacios,RM++,Estudiantes,Uruguay,Libertadores,72,77,68,66,75,41,52,2520
Carlos Palacios,Palacios,LW++,Colo-Colo,Chile,Libertadores,72,78,66,69,75,27,66,2520
Antonio Palumbo,Palumbo,CM++,Modena,Italy,Serie BKT,72,67,64,70,73,60,76,2730
Keaton Parks,Parks,CDM++,New York City FC,United States,MLS,72,34,62,68,68,68,74,2520
Facundo Pellistri,Pellistri,RM++,Panathinaikos,Uruguay,Hellas Liga,72,80,62,66,75,38,63,2520
Sebastián Pérez,Pérez,CDM++,Boavista FC,Colombia,Liga Portugal,72,67,62,62,68,67,73,2520
Gaëtan Perrin,Perrin,LM++,AJ Auxerre,France,Ligue 1 Uber Eats,72,80,68,67,74,37,64,2520
Pablo Piatti,Piatti,LM++,Estudiantes,Argentina,Libertadores,72,70,68,71,75,56,46,2520
Hamilton Piedra,Piedra,GK++,Dep. Cuenca,Ecuador,Sudamericana,72,73,70,72,70,42,72,2520
Marvin Pieringer,Pieringer,ST++,Heidenheim,Germany,Bundesliga,72,69,70,58,68,30,78,2520
Lucas Pires Silva,Lucas Pires,LB++,Burnley,Brazil,EFL Championship,72,76,49,64,64,67,66,2520
Juan Camilo Portilla,Portilla,CDM++,Talleres,Colombia,Libertadores,72,69,66,66,68,66,72,2730
Matteo Prati,Prati,CDM++,Cagliari,Italy,Serie A TIM,72,59,65,72,71,69,68,2730
Alan Pulido,Pulido,ST++,Sporting KC,Mexico,MLS,72,73,72,66,72,37,71,2520
Facundo Quignon,Quignon,CDM++,Belgrano,Argentina,Sudamericana,72,59,53,66,74,70,74,2520
Nemanja Radoja,Radoja,CM++,Sporting KC,Serbia,MLS,72,50,61,70,70,69,73,2520
Adrián Ramos,Ramos,ST++,América de Cali,Colombia,Sudamericana,72,66,72,65,67,42,70,2520
Youri Regeer,Regeer,RB++,FC Twente,Netherlands,Eredivisie,72,74,59,70,73,67,65,2730
Chadi Riad,Riad,CB++,Crystal Palace,Morocco,Premier League,72,62,32,54,54,72,74,2520
Francisco Ribeiro Tomé,Kiko Bondoso,LW++,Rio Ave FC,Portugal,Liga Portugal,72,76,69,69,75,33,53,2520
Stefan Ristovski,Ristovski,RB++,Dinamo Zagreb,North Macedonia,Liga Hrvatska,72,80,60,66,66,69,76,2730
Davy Roef,Roef,GK++,KAA Gent,Belgium,1A Pro League,72,73,71,71,72,51,71,2730
Luka Romero,Romero,RM++,D. Alavés,Argentina,LALIGA EA SPORTS,72,79,65,66,75,53,57,2520
Lazaros Rota,Rota,RB++,AEK Athens,Greece,Hellas Liga,72,78,44,62,69,67,70,2520
Marin Ljubičić,Ljubičić,ST++,LASK,Croatia,Ö. Bundesliga,72,77,72,58,71,24,74,2520
Raúl Loaiza,Loaiza,CDM++,Lanús,Colombia,Sudamericana,72,56,46,64,66,70,78,2520
Imrân Louza,Louza,CM++,Watford,Morocco,EFL Championship,72,61,65,72,74,62,62,2520
Max Lowe,Lowe,LB++,Sheffield Wed,England,EFL Championship,72,78,46,63,73,69,67,2520
Tomás Aresta Machado Ribeiro,Tomás Ribeiro,CB++,Vitória SC,Portugal,Liga Portugal,72,65,34,49,56,72,75,2520
José Ndong Machín Dicombo,José Machín,CM++,Frosinone,Equatorial Guinea,Serie BKT,72,54,64,70,72,63,63,2520
Soungoutou Magassa,Magassa,CB++,AS Monaco,France,Ligue 1 Uber Eats,72,58,48,64,62,71,71,2520
Frank Magri,Magri,ST++,Toulouse FC,Cameroon,Ligue 1 Uber Eats,72,77,72,59,73,21,63,2520
Facundo Mallo,Mallo,CB++,Rosario Central,Uruguay,Libertadores,72,59,31,43,48,72,78,2520
Pablo Martinez,Martinez,CB++,RC Deportivo,France,LALIGA HYPERMOTION,72,63,54,63,67,71,77,2520
Josef Martínez,Martínez,ST++,CF Montréal,Venezuela,MLS,72,80,72,60,73,23,65,2520
Kenny McLean,McLean,CDM++,Norwich,Scotland,EFL Championship,72,66,69,68,72,66,74,2730
Jonas Meffert,Meffert,CDM++,Hamburger SV,Germany,Bundesliga 2,72,59,48,64,66,70,75,2520
Eugenio Mena,Mena,LB++,Uni. Católica,Chile,Sudamericana,72,68,52,69,69,69,69,2520
Levent Mercan,Mercan,LB++,Fenerbahçe,Türkiye,Trendyol Süper Lig,72,80,62,70,70,67,66,2730
Sebastián Meza,Meza,GK++,Huracán,Argentina,LPF,72,72,70,73,73,33,71,2520
Giannis Michailidis,Michailidis,CB++,PAOK FC,Greece,Hellas Liga,72,67,51,63,62,72,70,2520
Lewis Miley,Miley,CM++,Newcastle Utd,England,Premier League,72,65,61,72,73,64,66,2730
Liam Millar,Millar,LM++,Hull City,Canada,EFL Championship,72,85,65,63,75,52,61,2730
Kieffer Moore,Moore,ST++,Sheffield Utd,Wales,EFL Championship,72,62,69,56,65,46,80,2520
Leonardo Morales,Morales,CB++,Gimnasia,Argentina,LPF,72,70,33,52,64,72,76,2520
Ilaix Moriba,Moriba,CM++,RC Celta,Guinea,LALIGA EA SPORTS,72,68,70,63,74,65,65,2730
Kerim Mrabti,Mrabti,LW++,KV Mechelen,Sweden,1A Pro League,72,80,71,69,72,52,74,2730
Miro Muheim,Muheim,LB++,Hamburger SV,Switzerland,Bundesliga 2,72,74,64,70,69,68,72,2730
Robert Navarro Muñoz,Robert Navarro,LM++,Real Sociedad,Spain,LALIGA EA SPORTS,72,74,68,68,74,34,63,2520
Umut Nayir,Nayir,ST++,Konyaspor,Türkiye,Trendyol Süper Lig,72,63,70,53,66,31,80,2520
Loïc Négo,Négo,RM++,Havre AC,Hungary,Ligue 1 Uber Eats,72,79,67,68,71,66,66,2730
Emmanuel Dennis,Dennis,LM++,Nott'm Forest,Nigeria,Premier League,72,85,71,63,75,41,70,2730
Cameron Devlin,Devlin,CDM++,Hearts,Australia,cinch Prem,72,68,55,63,72,68,73,2520
Gianluca Di Chiara,Di Chiara,LB++,Parma,Italy,Serie A TIM,72,78,54,70,68,64,77,2730
Oumar Diakité,Diakité,ST++,Stade de Reims,Côte d'Ivoire,Ligue 1 Uber Eats,72,79,71,57,70,21,69,2520
Grady Diangana,Diangana,LM++,West Brom,Congo DR,EFL Championship,72,82,62,66,72,27,58,2520
Rob Dickie,Dickie,CB++,Bristol City,England,EFL Championship,72,53,44,53,58,73,78,2520
Josh Doig,Doig,LB++,Sassuolo,Scotland,Serie BKT,72,79,63,66,70,67,73,2730
Jean-Luc Dompé,Dompé,LW++,Hamburger SV,France,Bundesliga 2,72,76,70,70,77,38,54,2520
Carlos Dotor Gonzalez,Dotor,CM++,R. Oviedo,Spain,LALIGA HYPERMOTION,72,56,61,65,71,66,63,2520
Ousmane Doumbia,Doumbia,CDM++,FC Lugano,Côte d'Ivoire,CSSL,72,72,58,66,71,69,78,2730
Callum Doyle,Doyle,CB++,Norwich,England,EFL Championship,72,58,37,66,68,72,75,2520
Hjalmar Ekdal,Ekdal,CB++,Burnley,Sweden,EFL Championship,72,59,33,52,62,72,75,2520
Jurgen Ekkelenkamp,Ekkelenkamp,CAM++,Udinese,Netherlands,Serie A TIM,72,65,69,71,72,62,79,2730
Ji Sung Eom,Eom Ji Sung,LM++,Swansea City,Korea Republic,EFL Championship,72,85,64,64,74,36,65,2520
Zinedine Ferhat,Ferhat,RM++,Angers SCO,Algeria,Ligue 1 Uber Eats,72,76,63,70,72,31,62,2520
José Antonio Ferrández Pomares,Josan,RB++,Elche CF,Spain,LALIGA HYPERMOTION,72,82,68,67,74,66,47,2730
Frederico André Ferrão Venâncio,Frederico Venâncio,CB++,Santa Clara,Portugal,Liga Portugal,72,57,33,50,56,71,69,2520
Ryan Flamingo,Flamingo,CB++,PSV,Netherlands,Eredivisie,72,66,61,62,65,72,74,2730
Alexis Flips,Flips,LM++,RSC Anderlecht,France,1A Pro League,72,72,68,71,73,45,62,2520
Jonas Föhrenbach,Föhrenbach,LB++,Heidenheim,Germany,Bundesliga,72,78,39,57,63,69,75,2520
Nicolás Fonseca,Fonseca,CDM++,River Plate,Uruguay,Libertadores,72,68,63,72,68,68,72,2730
Lyle Foster,Foster,ST++,Burnley,South Africa,EFL Championship,72,79,72,61,69,36,73,2520
Ryan Fraser,Fraser,LW++,Newcastle Utd,Scotland,Premier League,72,76,68,69,75,48,59,2520
Mads Frøkjær,Frøkjær,CAM++,Preston,Denmark,EFL Championship,72,63,66,70,74,48,64,2520
Ramiro Funes Mori,Funes Mori,CB++,River Plate,Argentina,Libertadores,72,57,50,67,64,71,76,2520
Pedro Gallese,Gallese,GK++,Orlando City,Peru,MLS,72,71,71,64,73,46,70,2520
Ulisses Garcia,Garcia,LB++,OM,Switzerland,Ligue 1 Uber Eats,72,79,47,65,68,65,74,2520
Jusuf Gazibegović,Gazibegović,RB++,SK Sturm Graz,Bosnia and Herzegovina,Ö. Bundesliga,72,77,43,65,69,67,75,2520
César Gelabert Piña,César Gelabert,CM++,R. Sporting,Spain,LALIGA HYPERMOTION,72,73,63,70,71,52,57,2520
Valère Germain,Germain,ST++,Macarthur FC,France,A-League,72,57,72,69,72,43,73,2520
Lautaro Giannetti,Giannetti,CB++,Udinese,Argentina,Serie A TIM,72,65,34,53,55,72,76,2520
Dimitris Giannoulis,Giannoulis,LB++,FC Augsburg,Greece,Bundesliga,72,82,42,62,71,67,63,2520
Rodrigo Martins Gomes,Rodrigo Gomes,RW++,Wolves,Portugal,Premier League,72,81,67,64,74,52,51,2520
Unai Gómez Etxebarria,Unai Gómez,CAM++,Athletic Club,Spain,LALIGA EA SPORTS,72,67,65,67,74,37,62,2520
Paulo Guilherme Gonçalves Bernardo,Paulo Bernardo,CM++,Celtic,Portugal,cinch Prem,72,74,69,67,73,65,76,2730
Luis González,González,LM++,Junior,Venezuela,Libertadores,72,79,69,69,74,37,56,2520
Dimitrios Goutas,Goutas,CB++,Cardiff City,Greece,EFL Championship,72,53,45,48,53,72,79,2520
Carlos Gruezo,Gruezo,CDM++,SJ Earthquakes,Ecuador,MLS,72,58,46,61,67,68,74,2520
Morgan Guilavogui,Guilavogui,ST++,FC St. Pauli,Guinea,Bundesliga,72,80,70,66,71,32,70,2520
Serdar Gürler,Gürler,LM++,Başakşehir,Türkiye,Trendyol Süper Lig,72,82,65,68,74,43,58,2520
Hayden Hackney,Hackney,CDM++,Middlesbrough,England,EFL Championship,72,68,57,69,71,65,71,2730
Kortney Hause,Hause,CB++,Aston Villa,England,Premier League,72,52,44,58,57,71,71,2520
Jorrit Hendrix,Hendrix,CDM++,Preußen Münster,Netherlands,Bundesliga 2,72,67,59,66,67,69,76,2730
Christophe Hérelle,Hérelle,CB++,Bodrum FK,France,Trendyol Süper Lig,72,50,48,61,61,72,73,2520
Ki-Jana Hoever,Hoever,RB++,AJ Auxerre,Netherlands,Ligue 1 Uber Eats,72,73,54,68,69,67,71,2730
Sverrir Ingi Ingason,Ingason,CB++,Panathinaikos,Iceland,Hellas Liga,72,52,53,57,57,72,75,2520
Juan Manuel Insaurralde,Insaurralde,CB++,Sarmiento,Argentina,LPF,72,45,53,57,58,71,80,2520
Tomoki Iwata,Iwata,CDM++,Celtic,Japan,cinch Prem,72,75,60,64,68,68,77,2730
Václav Jemelka,Jemelka,CB++,Viktoria Plzeň,Czechia,Česká Liga,72,66,49,64,68,70,77,2520
Erik Jirka,Jirka,RM++,Viktoria Plzeň,Slovakia,Česká Liga,72,85,66,66,70,42,67,2520
Michael Johnston,Johnston,LW++,Celtic,Republic of Ireland,cinch Prem,72,85,69,64,75,29,48,2520
Alfie Jones,Jones,CB++,Hull City,England,EFL Championship,72,59,40,59,59,72,77,2520
Isaiah Jones,Jones,RM++,Middlesbrough,England,EFL Championship,72,85,55,65,73,64,61,2730
Mathias Jørgensen,Zanka,CB++,RSC Anderlecht,Denmark,1A Pro League,72,47,39,58,56,72,76,2520
Jhojan Julio,Julio,LM++,LDU Quito,Ecuador,Libertadores,72,81,65,65,74,60,68,2730
Tino Kadewere,Kadewere,ST++,FC Nantes,Zimbabwe,Ligue 1 Uber Eats,72,73,72,66,72,38,67,2520
Gédéon Kalulu,Kalulu,RB++,FC Lorient,Congo DR,Ligue 2 BKT,72,81,40,58,70,71,76,2520
Yann Karamoh,Karamoh,LM++,Torino,France,Serie A TIM,72,77,68,67,74,31,59,2520
Yassine Kechta,Kechta,CM++,Havre AC,Morocco,Ligue 1 Uber Eats,72,58,59,70,74,64,63,2520
Frankie Kent,Kent,CB++,Hearts,England,cinch Prem,72,62,30,52,59,72,79,2520
Abdukodir Khusanov,Khusanov,CB++,RC Lens,Uzbekistan,Ligue 1 Uber Eats,72,71,39,54,55,71,72,2520
Kenan Kodro,Kodro,ST++,Gaziantep,Bosnia and Herzegovina,Trendyol Süper Lig,72,54,72,62,67,40,71,2520
Ondřej Kolář,Kolář,GK++,Slavia Praha,Czechia,Česká Liga,72,71,69,76,74,44,72,2730
Jan Kopic,Kopic,RM++,Viktoria Plzeň,Czechia,Česká Liga,72,76,69,68,72,36,59,2520
Giannis Kotsiras,Kotsiras,RB++,Panathinaikos,Greece,Hellas Liga,72,77,52,67,70,68,72,2730
Sam Larsson,Larsson,LM++,Antalyaspor,Sweden,Trendyol Süper Lig,72,79,69,71,73,38,59,2520
Tobias Lauritsen,Lauritsen,ST++,Sparta Rotterdam,Norway,Eredivisie,72,60,70,53,62,42,77,2520
Dimitri Lavalée,Lavalée,CB++,SK Sturm Graz,Belgium,Ö. Bundesliga,72,64,29,61,64,71,72,2520
Darragh Lenihan,Lenihan,CB++,Middlesbrough,Republic of Ireland,EFL Championship,72,65,46,58,59,72,76,2520
Alan Lescano,Lescano,CM++,Argentinos Jrs.,Argentina,Sudamericana,72,65,70,72,73,62,69,2730
Ryan Fraser,Fraser,LW++,Southampton,Scotland,Premier League,72,76,68,69,75,48,59,2520
Petar Stojanović,Stojanović,RB++,Salernitana,Slovenia,Serie BKT,72,79,51,67,69,66,75,2730
Pantelis Hatzidiakos,Hatzidiakos,CB++,F.C. København,Greece,3F Superliga,72,67,55,66,66,72,71,2520
Michael Johnston,Johnston,LW++,West Brom,Republic of Ireland,EFL Championship,72,85,69,64,75,29,48,2520
Frank Onyeka,Onyeka,CM++,FC Augsburg,Nigeria,Bundesliga,72,77,63,66,73,72,76,2730
Borja Sánchez Laborde,Borja Sánchez,LM++,Burgos CF,Spain,LALIGA HYPERMOTION,72,75,68,70,73,49,68,2730
Jón Dagur Þorsteinsson,Þorsteinsson,LM++,Hertha Berlin,Iceland,Bundesliga 2,72,80,66,66,73,40,72,2520
Jaidon Anthony,Anthony,LM++,Burnley,England,EFL Championship,72,77,66,68,74,39,63,2520
Tomoki Iwata,Iwata,CDM++,Birmingham City,Japan,EFL League One,72,75,60,64,68,68,77,2730
Alexis Flips,Flips,LM++,Sp. Charleroi,France,1A Pro League,72,72,68,71,73,45,62,2520
Robert Navarro Muñoz,Robert Navarro,LM++,RCD Mallorca,Spain,LALIGA EA SPORTS,72,74,68,68,74,34,63,2520
Stipe Biuk,Biuk,LM++,Hajduk Split,Croatia,Liga Hrvatska,72,83,64,65,73,38,62,2520
Carl Rushworth,Rushworth,GK++,Hull City,England,EFL Championship,72,72,70,71,73,55,71,2730
Ameen Al Dakhil,Al Dakhil,CB++,VfB Stuttgart,Belgium,Bundesliga,72,70,27,51,62,72,73,2520
Stefan Bajcetic Maquieira,Stefan Bajcetic,CDM++,RB Salzburg,Spain,Ö. Bundesliga,72,66,52,66,72,69,66,2520
Sebastián Boselli,Boselli,CB++,Estudiantes,Uruguay,Libertadores,72,75,50,66,66,70,77,2730
M'Vila,M'Vila,CDM++,SM Caen,France,Ligue 2 BKT,72,57,63,69,69,69,74,2730
Erik Jirka,Jirka,RM++,Piast Gliwice,Slovakia,PKO BP Ekstraklasa,72,85,66,66,70,42,67,2520
Víctor Cantillo,Cantillo,CDM++,Huracán,Colombia,LPF,72,67,39,66,74,65,68,2520
Hjalmar Ekdal,Ekdal,CB++,FC Groningen,Sweden,Eredivisie,72,59,33,52,62,72,75,2520
Pietro Beruatto,Beruatto,LB++,Sampdoria,Italy,Serie BKT,72,78,51,60,65,68,69,2520
Rémi Oudin,Oudin,RW++,Sampdoria,France,Serie BKT,72,63,70,72,74,33,63,2520
Carlos Dotor Gonzalez,Dotor,CM++,R. Sporting,Spain,LALIGA HYPERMOTION,72,56,61,65,71,66,63,2520
Mateusz Wieteska,Wieteska,CB++,PAOK FC,Poland,Hellas Liga,72,47,37,50,59,73,73,2520
Emmanuel Dennis,Dennis,LM++,Blackburn Rovers,Nigeria,EFL Championship,72,85,71,63,75,41,70,2730
Stefan Bajcetic Maquieira,Stefan Bajcetic,CDM++,UD Las Palmas,Spain,LALIGA EA SPORTS,72,66,52,66,72,69,66,2520
Hannes Delcroix,Delcroix,CB++,Swansea City,Belgium,EFL Championship,72,67,33,61,62,72,70,2520
José Ndong Machín Dicombo,José Machín,CM++,FC Cartagena,Equatorial Guinea,LALIGA HYPERMOTION,72,54,64,70,72,63,63,2520
Tomás Aresta Machado Ribeiro,Tomás Ribeiro,CB++,Farense,Portugal,Liga Portugal,72,65,34,49,56,72,75,2520
Leandro Chichizola,Chichizola,GK++,Spezia,Argentina,Serie BKT,72,70,70,69,72,51,74,2730
Josef Martínez,Martínez,ST++,SJ Earthquakes,Venezuela,MLS,72,80,72,60,73,23,65,2520
Ayrton Costa,Costa,LB++,Boca Juniors,Argentina,Sudamericana,72,71,46,62,64,72,72,2520
Abdukodir Khusanov,Khusanov,CB++,Manchester City,Uzbekistan,Premier League,72,71,39,54,55,71,72,2520
Youri Regeer,Regeer,RB++,Ajax,Netherlands,Eredivisie,72,74,59,70,73,67,65,2730
Aleksa Terzić,Terzić,LB++,RB Salzburg,Serbia,Ö. Bundesliga,71,82,45,59,70,66,62,2160
Jordan Larsson,Larsson,RW++,F.C. København,Sweden,3F Superliga,71,81,70,68,72,34,70,2160
Rúnar Alex Rúnarsson,Rúnarsson,GK++,F.C. København,Iceland,3F Superliga,71,71,70,72,70,45,70,2160
Nathan Trott,Trott,GK++,F.C. København,England,3F Superliga,71,71,70,69,72,40,70,2160
Javier Méndez,Méndez,CB++,Peñarol,Uruguay,Libertadores,71,67,58,60,63,72,76,2160
Mauro Méndez,Méndez,ST++,Estudiantes,Uruguay,Libertadores,71,70,70,67,69,37,70,2160
Chris Mepham,Mepham,CB++,AFC Bournemouth,Wales,Premier League,71,47,37,55,60,72,72,2160
Víctor Meseguer Cavas,Meseguer,CM++,R. Valladolid CF,Spain,LALIGA EA SPORTS,71,63,68,68,69,68,72,2340
Francisco Montero Rubio,Montero,CB++,R. Racing Club,Spain,LALIGA HYPERMOTION,71,68,29,52,59,71,71,2160
Shaquell Moore,Moore,RB++,Nashville SC,United States,MLS,71,80,56,61,68,63,76,2340
Felipe Mora,Mora,ST++,Portland Timbers-Thorns,Chile,MLS,71,72,71,55,70,26,61,2160
Lautaro Morales,Morales,GK++,Talleres,Argentina,Libertadores,71,71,68,67,72,52,72,2340
Fahd Moufi,Moufi,RB++,Hajduk Split,Morocco,Liga Hrvatska,71,74,39,63,69,66,77,2160
Antonio Moya Vega,Toni Moya,CM++,Real Zaragoza,Spain,LALIGA HYPERMOTION,71,52,67,73,71,62,56,2160
Sebastián Moyano,Moyano,GK++,Barracas Central,Argentina,LPF,71,72,66,62,73,51,72,2160
Sebastián Moyano Jimenez,Sebas Moyano,LM++,R. Oviedo,Spain,LALIGA HYPERMOTION,71,79,69,66,72,37,51,2160
Adamo Nagalo,Nagalo,CB++,FC Nordsjælland,Burkina Faso,3F Superliga,71,70,29,55,62,70,77,2160
Kal Naismith,Naismith,CB++,Bristol City,Scotland,EFL Championship,71,66,65,66,67,70,77,2340
Jean-Pierre Nsame,Nsame,ST++,Legia Warszawa,Cameroon,PKO BP Ekstraklasa,71,66,71,53,71,27,80,2160
Miguel Filipe Nunes Cardoso,Miguel Cardoso,LM++,Kayserispor,Portugal,Trendyol Süper Lig,71,74,68,67,73,39,60,2160
Fabian Nürnberger,Nürnberger,LM++,SV Darmstadt 98,Germany,Bundesliga 2,71,74,61,69,73,66,64,2340
Jay O'Shea,O'Shea,CM++,Brisbane Roar,Republic of Ireland,A-League,71,58,66,72,73,61,76,2340
Denis Odoi,Odoi,RB++,Royal Antwerp FC,Ghana,1A Pro League,71,70,60,66,71,69,71,2340
Moses Odubajo,Odubajo,RB++,AEK Athens,England,Hellas Liga,71,80,55,66,68,68,70,2340
Jonathan Okita,Okita,LW++,FC Zürich,Congo DR,CSSL,71,83,69,67,71,33,68,2160
Masaya Okugawa,Okugawa,LM++,FC Augsburg,Japan,Bundesliga,71,76,63,67,74,43,44,2160
Cristian Olivera,Olivera,RW++,LAFC,Uruguay,MLS,71,85,65,62,76,36,48,2160
Emanuel Olivera,Olivera,CB++,Junior,Argentina,Libertadores,71,66,43,51,55,72,73,2160
Jacob Ondrejka,Ondrejka,LM++,Royal Antwerp FC,Sweden,1A Pro League,71,79,66,69,73,46,60,2160
Bruno Onyemaechi,Onyemaechi,LB++,Boavista FC,Nigeria,Liga Portugal,71,81,42,58,63,69,72,2160
Jerome Opoku,Opoku,CB++,Başakşehir,Ghana,Trendyol Süper Lig,71,58,43,52,58,72,80,2160
Darío Osorio,Osorio,RM++,FC Midtjylland,Chile,3F Superliga,71,79,65,65,73,41,62,2160
Elisha Owusu,Owusu,CDM++,AJ Auxerre,Ghana,Ligue 1 Uber Eats,71,60,53,64,68,67,69,2160
Braian Oyola,Oyola,LM++,Barcelona SC,Argentina,Libertadores,71,82,66,64,74,40,53,2160
Kenneth Paal,Paal,LB++,QPR,Suriname,EFL Championship,71,81,51,68,72,65,72,2340
Jon Pacheco Dozagarat,Pacheco,CB++,Real Sociedad,Spain,LALIGA EA SPORTS,71,49,22,51,49,71,68,2160
Maarten Paes,Paes,GK++,FC Dallas,Netherlands,MLS,71,72,66,68,74,31,70,2160
Nelson Palacio,Palacio,CM++,Real Salt Lake,Colombia,MLS,71,71,61,65,68,65,71,2340
Leart Paqarada,Paqarada,LB++,1. FC Köln,Kosovo,Bundesliga 2,71,70,47,70,70,65,68,2160
Franco Pardo,Pardo,CB++,Unión,Argentina,LPF,71,69,42,51,54,69,79,2160
Nathan Patterson,Patterson,RB++,Everton,Scotland,Premier League,71,75,46,60,69,69,70,2160
Estanislau Pedrola Fortuny,Estanis,RW++,Sampdoria,Spain,Serie BKT,71,78,67,66,75,23,49,2160
Fabio Pereyra,Pereyra,CB++,Huracán,Argentina,LPF,71,61,35,48,52,70,79,2160
Jorge Pereyra Díaz,Pereyra Díaz,ST++,Bengaluru FC,Argentina,Hero ISL,71,76,71,63,70,42,62,2160
Matías Pérez García,Pérez García,CAM++,Sport Huancayo,Argentina,Sudamericana,71,70,68,72,74,44,61,2160
Mario Gaspar Pérez Martínez,Mario Gaspar,CB++,Elche CF,Spain,LALIGA HYPERMOTION,71,64,66,64,67,71,73,2340
Máximo Perrone,Perrone,CM++,Como,Argentina,Serie A TIM,71,68,54,66,74,68,69,2160
Gino Peruzzi,Peruzzi,RB++,Atlético Tucumán,Argentina,LPF,71,72,49,63,68,66,70,2160
Giuseppe Pezzella,Pezzella,LB++,Empoli,Italy,Serie A TIM,71,67,56,66,68,68,70,2160
Nathaniel Phillips,Phillips,CB++,Liverpool,England,Premier League,71,49,30,49,50,71,75,2160
Roberto Piccoli,Piccoli,ST++,Cagliari,Italy,Serie A TIM,71,67,72,54,65,34,66,2160
Lorenzo Pirola,Pirola,CB++,Olympiacos FC,Italy,Hellas Liga,71,64,42,52,58,72,64,2160
Rodolfo Pizarro,Pizarro,LM++,AEK Athens,Mexico,Hellas Liga,71,75,64,67,73,50,64,2160
Vicente Pizarro,Pizarro,CDM++,Colo-Colo,Chile,Libertadores,71,68,54,64,70,67,69,2160
Jackson Porozo,Porozo,CB++,CD Leganés,Ecuador,LALIGA EA SPORTS,71,70,31,42,45,71,74,2160
Lucas Pratto,Pratto,ST++,Olimpia,Argentina,Sudamericana,71,53,72,69,69,55,77,2160
Filip Prebsl,Prebsl,CDM++,Slavia Praha,Czechia,Česká Liga,71,70,46,69,69,68,75,2160
Cameron Pring,Pring,LB++,Bristol City,England,EFL Championship,71,81,48,61,67,66,71,2160
Mateus Quaresma Correia,Mateus Quaresma,LB++,Arouca,Brazil,Liga Portugal,71,70,33,59,67,67,71,2160
Anthony Racioppi,Racioppi,GK++,Hull City,Switzerland,EFL Championship,71,73,68,65,71,30,69,2160
Jesurun Rak-Sakyi,Rak-Sakyi,RW++,Sheffield Utd,England,EFL Championship,71,83,69,63,75,24,51,2160
Ignacio Ramírez,Ramírez,ST++,Newell's,Uruguay,LPF,71,70,72,52,65,25,64,2160
Elbasan Rashani,Rashani,LM++,Clermont Foot 63,Kosovo,Ligue 2 BKT,71,81,65,65,72,39,67,2160
Mathias Rasmussen,Rasmussen,CM++,R. Union St.-G.,Norway,1A Pro League,71,74,61,71,73,64,66,2340
Oriol Rey Erenas,Oriol Rey,CM++,Levante UD,Spain,LALIGA HYPERMOTION,71,59,62,70,71,68,71,2340
Bryan Reynolds,Reynolds,RB++,KVC Westerlo,United States,1A Pro League,71,70,47,64,69,66,74,2160
Jack Robinson,Robinson,CB++,Sheffield Utd,England,EFL Championship,71,59,41,59,61,71,73,2160
Jannik Rochelt,Rochelt,LM++,Hannover 96,Germany,Bundesliga 2,71,85,63,66,70,46,69,2160
Simone Romagnoli,Romagnoli,CB++,Sampdoria,Italy,Serie BKT,71,44,40,47,55,71,76,2160
André Rømer,Rømer,CDM++,Randers FC,Denmark,3F Superliga,71,60,56,64,66,68,78,2160
Maximiliano Romero,Romero,ST++,Argentinos Jrs.,Argentina,Sudamericana,71,75,68,59,66,46,73,2160
Lazar Rosić,Rosić,CB++,Changchun Yatai,Serbia,CSL,71,50,31,47,48,70,73,2160
Steve Rouiller,Rouiller,CB++,Servette FC,Switzerland,CSSL,71,51,27,48,53,71,78,2160
Jonny Rowe,Rowe,RM++,OM,England,Ligue 1 Uber Eats,71,83,71,62,74,36,64,2160
Kye Rowles,Rowles,CB++,Hearts,Australia,cinch Prem,71,64,24,46,47,72,76,2160
Sergio Ruiz Alonso,Sergio Ruiz,CDM++,Granada CF,Spain,LALIGA HYPERMOTION,71,64,62,66,68,67,72,2160
Jorge Sáenz de Miera,Jorge Sáenz,CB++,CD Leganés,Spain,LALIGA EA SPORTS,71,61,41,56,62,72,77,2160
Emir Sahiti,Sahiti,RM++,Hajduk Split,Kosovo,Liga Hrvatska,71,82,68,65,73,41,65,2160
Borja Sainz Eguskiza,Borja Sainz,LM++,Norwich,Spain,EFL Championship,71,80,67,66,72,40,56,2160
Yoann Salmier,Salmier,CB++,Havre AC,France,Ligue 1 Uber Eats,71,35,40,58,57,71,76,2160
Alfons Sampsted,Sampsted,RB++,Birmingham City,Iceland,EFL League One,71,74,47,61,68,66,74,2160
James Sands,Sands,CDM++,New York City FC,United States,MLS,71,51,50,61,66,69,72,2160
Marcelo Saracchi,Saracchi,LB++,Boca Juniors,Uruguay,Sudamericana,71,80,62,67,71,65,70,2340
Malang Sarr,Sarr,CB++,RC Lens,France,Ligue 1 Uber Eats,71,56,45,65,64,72,70,2160
Vincent Sasso,Sasso,CB++,USL Dunkerque,France,Ligue 2 BKT,71,37,27,52,53,71,77,2160
Joan Sastre Vanrell,Joan Sastre,RB++,PAOK FC,Spain,Hellas Liga,71,77,42,59,68,68,65,2160
David Schnegg,Schnegg,LB++,D.C. United,Austria,MLS,71,75,56,64,68,68,77,2340
Matthias Seidl,Seidl,CAM++,SK Rapid Wien,Austria,Ö. Bundesliga,71,67,70,69,71,36,62,2160
Adrian Šemper,Šemper,GK++,Pisa,Croatia,Serie BKT,71,72,68,66,72,31,70,2160
Josep Señé Escudero,Josep Señé,CM++,Racing de Ferrol,Spain,LALIGA HYPERMOTION,71,68,66,70,71,58,66,2160
Isnairo Reis Silva Morais,Reis,LW++,Jeju United,Brazil,K League 1,71,81,66,64,74,33,60,2160
Miguel Silva Reisinho,Miguel Reisinho,CM++,Boavista FC,Portugal,Liga Portugal,71,70,67,67,71,63,72,2340
Ellis Simms,Simms,ST++,Coventry City,England,EFL Championship,71,74,71,53,66,34,77,2160
Florian Kastenmeier,Kastenmeier,GK++,Düsseldorf,Germany,Bundesliga 2,71,72,65,67,74,26,70,2160
Edo Kayembe,Kayembe,CDM++,Watford,Congo DR,EFL Championship,71,72,63,67,68,67,78,2340
Yannik Keitel,Keitel,CDM++,VfB Stuttgart,Germany,Bundesliga,71,66,48,63,66,69,73,2160
Gyrano Kerk,Kerk,RM++,Royal Antwerp FC,Suriname,1A Pro League,71,84,70,62,71,35,72,2160
Luca Kilian,Kilian,CB++,1. FC Köln,Germany,Bundesliga 2,71,68,39,55,54,70,76,2160
Emre Kılınç,Kılınç,RM++,Samsunspor,Türkiye,Trendyol Süper Lig,71,73,68,66,75,51,61,2160
Mathias Kjølø,Kjølø,CDM++,FC Twente,Norway,Eredivisie,71,49,57,68,68,66,66,2160
Felix Klaus,Klaus,RM++,Düsseldorf,Germany,Bundesliga 2,71,78,66,65,73,39,69,2160
Seung Beom Ko,Ko Seung Beom,CM++,Ulsan Hyundai,Korea Republic,K League 1,71,72,60,68,71,66,78,2340
Markus Kolke,Kolke,GK++,SV Werder Bremen,Germany,Bundesliga,71,73,68,61,74,45,69,2160
Juan Cruz Komar,Komar,CB++,Rosario Central,Argentina,Libertadores,71,58,36,50,53,71,76,2160
Yukhym Konoplia,Konoplia,RB++,Shakhtar Donetsk,Ukraine,Ukrayina Liha,71,79,47,67,69,67,64,2160
Nebojša Kosović,Kosović,CDM++,Meizhou Hakka,Montenegro,CSL,71,69,63,70,70,63,70,2340
Koffi Kouao,Kouao,RB++,FC Metz,Côte d'Ivoire,Ligue 2 BKT,71,77,39,55,69,67,71,2160
Dawid Kownacki,Kownacki,ST++,Düsseldorf,Poland,Bundesliga 2,71,74,72,63,72,34,68,2160
Matías Kranevitter,Kranevitter,CDM++,River Plate,Argentina,Libertadores,71,69,49,69,70,68,70,2160
Jean-Philippe Krasso,Krasso,ST++,Paris FC,Côte d'Ivoire,Ligue 2 BKT,71,66,71,63,71,21,69,2160
Dmytro Kryskiv,Kryskiv,CM++,Shakhtar Donetsk,Ukraine,Ukrayina Liha,71,67,62,67,69,59,56,2160
Grejohn Kyei,Kyei,ST++,Standard Liège,France,1A Pro League,71,62,70,54,70,27,78,2160
Joaquín Laso,Laso,CB++,Independiente,Argentina,LPF,71,56,41,53,59,69,78,2160
Numa Lavanchy,Lavanchy,RB++,FC Sion,Switzerland,CSSL,71,80,61,65,70,64,71,2340
Jordan Lefort,Lefort,LB++,Angers SCO,France,Ligue 1 Uber Eats,71,66,26,59,64,68,74,2160
Tim Leibold,Leibold,LB++,Sporting KC,Germany,MLS,71,75,57,69,73,65,69,2340
Ryan Leonard,Leonard,RB++,Millwall,England,EFL Championship,71,71,64,65,66,67,77,2340
Enzo Leopold,Leopold,CM++,Hannover 96,Germany,Bundesliga 2,71,69,57,69,74,60,64,2160
Luis Guilherme Lira dos Santos,Luis Guilherme,RM++,West Ham,Brazil,Premier League,71,76,62,64,75,33,57,2160
Pol Mikel Lirola Kosok,Pol Lirola,RB++,OM,Spain,Ligue 1 Uber Eats,71,68,62,69,69,67,67,2340
Saba Lobjanidze,Lobjanidze,RW++,Atlanta United,Georgia,MLS,71,82,66,66,74,25,55,2160
Renzo López,López,ST++,Independiente DV,Uruguay,Libertadores,71,61,72,53,67,26,77,2160
Pascal Loretz,Loretz,GK++,FC Luzern,Switzerland,CSSL,71,70,69,67,72,43,70,2160
Augusto Lotti,Lotti,ST++,Platense,Argentina,LPF,71,76,71,58,70,30,71,2160
Matteo Lovato,Lovato,CB++,Sassuolo,Italy,Serie BKT,71,66,30,52,60,72,69,2160
Sayfallah Ltaief,Ltaief,LM++,FC Twente,Tunisia,Eredivisie,71,85,64,63,74,32,64,2160
Mads Emil Madsen,Madsen,CM++,AGF,Denmark,3F Superliga,71,67,61,70,72,67,76,2340
Josh Maja,Maja,ST++,West Brom,Nigeria,EFL Championship,71,76,72,62,71,28,63,2160
Daniel Maldini,Maldini,CAM++,Monza,Italy,Serie A TIM,71,66,68,70,74,40,50,2160
Lucas Mancinelli,Mancinelli,RM++,Dep. Cuenca,Argentina,Sudamericana,71,75,70,67,71,55,61,2160
Eliaquim Mangala,Mangala,CB++,Estoril Praia,France,Liga Portugal,71,48,42,53,51,71,75,2160
Nikola Maraš,Maraš,CB++,D. Alavés,Serbia,LALIGA EA SPORTS,71,64,37,50,55,70,77,2160
Adrián Marín Gómez,Adrián Marín,LB++,SC Braga,Spain,Liga Portugal,71,73,48,64,68,68,72,2160
Rafael Marín Zamora,Rafa Marín,CB++,SSC Napoli,Spain,Serie A TIM,71,67,28,58,57,71,72,2160
Gonzalo Marinelli,Marinelli,GK++,Ind. Rivadavia,Argentina,LPF,71,72,69,64,72,36,71,2160
João Miguel Marques,João Marques,LW++,SC Braga,Portugal,Liga Portugal,71,70,69,69,73,41,54,2160
Facundo Martínez,Martínez,CM++,U. Católica,Argentina,Sudamericana,71,48,64,72,69,60,62,2160
Damián Martínez,Martínez,RB++,Rosario Central,Argentina,Libertadores,71,74,64,65,72,67,74,2340
Pablo Martínez Andrés,Pablo Martínez,CM++,Levante UD,Spain,LALIGA HYPERMOTION,71,71,66,70,72,62,70,2340
Iván Martínez Gonzálvez,Barbero,ST++,RC Deportivo,Spain,LALIGA HYPERMOTION,71,67,71,56,66,22,67,2160
Bruno Martins Indi,Martins Indi,CB++,AZ,Netherlands,Eredivisie,71,39,42,58,58,71,76,2160
Han-Noah Massengo,Massengo,CDM++,Burnley,France,EFL Championship,71,69,48,66,74,69,66,2160
Igor Matanović,Matanović,ST++,Frankfurt,Germany,Bundesliga,71,63,69,53,67,34,77,2160
Nathanaël Mbuku,Mbuku,RM++,FC Augsburg,France,Bundesliga,71,77,64,69,75,35,53,2160
Kasey McAteer,McAteer,RW++,Leicester City,England,Premier League,71,81,67,66,71,53,64,2340
Alex McCarthy,McCarthy,GK++,Southampton,England,Premier League,71,71,71,62,74,50,68,2160
Barrie McKay,McKay,LM++,Hearts,Scotland,cinch Prem,71,80,61,70,74,38,39,2160
Scott McKenna,McKenna,CB++,UD Las Palmas,Scotland,LALIGA EA SPORTS,71,51,32,46,51,70,80,2160
Flavio Medeiros da Silva,Flavio,CDM++,Al Taawoun,Brazil,ROSHN Saudi League,71,67,55,64,64,68,75,2160
Beni Baningime,Baningime,CDM++,Hearts,Congo DR,cinch Prem,71,48,52,63,70,69,68,2160
Miguel Barbieri,Barbieri,CB++,Rosario Central,Argentina,Libertadores,71,63,34,43,53,70,71,2160
Juan Barinaga,Barinaga,RB++,Belgrano,Argentina,Sudamericana,71,71,48,64,65,68,71,2160
Ashley Barnes,Barnes,ST++,Norwich,England,EFL Championship,71,47,72,69,69,47,79,2160
Enzo Barrenechea,Barrenechea,CDM++,Aston Villa,Argentina,Premier League,71,57,63,68,71,62,69,2160
Connor Barron,Barron,CM++,Rangers,Scotland,cinch Prem,71,69,60,71,68,67,75,2340
Simone Bastoni,Bastoni,CM++,Cesena,Italy,Serie BKT,71,63,58,71,69,68,66,2160
Damian Batallini,Batallini,RM++,Instituto,Argentina,LPF,71,72,66,69,73,54,69,2340
Dylan Batubinsika,Batubinsika,CB++,AS Saint-Étienne,Congo DR,Ligue 1 Uber Eats,71,68,28,52,54,69,78,2160
Dominik Baumgartner,Baumgartner,CB++,Wolfsberger AC,Austria,Ö. Bundesliga,71,70,35,53,52,71,77,2160
Chris Bedia,Bedia,ST++,Hull City,Côte d'Ivoire,EFL Championship,71,68,71,54,67,33,78,2160
Mohamed Belloumi,Belloumi,RW++,Farense,Algeria,Liga Portugal,71,77,66,67,73,39,54,2160
Gastón Benedetti,Benedetti,LB++,Estudiantes,Argentina,Libertadores,71,72,57,63,67,67,64,2160
Yassine Benzia,Benzia,CAM++,Qarabağ FK,Algeria,Liga Azerbaijan,71,66,69,70,72,45,58,2160
Robert Berić,Berić,ST++,Changchun Yatai,Slovenia,CSL,71,56,71,63,66,38,79,2160
Matteo Bianchetti,Bianchetti,CB++,Cremonese,Italy,Serie BKT,71,51,35,56,58,72,74,2160
Uran Bislimi,Bislimi,CM++,FC Lugano,Switzerland,CSSL,71,69,66,69,73,64,72,2340
Dimitri Bisoli,Bisoli,CM++,Brisigonza,Italy,Serie BKT,71,72,69,68,71,68,70,2340
Lautaro Blanco,Blanco,LB++,Boca Juniors,Argentina,Sudamericana,71,78,46,64,69,63,69,2160
Paweł Bochniewicz,Bochniewicz,CB++,sc Heerenveen,Poland,Eredivisie,71,51,25,52,50,71,78,2160
Luciano Boggio,Boggio,CM++,Lanús,Uruguay,Sudamericana,71,72,63,72,71,56,65,2160
Sinan Bolat,Bolat,GK++,KVC Westerlo,Türkiye,1A Pro League,71,68,76,74,68,44,70,2340
Federico Bonazzoli,Bonazzoli,ST++,Cremonese,Italy,Serie BKT,71,65,71,62,71,28,59,2160
Ezequiel Bonifacio,Bonifacio,RB++,Banfield,Argentina,LPF,71,72,58,67,73,67,72,2340
Andreas Bouchalakis,Bouchalakis,CDM++,Hertha Berlin,Greece,Bundesliga 2,71,57,65,70,67,68,75,2340
Umut Bozok,Bozok,ST++,Trabzonspor,Türkiye,Trendyol Süper Lig,71,75,71,64,72,33,66,2160
Volodymyr Brazhko,Brazhko,CDM++,Dynamo Kyiv,Ukraine,Ukrayina Liha,71,65,64,67,67,68,71,2340
Fabian Bredlow,Bredlow,GK++,VfB Stuttgart,Germany,Bundesliga,71,71,67,66,74,39,68,2160
Miguel Brizuela,Brizuela,CB++,Instituto,Argentina,LPF,71,54,41,55,53,70,80,2160
Cristian Buonaiuto,Buonaiuto,LM++,Cremonese,Italy,Serie BKT,71,75,71,67,71,44,57,2160
Brandon Bye,Bye,RB++,New England,United States,MLS,71,77,58,61,65,68,73,2340
Yonathan Cabral,Cabral,CB++,Gimnasia,Argentina,LPF,71,43,29,52,50,71,77,2160
Alejandro Camargo,Camargo,CM++,Coquimbo Unido,Argentina,Sudamericana,71,60,63,69,68,68,78,2340
Omar Campos,Campos,LB++,LAFC,Mexico,MLS,71,80,60,64,72,66,61,2340
Manuel Capasso,Capasso,CB++,Olimpia,Argentina,Sudamericana,71,54,36,41,50,72,76,2160
Marc Cardona Rovira,Marc Cardona,ST++,UD Las Palmas,Spain,LALIGA EA SPORTS,71,79,69,62,70,27,69,2160
Gonzalo Carneiro,Carneiro,ST++,Nacional,Uruguay,Libertadores,71,71,72,59,69,26,72,2160
Cesare Casadei,Casadei,CM++,Chelsea,Italy,Premier League,71,66,69,70,70,65,70,2340
Josué Casimir,Casimir,RM++,Havre AC,France,Ligue 1 Uber Eats,71,83,67,62,72,43,65,2160
Giuseppe Caso,Caso,LW++,Frosinone,Italy,Serie BKT,71,79,68,63,75,27,41,2160
Harlen Castillo,Castillo,GK++,Atl. Nacional,Colombia,Liga Colombia,71,70,67,75,74,36,69,2160
Alex Castro,Castro,LM++,Deportes Tolima,Colombia,Sudamericana,71,81,61,66,75,38,58,2160
Nélson Miguel Castro Oliveira,Nélson Oliveira,ST++,Vitória SC,Portugal,Liga Portugal,71,67,72,64,69,37,74,2160
Maximiliano Caufriez,Caufriez,CB++,Clermont Foot 63,Belgium,Ligue 2 BKT,71,56,30,57,57,71,74,2160
Žan Celar,Celar,ST++,QPR,Slovenia,EFL Championship,71,74,72,57,69,27,75,2160
Roman Celentano,Celentano,GK++,FC Cincinnati,United States,MLS,71,72,67,66,71,21,72,2160
Ondřej Čelůstka,Čelůstka,CB++,Bodrum FK,Czechia,Trendyol Süper Lig,71,61,52,62,57,69,76,2160
Alejandro Centelles Plaza,Álex Centelles,LB++,UD Almería,Spain,LALIGA HYPERMOTION,71,74,52,66,69,66,74,2340
Fabien Centonze,Centonze,RB++,FC Nantes,France,Ligue 1 Uber Eats,71,71,51,68,69,68,73,2340
Fidel Chaves de la Torre,Fidel,LM++,Albacete BP,Spain,LALIGA HYPERMOTION,71,67,68,71,70,54,63,2160
Youssef Chermiti,Chermiti,ST++,Everton,Portugal,Premier League,71,67,68,55,69,33,71,2160
Jun Choi,Choi Jun,RB++,FC Seoul,Korea Republic,K League 1,71,79,50,66,67,63,72,2160
Jacob Christensen,Christensen,CDM++,1. FC Köln,Denmark,Bundesliga 2,71,70,56,68,70,67,69,2340
Amir Abedzadeh,Abedzadeh,GK++,CD Castellón,Iran,LALIGA HYPERMOTION,71,70,68,65,72,28,71,2160
Matthis Abline,Abline,ST++,FC Nantes,France,Ligue 1 Uber Eats,71,77,72,56,72,24,55,2160
Emanuel Aguilera,Aguilera,CB++,Defensa,Argentina,Sudamericana,71,54,56,55,42,72,79,2160
Halil Akbunar,Akbunar,RM++,Eyüpspor,Türkiye,Trendyol Süper Lig,71,79,64,67,72,38,56,2160
Abdullah Al Khaibari,Al Khaibari,CDM++,Al Nassr,Saudi Arabia,ROSHN Saudi League,71,67,43,64,67,68,72,2160
Gonçalo Oscar Albuquerque Borges,Gonçalo Borges,LM++,FC Porto,Portugal,Liga Portugal,71,85,58,62,75,26,55,2160
Jim Allevinah,Allevinah,RM++,Angers SCO,Gabon,Ligue 1 Uber Eats,71,82,69,64,73,45,50,2160
Sergio Altimira Clavell,Altimira,CM++,Real Betis,Spain,LALIGA EA SPORTS,71,59,62,65,68,66,64,2160
Juan Álvarez,Álvarez,RM++,Banfield,Argentina,LPF,71,78,66,68,71,40,65,2160
Lucas Pedro Alves de Lima,Lucas Lima,LB++,Başakşehir,Brazil,Trendyol Süper Lig,71,72,57,70,70,65,74,2340
Branco Ampuero,Ampuero,CB++,Uni. Católica,Chile,Sudamericana,71,48,30,53,47,72,73,2160
Mads Juel Andersen,Andersen,CB++,Luton Town,Denmark,EFL Championship,71,42,34,45,49,70,80,2160
Barış Atik,Atik,LW++,1. FC Magdeburg,Türkiye,Bundesliga 2,71,71,68,68,76,39,55,2160
Rob Atkinson,Atkinson,CB++,Bristol City,England,EFL Championship,71,54,25,48,56,71,79,2160
Finn Azaz,Azaz,CAM++,Middlesbrough,Republic of Ireland,EFL Championship,71,74,67,69,72,57,66,2340
Jun Ho Bae,Bae Jun Ho,LM++,Stoke City,Korea Republic,EFL Championship,71,71,61,68,73,36,55,2160
Javier Báez,Báez,CB++,Cerro Porteño,Paraguay,Libertadores,71,69,55,65,65,72,72,2160
Víctor Chust García,Víctor Chust,CB++,Cádiz CF,Spain,LALIGA HYPERMOTION,71,68,30,52,54,72,67,2160
Jordan Clark,Clark,CAM++,Luton Town,England,EFL Championship,71,68,63,71,73,64,68,2340
Marcus Coco,Coco,RM++,FC Nantes,France,Ligue 1 Uber Eats,71,79,66,67,72,59,57,2340
Michele Collocolo,Collocolo,CDM++,Cremonese,Italy,Serie BKT,71,70,59,64,68,68,77,2340
Michael Cooper,Cooper,GK++,Sheffield Utd,England,EFL Championship,71,70,69,67,74,32,71,2160
Enzo Copetti,Copetti,ST++,Rosario Central,Argentina,Libertadores,71,79,68,63,68,49,78,2340
Diego Coppola,Coppola,CB++,Hellas Verona,Italy,Serie A TIM,71,53,40,55,50,73,65,2160
Iñigo Córdoba Kerejeta,Córdoba,LM++,Burgos CF,Spain,LALIGA HYPERMOTION,71,80,68,67,73,62,70,2340
Aitor Córdoba Querejeta,Córdoba,CB++,Burgos CF,Spain,LALIGA HYPERMOTION,71,59,36,49,51,71,71,2160
Fábio Ronaldo Costa Conceição,Fábio Ronaldo,LW++,Rio Ave FC,Portugal,Liga Portugal,71,84,68,63,74,62,63,2340
Damien Da Silva,Da Silva,CB++,Clermont Foot 63,France,Ligue 2 BKT,71,43,37,56,52,71,78,2160
Edgar Bruno da Silva,Edgar,ST++,Daegu FC,Brazil,K League 1,71,56,72,61,64,31,77,2160
Oday Dabbagh,Dabbagh,ST++,Sp. Charleroi,Palestine,1A Pro League,71,73,72,58,67,35,75,2160
Márton Dárdai,Dárdai,CB++,Hertha Berlin,Hungary,Bundesliga 2,71,60,36,67,62,72,74,2160
Harry Darling,Darling,CB++,Swansea City,England,EFL Championship,71,68,45,59,62,70,77,2160
Tom Davies,Davies,CM++,Sheffield Utd,England,EFL Championship,71,62,62,71,71,68,68,2340
Ben Davies,Davies,CB++,Birmingham City,England,EFL League One,71,66,39,59,64,72,72,2160
Vítor Costa de Brito,Vítor Costa,LB++,SJ Earthquakes,Brazil,MLS,71,76,54,60,67,66,72,2160
Paulino de la Fuente Gómez,Paulino,RM++,R. Oviedo,Spain,LALIGA HYPERMOTION,71,75,71,68,73,36,55,2160
Casper De Norre,De Norre,CM++,Millwall,Belgium,EFL Championship,71,64,66,67,73,68,70,2340
Fernando De Paul,De Paul,GK++,Colo-Colo,Chile,Libertadores,71,72,64,65,73,40,70,2160
Liam Delap,Delap,ST++,Ipswich,England,Premier League,71,76,70,58,70,29,74,2160
Mark Delgado,Delgado,CDM++,LA Galaxy,United States,MLS,71,67,52,66,66,65,70,2160
Mathias Delorge,Delorge,CM++,KAA Gent,Belgium,1A Pro League,71,63,59,71,68,61,70,2160
Jessy Deminguet,Deminguet,CM++,FC Metz,France,Ligue 2 BKT,71,71,63,71,73,62,74,2340
Francesco Di Mariano,Di Mariano,LW++,Palermo,Italy,Serie BKT,71,77,67,65,74,56,64,2340
Mauro Díaz,Díaz,CAM++,U. Católica,Argentina,Sudamericana,71,69,64,70,74,43,58,2160
Seny Dieng,Dieng,GK++,Middlesbrough,Senegal,EFL Championship,71,70,67,69,74,40,67,2160
El Hadji Malick Diouf,Diouf,LB++,Slavia Praha,Senegal,Česká Liga,71,78,58,64,69,67,71,2340
Benjamín Domínguez,Domínguez,LM++,Gimnasia,Argentina,LPF,71,84,65,65,73,41,56,2160
Kieran Dowell,Dowell,CAM++,Rangers,England,cinch Prem,71,63,70,71,73,40,55,2160
Vladyslav Dubinchak,Dubinchak,LB++,Dynamo Kyiv,Ukraine,Ukrayina Liha,71,77,46,69,71,68,60,2160
Rade Dugalić,Dugalić,CB++,SZ Peng City,Serbia,CSL,71,43,49,54,41,71,82,2160
Lasha Dvali,Dvali,CB++,Apoel FC,Georgia,Liga Cyprus,71,54,39,51,45,71,78,2160
Jeremy Ebobisse,Ebobisse,ST++,SJ Earthquakes,Cameroon,MLS,71,77,67,61,68,34,80,2160
Enzo Ebosse,Ebosse,CB++,Udinese,Cameroon,Serie A TIM,71,62,35,56,64,72,71,2160
Souffian El Karouani,El Karouani,LB++,FC Utrecht,Morocco,Eredivisie,71,70,43,67,71,65,67,2160
Eren Elmalı,Elmalı,LB++,Trabzonspor,Türkiye,Trendyol Süper Lig,71,80,40,62,69,66,75,2160
Ivo Daniel F. Mendonça Pinto,Ivo Pinto,RB++,Fortuna Sittard,Portugal,Eredivisie,71,78,46,64,66,65,73,2160
Christian Fassnacht,Fassnacht,RM++,Norwich,Switzerland,EFL Championship,71,76,66,67,72,36,69,2160
Sebastián Fernández,Fernández,ST++,Danubio,Uruguay,Sudamericana,71,71,72,67,67,40,46,2160
Miguel Ângelo Ferreira Magalhães,Miguel Maga,RB++,Vitória SC,Portugal,Liga Portugal,71,78,54,64,68,65,54,2160
Facundo Ferreyra,Ferreyra,ST++,Tigre,Argentina,LPF,71,50,72,58,73,30,68,2160
Cristopher Fiermarin,Fiermarin,GK++,Defensa,Uruguay,Sudamericana,71,68,69,66,71,22,72,2160
Daniel Fila,Fila,ST++,Slavia Praha,Czechia,Česká Liga,71,72,71,52,70,28,72,2160
Adam Forshaw,Forshaw,CDM++,Plymouth Argyle,England,EFL Championship,71,54,61,70,72,67,67,2160
Daam Foulon,Foulon,LM++,KV Mechelen,Belgium,1A Pro League,71,74,52,70,70,65,72,2340
Martin Frese,Frese,LB++,Hellas Verona,Denmark,Serie A TIM,71,79,65,68,71,64,68,2340
Danilo Teodoro Soares,Danilo,LB++,1. FC Nürnberg,Brazil,Bundesliga 2,71,71,59,64,72,69,70,2340
Santiago Solari,Solari,LM++,Racing Club,Argentina,Sudamericana,71,79,66,65,72,38,62,2160
Jhon Solís,Solís,CDM++,Girona FC,Colombia,LALIGA EA SPORTS,71,64,62,64,66,67,76,2160
Brandon Soppy,Soppy,RB++,Bergamo Calcio,France,Serie A TIM,71,79,50,64,68,66,74,2340
Cheick Souaré,Souaré,LM++,Viktoria Plzeň,France,Česká Liga,71,76,63,67,72,61,69,2340
Hélder Wander Sousa Azevedo Costa,Hélder Costa,RM++,Estoril Praia,Angola,Liga Portugal,71,77,67,68,73,31,60,2160
Ross Stewart,Stewart,ST++,Southampton,Scotland,Premier League,71,73,71,57,64,30,78,2160
Jordan Storey,Storey,CB++,Preston,England,EFL Championship,71,56,34,54,57,71,74,2160
Ibrahim Sulemana,Sulemana,CDM++,Bergamo Calcio,Ghana,Serie A TIM,71,71,62,64,68,69,72,2340
Sam Surridge,Surridge,ST++,Nashville SC,England,MLS,71,64,71,56,68,28,70,2160
Gastón Suso,Suso,CB++,Platense,Argentina,LPF,71,49,41,52,51,72,75,2160
Jan Sýkora,Sýkora,LM++,Viktoria Plzeň,Czechia,Česká Liga,71,77,67,69,72,59,65,2340
Cristian Tarragona,Tarragona,ST++,Talleres,Argentina,Libertadores,71,76,72,58,67,43,74,2160
César Tárrega Requeni,César Tárrega,CB++,Valencia CF,Spain,LALIGA EA SPORTS,71,63,40,52,52,71,73,2160
Robert Taylor,Taylor,LW++,Inter Miami CF,Finland,MLS,71,82,68,70,71,49,67,2340
Tanner Tessmann,Tessmann,CDM++,Venezia,United States,Serie A TIM,71,61,56,68,69,67,78,2160
Cedric Teuchert,Teuchert,ST++,St. Louis CITY SC,Germany,MLS,71,70,72,60,73,35,65,2160
Kévin Théophile-Catherine,Théophile-Catherine,CB++,Dinamo Zagreb,France,Liga Hrvatska,71,71,49,65,66,69,79,2160
Bobby Thomas,Thomas,CB++,Coventry City,England,EFL Championship,71,53,36,53,52,70,80,2160
Luke Thomas,Thomas,LB++,Leicester City,England,Premier League,71,75,42,64,68,68,69,2160
Erik Thommy,Thommy,CM++,Sporting KC,Germany,MLS,71,77,68,73,74,50,52,2160
Michal Tomič,Tomič,RB++,FK Bodø/Glimt,Slovakia,Eliteserien,71,76,64,68,71,65,66,2340
Jonatan Torres,Torres,ST++,Lanús,Argentina,Sudamericana,71,58,71,54,67,23,70,2160
Nemanja Tošić,Tošić,LB++,FC Zürich,Serbia,CSSL,71,71,47,66,68,67,74,2160
Conor Townsend,Townsend,LB++,Ipswich,England,Premier League,71,67,46,64,67,68,70,2160
Mamadou Traore,Traore,CB++,Beijing Guoan,Mali,CSL,71,44,32,56,54,71,75,2160
Boubacar Traoré,Traoré,CDM++,Wolves,Mali,Premier League,71,69,53,68,71,66,72,2160
Jesús Trindade,Trindade,CDM++,Barcelona SC,Uruguay,Libertadores,71,74,47,69,65,68,76,2160
Sondre Tronstad,Tronstad,CDM++,Blackburn Rovers,Norway,EFL Championship,71,57,63,67,70,69,71,2160
Scott Twine,Twine,LM++,Bristol City,England,EFL Championship,71,78,69,70,72,55,53,2160
Jere Uronen,Uronen,LB++,Charlotte FC,Finland,MLS,71,64,57,69,68,68,70,2160
Georgios Vagiannidis,Vagiannidis,RB++,Panathinaikos,Greece,Hellas Liga,71,79,47,64,67,65,66,2160
Leonardo Valencia,Valencia,CAM++,Cobresal,Chile,Libertadores,71,64,69,72,73,29,61,2160
Albert Vallci,Vallci,CB++,FC St. Gallen,Austria,CSSL,71,70,61,60,57,70,79,2160
Zeno Van Den Bosch,Van Den Bosch,CB++,Royal Antwerp FC,Belgium,1A Pro League,71,60,27,64,51,72,70,2160
Hannes Van Der Bruggen,Van Der Bruggen,CM++,Cercle Brugge,Belgium,1A Pro League,71,39,62,71,68,69,70,2160
Sydney van Hooijdonk,van Hooijdonk,ST++,Cesena,Netherlands,Serie BKT,71,74,72,57,65,27,73,2160
Jari Vandeputte,Vandeputte,LM++,Cremonese,Belgium,Serie BKT,71,80,65,69,71,50,63,2160
Leonel Vangioni,Vangioni,LB++,Newell's,Argentina,LPF,71,73,62,68,67,69,69,2340
Zinho Vanheusden,Vanheusden,CB++,KV Mechelen,Belgium,1A Pro League,71,50,45,61,65,71,74,2160
Emiliano Velázquez,Velázquez,CB++,Nacional,Uruguay,Libertadores,71,51,47,48,57,72,77,2160
Kristoffer Velde,Velde,LM++,Olympiacos FC,Norway,Hellas Liga,71,80,67,65,73,43,63,2160
Lorenzo Venuti,Venuti,RB++,Sampdoria,Italy,Serie BKT,71,66,44,62,66,67,62,2160
Calvin Verdonk,Verdonk,LB++,N.E.C. Nijmegen,Indonesia,Eredivisie,71,79,58,66,66,68,69,2340
Gastón Verón,Verón,ST++,Argentinos Jrs.,Argentina,Sudamericana,71,72,69,64,72,42,67,2160
Birger Verstraete,Verstraete,CM++,OH Leuven,Belgium,1A Pro League,71,62,61,71,73,67,69,2340
Carlos Vicente Robles,Carlos Vicente,RM++,D. Alavés,Spain,LALIGA EA SPORTS,71,81,67,66,69,31,56,2160
Mikel Villanueva,Villanueva,CB++,Vitória SC,Venezuela,Liga Portugal,71,53,40,58,62,71,79,2160
Gonzalo Villar del Fraile,Gonzalo Villar,CM++,Granada CF,Spain,LALIGA HYPERMOTION,71,55,57,72,72,67,67,2160
Mattia Viti,Viti,CB++,Empoli,Italy,Serie A TIM,71,66,35,50,52,72,67,2160
Nazar Voloshyn,Voloshyn,LM++,Dynamo Kyiv,Ukraine,Ukrayina Liha,71,82,65,64,72,29,55,2160
Alvino Volpi Neto,Neto Volpi,GK++,Deportes Tolima,Brazil,Sudamericana,71,73,67,76,71,49,70,2340
Andrés Vombergar,Vombergar,ST++,San Lorenzo,Slovenia,Libertadores,71,71,68,60,64,33,78,2160
Patrik Wålemark,Wålemark,RW++,Feyenoord,Sweden,Eredivisie,71,73,66,67,73,32,63,2160
Rémi Walter,Walter,CM++,Sporting KC,France,MLS,71,63,61,70,72,65,70,2340
Shon Weissman,Weissman,ST++,Granada CF,Israel,LALIGA HYPERMOTION,71,70,72,63,67,37,73,2160
Brian White,White,ST++,Whitecaps FC,United States,MLS,71,75,70,55,70,47,72,2160
Christian Witzig,Witzig,CM++,FC St. Gallen,Switzerland,CSSL,71,68,62,71,71,62,69,2340
Hannes Wolf,Wolf,RM++,New York City FC,Austria,MLS,71,77,68,67,73,37,68,2160
Freddie Woodman,Woodman,GK++,Preston,England,EFL Championship,71,73,69,62,73,47,69,2160
Paweł Wszołek,Wszołek,RM++,Legia Warszawa,Poland,PKO BP Ekstraklasa,71,79,63,68,69,56,67,2340
Junling Yan,Yan Junling,GK++,Shanghai Port,China PR,CSL,71,71,70,67,71,49,70,2160
Mert Hakan Yandaş,Yandaş,CM++,Fenerbahçe,Türkiye,Trendyol Süper Lig,71,72,69,72,71,62,73,2340
Alessio Zerbin,Zerbin,LW++,SSC Napoli,Italy,Serie A TIM,71,69,67,67,74,36,63,2160
Philipp Ziereis,Ziereis,CB++,LASK,Germany,Ö. Bundesliga,71,60,24,58,57,71,79,2160
Ondřej Zmrzlý,Zmrzlý,LB++,Slavia Praha,Czechia,Česká Liga,71,72,63,69,69,65,71,2340
Bruno Zuculini,Zuculini,CDM++,Racing Club,Argentina,Sudamericana,71,66,69,67,69,69,78,2340
Fernando Gaibor,Gaibor,CM++,Barcelona SC,Ecuador,Libertadores,71,67,67,71,73,66,71,2340
Konstantinos Galanopoulos,Galanopoulos,CDM++,AEK Athens,Greece,Hellas Liga,71,74,69,68,71,69,71,2340
Matías Galarza,Galarza,CDM++,Talleres,Argentina,Libertadores,71,69,57,68,74,64,70,2340
Niko Gießelmann,Gießelmann,LB++,Fürth,Germany,Bundesliga 2,71,63,59,68,66,69,74,2160
Santiago Giordana,Giordana,ST++,Millonarios,Argentina,Libertadores,71,67,72,58,67,29,67,2160
Marlon Gomes Claudino,Marlon Gomes,CM++,Shakhtar Donetsk,Brazil,Ukrayina Liha,71,74,64,69,73,62,64,2340
Joan González Cañellas,Joan González,CM++,Lecce,Spain,Serie A TIM,71,59,63,70,68,53,74,2160
Mario González Gutiérrez,Mario González,ST++,FC Famalicão,Spain,Liga Portugal,71,68,70,64,71,22,68,2160
Craig Gordon,Gordon,GK++,Hearts,Scotland,cinch Prem,71,71,69,63,72,33,69,2160
Karlan Grant,Grant,LM++,West Brom,England,EFL Championship,71,82,71,63,71,33,69,2160
Alberto Grassi,Grassi,CM++,Empoli,Italy,Serie A TIM,71,48,63,70,71,67,61,2160
Robert Gumny,Gumny,RB++,FC Augsburg,Poland,Bundesliga,71,76,42,60,69,67,67,2160
Koray Günter,Günter,CB++,Göztepe,Germany,Trendyol Süper Lig,71,60,46,60,62,72,68,2160
Rodrigo Guth,Rodrigo Guth,CB++,Fortuna Sittard,Brazil,Eredivisie,71,68,38,52,53,72,73,2160
Sead Hakšabanović,Hakšabanović,LM++,Malmö FF,Montenegro,Allsvenskan,71,77,66,68,74,29,58,2160
Craig Halkett,Halkett,CB++,Hearts,Scotland,cinch Prem,71,56,50,57,60,70,75,2160
Grant Hanley,Hanley,CB++,Norwich,Scotland,EFL Championship,71,52,30,47,49,71,78,2160
Kian Hansen,Hansen,CB++,FC Nordsjælland,Denmark,3F Superliga,71,47,46,62,56,71,73,2160
Emil Hansson,Hansson,LM++,Birmingham City,Sweden,EFL League One,71,74,67,70,74,35,52,2160
Varazdat Haroyan,Haroyan,CB++,Qingdao W. Coast,Armenia,CSL,71,58,29,47,50,71,76,2160
Jens Petter Hauge,Hauge,LW++,FK Bodø/Glimt,Norway,Eliteserien,71,78,67,65,74,40,64,2160
Niklas Hedl,Hedl,GK++,SK Rapid Wien,Austria,Ö. Bundesliga,71,73,70,65,73,29,69,2160
Dominique Heintz,Heintz,CB++,1. FC Köln,Germany,Bundesliga 2,71,54,37,60,58,71,77,2160
Michał Helik,Helik,CB++,Huddersfield,Poland,EFL League One,71,60,52,48,55,70,81,2160
Valentin Henry,Henry,RB++,SM Caen,France,Ligue 2 BKT,71,81,61,64,71,63,75,2340
Aaron Herrera,Herrera,RB++,D.C. United,Guatemala,MLS,71,71,49,69,70,67,75,2340
George Hirst,Hirst,ST++,Ipswich,England,Premier League,71,76,70,55,67,41,76,2160
Mason Holgate,Holgate,CB++,Everton,England,Premier League,71,68,43,65,63,71,71,2160
Ryan Hollingshead,Hollingshead,RB++,LAFC,United States,MLS,71,49,64,66,70,70,81,2340
Sebastian Holmén,Holmén,CB++,IF Elfsborg,Sweden,Allsvenskan,71,52,36,49,51,72,78,2160
George Honeyman,Honeyman,RM++,Millwall,England,EFL Championship,71,69,64,71,70,65,73,2340
Cédric Hountondji,Hountondji,CB++,Angers SCO,Benin,Ligue 1 Uber Eats,71,38,33,52,56,72,70,2160
Even Hovland,Hovland,CB++,BK Häcken,Norway,Allsvenskan,71,45,28,53,45,69,80,2160
Jonny Howson,Howson,CDM++,Middlesbrough,England,EFL Championship,71,53,67,68,68,69,71,2160
Roberto Insigne,Insigne,RW++,Palermo,Italy,Serie BKT,71,85,67,71,72,29,57,2160
Alessio Iovine,Iovine,RB++,Como,Italy,Serie A TIM,71,69,57,65,71,68,65,2160
Matheus Isaias dos Santos,Matheus Jussa,CDM++,Shanghai Port,Brazil,CSL,71,65,55,63,67,68,78,2160
Mikael Ishak,Ishak,ST++,Lech Poznań,Sweden,PKO BP Ekstraklasa,71,72,71,57,64,38,80,2160
Daniel Iversen,Iversen,GK++,Leicester City,Denmark,Premier League,71,71,70,67,71,45,69,2160
Ablie Jallow,Jallow,RM++,FC Metz,Gambia,Ligue 2 BKT,71,78,67,67,75,34,46,2160
Jakub Jankto,Jankto,CM++,Cagliari,Czechia,Serie A TIM,71,72,67,70,72,65,62,2340
Alexander Jeremejeff,Jeremejeff,ST++,Panathinaikos,Sweden,Hellas Liga,71,67,70,61,63,29,70,2160
Ho Yeon Jung,Jung Ho Yeon,CM++,GwangJu FC,Korea Republic,K League 1,71,66,54,63,73,62,75,2160
Christian Kabasele,Kabasele,CB++,Udinese,Belgium,Serie A TIM,71,50,50,51,59,71,71,2160
Warren Kamanzi,Kamanzi,RB++,Toulouse FC,Norway,Ligue 1 Uber Eats,71,80,52,63,71,65,63,2160
Ismaël Kandouss,Kandouss,CB++,KAA Gent,Morocco,1A Pro League,71,51,29,47,59,71,78,2160
Mohammed Kanno,Kanno,CM++,Al Hilal,Saudi Arabia,ROSHN Saudi League,71,75,68,71,72,67,74,2340
Ahmetcan Kaplan,Kaplan,CB++,Ajax,Türkiye,Eredivisie,71,64,30,57,57,71,70,2160
Adam Karabec,Karabec,RW++,Hamburger SV,Czechia,Bundesliga 2,71,73,65,69,74,34,62,2160
Michał Karbownik,Karbownik,LB++,Hertha Berlin,Poland,Bundesliga 2,71,85,45,68,76,63,62,2160
Erce Kardeşler,Kardeşler,GK++,Hatayspor,Türkiye,Trendyol Süper Lig,71,72,68,64,73,41,71,2160
Elbasan Rashani,Rashani,LM++,Elche CF,Kosovo,LALIGA HYPERMOTION,71,81,65,65,72,39,67,2160
Grejohn Kyei,Kyei,ST++,Sp. Charleroi,France,1A Pro League,71,62,70,54,70,27,78,2160
Mason Holgate,Holgate,CB++,West Brom,England,EFL Championship,71,68,43,65,63,71,71,2160
Maximiliano Caufriez,Caufriez,CB++,Valencia CF,Belgium,LALIGA EA SPORTS,71,56,30,57,57,71,74,2160
Chris Mepham,Mepham,CB++,Sunderland,Wales,EFL Championship,71,47,37,55,60,72,72,2160
Nathaniel Phillips,Phillips,CB++,Derby County,England,EFL Championship,71,49,30,49,50,71,75,2160
Nikola Maraš,Maraš,CB++,R. Sporting,Serbia,LALIGA HYPERMOTION,71,64,37,50,55,70,77,2160
Renzo López,López,ST++,Al Fayha,Uruguay,ROSHN Saudi League,71,61,72,53,67,26,77,2160
Enzo Barrenechea,Barrenechea,CDM++,Valencia CF,Argentina,LALIGA EA SPORTS,71,57,63,68,71,62,69,2160
Juan Barinaga,Barinaga,RB++,Boca Juniors,Argentina,Sudamericana,71,71,48,64,65,68,71,2160
Nathanaël Mbuku,Mbuku,RM++,Dinamo Zagreb,France,Liga Hrvatska,71,77,64,69,75,35,53,2160
Patrik Wålemark,Wålemark,RW++,Lech Poznań,Sweden,PKO BP Ekstraklasa,71,73,66,67,73,32,63,2160
Tanner Tessmann,Tessmann,CDM++,OL,United States,Ligue 1 Uber Eats,71,61,56,68,69,67,78,2160
Giuseppe Caso,Caso,LW++,Modena,Italy,Serie BKT,71,79,68,63,75,27,41,2160
Adamo Nagalo,Nagalo,CB++,PSV,Burkina Faso,Eredivisie,71,70,29,55,62,70,77,2160
Ismaël Kandouss,Kandouss,CB++,Al Orobah,Morocco,ROSHN Saudi League,71,51,29,47,59,71,78,2160
Emir Sahiti,Sahiti,RM++,Hamburger SV,Kosovo,Bundesliga 2,71,82,68,65,73,41,65,2160
Benjamín Domínguez,Domínguez,LM++,Bologna,Argentina,Serie A TIM,71,84,65,65,73,41,56,2160
Mohamed Belloumi,Belloumi,RW++,Hull City,Algeria,EFL Championship,71,77,66,67,73,39,54,2160
Mason Holgate,Holgate,CB++,Everton,Jamaica,Premier League,71,68,43,65,63,71,71,2160
Nathanaël Mbuku,Mbuku,RM++,Dinamo Zagreb,Congo DR,Liga Hrvatska,71,77,64,69,75,35,53,2160
Antwi-Adjej,Antwi-Adjej,LM++,FC Schalke 04,Ghana,Bundesliga 2,71,85,62,64,72,30,55,2160
Alessio Zerbin,Zerbin,LW++,Venezia,Italy,Serie A TIM,71,69,67,67,74,36,63,2160
Víctor Meseguer Cavas,Meseguer,CM++,R. Racing Club,Spain,LALIGA HYPERMOTION,71,63,68,68,69,68,72,2340
Miguel Brizuela,Brizuela,CB++,Atlético Tucumán,Argentina,LPF,71,54,41,55,53,70,80,2160
Maximiliano Caufriez,Caufriez,CB++,RB Salzburg,Belgium,Ö. Bundesliga,71,56,30,57,57,71,74,2160
Gastón Verón,Verón,ST++,Central Córdoba,Argentina,LPF,71,72,69,64,72,42,67,2160
Juan Ramírez,Ramírez,CM++,Lanús,Argentina,Sudamericana,71,81,64,68,78,64,67,2340
Anthony Racioppi,Racioppi,GK++,1. FC Köln,Switzerland,Bundesliga 2,71,73,68,65,71,30,69,2160
Chris Bedia,Bedia,ST++,BSC Young Boys,Côte d'Ivoire,CSSL,71,68,71,54,67,33,78,2160
Oday Dabbagh,Dabbagh,ST++,Aberdeen,Palestine,cinch Prem,71,73,72,58,67,35,75,2160
Enzo Ebosse,Ebosse,CB++,Jagiellonia,Cameroon,PKO BP Ekstraklasa,71,62,35,56,64,72,71,2160
Kieran Dowell,Dowell,CAM++,Birmingham City,England,EFL League One,71,63,70,71,73,40,55,2160
Kal Naismith,Naismith,CB++,Luton Town,Scotland,EFL Championship,71,66,65,66,67,70,77,2340
Nemanja Tošic,Tošic,LB++,RC Deportivo,Serbia,LALIGA HYPERMOTION,71,71,47,66,68,67,74,2160
Jean-Pierre Nsame,Nsame,ST++,FC St. Gallen,Cameroon,CSSL,71,66,71,53,71,27,80,2160
Fábio Ronaldo Costa Conceição,Fábio Ronaldo,LW++,Estrela Amadora,Portugal,Liga Portugal,71,84,68,63,74,62,63,2340
Michal Helik,Helik,CB++,Oxford United,Poland,EFL Championship,71,60,52,48,55,70,81,2160
Kye Rowles,Rowles,CB++,D.C. United,Australia,MLS,71,64,24,46,47,72,76,2160
Adam Forshaw,Forshaw,CDM++,Blackburn Rovers,England,EFL Championship,71,54,61,70,72,67,67,2160
Felix Klaus,Klaus,RM++,Fürth,Germany,Bundesliga 2,71,78,66,65,73,39,69,2160
Mark Delgado,Delgado,CDM++,LAFC,United States,MLS,71,67,52,66,66,65,70,2160
Sydney van Hooijdonk,van Hooijdonk,ST++,NAC Breda,Netherlands,Eredivisie,71,74,72,57,65,27,73,2160
Shaquell Moore,Moore,RB++,FC Dallas,United States,MLS,71,80,56,61,68,63,76,2340
Jonathan Okita,Okita,LW++,Bodrum FK,Congo DR,Trendyol Süper Lig,71,83,69,67,71,33,68,2160
Gastón Suso,Suso,CB++,Gimnasia,Argentina,LPF,71,49,41,52,51,72,75,2160
Alexis Castro,Castro,CM++,Estudiantes,Argentina,Libertadores,71,77,71,72,74,66,69,2340
Damián Martínez,Martínez,RB++,Atlético Tucumán,Argentina,LPF,71,74,64,65,72,67,74,2340
Jens Petter Hauge,Hauge,LW++,Frankfurt,Norway,Bundesliga,71,78,67,65,74,40,64,2160
Jacob Ondrejka,Ondrejka,LM++,Parma,Sweden,Serie A TIM,71,79,66,69,73,46,60,2160
Isnairo Reis Silva Morais,Reis,LW++,GwangJu FC,Brazil,K League 1,71,81,66,64,74,33,60,2160
Joaquín Laso,Laso,CB++,Tigre,Argentina,LPF,71,56,41,53,59,69,78,2160
Grant Hanley,Hanley,CB++,Birmingham City,Scotland,EFL League One,71,52,30,47,49,71,78,2160
Roony Bardghji,Bardghji,RW++,F.C. København,Sweden,3F Superliga,70,75,68,63,74,30,53,1800
German Onugkha,Onugkha,ST++,Vejle Boldklub,Russia,3F Superliga,70,67,70,54,67,24,79,1800
Irakli Azarov,Azarov,LB++,Shakhtar Donetsk,Georgia,Ukrayina Liha,70,75,37,65,70,63,57,1800
Daniel Bachmann,Bachmann,GK++,Watford,Austria,EFL Championship,70,71,68,62,72,45,67,1800
Juninho Bacuna,Bacuna,CDM++,Birmingham City,Curaçao,EFL League One,70,73,68,70,73,64,77,1950
George Baldock,Baldock,RB++,Panathinaikos,Greece,Hellas Liga,70,70,47,63,69,65,72,1800
Fodé Ballo-Touré,Ballo-Touré,LB++,Milano FC,Senegal,Serie A TIM,70,81,51,68,72,68,62,1950
Abdoulaye Bamba,Bamba,CB++,Angers SCO,Côte d'Ivoire,Ligue 1 Uber Eats,70,65,40,63,63,71,67,1800
Filippo Bandinelli,Bandinelli,CM++,Spezia,Italy,Serie BKT,70,68,70,68,71,68,70,1950
Rayyan Baniya,Baniya,CB++,Trabzonspor,Türkiye,Trendyol Süper Lig,70,65,31,43,53,70,77,1800
Lucas Barcelos Damacena,Lucas Barcelos,LW++,Daegu FC,Brazil,K League 1,70,76,71,57,71,23,73,1800
Tai Baribo,Baribo,ST++,Philadelphia,Israel,MLS,70,72,72,51,67,25,70,1800
Daniel Barlaser,Barlaser,CDM++,Middlesbrough,England,EFL Championship,70,53,62,71,68,65,71,1800
Alain Baroja,Baroja,GK++,Always Ready,Venezuela,Sudamericana,70,71,67,60,74,42,66,1800
Cole Bassett,Bassett,CAM++,Colorado Rapids,United States,MLS,70,68,62,67,69,59,65,1800
Samuel Bastien,Bastien,CM++,Fortuna Sittard,Congo DR,Eredivisie,70,72,66,70,73,62,69,1950
David Bates,Bates,CB++,Standard Liège,Scotland,1A Pro League,70,48,29,48,50,71,76,1800
Bilal Bayazıt,Bayazıt,GK++,Kayserispor,Türkiye,Trendyol Süper Lig,70,69,65,62,73,24,70,1800
Adrian Beck,Beck,CM++,Heidenheim,Germany,Bundesliga,70,58,68,68,68,66,71,1800
Alejandro Bedoya,Bedoya,CM++,Philadelphia,United States,MLS,70,59,65,69,69,65,69,1800
Jeanuël Belocian,Belocian,CB++,Leverkusen,France,Bundesliga,70,68,41,64,65,70,69,1800
Jorge Benítez,Benítez,ST++,Sportivo Luqueño,Paraguay,Sudamericana,70,68,71,57,69,24,70,1800
Rubén Bentancourt,Bentancourt,ST++,Nacional,Uruguay,Libertadores,70,75,72,54,63,33,68,1800
Juan Berrocal González,Berrocal,CB++,Getafe CF,Spain,LALIGA EA SPORTS,70,59,38,50,51,70,75,1800
Marcus Bettinelli,Bettinelli,GK++,Chelsea,England,Premier League,70,70,70,69,71,30,70,1800
Giulian Biancone,Biancone,CB++,Olympiacos FC,France,Hellas Liga,70,64,45,62,65,69,72,1800
Jake Bidwell,Bidwell,LB++,Coventry City,England,EFL Championship,70,67,48,65,62,67,76,1800
Éric Bocat,Bocat,LB++,Stoke City,France,EFL Championship,70,78,52,66,69,63,67,1800
Herbert Bockhorn,Bockhorn,RB++,1. FC Magdeburg,Uganda,Bundesliga 2,70,80,61,64,68,65,69,1950
Emil Bohinen,Bohinen,CM++,Genoa,Norway,Serie A TIM,70,59,62,70,71,67,66,1800
Kevin Bonifazi,Bonifazi,CB++,Bologna,Italy,Serie A TIM,70,35,35,52,55,72,61,1800
Taylor Booth,Booth,RM++,FC Utrecht,United States,Eredivisie,70,78,64,67,72,54,58,1800
Robin Bormuth,Bormuth,CB++,Karlsruher SC,Germany,Bundesliga 2,70,68,27,46,50,71,76,1800
Erik Botheim,Botheim,ST++,Malmö FF,Norway,Allsvenskan,70,71,69,58,67,38,74,1800
Mohamed Bouldini,Bouldini,ST++,Levante UD,Morocco,LALIGA HYPERMOTION,70,78,68,51,65,36,78,1800
Bilal Boutobba,Boutobba,RM++,Clermont Foot 63,France,Ligue 2 BKT,70,75,67,70,73,22,40,1800
Tom Bradshaw,Bradshaw,ST++,Millwall,Wales,EFL Championship,70,77,70,51,68,30,69,1800
Billal Brahimi,Brahimi,RW++,OGC Nice,Algeria,Ligue 1 Uber Eats,70,76,67,67,73,27,63,1800
Simone Branca,Branca,CM++,Cittadella,Italy,Serie BKT,70,71,63,68,71,65,77,1950
Mattijs Branderhorst,Branderhorst,GK++,Fortuna Sittard,Netherlands,Eredivisie,70,71,68,66,71,40,69,1800
Cameron Brannagan,Brannagan,CDM++,Oxford United,England,EFL Championship,70,64,68,70,68,63,73,1950
Claudio Bravo,Bravo,LB++,Portland Timbers-Thorns,Argentina,MLS,70,74,47,60,64,67,71,1800
James Bree,Bree,RB++,Southampton,England,Premier League,70,68,45,65,66,68,66,1800
Norberto Briasco,Briasco,ST++,Gimnasia,Armenia,LPF,70,78,66,63,71,36,73,1800
Bruno Brígido de Oliveira,Bruno Brígido,GK++,Estrela Amadora,Brazil,Liga Portugal,70,73,69,64,71,42,68,1800
Callum Brittain,Brittain,RB++,Blackburn Rovers,England,EFL Championship,70,80,52,64,68,64,71,1800
Dylan Bronn,Bronn,CB++,Salernitana,Tunisia,Serie BKT,70,60,61,64,61,70,75,1800
Joe Bryan,Bryan,LB++,Millwall,England,EFL Championship,70,72,60,68,68,67,71,1950
Lee Buchanan,Buchanan,LB++,Birmingham City,England,EFL League One,70,74,41,57,66,67,63,1800
Fabijan Buntić,Buntić,GK++,Qarabağ FK,Croatia,Liga Azerbaijan,70,70,68,69,71,24,69,1800
Reece Burke,Burke,CB++,Luton Town,England,EFL Championship,70,61,36,54,61,71,73,1800
Harrison Burrows,Burrows,LB++,Sheffield Utd,England,EFL Championship,70,77,63,68,69,63,66,1950
Maxime Busi,Busi,RB++,Stade de Reims,Belgium,Ligue 1 Uber Eats,70,69,49,63,68,67,66,1800
Erick Cabaco,Cabaco,CB++,Racing de Ferrol,Uruguay,LALIGA HYPERMOTION,70,43,41,50,54,70,75,1800
Ben Cabango,Cabango,CB++,Swansea City,Wales,EFL Championship,70,62,28,47,52,70,75,1800
Mattia Caldara,Caldara,CB++,Modena,Italy,Serie BKT,70,35,44,55,62,71,68,1800
Leonardo Campana,Campana,ST++,Inter Miami CF,Ecuador,MLS,70,65,70,48,65,30,67,1800
Ángelo Campos,Campos,GK++,Alianza Lima,Peru,Libertadores,70,67,68,64,71,36,68,1800
Luigi Canotto,Canotto,RW++,Frosinone,Italy,Serie BKT,70,74,64,66,72,41,54,1800
Ander Cantero Armendariz,Cantero,GK++,Burgos CF,Spain,LALIGA HYPERMOTION,70,70,70,69,71,60,70,1950
Mateo Carabajal,Carabajal,CB++,Independiente DV,Argentina,Libertadores,70,71,43,62,62,70,74,1800
Isaac Carcelén Valencia,Iza Carcelén,RB++,Cádiz CF,Spain,LALIGA HYPERMOTION,70,74,58,66,68,65,68,1800
Jofre Carreras Pagès,Jofre,RM++,RCD Espanyol,Spain,LALIGA EA SPORTS,70,82,66,65,71,40,61,1800
Santiago Cáseres,Cáseres,CDM++,Vélez Sarsfield,Argentina,LPF,70,47,53,67,68,64,76,1800
Michele Castagnetti,Castagnetti,CDM++,Cremonese,Italy,Serie BKT,70,46,70,66,68,68,75,1800
Lucas Castro,Castro,CM++,Gimnasia,Argentina,LPF,70,56,68,71,73,64,64,1800
Pietro Ceccaroni,Ceccaroni,CB++,Palermo,Italy,Serie BKT,70,65,47,62,62,71,71,1800
Ezequiel Centurión,Centurión,GK++,Ind. Rivadavia,Argentina,LPF,70,72,66,65,69,52,70,1800
Daniel Cerântula Fuzato,Fuzato,GK++,SD Eibar,Brazil,LALIGA HYPERMOTION,70,67,69,65,70,28,71,1800
Nathaniel Chalobah,Chalobah,CDM++,Sheffield Wed,England,EFL Championship,70,53,61,65,69,69,72,1800
Štěpán Chaloupek,Chaloupek,CB++,Slavia Praha,Czechia,Česká Liga,70,71,34,52,57,68,76,1800
Dylan Chambost,Chambost,CM++,Columbus Crew,France,MLS,70,60,66,71,69,54,68,1800
Eder Chaux,Chaux,GK++,Indep. Medellín,Colombia,Sudamericana,70,69,65,60,74,45,70,1800
Ignacio Chicco,Chicco,GK++,Belgrano,Argentina,Sudamericana,70,68,71,62,70,43,71,1800
Mathieu Choinière,Choinière,CM++,CF Montréal,Canada,MLS,70,62,60,69,72,62,58,1800
Gojko Cimirot,Cimirot,CDM++,Al Fayha,Bosnia and Herzegovina,ROSHN Saudi League,70,57,61,67,68,67,71,1800
Leonardo Cittadini,Léo Cittadini,CDM++,Shanghai Port,Brazil,CSL,70,66,56,69,72,64,62,1800
Steve Clark,Clark,GK++,Houston Dynamo,United States,MLS,70,70,67,64,71,37,72,1800
Leighton Clarkson,Clarkson,CM++,Aberdeen,England,cinch Prem,70,66,64,71,71,60,56,1800
Maxime Colin,Colin,RB++,FC Metz,France,Ligue 2 BKT,70,70,43,62,65,68,74,1800
Jamilu Collins,Collins,LB++,Cardiff City,Nigeria,EFL Championship,70,77,36,59,68,67,70,1800
Andrea Compagno,Compagno,ST++,Tianjin JMT FC,Italy,CSL,70,61,70,50,61,33,79,1800
Jairo Concha,Concha,CM++,Universitario,Peru,Libertadores,70,70,69,67,70,60,66,1950
Leonardo Cordeiro Lima Silva,Leo Cordeiro,CM++,Estrela Amadora,Brazil,Liga Portugal,70,74,59,66,70,69,75,1950
Óscar Cortés,Cortés,LM++,Rangers,Colombia,cinch Prem,70,78,66,66,72,48,54,1800
Aldo Corzo,Corzo,CB++,Universitario,Peru,Libertadores,70,67,51,63,63,71,70,1800
Pedro Miguel Costa Álvaro,Pedro Álvaro,CB++,Estoril Praia,Portugal,Liga Portugal,70,64,32,45,53,71,75,1800
Luís Manuel Costa Silva,Luís Silva,CM++,AVS Futebol SAD,Portugal,Liga Portugal,70,56,67,71,69,60,73,1800
Lewie Coyle,Coyle,RB++,Hull City,England,EFL Championship,70,72,49,62,66,66,73,1800
William Cuesta,Cuesta,GK++,Deportes Tolima,Colombia,Sudamericana,70,68,69,68,70,46,68,1800
Rui Pedro da Silva e Sousa,Rui Pedro,ST++,Hatayspor,Portugal,Trendyol Süper Lig,70,72,68,60,72,30,70,1800
Kryštof Daněk,Daněk,RW++,Sparta Praha,Czechia,Česká Liga,70,69,61,69,73,26,59,1800
Pál Dárdai,Dárdai,CAM++,Hertha Berlin,Hungary,Bundesliga 2,70,70,64,68,73,41,55,1800
Lukas Daschner,Daschner,ST++,VfL Bochum,Germany,Bundesliga,70,72,69,65,73,47,66,1800
Adrián De La Fuente,De La Fuente,CB++,Levante UD,Spain,LALIGA HYPERMOTION,70,58,55,62,58,71,70,1800
Marcos André de Sousa Mendonça,Marcos André,ST++,R. Valladolid CF,Brazil,LALIGA EA SPORTS,70,72,71,59,68,37,71,1800
Madson de Souza Silva,Madson,RM++,Moreirense FC,Brazil,Liga Portugal,70,77,65,64,71,20,54,1800
Alberto del Moral Saelices,Del Moral,CM++,R. Oviedo,Spain,LALIGA HYPERMOTION,70,61,62,65,69,67,67,1800
Karamoko Dembélé,Dembélé,RW++,QPR,England,EFL Championship,70,83,64,64,74,43,43,1800
José Devecchi,Devecchi,GK++,Banfield,Argentina,LPF,70,70,66,58,72,47,70,1800
Raffaele Di Gennaro,Di Gennaro,GK++,Lombardia FC,Italy,Serie A TIM,70,72,68,62,72,43,66,1800
Juan Cruz Díaz Espósito,Juan Cruz,LM++,CD Leganés,Spain,LALIGA EA SPORTS,70,78,68,67,75,32,46,1800
Lorenzo Dickmann,Dickmann,RB++,Brisigonza,Italy,Serie BKT,70,69,52,61,66,69,64,1800
Daryl Dike,Dike,ST++,West Brom,United States,EFL Championship,70,65,70,47,62,20,79,1800
Sokratis Dioudis,Dioudis,GK++,Gaziantep,Greece,Trendyol Süper Lig,70,71,69,68,71,42,69,1800
Franculino Djú,Franculino,ST++,FC Midtjylland,Guinea-Bissau,3F Superliga,70,77,68,62,70,36,68,1800
George Dobson,Dobson,CDM++,Wrexham AFC,England,EFL League One,70,54,54,66,64,66,76,1800
Carlos Dominguez Cáceres,Carlos Domínguez,CB++,RC Celta,Spain,LALIGA EA SPORTS,70,66,28,52,51,71,62,1800
Álex Domínguez Romero,Álex Domínguez,GK++,Toulouse FC,Spain,Ligue 1 Uber Eats,70,70,69,65,72,42,69,1800
Daniel dos Santos Penha,Daniel Penha,CAM++,Nacional,Brazil,Liga Portugal,70,70,66,71,73,33,60,1800
Cody Drameh,Drameh,RB++,Hull City,England,EFL Championship,70,80,35,61,68,66,70,1800
Serdar Dursun,Dursun,ST++,Alanyaspor,Türkiye,Trendyol Süper Lig,70,56,71,59,66,40,74,1800
Dennis Eckert Ayensa,Eckert Ayensa,ST++,R. Union St.-G.,Germany,1A Pro League,70,74,71,50,69,27,61,1800
George Edmundson,Edmundson,CB++,Ipswich,England,Premier League,70,69,35,51,57,68,80,1800
Samuel Edozie,Edozie,LW++,Southampton,England,Premier League,70,81,61,63,73,28,52,1800
Victor Edvardsen,Edvardsen,ST++,Go Ahead Eagles,Sweden,Eredivisie,70,79,69,63,69,27,79,1800
Johannes Eggestein,Eggestein,ST++,FC St. Pauli,Germany,Bundesliga,70,62,70,69,72,37,62,1800
İrfan Can Eğribayat,Eğribayat,GK++,Fenerbahçe,Türkiye,Trendyol Süper Lig,70,70,70,69,73,47,68,1800
Albin Ekdal,Ekdal,CDM++,Djurgårdens IF,Sweden,Allsvenskan,70,37,65,72,67,67,69,1800
Oussama El Azzouzi,El Azzouzi,CDM++,Bologna,Morocco,Serie A TIM,70,55,58,64,66,69,67,1800
Oualid El Hajjam,El Hajjam,RB++,Havre AC,Morocco,Ligue 1 Uber Eats,70,68,45,64,66,69,72,1800
Omar Elabdellaoui,Elabdellaoui,RB++,FK Bodø/Glimt,Norway,Eliteserien,70,75,53,66,70,66,70,1950
Unai Elgezabal Udondo,Elgezabal,CB++,Levante UD,Spain,LALIGA HYPERMOTION,70,52,50,58,53,70,75,1800
Yannik Engelhardt,Engelhardt,CDM++,Como,Germany,Serie A TIM,70,65,46,65,64,68,73,1800
Ramiro Enrique,Enrique,ST++,Orlando City,Argentina,MLS,70,81,69,62,71,27,65,1800
Yusuf Erdoğan,Erdoğan,RM++,Konyaspor,Türkiye,Trendyol Süper Lig,70,81,69,66,71,61,64,1950
Caner Erkin,Erkin,LB++,Eyüpspor,Türkiye,Trendyol Süper Lig,70,63,71,76,73,66,67,1950
Joe Newell,Newell,CM++,Hibernian,England,cinch Prem,70,53,60,71,69,65,76,1800
Florian Niederlechner,Niederlechner,ST++,Hertha Berlin,Germany,Bundesliga 2,70,64,71,61,68,36,78,1800
Håvard Nielsen,Nielsen,ST++,Hannover 96,Norway,Bundesliga 2,70,65,70,67,70,45,74,1800
Juan Nieto,Nieto,CM++,Deportes Tolima,Colombia,Sudamericana,70,67,62,71,70,59,72,1950
Dimitrios Nikolaou,Nikolaou,CB++,Palermo,Greece,Serie BKT,70,36,40,44,42,70,78,1800
Fernando Niño Rodríguez,Fer Niño,ST++,Burgos CF,Spain,LALIGA HYPERMOTION,70,67,71,58,68,34,72,1800
Dan Nistor,Nistor,CAM++,FC Univ. Cluj,Romania,SUPERLIGA,70,63,68,71,70,60,69,1950
Mathias Normann,Normann,CDM++,Al Raed,Norway,ROSHN Saudi League,70,70,62,69,70,66,74,1950
Rúben Miguel Nunes Vezo,Rúben Vezo,CB++,Olympiacos FC,Portugal,Hellas Liga,70,68,54,62,62,70,73,1800
Christoffer Nyman,Nyman,ST++,IFK Norrköping,Sweden,Allsvenskan,70,78,69,58,66,41,80,1800
Callum O'Dowda,O'Dowda,LM++,Cardiff City,Republic of Ireland,EFL Championship,70,82,60,65,70,51,65,1800
Cas Odenthal,Odenthal,CB++,Sassuolo,Netherlands,Serie BKT,70,61,35,54,61,69,74,1800
Braian Ojeda,Ojeda,CDM++,Real Salt Lake,Paraguay,MLS,70,67,54,64,72,66,69,1800
Lucas Oliveira Rosa,Lucas Rosa,RB++,R. Valladolid CF,Brazil,LALIGA EA SPORTS,70,73,42,57,60,65,62,1800
Ohi Omoijuanfo,Omoijuanfo,ST++,Brøndby IF,Norway,3F Superliga,70,76,68,62,67,41,74,1800
Ado Onaiwu,Onaiwu,ST++,AJ Auxerre,Japan,Ligue 1 Uber Eats,70,79,69,61,66,38,69,1800
Nicolás Orsini,Orsini,ST++,Unión,Argentina,LPF,70,73,67,57,65,31,73,1800
Kevin Ortiz,Ortiz,CDM++,Rosario Central,Argentina,Libertadores,70,69,51,61,63,69,73,1800
Ben Osborn,Osborn,LB++,Derby County,England,EFL Championship,70,69,65,70,72,65,63,1950
Amine Oudrhiri,Oudrhiri,CM++,Rio Ave FC,France,Liga Portugal,70,69,52,70,72,66,68,1800
Cenk Özkacar,Özkacar,CB++,Valencia CF,Türkiye,LALIGA EA SPORTS,70,60,36,56,61,69,75,1800
Sergi Palencia Hurtado,Sergi Palencia,RB++,LAFC,Spain,MLS,70,78,56,60,69,65,72,1950
Kasey Palmer,Palmer,CAM++,Coventry City,Jamaica,EFL Championship,70,64,64,70,73,54,71,1800
Victor Pálsson,Pálsson,CB++,Plymouth Argyle,Iceland,EFL Championship,70,70,52,59,57,68,77,1800
Ivor Pandur,Pandur,GK++,Hull City,Croatia,EFL Championship,70,71,68,60,73,39,67,1800
Ji Soo Park,Park Ji Soo,CB++,Wuhan 3 Towns,Korea Republic,CSL,70,69,48,56,60,70,76,1800
Yong Woo Park,Park Yong Woo,CDM++,Al Ain FC,Korea Republic,United Emirates League,70,58,58,63,61,65,78,1800
Alex Paulsen,Paulsen,GK++,AFC Bournemouth,New Zealand,Premier League,70,68,65,70,73,49,64,1800
Leonardo Pavoletti,Pavoletti,ST++,Cagliari,Italy,Serie A TIM,70,49,68,53,61,39,68,1800
Ben Pearson,Pearson,CDM++,Stoke City,England,EFL Championship,70,57,49,62,67,67,76,1800
Alisson Pelegrini Safira,Alisson Safira,ST++,Santa Clara,Brazil,Liga Portugal,70,66,72,52,66,25,65,1800
Matías Pellegrini,Pellegrini,LM++,Vélez Sarsfield,Argentina,LPF,70,82,65,63,73,53,61,1800
Luis Perea Hernández,Luis Perea,CDM++,Racing de Ferrol,Spain,LALIGA HYPERMOTION,70,51,55,67,65,66,78,1800
Antonio Pergreffi,Pergreffi,CB++,Modena,Italy,Serie BKT,70,49,45,53,54,70,77,1800
Patrick Pflücke,Pflücke,LM++,KV Mechelen,Germany,1A Pro League,70,78,63,68,72,47,52,1800
Matt Phillips,Phillips,LM++,Oxford United,Scotland,EFL Championship,70,73,68,67,70,43,68,1800
Benedikt Pichler,Pichler,ST++,Holstein Kiel,Austria,Bundesliga,70,76,68,63,65,33,69,1800
Samuel Piette,Piette,CDM++,CF Montréal,Canada,MLS,70,59,29,56,58,69,78,1800
Ezequiel Piovi,Piovi,CDM++,LDU Quito,Argentina,Libertadores,70,75,64,66,70,67,71,1950
Iván Piris,Piris,RB++,Libertad,Paraguay,Libertadores,70,69,48,61,68,69,68,1800
Felix Platte,Platte,ST++,SC Paderborn 07,Germany,Bundesliga 2,70,68,69,54,63,25,75,1800
Ryan Porteous,Porteous,CB++,Watford,Scotland,EFL Championship,70,68,42,62,60,68,80,1800
Lucas Possignolo,Lucas Possignolo,CB++,Zhejiang Pro,Brazil,CSL,70,49,37,46,50,70,75,1800
Alejandro Pozo Pozo,Álex Pozo,RB++,UD Almería,Spain,LALIGA HYPERMOTION,70,73,64,66,73,66,50,1800
Ivan Prtajin,Prtajin,ST++,Union Berlin,Croatia,Bundesliga,70,64,70,54,64,29,76,1800
Arnau Puigmal Martínez,Arnau Puigmal,RM++,UD Almería,Spain,LALIGA HYPERMOTION,70,67,62,71,72,57,51,1800
Leonel Quiñonez,Quiñonez,LB++,LDU Quito,Ecuador,Libertadores,70,76,63,68,68,65,73,1950
Aarón Quirós,Quirós,CB++,Vélez Sarsfield,Argentina,LPF,70,62,49,63,65,72,59,1800
Matheo Raab,Raab,GK++,Hamburger SV,Germany,Bundesliga 2,70,70,69,67,70,25,70,1800
Miguel Raimundo Nóbrega,Miguel Nóbrega,CB++,Rio Ave FC,Portugal,Liga Portugal,70,56,36,48,48,71,76,1800
Yonatthan Rak,Rak,CB++,Central Córdoba,Uruguay,LPF,70,66,39,54,53,71,71,1800
Joe Ralls,Ralls,CM++,Cardiff City,England,EFL Championship,70,54,65,71,67,65,68,1800
Ylber Ramadani,Ramadani,CDM++,Lecce,Albania,Serie A TIM,70,54,58,60,64,68,77,1800
Jesús Ramírez,Ramírez,ST++,Vitória SC,Venezuela,Liga Portugal,70,79,67,58,67,35,69,1800
Roberto Ramírez,Ramírez,GK++,Godoy Cruz,Argentina,LPF,70,72,67,66,73,48,69,1800
Aaron Ramsey,Ramsey,LM++,Burnley,England,EFL Championship,70,73,63,67,72,50,60,1800
Abderrahman Rebbach,Rebbach,LM++,D. Alavés,Algeria,LALIGA EA SPORTS,70,71,70,66,70,36,68,1800
Pedro Miguel Lopes Pereira,Pedro Pereira,RM++,Monza,Portugal,Serie A TIM,70,72,54,69,71,69,63,1800
Julián López,López,CDM++,Defensa,Argentina,Sudamericana,70,70,49,64,70,67,69,1800
Javier López Carballo,Javi López,LB++,Real Sociedad,Spain,LALIGA EA SPORTS,70,77,29,54,59,67,68,1800
Leandro Lozano,Lozano,RB++,Nacional,Uruguay,Libertadores,70,78,56,63,66,65,69,1800
Pol Lozano Vizuete,Pol Lozano,CDM++,RCD Espanyol,Spain,LALIGA EA SPORTS,70,71,59,66,67,65,69,1800
Joe Lumley,Lumley,GK++,Southampton,England,Premier League,70,71,66,74,72,44,68,1800
André Filipe M. Ribeiro Ferreira,André Ferreira,GK++,R. Valladolid CF,Portugal,LALIGA EA SPORTS,70,70,66,66,72,38,70,1800
Yohann Magnin,Magnin,CDM++,Clermont Foot 63,France,Ligue 2 BKT,70,65,57,62,65,67,69,1800
Adam Maher,Maher,CDM++,Damac FC,Netherlands,ROSHN Saudi League,70,61,70,71,73,67,60,1950
Seiya Maikuma,Maikuma,RB++,AZ,Japan,Eredivisie,70,74,60,64,67,65,67,1800
Anthony Mandréa,Mandréa,GK++,SM Caen,Algeria,Ligue 2 BKT,70,71,64,63,74,44,71,1800
Dominik Marczuk,Marczuk,RM++,Real Salt Lake,Poland,MLS,70,71,63,65,69,57,61,1800
Matías Marín,Marín,CAM++,Belgrano,Chile,Sudamericana,70,67,65,67,71,27,42,1800
Alejandro Marqués,Marqués,ST++,Estoril Praia,Venezuela,Liga Portugal,70,69,70,55,70,36,63,1800
Agustín Martegani,Martegani,CM++,Boca Juniors,Argentina,Sudamericana,70,73,67,71,72,58,63,1950
Andrés Martín García,Andrés Martín,RM++,R. Racing Club,Spain,LALIGA HYPERMOTION,70,80,69,64,69,27,65,1800
Alejandro Martínez,Martínez,LW++,Talleres,Argentina,Libertadores,70,83,68,59,74,33,63,1800
Braian Martínez,Martínez,LM++,Everton,Argentina,Sudamericana,70,82,65,61,75,41,73,1800
Javier Martínez Calvo,Javi Martínez,CM++,CA Osasuna,Spain,LALIGA EA SPORTS,70,65,64,63,71,57,72,1800
Ángelo Martino,Martino,LB++,Newell's,Argentina,LPF,70,76,57,65,71,65,64,1800
Andrea Masiello,Masiello,CB++,Südtirol,Italy,Serie BKT,70,36,46,58,61,71,68,1800
Ephron Mason-Clark,Mason-Clark,LM++,Coventry City,England,EFL Championship,70,84,66,63,72,29,71,1800
Facundo Mater,Mater,RB++,Barracas Central,Argentina,LPF,70,76,63,63,69,66,70,1950
Brice Maubleu,Maubleu,GK++,AS Saint-Étienne,France,Ligue 1 Uber Eats,70,69,67,66,71,40,70,1800
James McAtee,McAtee,RW++,Manchester City,England,Premier League,70,70,64,67,73,41,60,1800
Jamie McGrath,McGrath,RM++,Aberdeen,Republic of Ireland,cinch Prem,70,71,69,67,72,58,62,1800
Mark McGuinness,McGuinness,CB++,Luton Town,Republic of Ireland,EFL Championship,70,54,35,50,58,69,79,1800
Luke McNally,McNally,CB++,Burnley,Republic of Ireland,EFL Championship,70,49,35,53,60,70,77,1800
Danny McNamara,McNamara,RB++,Millwall,Republic of Ireland,EFL Championship,70,78,41,60,67,65,69,1800
Jeison Medina,Medina,ST++,Independiente DV,Colombia,Libertadores,70,76,70,59,70,36,57,1800
Juan Ignacio Méndez,Méndez,CM++,Newell's,Argentina,LPF,70,67,63,68,72,67,68,1950
Gideon Mensah,Mensah,LB++,AJ Auxerre,Ghana,Ligue 1 Uber Eats,70,76,56,63,70,64,67,1800
John Mercado,Mercado,LW++,AVS Futebol SAD,Ecuador,Liga Portugal,70,86,61,62,74,27,60,1800
Karol Mets,Mets,CB++,FC St. Pauli,Estonia,Bundesliga,70,67,51,58,60,69,80,1800
Florian Miguel,Miguel,LB++,Burgos CF,France,LALIGA HYPERMOTION,70,70,53,61,67,68,74,1800
Enea Mihaj,Mihaj,CB++,FC Famalicão,Albania,Liga Portugal,70,61,42,50,49,72,71,1800
Pedro Milans,Milans,RB++,Peñarol,Uruguay,Libertadores,70,68,47,60,66,66,65,1800
Lucas Mincarelli,Mincarelli,LB++,Montpellier,France,Ligue 1 Uber Eats,70,70,50,63,66,69,59,1800
Alan Minda,Minda,RM++,Cercle Brugge,Ecuador,1A Pro League,70,84,66,63,72,51,55,1800
Ignasi Miquel i Pons,Ignasi Miquel,CB++,Granada CF,Spain,LALIGA HYPERMOTION,70,54,35,56,59,70,71,1800
Ignacio Miramón,Miramón,CDM++,Boca Juniors,Argentina,Sudamericana,70,66,57,62,68,67,74,1800
Koji Miyoshi,Miyoshi,RM++,Birmingham City,Japan,EFL League One,70,75,65,68,74,46,49,1800
Brede Mathias Moe,Moe,CB++,FK Bodø/Glimt,Norway,Eliteserien,70,59,43,53,59,70,78,1800
Jayson Molumby,Molumby,CDM++,West Brom,Republic of Ireland,EFL Championship,70,61,53,65,68,64,65,1800
Gabriele Moncini,Moncini,ST++,Brisigonza,Italy,Serie BKT,70,80,69,57,69,37,68,1800
Weverson Moreira da Costa,Weverson,LB++,Arouca,Brazil,Liga Portugal,70,81,54,64,63,67,61,1800
Jorge Morel,Morel,CB++,Cerro Porteño,Paraguay,Libertadores,70,67,48,61,60,69,78,1800
Didier Moreno,Moreno,CDM++,Junior,Colombia,Libertadores,70,68,40,58,62,68,78,1800
Stefano Moreo,Moreo,ST++,Pisa,Italy,Serie BKT,70,77,65,61,68,47,80,1800
Daniel Mosquera,Mosquera,ST++,Hellas Verona,Colombia,Serie A TIM,70,70,70,52,67,28,78,1800
Santiago Mouriño,Mouriño,CB++,Atlético de Madrid,Uruguay,LALIGA EA SPORTS,70,69,36,49,50,69,77,1800
Samuele Mulattieri,Mulattieri,ST++,Sassuolo,Italy,Serie BKT,70,71,69,60,69,37,67,1800
Damián Musto,Musto,CDM++,FC Cartagena,Argentina,LALIGA HYPERMOTION,70,40,49,62,59,69,76,1800
Yahia Nader,Nader,CDM++,Al Ain FC,United Arab Emirates,United Emirates League,70,59,49,60,61,67,77,1800
Ádám Nagy,Nagy,CM++,Spezia,Hungary,Serie BKT,70,67,54,70,73,68,64,1800
Abdoulaye Ndiaye,Ndiaye,CB++,Stade Brestois 29,Senegal,Ligue 1 Uber Eats,70,64,31,49,49,71,71,1800
Andreas Ndoj,Ndoj,CB++,Olympiacos FC,Greece,Hellas Liga,70,64,38,53,48,72,73,1800
Dieumerci Ndongala,Ndongala,RM++,Apoel FC,Congo DR,Liga Cyprus,70,81,59,64,74,28,42,1800
Ionuț Nedelcearu,Nedelcearu,CB++,Palermo,Romania,Serie BKT,70,71,48,56,57,68,79,1800
Franco Negri,Negri,LB++,Inter Miami CF,Argentina,MLS,70,77,59,66,71,65,67,1950
Oleksandr Svatok,Svatok,CB++,Austin FC,Ukraine,MLS,70,63,36,54,51,71,71,1800
Williot Swedberg,Swedberg,CM++,RC Celta,Sweden,LALIGA EA SPORTS,70,71,68,66,71,59,60,1800
Benjamin Tahirović,Tahirović,CDM++,Ajax,Bosnia and Herzegovina,Eredivisie,70,54,50,65,68,64,72,1800
Jorge Djaniny Tavares Semedo,Djaniny,ST++,Al Fateh,Cape Verde Islands,ROSHN Saudi League,70,79,70,66,69,35,74,1800
Loum Tchaouna,Tchaouna,RW++,Latium,France,Serie A TIM,70,75,72,63,71,37,59,1800
Sergio Tejera Rodríguez,Sergio Tejera,CDM++,Apoel FC,Spain,Liga Cyprus,70,66,65,69,69,66,76,1950
Renzo Tesuri,Tesuri,RM++,Atlético Tucumán,Argentina,LPF,70,86,63,64,71,42,48,1800
Romain Thomas,Thomas,CB++,SM Caen,France,Ligue 2 BKT,70,32,36,51,44,71,69,1800
Orobó Tiago,Tiago Orobó,ST++,Jeonbuk Hyundai,Brazil,K League 1,70,78,71,51,65,26,76,1800
Muhamed Tijani,Tijani,ST++,Plymouth Argyle,Nigeria,EFL Championship,70,72,69,55,62,27,79,1800
David Timor Copoví,Timor,CM++,CD Eldense,Spain,LALIGA HYPERMOTION,70,36,66,71,66,67,77,1800
Anton Tinnerholm,Tinnerholm,RB++,Malmö FF,Sweden,Allsvenskan,70,70,51,63,65,65,78,1800
Fernando Tobio,Tobio,CB++,Huracán,Argentina,LPF,70,45,30,53,46,69,79,1800
Umut Tohumcu,Tohumcu,CAM++,TSG Hoffenheim,Germany,Bundesliga,70,69,62,68,72,46,53,1800
John Tolkin,Tolkin,LB++,Red Bulls,United States,MLS,70,81,46,63,64,65,68,1800
Lewis Travis,Travis,CDM++,Blackburn Rovers,England,EFL Championship,70,63,59,64,66,67,78,1800
Alexis Trouillet,Trouillet,CM++,Panathinaikos,France,Hellas Liga,70,63,55,69,74,60,63,1800
Frank Tsadjout,Tsadjout,ST++,Cremonese,Italy,Serie BKT,70,78,69,51,67,31,77,1800
Keigo Tsunemoto,Tsunemoto,RB++,Servette FC,Japan,CSSL,70,76,49,61,64,66,59,1800
Josh Tymon,Tymon,LB++,Swansea City,England,EFL Championship,70,74,52,68,65,64,71,1800
Iké Ugbo,Ugbo,ST++,Sheffield Wed,Canada,EFL Championship,70,74,68,57,68,29,69,1800
Benjamin Uphoff,Uphoff,GK++,Hansa Rostock,Germany,3. Liga,70,69,69,64,71,38,69,1800
Manuel Vallejo Galván,Manu Vallejo,ST++,Racing de Ferrol,Spain,LALIGA HYPERMOTION,70,72,70,67,70,43,61,1800
Rav van den Berg,van den Berg,CB++,Middlesbrough,Netherlands,EFL Championship,70,65,35,51,60,70,70,1800
Rick van Drongelen,van Drongelen,CB++,Samsunspor,Netherlands,Trendyol Süper Lig,70,61,26,56,53,69,73,1800
Stijn van Gassel,van Gassel,GK++,N.E.C. Nijmegen,Netherlands,Eredivisie,70,71,68,64,74,44,68,1800
Nikola Vasilj,Vasilj,GK++,FC St. Pauli,Bosnia and Herzegovina,Bundesliga,70,70,67,65,71,34,71,1800
Will Vaulks,Vaulks,CDM++,Oxford United,Wales,EFL Championship,70,52,62,66,62,66,76,1800
Luis Vázquez,Vázquez,ST++,RSC Anderlecht,Argentina,1A Pro League,70,70,69,59,67,34,74,1800
Jesús Vázquez Alcalde,Jesús Vázquez,LB++,Valencia CF,Spain,LALIGA EA SPORTS,70,72,50,65,66,67,62,1800
Stefano Vecchia,Vecchia,LM++,Malmö FF,Sweden,Allsvenskan,70,78,72,65,70,36,68,1800
Stiven Vega,Vega,CDM++,Millonarios,Colombia,Libertadores,70,65,58,67,65,68,71,1800
Daniele Verde,Verde,RW++,Salernitana,Italy,Serie BKT,70,74,72,68,75,36,46,1800
Ranko Veselinović,Veselinović,CB++,Whitecaps FC,Serbia,MLS,70,66,27,49,50,70,78,1800
Francesco Vicari,Vicari,CB++,Bari,Italy,Serie BKT,70,33,27,52,45,71,65,1500
Joel Vieira Pereira,Joel Pereira,RB++,Lech Poznań,Portugal,PKO BP Ekstraklasa,70,73,41,67,67,64,67,1800
Carlos Villalba,Villalba,CDM++,Platense,Argentina,LPF,70,63,51,60,68,68,73,1800
Andreas Voglsammer,Voglsammer,ST++,Hannover 96,Germany,Bundesliga 2,70,74,69,66,69,43,79,1950
Zak Vyner,Vyner,CB++,Bristol City,Kenya,EFL Championship,70,68,35,56,62,70,72,1800
Robert Wagner,Wagner,CM++,FC St. Pauli,Germany,Bundesliga,70,63,45,66,71,62,72,1800
Sebastian Walukiewicz,Walukiewicz,CB++,Empoli,Poland,Serie A TIM,70,50,38,48,57,70,74,1800
Joe Williams,Williams,CDM++,Bristol City,England,EFL Championship,70,56,57,66,68,67,67,1800
Nicolas Wimmer,Wimmer,CB++,Wolfsberger AC,Austria,Ö. Bundesliga,70,49,45,51,59,70,79,1800
Josh Windass,Windass,CAM++,Sheffield Wed,England,EFL Championship,70,85,69,66,72,35,65,1800
Lewis Wing,Wing,CM++,Reading,England,EFL League One,70,58,67,70,70,63,70,1800
David Møller Wolfe,Wolfe,LB++,AZ,Norway,Eredivisie,70,77,52,59,68,65,72,1800
Güven Yalçın,Yalçın,ST++,Genoa,Türkiye,Serie A TIM,70,78,72,61,71,23,62,1800
Gerard Yepes Laut,Gerard Yepes,CDM++,Sampdoria,Spain,Serie BKT,70,63,55,67,69,68,50,1800
Kenan Yıldız,Yıldız,LW++,Juventus,Türkiye,Serie A TIM,70,75,61,66,73,28,61,1800
Mihael Žaper,Žaper,CDM++,Hajduk Split,Croatia,Liga Hrvatska,70,66,52,66,61,69,73,1800
Gabriele Zappa,Zappa,RB++,Cagliari,Italy,Serie A TIM,70,75,55,61,67,65,70,1800
Oskar Zawada,Zawada,ST++,RKC Waalwijk,Poland,Eredivisie,70,76,68,56,63,39,80,1800
Deyovaisio Zeefuik,Zeefuik,RB++,Hertha Berlin,Netherlands,Bundesliga 2,70,80,41,60,67,66,77,1800
Andi Zeqiri,Zeqiri,ST++,KRC Genk,Switzerland,1A Pro League,70,68,69,60,72,23,67,1800
Luca Zidane,Zidane,GK++,Granada CF,France,LALIGA HYPERMOTION,70,72,67,66,70,37,71,1800
Nadir Zortea,Zortea,RB++,Cagliari,Italy,Serie A TIM,70,64,59,67,72,67,52,1800
Abdellah Zoubir,Zoubir,LW++,Qarabağ FK,France,Liga Azerbaijan,70,74,66,67,73,33,59,1800
César Rigamonti,Rigamonti,GK++,Palestino,Argentina,Libertadores,70,69,69,65,71,40,71,1800
Williams Riveros,Riveros,CB++,Universitario,Paraguay,Libertadores,70,58,39,50,53,69,76,1800
Nuno Gonçalo Rocha Moreira,Nuno Moreira,RM++,Casa Pia AC,Portugal,Liga Portugal,70,73,66,67,72,33,48,1800
Santiago Rodríguez,Rodríguez,ST++,Instituto,Argentina,LPF,70,72,72,64,71,32,61,1800
Baltasar Rodríguez,Rodríguez,CAM++,Racing Club,Argentina,Sudamericana,70,74,60,68,73,52,48,1800
Diego Rodríguez,Rodríguez,CDM++,Liverpool,Uruguay,Libertadores,70,64,56,66,67,67,70,1800
Yoel Rodríguez Oterino,Yoel,GK++,Racing de Ferrol,Spain,LALIGA HYPERMOTION,70,70,69,68,67,38,69,1800
Santiago Romero,Romero,CDM++,Danubio,Uruguay,Sudamericana,70,65,68,66,60,69,71,1800
Keegan Rosenberry,Rosenberry,RB++,Colorado Rapids,United States,MLS,70,68,51,61,65,68,74,1800
Loreintz Rosier,Rosier,CDM++,Fortuna Sittard,France,Eredivisie,70,61,59,65,66,68,78,1800
Pablo Ruiz,Ruiz,CDM++,Real Salt Lake,Argentina,MLS,70,66,59,66,67,68,65,1800
Ramiro Ruiz Rodríguez,Ruiz Rodríguez,ST++,Talleres,Argentina,Libertadores,70,79,68,66,70,38,67,1800
Cheikh Sabaly,Sabaly,LM++,FC Metz,Senegal,Ligue 2 BKT,70,84,64,64,72,23,43,1800
Kyriani Sabbe,Sabbe,RB++,Club Brugge,Belgium,1A Pro League,70,76,51,68,71,63,58,1800
Stefano Sabelli,Sabelli,RB++,Genoa,Italy,Serie A TIM,70,70,39,60,63,66,67,1800
Enric Saborit Teixidor,Saborit,LB++,Gaziantep,Spain,Trendyol Süper Lig,70,69,47,64,66,68,75,1800
Michal Sáček,Sáček,RB++,Jagiellonia,Czechia,PKO BP Ekstraklasa,70,74,63,67,69,64,72,1950
Marco Sala,Sala,LB++,Como,Italy,Serie A TIM,70,81,54,66,68,63,65,1800
Ibrahim Salah,Salah,ST++,Stade Rennais FC,Morocco,Ligue 1 Uber Eats,70,73,69,58,72,30,67,1800
Anton Salétros,Salétros,CM++,AIK,Sweden,Allsvenskan,70,64,63,71,69,63,71,1950
Tobias Salquist,Salquist,CB++,Chicago Fire FC,Denmark,MLS,70,67,41,51,52,69,80,1800
Braian Samudio,Samudio,LM++,Antalyaspor,Paraguay,Trendyol Süper Lig,70,78,65,63,71,38,69,1800
Adrián San Miguel Castillo,Adrián,GK++,Real Betis,Spain,LALIGA EA SPORTS,70,70,70,67,69,43,69,1800
Diego Sánchez,Sánchez,GK++,Coquimbo Unido,Chile,Sudamericana,70,70,69,69,70,49,66,1800
Adrián Sánchez,Sánchez,CM++,Atlético Tucumán,Argentina,LPF,70,62,55,68,66,64,71,1800
Salvador Sánchez Ponce,Salvi Sánchez,RM++,RCD Espanyol,Spain,LALIGA EA SPORTS,70,85,63,66,71,36,46,1800
Hevertton Santos,Hevertton,RB++,QPR,Brazil,EFL Championship,70,79,57,64,70,64,72,1950
Kevin Santos,Kevin,LW++,Shakhtar Donetsk,Brazil,Ukrayina Liha,70,78,63,66,74,33,54,1800
Rúben Miguel Santos Fernandes,Rúben Fernandes,CB++,Gil Vicente,Portugal,Liga Portugal,70,52,51,58,56,72,75,1800
Carlos Santos Rodrigues,Carlos Ponck,CB++,Moreirense FC,Cape Verde Islands,Liga Portugal,70,68,45,52,60,69,77,1800
Aitor Sanz Martín,Aitor Sanz,CDM++,CD Tenerife,Spain,LALIGA HYPERMOTION,70,49,64,68,69,67,72,1800
Noah Joel Sarenren Bazee,Sarenren Bazee,RW++,Arminia Bielefeld,Nigeria,3. Liga,70,78,61,64,73,29,49,1800
Elvis Sarić,Sarić,CM++,Qingdao Hainiu,Bosnia and Herzegovina,CSL,70,64,61,69,70,62,72,1800
Zvonimir Šarlija,Šarlija,CB++,Hajduk Split,Croatia,Liga Hrvatska,70,58,32,49,48,70,76,1800
George Saville,Saville,CM++,Millwall,Northern Ireland,EFL Championship,70,60,66,69,69,68,73,1950
Bruno Sávio da Silva,Bruno Sávio,RW++,Bolívar,Brazil,Libertadores,70,72,69,64,69,26,60,1800
Ron Schallenberg,Schallenberg,CDM++,FC Schalke 04,Germany,Bundesliga 2,70,60,49,59,64,69,73,1800
Louis Schaub,Schaub,CAM++,SK Rapid Wien,Austria,Ö. Bundesliga,70,60,66,70,73,41,66,1800
Ignacio Schor,Schor,LM++,Platense,Argentina,LPF,70,75,62,67,70,51,64,1800
Patrick Schulte,Schulte,GK++,Columbus Crew,United States,MLS,70,69,65,75,71,21,68,1800
Alexander Schwolow,Schwolow,GK++,Union Berlin,Germany,Bundesliga,70,72,62,63,73,37,70,1800
Leonardo Scienza,Léo Scienza,LM++,Heidenheim,Brazil,Bundesliga,70,79,66,64,75,29,52,1800
Paul Seguin,Seguin,CM++,FC Schalke 04,Germany,Bundesliga 2,70,63,61,72,69,67,73,1950
Ken Sema,Sema,LW++,Watford,Sweden,EFL Championship,70,76,65,68,71,60,68,1950
Marvin Senaya,Senaya,RB++,Strasbourg,France,Ligue 1 Uber Eats,70,70,46,57,67,67,64,1800
Leonardo Sequeira,Sequeira,ST++,Peñarol,Argentina,Libertadores,70,77,70,60,67,35,61,1800
Francho Serrano Gracia,Francho Serrano,CM++,Real Zaragoza,Spain,LALIGA HYPERMOTION,70,70,62,68,70,62,68,1950
Gaspar Servio,Servio,GK++,Guaraní,Argentina,Sudamericana,70,69,70,71,70,48,67,1800
Ilya Shkurin,Shkurin,ST++,Stal Mielec,Belarus,PKO BP Ekstraklasa,70,73,66,60,66,35,80,1800
Kaj Sierhuis,Sierhuis,ST++,Fortuna Sittard,Netherlands,Eredivisie,70,65,70,57,67,29,75,1800
Francisco Sierralta,Sierralta,CB++,Watford,Chile,EFL Championship,70,52,30,51,52,69,74,1800
Manuel Jorge Silva,Manu Silva,CB++,Vitória SC,Portugal,Liga Portugal,70,59,40,59,56,69,76,1800
Romário Manuel Silva Baró,Romário Baró,CM++,FC Porto,Portugal,Liga Portugal,70,71,66,69,72,56,60,1800
Gabriel Silva Vieira,Gabriel Silva,RM++,Santa Clara,Brazil,Liga Portugal,70,76,67,64,71,27,58,1800
Aral Şimşir,Şimşir,LM++,FC Midtjylland,Türkiye,3F Superliga,70,76,62,65,72,36,60,1800
Lassine Sinayoko,Sinayoko,RM++,AJ Auxerre,Mali,Ligue 1 Uber Eats,70,74,70,62,70,28,70,1800
Regan Slater,Slater,CM++,Hull City,England,EFL Championship,70,70,62,68,72,65,69,1950
Bartosz Slisz,Slisz,CM++,Atlanta United,Poland,MLS,70,70,54,66,67,65,73,1800
Luís Rafael Soares Alves,Rafa Soares,LB++,PAOK FC,Portugal,Hellas Liga,70,74,60,67,70,66,66,1950
Eduard Sobol,Sobol,LB++,Strasbourg,Ukraine,Ligue 1 Uber Eats,70,74,64,67,68,67,69,1950
Markus Solbakken,Solbakken,CM++,Sparta Praha,Norway,Česká Liga,70,70,58,68,72,60,70,1800
Oliver Sonne,Sonne,RB++,Silkeborg IF,Peru,3F Superliga,70,77,45,63,67,63,66,1800
Jacob Sørensen,Sørensen,CDM++,Norwich,Denmark,EFL Championship,70,63,55,65,67,68,70,1800
Luca Sosa,Sosa,CB++,Barcelona SC,Argentina,Libertadores,70,69,37,56,58,70,75,1800
Alexis Soto,Soto,LB++,Defensa,Argentina,Sudamericana,70,79,46,62,71,64,73,1800
Arnaud Souquet,Souquet,RB++,Chicago Fire FC,France,MLS,70,65,58,66,68,66,70,1800
Dario Špikić,Špikić,RW++,Dinamo Zagreb,Croatia,Liga Hrvatska,70,82,66,63,73,49,60,1800
Petar Sučić,Sučić,CM++,Dinamo Zagreb,Croatia,Liga Hrvatska,70,69,59,69,72,58,71,1800
Adrian Șut,Șut,CDM++,FCSB,Romania,SUPERLIGA,70,70,62,62,63,69,78,1950
Alexandre Zurawski,Alemão,ST++,R. Oviedo,Brazil,LALIGA HYPERMOTION,70,74,71,63,68,25,76,1800
Lan A,A Lan,ST++,Qingdao W. Coast,China PR,CSL,70,80,68,63,73,32,72,1800
Ramón Ábila,Ábila,ST++,Huracán,Argentina,LPF,70,57,70,61,69,32,79,1800
Junior Adamu,Adamu,ST++,SC Freiburg,Austria,Bundesliga,70,79,69,52,70,22,67,1800
Washington Aguerre,Aguerre,GK++,Peñarol,Uruguay,Libertadores,70,68,70,67,69,53,69,1800
Juan Felipe Aguirre,Aguirre,CB++,Atl. Nacional,Colombia,Liga Colombia,70,59,38,52,53,72,72,1800
Young Kyu Ahn,Ahn Young Kyu,CB++,GwangJu FC,Korea Republic,K League 1,70,61,31,41,56,71,76,1800
Semi Ajayi,Ajayi,CB++,West Brom,Nigeria,EFL Championship,70,69,48,47,59,69,81,1800
Gökhan Akkan,Akkan,GK++,Çaykur Rizespor,Türkiye,Trendyol Süper Lig,70,70,66,66,74,48,70,1800
Sami Al Khaibari,Al Khaibari,CB++,Al Fayha,Saudi Arabia,ROSHN Saudi League,70,51,27,43,39,71,80,1800
Iván Alejo Peralta,Iván Alejo,RM++,Cádiz CF,Spain,LALIGA HYPERMOTION,70,80,67,68,71,46,66,1800
Doğan Alemdar,Alemdar,GK++,Stade Rennais FC,Türkiye,Ligue 1 Uber Eats,70,70,69,69,69,38,71,1800
Ángel Algobia Esteves,Algobia,CM++,Levante UD,Spain,LALIGA HYPERMOTION,70,53,63,66,68,67,62,1800
Nabil Alioui,Alioui,LW++,Adana Demirspor,France,Trendyol Süper Lig,70,69,69,66,73,27,55,1800
Xeber Alkain Mitxelena,Alkain,RM++,SD Eibar,Spain,LALIGA HYPERMOTION,70,79,70,61,74,26,54,1800
Bruno Xavier Almeida Costa,Bruno Costa,CM++,Nacional,Portugal,Liga Portugal,70,66,70,70,72,62,60,1950
Hugo Miguel Almeida Costa Lopes,Miguel Lopes,CB++,Estrela Amadora,Portugal,Liga Portugal,70,65,52,65,66,70,72,1800
Giorgio Altare,Altare,CB++,Venezia,Italy,Serie A TIM,70,57,39,47,50,71,77,1800
Jaime Alvarado,Alvarado,CDM++,Indep. Medellín,Colombia,Sudamericana,70,64,53,62,66,66,78,1800
Agustín Álvarez,Álvarez,ST++,Elche CF,Uruguay,LALIGA HYPERMOTION,70,70,71,61,69,36,69,1800
Pedro Henrique Alves de Almeida,Pedro Henrique,ST++,Wuhan 3 Towns,Brazil,CSL,70,58,70,48,66,34,72,1800
João Diogo Alves Rodrigues,Kikas,ST++,Estrela Amadora,Portugal,Liga Portugal,70,75,69,53,68,22,65,1800
Lisandro Alzugaray,Alzugaray,RM++,LDU Quito,Argentina,Libertadores,70,69,70,68,69,55,55,1800
Jordan Amavi,Amavi,LB++,Stade Brestois 29,France,Ligue 1 Uber Eats,70,67,60,65,66,69,68,1800
José María Amo Torres,José Amo,CB++,CD Tenerife,Spain,LALIGA HYPERMOTION,70,59,38,55,62,68,77,1800
Lucas Andersen,Andersen,CAM++,QPR,Denmark,EFL Championship,70,74,65,69,72,36,56,1800
Oleksandr Andrievskyi,Andrievskyi,CDM++,Dynamo Kyiv,Ukraine,Ukrayina Liha,70,66,55,68,64,65,70,1800
Giorgi Arabidze,Arabidze,RW++,Ulsan Hyundai,Georgia,K League 1,70,80,65,64,75,30,41,1800
Oliver Arblaster,Arblaster,CM++,Sheffield Utd,England,EFL Championship,70,65,61,68,70,65,69,1800
Carlos Arboleda,Arboleda,LM++,Técnico U.,Ecuador,Sudamericana,70,78,57,68,73,45,67,1800
Malcom Adu Ares Djaló,Adu Ares,LM++,Athletic Club,Spain,LALIGA EA SPORTS,70,85,64,67,73,25,58,1800
Zoran Arsenić,Arsenić,CB++,Raków,Croatia,PKO BP Ekstraklasa,70,69,40,59,61,69,79,1800
Majeed Ashimeru,Ashimeru,CM++,RSC Anderlecht,Ghana,1A Pro League,70,71,63,69,73,63,65,1950
Miguel Ángel Atienza Villa,Atienza,CM++,Burgos CF,Spain,LALIGA HYPERMOTION,70,56,61,62,66,65,71,1800
Jonas Auer,Auer,LB++,SK Rapid Wien,Austria,Ö. Bundesliga,70,77,56,63,65,65,71,1800
Mathias Autret,Autret,LM++,SM Caen,France,Ligue 2 BKT,70,61,69,72,71,42,59,1800
Donis Avdijaj,Avdijaj,CAM++,TSV Hartberg,Kosovo,Ö. Bundesliga,70,83,68,66,73,24,70,1800
Gastón Ávila,Ávila,CB++,Ajax,Argentina,Eredivisie,70,70,46,63,63,69,72,1800
Tomás Avilés,Avilés,CB++,Inter Miami CF,Argentina,MLS,70,60,48,58,58,71,70,1800
Matías Espinoza,Espinoza,LB++,Libertad,Paraguay,Libertadores,70,76,44,60,62,65,69,1800
Michael Estrada,Estrada,ST++,LDU Quito,Ecuador,Libertadores,70,76,65,51,67,24,73,1800
Alieu Fadera,Fadera,LM++,Como,Gambia,Serie A TIM,70,82,64,62,74,57,71,1950
Diego Fagundez,Fagundez,LM++,LA Galaxy,Uruguay,MLS,70,74,63,68,74,39,62,1800
José Fajardo,Fajardo,ST++,U. Católica,Panama,Sudamericana,70,67,70,57,66,33,68,1800
Wuilker Faríñez,Faríñez,GK++,Caracas F.C.,Venezuela,Libertadores,70,70,66,64,75,52,69,1800
Raúl Fdez-Cavada Mateos,Raúl Fernández,GK++,CD Mirandés,Spain,LALIGA HYPERMOTION,70,68,70,67,70,38,69,1800
Nanduo Fei,Fei Nanduo,RM++,Shanghai Shenhua,China PR,CSL,70,80,62,65,74,39,63,1800
Joan Femenías del Salto,Joan Femenías,GK++,Real Zaragoza,Spain,LALIGA HYPERMOTION,70,70,66,56,74,25,67,1800
Thiago Fernández,Fernández,LM++,Vélez Sarsfield,Argentina,LPF,70,80,57,68,74,47,57,1800
Sebastián Ferreira,Ferreira,ST++,Houston Dynamo,Paraguay,MLS,70,71,70,57,72,38,62,1800
Héctor Fertoli,Fertoli,LM++,Huracán,Argentina,LPF,70,80,63,64,71,44,61,1800
Kiril Fesiun,Fesiun,GK++,Shakhtar Donetsk,Ukraine,Ukrayina Liha,70,70,67,69,71,36,72,1800
Bård Finne,Finne,ST++,SK Brann,Norway,Eliteserien,70,77,70,61,71,27,64,1800
Will Fish,Fish,CB++,Cardiff City,England,EFL Championship,70,63,34,52,56,69,77,1800
Mamadou Fofana,Fofana,CB++,Amiens SC,Mali,Ligue 2 BKT,70,64,33,54,63,69,77,1800
Marcus Forss,Forss,ST++,Middlesbrough,Finland,EFL Championship,70,74,70,54,67,39,69,1800
Bartol Franjić,Franjić,CDM++,Shakhtar Donetsk,Croatia,Ukrayina Liha,70,69,50,62,65,67,75,1800
Christian Früchtl,Früchtl,GK++,Lecce,Germany,Serie A TIM,70,73,68,67,71,24,66,1800
Nahuel Furtado,Furtado,RB++,Cerro Largo,Uruguay,Sudamericana,70,75,57,56,65,68,60,1800
Samuel Galindo,Galindo,CM++,Nacional Potosí,Bolivia,Sudamericana,70,74,68,72,70,49,66,1800
Enrique Gallego Puigsech,Enric Gallego,ST++,CD Tenerife,Spain,LALIGA HYPERMOTION,70,54,71,58,64,25,74,1800
Jonathan Galván,Galván,CB++,Argentinos Jrs.,Argentina,Sudamericana,70,58,59,62,67,68,80,1800
Cristian Gamboa,Gamboa,RB++,VfL Bochum,Costa Rica,Bundesliga,70,77,47,64,68,66,69,1800
Francisco Gámez López,Fran Gámez,RB++,CD Eldense,Spain,LALIGA HYPERMOTION,70,79,53,61,65,66,74,1800
Diego García Campos,Diego García,ST++,CD Leganés,Spain,LALIGA EA SPORTS,70,75,70,51,67,23,57,1800
Imanol García de Albéniz,Imanol,LB++,Sparta Praha,Spain,Česká Liga,70,67,47,66,65,68,55,1800
Nicolas Gavory,Gavory,LB++,Düsseldorf,France,Bundesliga 2,70,63,62,70,70,67,69,1950
Denis Genreau,Genreau,CM++,Toulouse FC,Australia,Ligue 1 Uber Eats,70,60,62,68,69,64,68,1800
Pieter Gerkens,Gerkens,CM++,KAA Gent,Belgium,1A Pro League,70,52,70,70,68,66,67,1800
Willem Geubbels,Geubbels,ST++,FC St. Gallen,France,CSSL,70,79,69,59,71,26,67,1800
Lautaro Giaccone,Giaccone,RM++,Rosario Central,Argentina,Libertadores,70,70,65,67,72,32,46,1800
Daniel Giraldo,Giraldo,CDM++,Millonarios,Colombia,Libertadores,70,73,48,65,62,68,77,1800
Federico Girotti,Girotti,ST++,Talleres,Argentina,Libertadores,70,61,70,57,65,36,74,1800
Erik Godoy,Godoy,CB++,Argentinos Jrs.,Argentina,Sudamericana,70,58,32,55,51,69,77,1800
Aníbal Godoy,Godoy,CDM++,Nashville SC,Panama,MLS,70,43,55,65,65,63,75,1800
Gastón Gómez,Gómez,GK++,San Lorenzo,Argentina,Libertadores,70,70,65,71,72,33,71,1800
Andrés Gómez,Gómez,RM++,Stade Rennais FC,Colombia,Ligue 1 Uber Eats,70,78,66,63,72,32,58,1800
Josué Humberto Gonçalves Leal Sá,Josué Sá,CB++,Gil Vicente,Portugal,Liga Portugal,70,53,36,49,64,70,74,1800
Lucas González,González,CM++,Independiente,Argentina,LPF,70,75,58,70,74,61,72,1950
Oumar Gonzalez,Gonzalez,CB++,Al Raed,Cameroon,ROSHN Saudi League,70,50,37,39,56,70,78,1800
Adrián Guerrero Aguilar,Guerrero,LM++,CD Tenerife,Spain,LALIGA HYPERMOTION,70,74,67,67,69,66,72,1950
Jérémy Guillemenot,Guillemenot,ST++,Servette FC,Switzerland,CSSL,70,79,69,65,67,38,68,1800
Jostein Gundersen,Gundersen,CB++,FK Bodø/Glimt,Norway,Eliteserien,70,55,45,53,58,70,75,1800
Cristian Gutiérrez Vizcaíno,Cristian Gutiérrez,LB++,SD Eibar,Spain,LALIGA HYPERMOTION,70,77,62,68,69,67,56,1800
Dennis Hadžikadunić,Hadžikadunić,CB++,Hamburger SV,Bosnia and Herzegovina,Bundesliga 2,70,63,30,49,54,69,76,1800
Nikita Haikin,Haikin,GK++,FK Bodø/Glimt,Russia,Eliteserien,70,71,67,70,72,51,68,1800
Kook Young Han,Han Kook Young,CDM++,Jeonbuk Hyundai,Korea Republic,K League 1,70,58,53,67,65,65,74,1800
Jesper Hansen,Hansen,GK++,AGF,Denmark,3F Superliga,70,70,68,67,69,41,69,1800
Ridgeciano Haps,Haps,LM++,Venezia,Suriname,Serie A TIM,70,81,63,64,71,64,67,1950
Gabriel Hauche,Hauche,RW++,Sarmiento,Argentina,LPF,70,69,68,69,72,46,68,1800
Kristoffer Haugen,Haugen,LB++,Molde FK,Norway,Eliteserien,70,79,60,65,65,63,74,1950
Ryan Hedges,Hedges,RM++,Blackburn Rovers,Wales,EFL Championship,70,79,64,64,71,39,58,1800
Liam Henderson,Henderson,CM++,Empoli,Scotland,Serie A TIM,70,72,64,68,71,66,78,1950
Markus Henriksen,Henriksen,CM++,Rosenborg BK,Norway,Eliteserien,70,54,66,67,65,70,78,1950
Lucas Henrique da Silva,Lucas Áfrico,CB++,Farense,Brazil,Liga Portugal,70,48,41,56,52,70,76,1800
Leonardo Heredia,Heredia,ST++,Argentinos Jrs.,Argentina,Sudamericana,70,65,69,67,70,43,72,1800
Onel Hernández,Hernández,LM++,Norwich,Cuba,EFL Championship,70,84,64,62,73,34,73,1800
Lucas Hernández,Hernández,LB++,Peñarol,Uruguay,Libertadores,70,55,52,67,65,70,69,1800
Andrew Hjulsager,Hjulsager,CAM++,KAA Gent,Denmark,1A Pro League,70,65,68,70,72,62,67,1950
Mees Hoedemakers,Hoedemakers,CDM++,N.E.C. Nijmegen,Netherlands,Eredivisie,70,55,59,69,66,64,73,1800
André Hoffmann,Hoffmann,CB++,Düsseldorf,Germany,Bundesliga 2,70,41,38,54,56,70,73,1800
Carlo Holse,Holse,RM++,Samsunspor,Denmark,Trendyol Süper Lig,70,78,63,66,72,53,66,1800
Mathias Honsak,Honsak,LM++,Heidenheim,Austria,Bundesliga,70,84,63,62,70,50,69,1800
Michael Hoyos,Hoyos,ST++,Independiente DV,Argentina,Libertadores,70,78,69,66,71,37,70,1800
Jakub Hromada,Hromada,CDM++,FC Rapid 1923,Slovakia,SUPERLIGA,70,69,59,64,68,68,75,1950
Valber Huerta,Huerta,CB++,Uni. Católica,Chile,Sudamericana,70,43,24,42,41,71,79,1500
Andrew Hughes,Hughes,CB++,Preston,Wales,EFL Championship,70,60,42,62,60,70,78,1800
Denis Huseinbašić,Huseinbašić,CM++,1. FC Köln,Bosnia and Herzegovina,Bundesliga 2,70,69,62,64,69,61,71,1800
Shaun Hutchinson,Hutchinson,CB++,Millwall,England,EFL Championship,70,43,29,50,50,71,76,1800
Dominic Hyam,Hyam,CB++,Blackburn Rovers,Scotland,EFL Championship,70,53,32,54,58,70,76,1800
Pablo Ibáñez Lumbreras,Pablo Ibáñez,CM++,CA Osasuna,Spain,LALIGA EA SPORTS,70,57,59,66,67,64,57,1800
Emanuel Insua,Insua,LB++,Banfield,Argentina,LPF,70,75,54,58,64,67,74,1800
Pablo Insua Blanco,Insua,CB++,Granada CF,Spain,LALIGA HYPERMOTION,70,45,37,54,53,71,71,1800
Robin Jansson,Jansson,CB++,Orlando City,Sweden,MLS,70,48,28,53,59,71,75,1800
Adis Jasic,Jasic,RB++,Wolfsberger AC,Austria,Ö. Bundesliga,70,79,59,64,66,64,74,1950
Danley Jean Jacques,Jean Jacques,CDM++,Philadelphia,Haiti,MLS,70,69,51,65,67,67,74,1800
Ísak Bergmann Jóhannesson,Jóhannesson,CM++,Düsseldorf,Iceland,Bundesliga 2,70,68,60,69,71,63,71,1950
Marco John,John,LB++,TSG Hoffenheim,Germany,Bundesliga,70,74,53,69,71,64,55,1800
Sean Johnson,Johnson,GK++,Toronto FC,United States,MLS,70,70,65,70,74,42,69,1800
Sebastian Jung,Jung,RB++,Karlsruher SC,Germany,Bundesliga 2,70,65,50,66,68,69,70,1800
Lago Júnior,Júnior,LM++,R. Racing Club,Côte d'Ivoire,LALIGA HYPERMOTION,70,85,68,61,71,33,67,1800
José Ángel Jurado de la Torre,José Ángel,CDM++,RC Deportivo,Spain,LALIGA HYPERMOTION,70,60,61,64,63,64,75,1800
Mohamed Kaba,Kaba,CDM++,Lecce,France,Serie A TIM,70,61,52,58,64,66,77,1800
Vladyslav Kabaev,Kabaev,LM++,Dynamo Kyiv,Ukraine,Ukrayina Liha,70,77,61,65,73,33,50,1800
Lindrit Kamberi,Kamberi,CB++,FC Zürich,Switzerland,CSSL,70,70,35,59,66,68,73,1800
Marcin Kamiński,Kamiński,CB++,FC Schalke 04,Poland,Bundesliga 2,70,52,57,64,59,70,73,1800
Takuro Kaneko,Kaneko,RW++,KV Kortrijk,Japan,1A Pro League,70,80,64,67,72,54,63,1950
Pajtim Kasami,Kasami,CM++,Sampdoria,Switzerland,Serie BKT,70,62,76,67,68,64,87,1950
Elhan Kastrati,Kastrati,GK++,Cittadella,Albania,Serie BKT,70,70,69,69,73,36,72,1800
Mikkel Kaufmann,Kaufmann,ST++,Heidenheim,Denmark,Bundesliga,70,80,68,54,66,25,68,1800
Will Keane,Keane,ST++,Preston,Republic of Ireland,EFL Championship,70,62,70,62,69,47,75,1800
Marvin Keller,Keller,GK++,BSC Young Boys,Switzerland,CSSL,70,71,68,67,71,38,72,1800
Hyeon Ug Kim,Kim Hyeon Ug,RW++,Daejeon Citizen,Korea Republic,K League 1,70,79,69,64,73,48,60,1800
Liam Kitching,Kitching,CB++,Coventry City,England,EFL Championship,70,67,34,53,58,67,79,1800
Kai Klefisch,Klefisch,CDM++,SV Darmstadt 98,Germany,Bundesliga 2,70,63,52,58,64,69,78,1800
László Kleinheisler,Kleinheisler,CAM++,Panathinaikos,Hungary,Hellas Liga,70,74,70,68,74,60,74,1950
Jason Knight,Knight,CM++,Bristol City,Republic of Ireland,EFL Championship,70,69,63,67,71,64,71,1950
Viktor Kovalenko,Kovalenko,CM++,Bergamo Calcio,Ukraine,Serie A TIM,70,66,69,71,72,57,70,1950
Joris Kramer,Kramer,CB++,Go Ahead Eagles,Netherlands,Eredivisie,70,64,36,45,52,71,73,1800
Yuya Kubo,Kubo,CM++,FC Cincinnati,Japan,MLS,70,70,69,68,71,62,67,1950
Johan Larsson,Larsson,RB++,IF Elfsborg,Sweden,Allsvenskan,70,80,63,69,66,63,74,1950
Kevin Lasagna,Lasagna,ST++,Bari,Italy,Serie BKT,70,80,70,62,70,37,68,1800
Rasmus Lauritsen,Lauritsen,CB++,Brøndby IF,Denmark,3F Superliga,70,55,41,56,52,70,76,1800
José Carlos Lazo Romero,Lazo,LM++,Albacete BP,Spain,LALIGA HYPERMOTION,70,75,67,70,71,32,55,1800
Julien Le Cardinal,Le Cardinal,CB++,Stade Brestois 29,France,Ligue 1 Uber Eats,70,66,31,62,65,70,74,1800
Gyu Seong Lee,Lee Gyu Seong,CDM++,Ulsan Hyundai,Korea Republic,K League 1,70,69,44,61,66,67,75,1800
Donovan Léon,Léon,GK++,AJ Auxerre,France,Ligue 1 Uber Eats,70,70,67,66,72,47,69,1800
Brayan León,León,ST++,Indep. Medellín,Colombia,Sudamericana,70,80,69,52,67,20,61,1800
Bruno Leyes,Leyes,CDM++,Godoy Cruz,Argentina,LPF,70,73,52,62,69,64,77,1800
Chai Min Lim,Lim Chai Min,CB++,Jeju United,Korea Republic,K League 1,70,70,38,48,50,69,79,1800
Pablo Lima,Lima,CDM++,Indep. Medellín,Uruguay,Sudamericana,70,60,52,71,61,61,73,1800
Leandro Livramento Andrade,Leandro Andrade,RW++,Qarabağ FK,Cape Verde Islands,Liga Azerbaijan,70,75,68,63,73,29,60,1800
Stjepan Lončar,Lončar,CDM++,Ferencvárosi TC,Bosnia and Herzegovina,Magyar Liga,70,56,66,67,68,65,72,1800
Daniel Londoño,Londoño,LB++,Indep. Medellín,Colombia,Sudamericana,70,70,47,62,62,64,75,1800
Kevin Long,Long,CB++,Toronto FC,Republic of Ireland,MLS,70,48,35,50,55,70,70,1800
Rúben Miguel Nunes Vezo,Rúben Vezo,CB++,Eyüpspor,Portugal,Trendyol Süper Lig,70,68,54,62,62,70,73,1800
Luís Rafael Soares Alves,Rafa Soares,LB++,FC Famalicão,Portugal,Liga Portugal,70,74,60,67,70,66,66,1950
Kasey Palmer,Palmer,CAM++,Hull City,Jamaica,EFL Championship,70,64,64,70,73,54,71,1800
Bilal Boutobba,Boutobba,RM++,Hatayspor,France,Trendyol Süper Lig,70,75,67,70,73,22,40,1800
Juninho Bacuna,Bacuna,CDM++,Al Wehda,Curaçao,ROSHN Saudi League,70,73,68,70,73,64,77,1950
George Edmundson,Edmundson,CB++,Middlesbrough,England,EFL Championship,70,69,35,51,57,68,80,1800
Koji Miyoshi,Miyoshi,RM++,VfL Bochum,Japan,Bundesliga,70,75,65,68,74,46,49,1800
Andi Zeqiri,Zeqiri,ST++,Standard Liège,Switzerland,1A Pro League,70,68,69,60,72,23,67,1800
Kevin Bonifazi,Bonifazi,CB++,Lecce,Italy,Serie A TIM,70,35,35,52,55,72,61,1800
Dennis Eckert Ayensa,Eckert Ayensa,ST++,Standard Liège,Germany,1A Pro League,70,74,71,50,69,27,61,1800
Sebastian Walukiewicz,Walukiewicz,CB++,Torino,Poland,Serie A TIM,70,50,38,48,57,70,74,1800
Mathieu Choinière,Choinière,CM++,Grasshopper Club,Canada,CSSL,70,62,60,69,72,62,58,1800
Güven Yalçın,Yalçın,ST++,Arouca,Türkiye,Liga Portugal,70,78,72,61,71,23,62,1800
Luke McNally,McNally,CB++,Bristol City,Republic of Ireland,EFL Championship,70,49,35,53,60,70,77,1800
Romário Manuel Silva Baró,Romário Baró,CM++,FC Basel 1893,Portugal,CSSL,70,71,66,69,72,56,60,1800
Frank Tsadjout,Tsadjout,ST++,Frosinone,Italy,Serie BKT,70,78,69,51,67,31,77,1800
Billal Brahimi,Brahimi,RW++,STVV,Algeria,1A Pro League,70,76,67,67,73,27,63,1800
Cenk Özkacar,Özkacar,CB++,R. Valladolid CF,Türkiye,LALIGA EA SPORTS,70,60,36,56,61,69,75,1800
German Onugkha,Onugkha,ST++,F.C. København,Russia,3F Superliga,70,67,70,54,67,24,79,1800
Mohamed Bouldini,Bouldini,ST++,RC Deportivo,Morocco,LALIGA HYPERMOTION,70,78,68,51,65,36,78,1800
Stjepan Lončar,Lončar,CDM++,Lech Poznań,Bosnia and Herzegovina,PKO BP Ekstraklasa,70,56,66,67,68,65,72,1800
Samuel Edozie,Edozie,LW++,RSC Anderlecht,England,1A Pro League,70,81,61,63,73,28,52,1800
Rayyan Baniya,Baniya,CB++,Palermo,Türkiye,Serie BKT,70,65,31,43,53,70,77,1800
Ibrahim Salah,Salah,ST++,Stade Brestois 29,Morocco,Ligue 1 Uber Eats,70,73,69,58,72,30,67,1800
Miguel Raimundo Nóbrega,Miguel Nóbrega,CB++,Piast Gliwice,Portugal,PKO BP Ekstraklasa,70,56,36,48,48,71,76,1800
Malcom Adu Ares Djaló,Adu Ares,LM++,Real Zaragoza,Spain,LALIGA HYPERMOTION,70,85,64,67,73,25,58,1800
Santiago Rodríguez,Rodríguez,ST++,Argentinos Jrs.,Argentina,Sudamericana,70,72,72,64,71,32,61,1800
Santiago Mouriño,Mouriño,CB++,D. Alavés,Uruguay,LALIGA EA SPORTS,70,69,36,49,50,69,77,1800
Gökhan Akkan,Akkan,GK++,Bodrum FK,Türkiye,Trendyol Süper Lig,70,70,66,66,74,48,70,1800
Alex Paulsen,Paulsen,GK++,Auckland FC,New Zealand,A-League,70,68,65,70,73,49,64,1800
Chaverra,Chaverra,LM++,Indep. Medellín,Colombia,Sudamericana,70,80,59,64,70,42,45,1800
Oliver Sonne,Sonne,RB++,Burnley,Peru,EFL Championship,70,77,45,63,67,63,66,1800
Maxime Busi,Busi,RB++,NAC Breda,Belgium,Eredivisie,70,69,49,63,68,67,66,1800
Iván Alejo Peralta,Iván Alejo,RM++,Apoel FC,Spain,Liga Cyprus,70,80,67,68,71,46,66,1800
Marco John,John,LB++,Fürth,Germany,Bundesliga 2,70,74,53,69,71,64,55,1800
Nanduo Fei,Fei Nanduo,RM++,Shandong Taishan,China PR,CSL,70,80,62,65,74,39,63,1800
Bartol Franjic,Franjic,CDM++,Dinamo Zagreb,Croatia,Liga Hrvatska,70,69,50,62,65,67,75,1800
Braian Martínez,Martínez,LM++,Independiente,Argentina,LPF,70,82,65,61,75,41,73,1800
Tobias Salquist,Salquist,CB++,FC Nordsjælland,Denmark,3F Superliga,70,67,41,51,52,69,80,1800
Álex Domínguez Romero,Álex Domínguez,GK++,SD Eibar,Spain,LALIGA HYPERMOTION,70,70,69,65,72,42,69,1800
Markus Solbakken,Solbakken,CM++,Pisa,Norway,Serie BKT,70,70,58,68,72,60,70,1800
Héctor Fertoli,Fertoli,LM++,Tigre,Argentina,LPF,70,80,63,64,71,44,61,1800
Andreas Ndoj,Ndoj,CB++,Rio Ave FC,Greece,Liga Portugal,70,64,38,53,48,72,73,1800
Mikkel Kaufmann,Kaufmann,ST++,Karlsruher SC,Denmark,Bundesliga 2,70,80,68,54,66,25,68,1800
Julián López,López,CDM++,Tigre,Argentina,LPF,70,70,49,64,70,67,69,1800
Jonathan Galván,Galván,CB++,Central Córdoba,Argentina,LPF,70,58,59,62,67,68,80,1800
Alberto del Moral Saelices,Del Moral,CM++,Córdoba CF,Spain,LALIGA HYPERMOTION,70,61,62,65,69,67,67,1800
Abderrahman Rebbach,Rebbach,LM++,Granada CF,Algeria,LALIGA HYPERMOTION,70,71,70,66,70,36,68,1800
Leonardo Heredia,Heredia,ST++,Central Córdoba,Argentina,LPF,70,65,69,67,70,43,72,1800
Lukas Daschner,Daschner,ST++,FC St. Gallen,Germany,CSSL,70,72,69,65,73,47,66,1800
Juan Elordi,Elordi,LB++,Rosario Central,Argentina,Libertadores,70,62,45,64,68,72,63,1800
Ryan Porteous,Porteous,CB++,Preston,Scotland,EFL Championship,70,68,42,62,60,68,80,1800
Giorgio Altare,Altare,CB++,Sampdoria,Italy,Serie BKT,70,57,39,47,50,71,77,1800
Alisson Pelegrini Safira,Alisson Safira,ST++,Univ. Craiova,Brazil,SUPERLIGA,70,66,72,52,66,25,65,1800
Hevertton Santos,Hevertton,RB++,Vitória SC,Brazil,Liga Portugal,70,79,57,64,70,64,72,1950
Manuel Jorge Silva,Manu Silva,CB++,SL Benfica,Portugal,Liga Portugal,70,59,40,59,56,69,76,1800
Tom Bradshaw,Bradshaw,ST++,Oxford United,Wales,EFL Championship,70,77,70,51,68,30,69,1800
Fodé Ballo-Touré,Ballo-Touré,LB++,Havre AC,Senegal,Ligue 1 Uber Eats,70,81,51,68,72,68,62,1950
Amine Oudrhiri,Oudrhiri,CM++,Estrela Amadora,France,Liga Portugal,70,69,52,70,72,66,68,1800
Ramiro Ruiz Rodríguez,Ruiz Rodríguez,ST++,Atlético Tucumán,Argentina,LPF,70,79,68,66,70,38,67,1800
Javier Martínez Calvo,Javi Martínez,CM++,SD Eibar,Spain,LALIGA HYPERMOTION,70,65,64,63,71,57,72,1800
José Devecchi,Devecchi,GK++,San Lorenzo,Argentina,Libertadores,70,70,66,58,72,47,70,1800
Yonatthan Rak,Rak,CB++,Barracas Central,Uruguay,LPF,70,66,39,54,53,71,71,1800
Fernando Tobio,Tobio,CB++,Barracas Central,Argentina,LPF,70,45,30,53,46,69,79,1800
John Tolkin,Tolkin,LB++,Holstein Kiel,United States,Bundesliga,70,81,46,63,64,65,68,1800
Leonardo Sequeira,Sequeira,ST++,Huracán,Argentina,LPF,70,77,70,60,67,35,61,1800
Samson Baidoo,Baidoo,CB++,RB Salzburg,Austria,Ö. Bundesliga,69,70,26,50,60,68,69,-1
Andreas Cornelius,Cornelius,ST++,F.C. København,Denmark,3F Superliga,69,62,69,59,61,34,80,-1
Eldar Ćivić,Ćivić,LB++,Ferencvárosi TC,Bosnia and Herzegovina,Magyar Liga,69,80,53,66,69,63,70,-1
Jonson Clarke-Harris,Clarke-Harris,ST++,Rotherham Utd,Jamaica,EFL League One,69,71,69,54,67,27,78,-1
Victor Vinícius Coelho dos Santos,Vitinho,CAM++,Ettifaq FC,Brazil,ROSHN Saudi League,69,72,69,69,73,39,62,-1
João Miguel Coimbra Aurélio,João Aurélio,RB++,Nacional,Portugal,Liga Portugal,69,60,59,66,66,65,73,-1
Valentin Cojocaru,Cojocaru,GK++,Pogoń Szczecin,Romania,PKO BP Ekstraklasa,69,71,66,67,68,34,67,-1
Jack Colback,Colback,CDM++,QPR,England,EFL Championship,69,51,58,65,64,68,67,-1
Brad Collins,Collins,GK++,Coventry City,England,EFL Championship,69,70,64,71,70,43,69,-1
Nélson Conceição da Luz,Nélson da Luz,LW++,Qingdao W. Coast,Angola,CSL,69,79,66,60,74,34,63,-1
Tyrone Conraad,Conraad,ST++,Meizhou Hakka,Suriname,CSL,69,76,70,45,66,22,71,-1
Sébastien Corchia,Corchia,RB++,Amiens SC,France,Ligue 2 BKT,69,66,62,69,68,68,53,-1
Tomás Costa Silva,Tomás Silva,RB++,Jagiellonia,Portugal,PKO BP Ekstraklasa,69,71,51,69,72,63,60,-1
Sebastián Cristóforo,Cristóforo,CDM++,Peñarol,Uruguay,Libertadores,69,59,57,66,64,68,63,-1
Liam Cullen,Cullen,ST++,Swansea City,Wales,EFL Championship,69,75,68,61,68,31,59,-1
Jason Cummings,Cummings,ST++,ATK Mohun Bagan,Australia,Hero ISL,69,66,71,57,66,38,61,-1
Olivier Custodio,Custodio,CM++,Lausanne-Sport,Switzerland,CSSL,69,66,50,72,67,64,73,-1
David Samuel Custódio Lima,Pastor,RB++,Farense,Brazil,Liga Portugal,69,80,39,54,66,65,70,-1
Tommaso D'Orazio,D'Orazio,LB++,Cosenza,Italy,Serie BKT,69,77,61,61,68,62,66,-1
Charles Marcelo da Silva,Charles,GK++,Vitória SC,Brazil,Liga Portugal,69,70,64,60,73,30,67,-1
Colin Dagba,Dagba,RB++,Paris SG,France,Ligue 1 Uber Eats,69,70,53,66,70,67,56,-1
Ebrima Darboe,Darboe,CM++,Frosinone,Gambia,Serie BKT,69,62,51,65,68,65,61,-1
Sean Davis,Davis,CDM++,Nashville SC,United States,MLS,69,68,55,63,67,68,75,-1
André Geraldes de Barros,André Geraldes,RB++,Casa Pia AC,Portugal,Liga Portugal,69,72,41,63,65,66,70,-1
Jonathan de Guzmán,de Guzmán,CM++,Sparta Rotterdam,Netherlands,Eredivisie,69,56,70,71,73,56,64,-1
Justin de Haas,de Haas,CB++,FC Famalicão,Netherlands,Liga Portugal,69,62,32,43,43,70,76,-1
Konrad de la Fuente,de la Fuente,LM++,Lausanne-Sport,United States,CSSL,69,78,67,65,73,19,48,-1
César De La Hoz López,De La Hoz,CDM++,R. Valladolid CF,Spain,LALIGA EA SPORTS,69,48,58,60,64,67,74,-1
Matías de los Santos,de los Santos,CB++,Atlético Tucumán,Uruguay,LPF,69,53,55,56,54,68,76,-1
Manuel De Luca,De Luca,ST++,Cremonese,Italy,Serie BKT,69,52,70,52,63,34,72,-1
Deivid W. de Souza Eugênio,Deivid Washington,ST++,Chelsea,Brazil,Premier League,69,79,70,53,72,30,66,-1
Ciprian Deac,Deac,CM++,CFR 1907 Cluj,Romania,SUPERLIGA,69,67,66,72,67,57,70,-1
Jannik Dehm,Dehm,RB++,Hannover 96,Germany,Bundesliga 2,69,81,49,62,67,63,68,-1
Alessandro Deiola,Deiola,CM++,Cagliari,Italy,Serie A TIM,69,53,67,64,64,70,77,-1
Sebastiano Desplanches,Desplanches,GK++,Palermo,Italy,Serie BKT,69,70,65,66,72,26,68,-1
Matías Di Benedetto,Di Benedetto,CB++,Universitario,Argentina,Libertadores,69,43,35,49,41,71,70,-1
Ismaël Chester Diallo,Diallo,LB++,Hajduk Split,Côte d'Ivoire,Liga Hrvatska,69,66,38,54,68,68,74,-1
Youba Diarra,Diarra,CDM++,TSV Hartberg,Mali,Ö. Bundesliga,69,69,59,64,67,65,73,-1
Mamadou Diarra,Diarra,CB++,Grenoble Foot 38,Senegal,Ligue 2 BKT,69,57,32,50,51,71,70,-1
Stéphane Diarra,Diarra,RM++,FC Lorient,Côte d'Ivoire,Ligue 2 BKT,69,79,59,65,72,42,47,-1
Amadou Diawara,Diawara,CDM++,RSC Anderlecht,Guinea,1A Pro League,69,51,54,65,69,66,68,-1
Franco Díaz,Díaz,CDM++,Instituto,Argentina,LPF,69,72,54,65,69,66,72,-1
Gabriel Díaz Núñez,Díaz Núñez,LB++,Sarmiento,Argentina,LPF,69,71,33,55,64,67,57,-1
Adrián Diéguez Grande,Adrián Diéguez,CB++,Jagiellonia,Spain,PKO BP Ekstraklasa,69,57,31,58,53,69,68,-1
Maximilian Dietz,Dietz,CB++,Fürth,United States,Bundesliga 2,69,63,26,42,54,71,70,-1
Anfernee Dijksteel,Dijksteel,RB++,Middlesbrough,Suriname,EFL Championship,69,73,34,55,65,69,73,-1
Landry Dimata,Dimata,ST++,Samsunspor,Belgium,Trendyol Süper Lig,69,76,68,62,66,39,78,-1
Assane Dioussé,Dioussé,CDM++,AJ Auxerre,Senegal,Ligue 1 Uber Eats,69,62,47,64,72,66,64,-1
Tyrhys Dolan,Dolan,LM++,Blackburn Rovers,England,EFL Championship,69,79,61,63,74,42,54,-1
Pablo Roberto Dos Santos Barbosa,Pablo Roberto,CM++,Casa Pia AC,Brazil,Liga Portugal,69,71,65,67,72,59,63,-1
Souleyman Doumbia,Doumbia,LB++,Standard Liège,Côte d'Ivoire,1A Pro League,69,81,43,61,69,63,66,-1
Ferdy Druijf,Druijf,ST++,SK Rapid Wien,Netherlands,Ö. Bundesliga,69,63,71,62,64,35,73,-1
Mikkel Duelund,Duelund,CM++,AGF,Denmark,3F Superliga,69,74,66,70,73,59,71,-1
Jimmy Dunne,Dunne,CB++,QPR,Republic of Ireland,EFL Championship,69,55,37,50,57,69,71,-1
Mike Eerdhuijzen,Eerdhuijzen,CB++,Sparta Rotterdam,Netherlands,Eredivisie,69,54,25,50,47,69,75,-1
Mo El Hankouri,El Hankouri,LM++,1. FC Magdeburg,Morocco,Bundesliga 2,69,69,65,64,75,62,62,-1
Daniel Elfadli,Elfadli,CB++,Hamburger SV,Libya,Bundesliga 2,69,65,52,57,59,70,73,-1
Salvatore Elia,Elia,RM++,Spezia,Italy,Serie BKT,69,81,67,59,70,56,61,-1
Úmaro Embaló,Úmaro Embaló,LM++,Fortuna Sittard,Portugal,Eredivisie,69,84,62,64,73,35,63,-1
Björn Engels,Engels,CB++,Royal Antwerp FC,Belgium,1A Pro League,69,38,38,58,48,71,65,-1
Sergi Enrich Ametller,Sergi Enrich,ST++,SD Huesca,Spain,LALIGA HYPERMOTION,69,51,70,65,67,42,74,-1
Tim Parker,Parker,CB++,New England,United States,MLS,69,68,31,44,51,66,81,-1
Germán Parreño Boix,Germán Parreño,GK++,RC Deportivo,Spain,LALIGA HYPERMOTION,69,67,68,66,70,36,68,-1
Felix Passlack,Passlack,RB++,VfL Bochum,Germany,Bundesliga,69,72,63,65,71,64,71,-1
Nicolás Paz,Paz,CB++,Unión,Argentina,LPF,69,71,39,56,58,67,78,-1
Nicolás Paz Martínez,Nico Paz,CAM++,Como,Argentina,Serie A TIM,69,66,63,66,70,49,60,-1
Marco Pellegrino,Pellegrino,CB++,Independiente,Argentina,LPF,69,61,39,52,56,70,70,-1
Timothée Pembélé,Pembélé,RB++,Sunderland,France,EFL Championship,69,80,49,63,71,64,62,-1
Óscar Perea,Perea,LM++,Strasbourg,Colombia,Ligue 1 Uber Eats,69,82,57,59,74,27,62,-1
Juan Carlos Pereira,Pereira,CM++,Millonarios,Colombia,Libertadores,69,75,68,66,72,64,76,-1
Raul Gustavo Pereira Bicalho,Raul Gustavo,CB++,Ferencvárosi TC,Brazil,Magyar Liga,69,63,42,48,59,69,69,-1
Matheus Pereira de Souza,Matheus Pereira,LB++,Santa Clara,Brazil,Liga Portugal,69,77,43,56,68,64,70,-1
Gonzalo Pérez,Pérez,CB++,Lanús,Uruguay,Sudamericana,69,62,38,54,46,71,63,-1
Sebastián Pérez,Pérez,GK++,Uni. Católica,Chile,Sudamericana,69,72,67,70,72,42,69,-1
Danny Pérez,Pérez,LM++,Caracas F.C.,Venezuela,Libertadores,69,83,67,64,70,36,64,-1
Damián Pérez,Pérez,LB++,Independiente,Argentina,LPF,69,76,52,60,67,64,71,-1
Samuele Perisan,Perisan,GK++,Empoli,Italy,Serie A TIM,69,68,64,67,74,46,67,-1
Manuel Pfeifer,Pfeifer,LB++,TSV Hartberg,Austria,Ö. Bundesliga,69,69,32,57,60,67,72,-1
Luca Pfeiffer,Pfeiffer,ST++,VfB Stuttgart,Germany,Bundesliga,69,45,68,50,61,33,80,-1
Florian Pick,Pick,RM++,1. FC Nürnberg,Germany,Bundesliga 2,69,77,61,61,74,29,50,-1
Harry Pickering,Pickering,LB++,Blackburn Rovers,England,EFL Championship,69,73,52,64,66,64,72,-1
Niccolò Pierozzi,Pierozzi,RB++,Palermo,Italy,Serie BKT,69,73,63,65,72,65,65,-1
Stavros Pilios,Pilios,LB++,AEK Athens,Greece,Hellas Liga,69,77,48,65,70,62,63,-1
Rafael Avelino Pinto Barbosa,Rafael Barbosa,LW++,Farense,Portugal,Liga Portugal,69,76,59,66,74,30,48,-1
Ioannis Pittas,Pittas,ST++,AIK,Cyprus,Allsvenskan,69,71,70,47,65,23,67,-1
Srđan Plavšić,Plavšić,LM++,Raków,Serbia,PKO BP Ekstraklasa,69,83,64,64,71,53,66,-1
Ewoud Pletinckx,Pletinckx,CB++,OH Leuven,Belgium,1A Pro League,69,43,30,44,46,68,79,-1
Ole Pohlmann,Pohlmann,CM++,Rio Ave FC,Germany,Liga Portugal,69,71,63,69,73,52,70,-1
Regan Poole,Poole,CB++,Portsmouth,Wales,EFL Championship,69,68,32,55,60,69,78,-1
Octavian Popescu,Popescu,LW++,FCSB,Romania,SUPERLIGA,69,84,64,67,74,31,57,-1
Boris Popović,Popović,CB++,Cercle Brugge,Serbia,1A Pro League,69,55,33,51,51,68,69,-1
Łukasz Poręba,Poręba,CM++,Hamburger SV,Poland,Bundesliga 2,69,66,53,65,67,68,71,-1
Manolo Portanova,Portanova,CM++,Reggiana,Italy,Serie BKT,69,74,63,69,71,54,63,-1
Sergio Postigo Redondo,Postigo,CB++,CD Mirandés,Spain,LALIGA HYPERMOTION,69,65,46,51,53,69,71,-1
Achilleas Poungouras,Poungouras,CB++,Sivasspor,Greece,Trendyol Süper Lig,69,63,41,47,49,69,73,-1
Ian Poveda,Poveda,RM++,Sunderland,Colombia,EFL Championship,69,76,56,60,74,33,54,-1
Sebastián Prieto,Prieto,LB++,Argentinos Jrs.,Argentina,Sudamericana,69,72,43,59,66,65,69,-1
Louka Prip,Prip,RW++,Konyaspor,Denmark,Trendyol Süper Lig,69,76,70,66,71,46,68,-1
Rokas Pukštas,Pukštas,CM++,Hajduk Split,United States,Liga Hrvatska,69,68,66,62,71,61,69,-1
Alberto Quiles Piosa,Quiles,LM++,Albacete BP,Spain,LALIGA HYPERMOTION,69,68,68,62,68,31,63,-1
Aleksandar Radovanović,Radovanović,CB++,UD Almería,Serbia,LALIGA HYPERMOTION,69,40,29,50,50,68,77,-1
Yanis Rahmani,Rahmani,LM++,SD Eibar,France,LALIGA HYPERMOTION,69,82,68,62,73,31,59,-1
Antonio Raimondo,Raimondo,ST++,Venezia,Italy,Serie A TIM,69,67,68,60,70,28,61,-1
Erdal Rakip,Rakip,CDM++,Antalyaspor,North Macedonia,Trendyol Süper Lig,69,68,59,63,69,65,73,-1
Hugo José Rama Calviño,Hugo Rama,CAM++,RC Deportivo,Spain,LALIGA HYPERMOTION,69,60,66,70,68,55,64,-1
Iván Ramírez,Ramírez,RB++,Libertad,Paraguay,Libertadores,69,71,45,62,63,65,70,-1
Joe Rankin-Costello,Rankin-Costello,RB++,Blackburn Rovers,England,EFL Championship,69,74,58,62,68,67,70,-1
Alejandro Rébola,Rébola,CB++,Belgrano,Argentina,Sudamericana,69,41,26,42,43,71,74,-1
José Carlos Reis Gonçalves,Zé Carlos,RB++,Gil Vicente,Portugal,Liga Portugal,69,77,40,57,68,66,64,-1
Alexandre Reis Pinto,Alex Pinto,RB++,Arouca,Portugal,Liga Portugal,69,75,46,53,63,65,77,-1
Rene Renner,Renner,LB++,LASK,Austria,Ö. Bundesliga,69,81,61,63,67,62,69,-1
Rodrigo Duarte Ribeiro,Rodrigo Ribeiro,ST++,Sporting CP,Portugal,Liga Portugal,69,71,67,58,73,22,60,-1
Dante Rigo,Rigo,CDM++,Grenoble Foot 38,Belgium,Ligue 2 BKT,69,56,60,71,69,63,67,-1
Octavio Rivero,Rivero,ST++,Barcelona SC,Uruguay,Libertadores,69,56,72,49,65,25,66,-1
Cristian Rivero Sabater,Cristian Rivero,GK++,Albacete BP,Spain,LALIGA HYPERMOTION,69,71,64,67,72,27,66,-1
Callum Robinson,Robinson,ST++,Cardiff City,Republic of Ireland,EFL Championship,69,79,68,64,72,32,63,-1
Jay Rodriguez,Rodriguez,ST++,Burnley,England,EFL Championship,69,53,73,64,67,42,66,-1
Yonathan Rodríguez,Rodríguez,CDM++,Banfield,Uruguay,LPF,69,69,54,66,70,68,68,-1
José Manuel Rodríguez Benito,Chema,CB++,SD Eibar,Spain,LALIGA HYPERMOTION,69,55,59,57,60,68,75,-1
Alex Roldan,Roldan,RB++,Sounders FC,El Salvador,MLS,69,75,57,65,70,62,71,-1
Kevin Rolón,Rolón,LB++,Wanderers,Uruguay,Sudamericana,69,72,49,61,67,66,53,-1
Jhohan Romaña,Romaña,CB++,San Lorenzo,Colombia,Libertadores,69,59,29,50,48,68,79,-1
Carlos Romero Serrano,Carlos Romero,LB++,RCD Espanyol,Spain,LALIGA EA SPORTS,69,71,53,65,65,65,66,-1
Dave Romney,Romney,CB++,New England,United States,MLS,69,50,32,60,61,69,74,-1
Dany Rosero,Rosero,CB++,Sporting KC,Colombia,MLS,69,63,38,52,57,68,80,-1
Miguel Ángel Rubio Lestán,Miguel Rubio,CB++,Granada CF,Spain,LALIGA HYPERMOTION,69,43,29,45,45,68,67,-1
Jack Rudoni,Rudoni,CM++,Coventry City,England,EFL Championship,69,72,63,66,70,63,70,-1
Jae Moon Ryu,Ryu Jae Moon,CDM++,FC Seoul,Korea Republic,K League 1,69,67,47,59,62,65,75,-1
Moïse Sahi,Sahi,ST++,Strasbourg,Côte d'Ivoire,Ligue 1 Uber Eats,69,74,71,59,71,28,58,-1
Semih Sahin,Sahin,CDM++,SV Elversberg,Germany,Bundesliga 2,69,65,54,67,67,64,63,-1
Théo Sainte-Luce,Sainte-Luce,LB++,Montpellier,France,Ligue 1 Uber Eats,69,73,47,59,68,65,60,-1
Amir Saipi,Saipi,GK++,FC Lugano,Switzerland,CSSL,69,69,67,66,70,30,70,-1
Alessandro Salvi,Salvi,RB++,Cittadella,Italy,Serie BKT,69,71,59,63,66,65,73,-1
Kristian Eriksen,Eriksen,CAM++,Molde FK,Norway,Eliteserien,69,69,67,64,69,43,68,-1
Carlos Esparragoza,Esparragoza,CM++,Deportes Tolima,Colombia,Sudamericana,69,64,65,65,63,64,73,-1
Salvatore Esposito,Esposito,CM++,Spezia,Italy,Serie BKT,69,62,60,70,66,59,57,-1
Marcelo Estigarribia,Estigarribia,ST++,Atlético Tucumán,Argentina,LPF,69,64,67,53,65,25,69,-1
Rodrigo F. Conceição,Rodrigo Conceição,RB++,FC Zürich,Portugal,CSSL,69,75,53,60,69,65,64,-1
Khalil Fayad,Fayad,CM++,Montpellier,Morocco,Ligue 1 Uber Eats,69,65,59,68,75,63,42,-1
Aleix Febas Pérez,Aleix Febas,CM++,Elche CF,Spain,LALIGA HYPERMOTION,69,69,62,69,73,62,66,-1
Mattia Felici,Felici,LM++,Cagliari,Italy,Serie A TIM,69,78,62,64,72,46,61,-1
Tom Fellows,Fellows,RM++,West Brom,England,EFL Championship,69,83,61,63,70,46,62,-1
António Manuel Fernandes Mendes,Tomané,ST++,Farense,Portugal,Liga Portugal,69,62,72,55,63,29,80,-1
Matías Fernández,Fernández,RB++,Independiente DV,Chile,Libertadores,69,80,50,66,69,62,62,-1
Alex Ferrari,Ferrari,CB++,Sampdoria,Italy,Serie BKT,69,56,35,50,63,71,72,-1
Sondre Fet,Fet,CM++,FK Bodø/Glimt,Norway,Eliteserien,69,69,58,65,69,65,75,-1
Petar Filipović,Filipović,CB++,Grazer AK,Croatia,Ö. Bundesliga,69,66,52,60,60,68,74,-1
Max Finkgräfe,Finkgräfe,LB++,1. FC Köln,Germany,Bundesliga 2,69,76,43,60,72,64,67,-1
Kian Fitz-Jim,Fitz-Jim,CM++,Ajax,Netherlands,Eredivisie,69,69,56,68,74,62,50,-1
Florian Flick,Flick,CDM++,1. FC Nürnberg,Germany,Bundesliga 2,69,55,49,63,63,65,74,-1
Andreu Fontàs Prat,Fontàs,CB++,Sporting KC,Spain,MLS,69,30,48,67,61,68,74,-1
Tiago Fontoura F. Morais,Tiago Morais,LM++,Rio Ave FC,Portugal,Liga Portugal,69,78,68,60,73,24,50,-1
Alan Forrest,Forrest,LM++,Hearts,Scotland,cinch Prem,69,82,64,63,71,46,55,-1
Jímer Fory,Fory,LB++,Indep. Medellín,Colombia,Sudamericana,69,72,52,62,64,63,70,-1
Enric Franquesa Dolz,Franquesa,LB++,CD Leganés,Spain,LALIGA EA SPORTS,69,77,52,60,66,62,66,-1
Matija Frigan,Frigan,ST++,KVC Westerlo,Croatia,1A Pro League,69,79,68,59,68,36,74,-1
Jean Franco Fuentes,Fuentes,CB++,Metropolitanos,Venezuela,Sudamericana,69,60,38,55,47,70,68,-1
Andrea Fulignati,Fulignati,GK++,Cremonese,Italy,Serie BKT,69,69,67,71,70,48,69,-1
Alessandro Gabrielloni,Gabrielloni,ST++,Como,Italy,Serie A TIM,69,76,67,57,70,34,65,-1
Sam Gallagher,Gallagher,ST++,Stoke City,England,EFL Championship,69,67,70,57,64,45,78,-1
Lucas Galvão,Lucas Galvão,CB++,FK Austria Wien,Brazil,Ö. Bundesliga,69,69,49,61,66,68,73,-1
Silvère Ganvoula,Ganvoula,ST++,BSC Young Boys,Congo,CSSL,69,73,70,52,63,26,75,-1
Zhunyi Gao,Gao Zhunyi,LB++,Shandong Taishan,China PR,CSL,69,71,52,62,67,66,74,-1
Diego García,García,LM++,Liverpool,Uruguay,Libertadores,69,75,57,69,72,49,46,-1
Saúl García Cabrero,Saúl,LB++,R. Racing Club,Spain,LALIGA HYPERMOTION,69,72,45,63,65,68,66,-1
Víctor García Raja,Víctor García,RM++,CD Eldense,Spain,LALIGA HYPERMOTION,69,72,66,65,69,50,62,-1
Andrés García Robledo,Andrés García,RM++,Levante UD,Spain,LALIGA HYPERMOTION,69,74,62,62,71,55,60,-1
Taylor Gardner-Hickman,Gardner-Hickman,CM++,Birmingham City,England,EFL League One,69,73,62,68,68,65,62,-1
Stefan Gartenmann,Gartenmann,CB++,Ferencvárosi TC,Denmark,Magyar Liga,69,59,33,57,61,68,77,-1
Pedro Miguel Gaspar Amaral,Pedro Amaral,LB++,Estoril Praia,Portugal,Liga Portugal,69,73,46,55,67,67,65,-1
Jules Gaudin,Gaudin,LB++,Paris FC,France,Ligue 2 BKT,69,68,55,63,67,64,66,-1
Linus Gechter,Gechter,CB++,Hertha Berlin,Germany,Bundesliga 2,69,63,32,50,49,70,73,-1
Marius Gersbeck,Gersbeck,GK++,Hertha Berlin,Germany,Bundesliga 2,69,65,71,59,70,42,70,-1
Paolo Ghiglione,Ghiglione,RB++,Salernitana,Italy,Serie BKT,69,80,52,64,69,65,66,-1
Daniele Ghilardi,Ghilardi,CB++,Hellas Verona,Italy,Serie A TIM,69,62,41,45,49,70,67,-1
Ali Gholizadeh,Gholizadeh,RM++,Lech Poznań,Iran,PKO BP Ekstraklasa,69,72,66,66,70,48,66,-1
Ben Gibson,Gibson,CB++,Stoke City,England,EFL Championship,69,49,27,48,46,70,75,-1
Lewis Gibson,Gibson,CB++,Plymouth Argyle,England,EFL Championship,69,56,33,51,58,69,73,-1
Óscar Gil Regaño,Óscar Gil,RB++,OH Leuven,Spain,1A Pro League,69,81,46,62,66,64,70,-1
Milton Giménez,Giménez,ST++,Boca Juniors,Argentina,Sudamericana,69,60,72,47,62,28,77,-1
Álvaro Giménez Candela,Álvaro Giménez,ST++,Racing de Ferrol,Spain,LALIGA HYPERMOTION,69,70,69,59,66,30,65,-1
Simone Giordano,Giordano,LB++,Sampdoria,Italy,Serie BKT,69,78,53,65,65,63,59,-1
Justen Glad,Glad,CB++,Real Salt Lake,United States,MLS,69,69,35,50,50,70,74,-1
Bruno Godeau,Godeau,CB++,STVV,Belgium,1A Pro League,69,32,35,59,51,71,71,-1
Mika Godts,Godts,LW++,Ajax,Belgium,Eredivisie,69,73,58,65,76,39,59,-1
Wouter Goes,Goes,CB++,AZ,Netherlands,Eredivisie,69,49,31,51,60,70,69,-1
Jakob Golz,Golz,GK++,Rot-Weiss Essen,Germany,3. Liga,69,70,64,59,71,19,68,-1
Iván Gómez,Gómez,CM++,Platense,Argentina,LPF,69,61,61,63,71,68,72,-1
Daniel Gómez Alcón,Dani Gómez,ST++,Valencia CF,Spain,LALIGA EA SPORTS,69,74,69,62,69,42,67,-1
Gastón González,González,LW++,Nacional,Argentina,Libertadores,69,81,67,63,70,40,74,-1
Rubén González Alves,Rubén Alves,CB++,CD Tenerife,Spain,LALIGA HYPERMOTION,69,69,44,50,60,68,74,-1
Roberto González Bayón,Rober,RM++,N.E.C. Nijmegen,Spain,Eredivisie,69,79,64,66,71,26,49,-1
Peter Federico González Carmona,Peter,RM++,Getafe CF,Dominican Republic,LALIGA EA SPORTS,69,80,62,61,73,37,42,-1
Fabio González Estupiñán,Fabio González,CDM++,UD Las Palmas,Spain,LALIGA EA SPORTS,69,58,59,62,68,67,68,-1
Sergio González Martínez,Sergio González,CDM++,CD Tenerife,Spain,LALIGA HYPERMOTION,69,63,47,62,63,65,77,-1
Constantin Grameni,Grameni,CM++,Farul Constanța,Romania,SUPERLIGA,69,75,65,68,69,64,71,-1
Sam Greenwood,Greenwood,LM++,Preston,England,EFL Championship,69,71,67,67,69,52,69,-1
Mathias Greve,Greve,CM++,Brøndby IF,Denmark,3F Superliga,69,70,62,69,70,56,72,-1
Lennart Grill,Grill,GK++,Braunschweig,Germany,Bundesliga 2,69,73,64,61,72,40,65,-1
Adriano Grimaldi,Grimaldi,ST++,SC Paderborn 07,Germany,Bundesliga 2,69,57,69,52,62,35,78,-1
Marc Gual Huguet,Marc Gual,ST++,Legia Warszawa,Spain,PKO BP Ekstraklasa,69,78,69,56,70,21,64,-1
Gabriel Gudiño,Gudiño,RM++,Sarmiento,Argentina,LPF,69,77,66,64,68,57,63,-1
Parfait Guiagon,Guiagon,RM++,Sp. Charleroi,Côte d'Ivoire,1A Pro League,69,73,64,65,74,26,55,-1
Shurandy Sambo,Sambo,RB++,Burnley,Netherlands,EFL Championship,69,79,43,60,67,64,72,-1
Sergi Samper Montañá,Sergi Samper,CDM++,Motor Lublin,Spain,PKO BP Ekstraklasa,69,41,43,66,65,65,68,-1
Miguel San Román Ferrándiz,San Román,GK++,Elche CF,Spain,LALIGA HYPERMOTION,69,69,69,69,70,25,68,-1
Mario Sanabria,Sanabria,RM++,Dep. Riestra,Argentina,LPF,69,69,67,62,72,24,57,-1
Jaime Sánchez Muñoz,Jaime Sánchez,CB++,RC Deportivo,Spain,LALIGA HYPERMOTION,69,64,33,51,49,69,70,-1
Federico Santander,Santander,ST++,Nacional,Paraguay,Libertadores,69,53,70,61,65,31,75,-1
Derick Theodoro Santos Poloni,Derick Poloni,LB++,CD Eldense,Brazil,LALIGA HYPERMOTION,69,74,61,62,68,67,67,-1
Tayyip Sanuç,Sanuç,CB++,Beşiktaş,Türkiye,Trendyol Süper Lig,69,57,43,47,57,68,74,-1
Ryan Sanusi,Sanusi,CDM++,K. Beerschot VA,Belgium,1A Pro League,69,64,63,69,69,64,73,-1
Dario Šarić,Šarić,CM++,Palermo,Bosnia and Herzegovina,Serie BKT,69,72,66,66,71,63,72,-1
Jeremy Sarmiento,Sarmiento,LM++,Brighton,Ecuador,Premier League,69,78,63,65,72,37,60,-1
Ľubomír Šatka,Šatka,CB++,Samsunspor,Slovakia,Trendyol Süper Lig,69,63,29,53,53,70,69,-1
Gastón Sauro,Sauro,CB++,Sarmiento,Argentina,LPF,69,40,33,51,52,68,73,-1
Răzvan Sava,Sava,GK++,Udinese,Romania,Serie A TIM,69,70,69,63,71,25,70,-1
Jasper Schendelaar,Schendelaar,GK++,PEC Zwolle,Netherlands,Eredivisie,69,68,66,62,73,25,66,-1
Guilherme Schettine Guimarães,Guilherme Schettine,ST++,Moreirense FC,Brazil,Liga Portugal,69,63,71,59,67,24,66,-1
Nicolas Schiavi,Schiavi,CAM++,Carrarese Calcio,Argentina,Serie BKT,69,68,67,67,74,60,61,-1
Kingsley Schindler,Schindler,RM++,Samsunspor,Ghana,Trendyol Süper Lig,69,77,62,64,68,57,70,-1
Fabian Schleusener,Schleusener,ST++,Karlsruher SC,Germany,Bundesliga 2,69,76,66,59,68,29,75,-1
Dominik Schmid,Schmid,LB++,FC Basel 1893,Switzerland,CSSL,69,77,56,70,66,60,71,-1
Jacopo Segre,Segre,CM++,Palermo,Italy,Serie BKT,69,73,67,65,67,65,77,-1
Eddie Segura,Segura,CB++,LAFC,Colombia,MLS,69,59,30,49,57,68,74,-1
Egil Selvik,Selvik,GK++,FK Haugesund,Norway,Eliteserien,69,69,68,66,69,19,68,-1
Bruno Sepúlveda,Sepúlveda,ST++,Banfield,Argentina,LPF,69,51,72,54,57,28,76,-1
Janni Serra,Serra,ST++,1. FC Nürnberg,Germany,Bundesliga 2,69,73,68,53,62,37,78,-1
Michal Ševčík,Ševčík,CAM++,1. FC Nürnberg,Czechia,Bundesliga 2,69,72,66,69,73,44,62,-1
Yoan Severin,Severin,CB++,Servette FC,France,CSSL,69,65,27,50,51,67,77,-1
Conor Shaughnessy,Shaughnessy,CB++,Portsmouth,Republic of Ireland,EFL Championship,69,60,49,58,59,68,78,-1
Jin Ho Shin,Shin Jin Ho,CM++,Incheon United,Korea Republic,K League 1,69,62,64,70,68,60,76,-1
Graeme Shinnie,Shinnie,CDM++,Aberdeen,Scotland,cinch Prem,69,65,62,67,69,65,74,-1
Otabek Shukurov,Shukurov,CM++,Kayserispor,Uzbekistan,Trendyol Süper Lig,69,70,65,67,69,67,74,-1
Niko Sigur,Sigur,RB++,Hajduk Split,Croatia,Liga Hrvatska,69,71,56,67,73,61,68,-1
Arnór Sigurðsson,Sigurðsson,LM++,Blackburn Rovers,Iceland,EFL Championship,69,75,68,65,70,41,58,-1
Hugo Silveira,Silveira,ST++,Racing Club,Uruguay,Sudamericana,69,57,71,47,57,23,79,-1
Sheriff Sinyan,Sinyan,CB++,Odds BK,Gambia,Eliteserien,69,71,43,57,62,68,74,-1
Nikola Šipčić,Šipčić,CB++,FC Cartagena,Montenegro,LALIGA HYPERMOTION,69,67,36,50,59,67,78,-1
Tommy Smith,Smith,RB++,Middlesbrough,England,EFL Championship,69,65,46,64,64,66,73,-1
Jesús Soraire,Soraire,CM++,Banfield,Argentina,LPF,69,68,60,70,73,61,78,-1
Christian Sørensen,Sørensen,LB++,FC Midtjylland,Denmark,3F Superliga,69,73,62,70,69,61,69,-1
Diego Sosa,Sosa,LB++,Peñarol,Argentina,Libertadores,69,69,53,62,60,66,71,-1
Ignacio Sosa,Sosa,CM++,Peñarol,Uruguay,Libertadores,69,66,51,61,69,59,72,-1
Saïdou Sow,Sow,CB++,Strasbourg,Guinea,Ligue 1 Uber Eats,69,61,41,54,60,69,66,-1
Jay Stansfield,Stansfield,ST++,Fulham,England,Premier League,69,79,70,58,68,26,68,-1
Herman Stengel,Stengel,CM++,Strømsgodset IF,Norway,Eliteserien,69,53,64,69,68,63,76,-1
Greg Stewart,Stewart,CAM++,ATK Mohun Bagan,Scotland,Hero ISL,69,65,69,69,69,30,57,-1
Leo Štulac,Štulac,CDM++,Reggiana,Slovenia,Serie BKT,69,68,60,71,70,61,67,-1
Callum Styles,Styles,LB++,West Brom,Hungary,EFL Championship,69,69,62,66,69,64,66,-1
Lucas Suárez,Suárez,CB++,Talleres,Argentina,Libertadores,69,63,29,48,55,70,74,-1
Mateo Sušić,Sušić,RB++,Apoel FC,Bosnia and Herzegovina,Liga Cyprus,69,71,56,61,66,65,71,-1
Gustav Svensson,Svensson,CB++,IFK Göteborg,Sweden,Allsvenskan,69,35,46,58,62,68,79,-1
Mark Sykes,Sykes,RM++,Bristol City,Republic of Ireland,EFL Championship,69,73,63,64,69,63,68,-1
Fabian Tait,Tait,CM++,Südtirol,Italy,Serie BKT,69,70,59,69,66,54,72,-1
Miguel Tapias,Tapias,CB++,Minnesota United,Mexico,MLS,69,68,37,50,52,69,69,-1
Varol Tasar,Tasar,RM++,Yverdon Sport FC,Germany,CSSL,69,78,67,65,70,30,58,-1
Denis Thomalla,Thomalla,CAM++,Heidenheim,Germany,Bundesliga,69,63,68,65,69,38,66,-1
Lawrence Thomas,Thomas,GK++,WS Wanderers,Australia,A-League,69,70,67,69,69,36,68,-1
Jordan Thompson,Thompson,CM++,Stoke City,Northern Ireland,EFL Championship,69,68,59,69,70,64,69,-1
Christ Tiéhi,Tiéhi,CDM++,Rotherham Utd,Côte d'Ivoire,EFL League One,69,65,47,64,68,68,73,-1
Emirhan Topçu,Topçu,CB++,Beşiktaş,Türkiye,Trendyol Süper Lig,69,55,33,54,63,69,70,-1
Fáiner Torijano,Torijano,CB++,Indep. Medellín,Colombia,Sudamericana,69,70,34,51,51,70,73,-1
Victor Torp,Torp,CM++,Coventry City,Denmark,EFL Championship,69,67,64,71,72,59,60,-1
Ernesto Torregrossa,Torregrossa,ST++,Pisa,Venezuela,Serie BKT,69,75,68,55,67,28,72,-1
Miguel Ángel Torrén,Torrén,CB++,Unión,Argentina,LPF,69,60,49,63,63,67,76,-1
Almamy Touré,Touré,CB++,Kaiserslautern,Mali,Bundesliga 2,69,71,57,64,67,69,72,-1
Philipp Treu,Treu,LB++,FC St. Pauli,Germany,Bundesliga,69,76,41,64,69,63,60,-1
Cristian Trujillo,Trujillo,CDM++,Deportes Tolima,Colombia,Sudamericana,69,75,56,63,66,64,66,-1
Oliver Berg,Berg,CAM++,Malmö FF,Norway,Allsvenskan,69,75,68,64,69,54,79,-1
Valon Berisha,Berisha,CM++,LASK,Kosovo,Ö. Bundesliga,69,58,64,71,73,59,73,-1
Álex Bermejo Escribano,Álex Bermejo,LM++,Farense,Spain,Liga Portugal,69,73,69,65,72,53,66,-1
Sergio Bermejo Lillo,Bermejo,RM++,Real Zaragoza,Spain,LALIGA HYPERMOTION,69,79,58,67,73,41,55,-1
Di'Shon Bernard,Bernard,CB++,Sheffield Wed,Jamaica,EFL Championship,69,66,40,53,59,67,75,-1
Léider Berrío,Berrío,CM++,Junior,Colombia,Libertadores,69,65,60,70,69,54,57,-1
Lucas Besozzi,Besozzi,LM++,Newell's,Argentina,LPF,69,70,63,64,69,27,50,-1
Max Besuschkow,Besuschkow,CM++,Hannover 96,Germany,Bundesliga 2,69,68,61,69,68,66,70,-1
Luis Binks,Binks,CB++,Coventry City,England,EFL Championship,69,58,30,52,57,67,78,-1
Miha Blažič,Blažič,CB++,Lech Poznań,Slovenia,PKO BP Ekstraklasa,69,56,34,53,46,70,67,-1
Yann Bodiger,Bodiger,CDM++,CD Tenerife,France,LALIGA HYPERMOTION,69,51,57,66,64,66,73,-1
Enrique Bologna,Bologna,GK++,Defensa,Argentina,Sudamericana,69,69,65,71,71,42,70,-1
Christopher Bonsu Baah,Bonsu Baah,RM++,KRC Genk,Ghana,1A Pro League,69,86,63,59,77,29,57,-1
Brandon Borrello,Borrello,ST++,WS Wanderers,Australia,A-League,69,73,69,65,71,44,76,-1
Badredine Bouanani,Bouanani,RW++,OGC Nice,Algeria,Ligue 1 Uber Eats,69,71,64,68,71,31,51,-1
Josh Bowler,Bowler,RM++,Nott'm Forest,England,Premier League,69,73,64,63,74,33,50,-1
Michael Boxall,Boxall,CB++,Minnesota United,New Zealand,MLS,69,54,42,58,57,67,80,-1
Dedryck Boyata,Boyata,CB++,Club Brugge,Belgium,1A Pro League,69,55,30,50,57,69,73,-1
Liam Boyce,Boyce,ST++,Hearts,Northern Ireland,cinch Prem,69,65,69,60,69,33,75,-1
Tyler Boyd,Boyd,LM++,Nashville SC,United States,MLS,69,85,68,63,72,48,64,-1
Can Bozdoğan,Bozdoğan,CM++,FC Utrecht,Germany,Eredivisie,69,61,66,68,74,62,66,-1
Domagoj Bradarić,Bradarić,LM++,Salernitana,Croatia,Serie BKT,69,74,55,65,69,68,63,-1
João Vitor Brandão Figueiredo,João Figueiredo,ST++,Başakşehir,Brazil,Trendyol Süper Lig,69,71,68,60,70,25,68,-1
Juan Brandáriz Movilla,Chumi,CB++,UD Almería,Spain,LALIGA HYPERMOTION,69,51,36,53,56,70,68,-1
Tim Breithaupt,Breithaupt,CDM++,FC Augsburg,Germany,Bundesliga,69,49,41,60,59,69,68,-1
Marco Brescianini,Brescianini,CM++,Bergamo Calcio,Italy,Serie A TIM,69,53,64,64,66,63,72,-1
Mark Brink,Brink,CM++,Silkeborg IF,Denmark,3F Superliga,69,64,56,67,69,62,71,-1
Bernardo Brites Martins,Benny,CAM++,Moreirense FC,Portugal,Liga Portugal,69,73,62,68,70,31,58,-1
Andrew Brody,Brody,RB++,Real Salt Lake,United States,MLS,69,73,40,57,66,64,71,-1
Moritz Broschinski,Broschinski,ST++,VfL Bochum,Germany,Bundesliga,69,76,68,57,67,31,63,-1
Michael Brouwer,Brouwer,GK++,FC Utrecht,Netherlands,Eredivisie,69,72,68,65,67,26,64,-1
Jacob Brown,Brown,ST++,Luton Town,Scotland,EFL Championship,69,73,69,62,69,48,72,-1
John Buckley,Buckley,CM++,Blackburn Rovers,England,EFL Championship,69,72,60,65,71,63,68,-1
Onur Bulut,Bulut,RB++,Beşiktaş,Türkiye,Trendyol Süper Lig,69,76,59,68,67,63,70,-1
Borisav Burmaz,Burmaz,ST++,FC Rapid 1923,Serbia,SUPERLIGA,69,73,69,62,67,36,68,-1
Nathan Byrne,Byrne,RB++,Charlotte FC,England,MLS,69,78,50,63,68,63,67,-1
Nelson Cabanillas,Cabanillas,LM++,Universitario,Peru,Libertadores,69,77,63,66,70,60,64,-1
Rodrigo Cabral,Cabral,LM++,Huracán,Argentina,LPF,69,78,60,63,74,29,48,-1
Víctor Cabrera,Cabrera,CB++,Instituto,Argentina,LPF,69,62,39,57,59,69,72,-1
Alejandro Cabrera,Cabrera,CDM++,Banfield,Argentina,LPF,69,54,51,63,62,65,73,-1
Luis Adrián Caicedo,Caicedo,CB++,Always Ready,Ecuador,Sudamericana,69,57,35,49,51,70,80,-1
Jordy Caicedo,Caicedo,ST++,R. Sporting,Ecuador,LALIGA HYPERMOTION,69,73,66,44,64,34,79,-1
Diego Callai Silva,Diego Callai,GK++,Sporting CP,Brazil,Liga Portugal,69,68,65,66,71,22,71,-1
Giacomo Calò,Calò,CDM++,Cesena,Italy,Serie BKT,69,61,49,63,65,62,72,-1
Allan Campbell,Campbell,CM++,Luton Town,Scotland,EFL Championship,69,69,63,65,69,69,76,-1
Gastón Campi,Campi,CB++,San Lorenzo,Argentina,Libertadores,69,35,45,58,58,68,77,-1
Nicolás Campisi,Campisi,GK++,Unión,Argentina,LPF,69,67,66,65,69,39,70,-1
Michele Camporese,Camporese,CB++,Cosenza,Italy,Serie BKT,69,65,31,38,53,70,72,-1
Tom Cannon,Cannon,ST++,Leicester City,Republic of Ireland,Premier League,69,78,69,56,72,27,59,-1
Andrea Carboni,Carboni,CB++,Monza,Italy,Serie A TIM,69,60,36,55,61,71,67,-1
Thiago Cardozo,Cardozo,GK++,Unión,Uruguay,LPF,69,70,66,61,73,42,65,-1
Agustín Cardozo,Cardozo,CM++,Tigre,Argentina,LPF,69,68,53,66,69,68,73,-1
Ángel Cardozo Lucena,Cardozo Lucena,CM++,Libertad,Paraguay,Libertadores,69,66,55,67,68,67,66,-1
Bryan Carrasco,Carrasco,RM++,Palestino,Chile,Libertadores,69,85,64,63,71,42,63,-1
Sergio Carreira Vilariño,Carreira,RB++,RC Celta,Spain,LALIGA EA SPORTS,69,65,41,60,63,66,52,-1
Rasmus Carstensen,Carstensen,RB++,1. FC Köln,Denmark,Bundesliga 2,69,73,48,63,67,63,71,-1
Wilder Cartagena,Cartagena,CDM++,Orlando City,Peru,MLS,69,73,54,59,65,66,78,-1
Pedro Carvalho Santos,Pedro Santos,CM++,Arouca,Portugal,Liga Portugal,69,73,56,67,69,67,70,-1
Joan Castro,Castro,RB++,Atl. Nacional,Colombia,Liga Colombia,69,70,38,60,64,67,63,-1
Nicolás Eduardo Castro,Castro,CM++,Atlético Tucumán,Argentina,LPF,69,65,64,71,69,62,65,-1
Nicolás Castro,Castro,CM++,Elche CF,Argentina,LALIGA HYPERMOTION,69,60,70,70,69,51,56,-1
Juan Ignacio Cavallaro,Cavallaro,LM++,Ind. Rivadavia,Argentina,LPF,69,75,67,65,71,35,64,-1
Juan Bautista Cejas,Cejas,LW++,Godoy Cruz,Argentina,LPF,69,81,65,66,71,48,64,-1
Ezequiel Cerutti,Cerutti,RW++,San Lorenzo,Argentina,Libertadores,69,81,62,65,72,34,62,-1
Giorgi Chakvetadze,Chakvetadze,CAM++,Watford,Georgia,EFL Championship,69,71,66,69,71,34,50,-1
Iván Chapela López,Chapela,LM++,CD Eldense,Spain,LALIGA HYPERMOTION,69,74,68,65,72,30,49,-1
Anastasios Chatzigiovanis,Chatzigiovanis,LM++,Eyüpspor,Greece,Trendyol Süper Lig,69,72,64,67,70,36,60,-1
Xavier Chavalerin,Chavalerin,CM++,ESTAC Troyes,France,Ligue 2 BKT,69,55,65,69,69,66,71,-1
Andrés Chávez,Chávez,ST++,Coquimbo Unido,Argentina,Sudamericana,69,69,72,63,67,36,79,-1
Kacper Chodyna,Chodyna,RM++,Legia Warszawa,Poland,PKO BP Ekstraklasa,69,85,62,65,67,59,68,-1
Kyoung Rok Choi,Choi Kyoung Rok,CM++,GwangJu FC,Korea Republic,K League 1,69,64,64,67,74,49,62,-1
Mounir Chouiar,Chouiar,LM++,FC Zürich,France,CSSL,69,75,64,69,70,35,65,-1
Diego Churín,Churín,ST++,Cerro Porteño,Argentina,Libertadores,69,55,69,50,65,31,68,-1
Yanis Cimignani,Cimignani,LM++,FC Lugano,France,CSSL,69,73,66,65,71,52,62,-1
Seydouba Cisse,Cisse,CM++,CD Leganés,Guinea,LALIGA EA SPORTS,69,60,66,66,66,62,57,-1
Ibrahim Cissoko,Cissoko,LW++,Plymouth Argyle,Netherlands,EFL Championship,69,79,60,63,73,32,55,-1
Andrea Cistana,Cistana,CB++,Brisigonza,Italy,Serie BKT,69,68,52,57,64,69,72,-1
Michiel Kramer,Kramer,ST++,RKC Waalwijk,Netherlands,Eredivisie,69,46,68,57,59,39,73,-1
Nicolas Kristof,Kristof,GK++,SV Elversberg,Austria,Bundesliga 2,69,71,69,68,71,23,69,-1
Sergiy Kryvtsov,Kryvtsov,CB++,Inter Miami CF,Ukraine,MLS,69,57,44,55,50,68,76,-1
Moritz-Broni Kwarteng,Kwarteng,RW++,VfL Bochum,Germany,Bundesliga,69,72,70,62,74,30,49,-1
Mathías Laborda,Laborda,CB++,Whitecaps FC,Uruguay,MLS,69,70,41,52,58,69,70,-1
Mayckel Lahdo,Lahdo,RW++,AZ,Sweden,Eredivisie,69,80,64,59,74,27,58,-1
Łukasz Łakomy,Łakomy,CDM++,BSC Young Boys,Poland,CSSL,69,67,55,61,65,65,73,-1
Nicolai Larsen,Larsen,GK++,Silkeborg IF,Denmark,3F Superliga,69,67,69,70,71,45,70,-1
Théo Le Bris,Le Bris,LM++,FC Lorient,France,Ligue 2 BKT,69,64,51,70,70,63,52,-1
Nicola Leali,Leali,GK++,Genoa,Italy,Serie A TIM,69,72,70,58,71,33,64,-1
Quentin Lecoeuche,Lecoeuche,LB++,Real Zaragoza,France,LALIGA HYPERMOTION,69,77,47,62,65,63,69,-1
Sang Heon Lee,Lee Sang Heon,ST++,Gangwon FC,Korea Republic,K League 1,69,80,69,59,72,42,61,-1
Han Beom Lee,Lee Han Beom,CB++,FC Midtjylland,Korea Republic,3F Superliga,69,61,28,50,57,69,73,-1
Myung Joo Lee,Lee Myung Joo,CM++,Incheon United,Korea Republic,K League 1,69,68,61,67,69,60,72,-1
Tim Lemperle,Lemperle,ST++,1. FC Köln,Germany,Bundesliga 2,69,74,66,59,71,34,71,-1
José León Bernal,José León,CB++,CD Tenerife,Spain,LALIGA HYPERMOTION,69,69,36,53,55,68,77,-1
Marc Leonard,Leonard,CM++,Birmingham City,Scotland,EFL League One,69,71,60,67,68,63,67,-1
Mehdi Léris,Léris,RM++,Pisa,Algeria,Serie BKT,69,66,64,65,69,61,73,-1
Léo Leroy,Leroy,CM++,FC Basel 1893,France,CSSL,69,53,56,69,69,61,66,-1
Benjamin Leroy,Leroy,GK++,FC Lorient,France,Ligue 2 BKT,69,66,67,68,70,46,69,-1
Tobe Leysen,Leysen,GK++,OH Leuven,Belgium,1A Pro League,69,70,65,65,74,36,70,-1
Luca Lezzerini,Lezzerini,GK++,Brisigonza,Italy,Serie BKT,69,69,67,62,71,48,69,-1
Dimitris Limnios,Limnios,LM++,Panathinaikos,Greece,Hellas Liga,69,74,66,64,72,39,58,-1
Krisztián Lisztes,Lisztes,CAM++,Frankfurt,Hungary,Bundesliga,69,73,68,62,70,42,64,-1
Dianzuo Liu,Liu Dianzuo,GK++,Wuhan 3 Towns,China PR,CSL,69,67,67,73,69,50,69,-1
Dailon Rocha Livramento,Livramento,ST++,Hellas Verona,Cape Verde Islands,Serie A TIM,69,72,72,55,68,34,68,-1
Raúl Lizoain Cruz,Raúl Lizoain,GK++,Albacete BP,Spain,LALIGA HYPERMOTION,69,67,68,67,67,50,70,-1
Javier Llabrés Exposito,Javi Llabrés,LM++,RCD Mallorca,Spain,LALIGA EA SPORTS,69,80,60,62,70,32,49,-1
Lluís López Mármol,Lluís López,CB++,Real Zaragoza,Spain,LALIGA HYPERMOTION,69,65,36,56,61,69,74,-1
Daniel Lovitz,Lovitz,LB++,Nashville SC,United States,MLS,69,70,53,65,62,65,72,-1
Nilson Loyola,Loyola,LB++,UCV,Peru,Sudamericana,69,77,50,56,60,65,55,-1
Felipe Loyola,Loyola,RB++,Independiente,Chile,LPF,69,71,40,58,64,64,71,-1
Raúl Alberto Lozano,Lozano,RB++,Platense,Argentina,LPF,69,80,50,53,64,66,69,-1
Ivan Lučić,Lučić,GK++,Hajduk Split,Austria,Liga Hrvatska,69,69,65,64,72,39,67,-1
Oier Luengo Redondo,Oier Luengo,CB++,R. Oviedo,Spain,LALIGA HYPERMOTION,69,61,32,49,55,69,74,-1
Gonzalo Luján,Luján,CB++,San Lorenzo,Argentina,Libertadores,69,62,34,56,59,69,76,-1
Lucas Lund,Lund,GK++,Viborg FF,Denmark,3F Superliga,69,70,68,67,70,35,69,-1
Francis Mac Allister,Mac Allister,CDM++,Argentinos Jrs.,Argentina,Sudamericana,69,63,43,62,65,69,64,-1
Shuto Machino,Machino,ST++,Holstein Kiel,Japan,Bundesliga,69,74,67,61,71,30,72,-1
Alejandro Maciel,Maciel,CB++,Banfield,Argentina,LPF,69,53,32,37,47,71,74,-1
Louis Mafouta,Mafouta,ST++,Amiens SC,Central African Republic,Ligue 2 BKT,69,78,69,51,65,29,67,-1
Tiago Magalhães de Sá,Tiago Sá,GK++,SC Braga,Portugal,Liga Portugal,69,70,66,67,67,44,69,-1
Thorsten Mahrer,Mahrer,CB++,Austria Klagenfurt,Austria,Ö. Bundesliga,69,33,30,47,53,69,79,-1
Iago Justen Maidana Martins,Iago Maidana,CB++,Henan SSLM FC,Brazil,CSL,69,70,40,46,48,69,79,-1
Žan Majer,Majer,CM++,Cremonese,Slovenia,Serie BKT,69,62,62,69,71,60,70,-1
Cebrail Makreckis,Makreckis,RB++,Ferencvárosi TC,Latvia,Magyar Liga,69,70,58,67,74,65,64,-1
Kenneth Mamah,Mamah,RM++,CD Castellón,Nigeria,LALIGA HYPERMOTION,69,82,63,65,67,33,65,-1
Daniel Mancilla,Mancilla,LB++,Nacional Potosí,Bolivia,Sudamericana,69,78,46,56,59,66,59,-1
Leonardo Mancuso,Mancuso,ST++,Mantova,Italy,Serie BKT,69,77,69,61,72,34,69,-1
Cristian Manea,Manea,RB++,FC Rapid 1923,Romania,SUPERLIGA,69,78,48,61,63,65,73,-1
Thomas Mangani,Mangani,CM++,AC Ajaccio,France,Ligue 2 BKT,69,35,64,69,66,66,72,-1
Nico Mantl,Mantl,GK++,Arouca,Germany,Liga Portugal,69,70,69,66,71,33,67,-1
Alexis Manyoma,Manyoma,LW++,Estudiantes,Colombia,Libertadores,69,84,61,63,72,41,60,-1
Sékou Mara,Mara,ST++,Strasbourg,France,Ligue 1 Uber Eats,69,75,67,53,67,26,67,-1
Vincent Marchetti,Marchetti,CM++,Paris FC,France,Ligue 2 BKT,69,65,55,68,69,67,71,-1
Filip Marchwiński,Marchwiński,CAM++,Lecce,Poland,Serie A TIM,69,67,65,65,70,40,64,-1
Sasha Marcich,Marcich,LB++,Platense,Argentina,LPF,69,75,41,56,57,70,65,-1
Mirko Marić,Marić,ST++,Monza,Croatia,Serie A TIM,69,68,70,53,64,28,70,-1
Jaílson Marques Siqueira,Jaílson,CB++,RC Celta,Brazil,LALIGA EA SPORTS,69,70,54,60,64,69,76,-1
Alberto Martín Díaz,Teto,RM++,CD Tenerife,Spain,LALIGA HYPERMOTION,69,69,59,66,69,58,66,-1
Carlos Martín Domínguez,Carlos Martín,ST++,D. Alavés,Spain,LALIGA EA SPORTS,69,78,69,60,70,28,62,-1
Hugo Martínez,Martínez,CDM++,Libertad,Paraguay,Libertadores,69,67,48,62,67,64,65,-1
Newerton Martins da Silva,Newerton,LW++,Shakhtar Donetsk,Brazil,Ukrayina Liha,69,81,56,61,77,25,44,-1
Franco Mastantuono,Mastantuono,CAM++,River Plate,Argentina,Libertadores,69,75,62,67,72,48,63,-1
Aleš Matějů,Matějů,CB++,Spezia,Czechia,Serie BKT,69,70,53,60,62,67,80,-1
José Joaquín Matos García,José Matos,LB++,Cádiz CF,Spain,LALIGA HYPERMOTION,69,79,55,64,67,60,58,-1
Andreas Maxsø,Maxsø,CB++,Colorado Rapids,Denmark,MLS,69,47,45,54,53,68,80,-1
Simone Mazzocchi,Mazzocchi,ST++,Cosenza,Italy,Serie BKT,69,71,70,57,68,33,61,-1
Sam McCallum,McCallum,LB++,Sheffield Utd,England,EFL Championship,69,79,55,63,66,65,69,-1
Luke McCowan,McCowan,CM++,Dundee FC,Scotland,cinch Prem,69,75,70,70,73,57,62,-1
Kyle McFadzean,McFadzean,CB++,Blackburn Rovers,England,EFL Championship,69,30,37,48,49,68,78,-1
Ringo Meerveld,Meerveld,CAM++,Willem II,Netherlands,Eredivisie,69,67,65,67,71,51,58,-1
Hannibal Mejbri,Hannibal,CM++,Manchester Utd,Tunisia,Premier League,69,73,60,70,70,64,75,-1
Houboulang Mendes,Mendes,RB++,UD Almería,Guinea-Bissau,LALIGA HYPERMOTION,69,72,42,59,63,68,71,-1
Ignacio Méndez Fernández,Nacho Méndez,CM++,R. Sporting,Spain,LALIGA HYPERMOTION,69,71,69,70,70,61,70,-1
Antoine Mendy,Mendy,CB++,OGC Nice,France,Ligue 1 Uber Eats,69,67,41,55,63,70,67,-1
Nicolas Meriano,Meriano,CB++,Belgrano,Argentina,Sudamericana,69,59,41,49,50,71,73,-1
Marco Meyerhöfer,Meyerhöfer,RB++,Fürth,Germany,Bundesliga 2,69,59,40,61,69,66,67,-1
Clément Michelin,Michelin,RB++,R. Racing Club,France,LALIGA HYPERMOTION,69,71,50,65,67,65,66,-1
Antonio Milić,Milić,CB++,Lech Poznań,Croatia,PKO BP Ekstraklasa,69,34,42,59,50,70,75,-1
Richard Mina,Mina,CB++,LDU Quito,Ecuador,Libertadores,69,66,37,52,53,68,75,-1
Ryan Mmaee,Mmaee,ST++,Stoke City,Morocco,EFL Championship,69,75,67,54,70,28,63,-1
Niklas Moisander,Moisander,CB++,Malmö FF,Finland,Allsvenskan,69,37,49,65,64,69,68,-1
Salvatore Molina,Molina,RM++,Südtirol,Italy,Serie BKT,69,75,57,66,72,62,66,-1
Fernando Monetti,Monetti,GK++,Sarmiento,Argentina,LPF,69,70,67,70,69,56,68,-1
Steven Moreira,Moreira,CB++,Columbus Crew,Cape Verde Islands,MLS,69,68,32,65,66,69,73,-1
André Campos Moreira,André Moreira,GK++,Al Raed,Portugal,ROSHN Saudi League,69,66,69,66,70,35,71,-1
Diego Moreno,Moreno,CDM++,Indep. Medellín,Colombia,Sudamericana,69,65,68,63,65,64,72,-1
Joaquín Mosqueira,Mosqueira,CDM++,Unión,Argentina,LPF,69,69,55,67,67,64,68,-1
Marius Mouandilmadji,Mouandilmadji,ST++,Samsunspor,Chad,Trendyol Süper Lig,69,73,72,48,65,31,74,-1
Jackson Muleka,Muleka,RW++,Al Kholood,Congo DR,ROSHN Saudi League,69,81,70,59,70,36,73,-1
Andreas Müller,Müller,CDM++,SV Darmstadt 98,Germany,Bundesliga 2,69,67,59,69,69,65,59,-1
Ezequiel Muñoz,Muñoz,CB++,Lanús,Argentina,Sudamericana,69,44,31,47,49,70,67,-1
Radosław Murawski,Murawski,CDM++,Lech Poznań,Poland,PKO BP Ekstraklasa,69,76,58,65,68,64,73,-1
Yehor Nazaryna,Nazaryna,CM++,Shakhtar Donetsk,Ukraine,Ukrayina Liha,69,69,59,67,72,64,64,-1
Rassoul Ndiaye,Ndiaye,CDM++,Havre AC,Senegal,Ligue 1 Uber Eats,69,71,53,64,68,65,71,-1
Cher Ndour,Ndour,CM++,Beşiktaş,Italy,Trendyol Süper Lig,69,55,62,69,69,58,70,-1
Maurice Neubauer,Neubauer,LB++,SV Elversberg,Germany,Bundesliga 2,69,74,33,59,63,63,66,-1
Filipe Miguel Neves Ferreira,Filipe Ferreira,LB++,Boavista FC,Portugal,Liga Portugal,69,66,53,64,67,67,66,-1
Jeremy Ngakia,Ngakia,RB++,Watford,England,EFL Championship,69,71,28,53,67,68,63,-1
Sivert Heltne Nilsen,Nilsen,CDM++,Aberdeen,Norway,cinch Prem,69,44,56,62,62,66,78,-1
Obed Nkambadio,Nkambadio,GK++,Paris FC,France,Ligue 2 BKT,69,71,65,62,72,30,66,-1
Alberto Noguera Ripoll,Noguera,CAM++,Bengaluru FC,Spain,Hero ISL,69,69,64,68,71,58,53,-1
Peru Nolaskoain Esnal,Nolaskoain,CDM++,SD Eibar,Spain,LALIGA HYPERMOTION,69,49,59,63,66,69,71,-1
Max O'Leary,O'Leary,GK++,Bristol City,Republic of Ireland,EFL Championship,69,73,67,68,73,43,68,-1
Michael Obafemi,Obafemi,ST++,Plymouth Argyle,Republic of Ireland,EFL Championship,69,80,68,56,70,23,64,-1
Adam Obert,Obert,CB++,Cagliari,Slovakia,Serie A TIM,69,64,44,62,65,70,64,-1
Agustín Ocampo,Ocampo,LM++,Platense,Uruguay,LPF,69,75,69,66,69,43,66,-1
Hakeem Odoffin,Odoffin,CB++,Rotherham Utd,England,EFL League One,69,69,50,57,60,68,75,-1
Raphael Odogwu,Odogwu,ST++,Südtirol,Italy,Serie BKT,69,75,67,52,64,26,76,-1
Koki Ogawa,Ogawa,ST++,N.E.C. Nijmegen,Japan,Eredivisie,69,48,70,57,65,29,70,-1
Hyeon Gyu Oh,Oh Hyeon Gyu,ST++,KRC Genk,Korea Republic,1A Pro League,69,76,68,53,65,43,80,-1
Daniel Ojeda Saranova,Dani Ojeda,LM++,Burgos CF,Spain,LALIGA HYPERMOTION,69,73,66,63,71,41,67,-1
Jeppe Okkels,Okkels,LM++,Preston,Denmark,EFL Championship,69,82,61,64,69,37,64,-1
Christian Oliva,Oliva,CDM++,Nacional,Uruguay,Libertadores,69,53,59,65,67,66,67,-1
Ricardo Jorge Oliveira António,Ricardinho,LM++,Santa Clara,Portugal,Liga Portugal,69,69,65,65,69,39,55,-1
Maximiliano Olivera,Olivera,LB++,Peñarol,Uruguay,Libertadores,69,58,57,63,65,69,70,-1
Jan Olschowsky,Olschowsky,GK++,M'gladbach,Germany,Bundesliga,69,71,69,71,69,20,70,-1
Thomas Lehne Olsen,Olsen,ST++,Lillestrøm SK,Norway,Eliteserien,69,74,68,57,63,38,79,-1
Kenneth Omeruo,Omeruo,CB++,Kasımpaşa,Nigeria,Trendyol Süper Lig,69,62,32,48,56,69,76,-1
Kevin Carlos Omoruyi Benjamin,Kevin Carlos,ST++,FC Basel 1893,Spain,CSSL,69,62,69,52,65,27,75,-1
Joel Ordoñez,Ordoñez,CB++,Club Brugge,Ecuador,1A Pro League,69,67,26,51,54,68,74,-1
Michael Ortega,Ortega,CAM++,The Strongest,Colombia,Libertadores,69,60,65,70,71,36,58,-1
Ulises Ortegoza,Ortegoza,CM++,Talleres,Argentina,Libertadores,69,68,60,68,71,63,58,-1
Juan Tomás Ortuño Martínez,Juanto Ortuño,ST++,CD Eldense,Spain,LALIGA HYPERMOTION,69,69,69,59,69,22,64,-1
Orri Óskarsson,Óskarsson,ST++,F.C. København,Iceland,3F Superliga,69,70,67,59,67,30,68,-1
Abiel Osorio,Osorio,ST++,Defensa,Argentina,Sudamericana,69,79,66,53,64,36,80,-1
Kassoum Ouattara,Ouattara,LB++,AS Monaco,France,Ligue 1 Uber Eats,69,77,41,60,68,63,68,-1
Godfried Ayesu Owusu Frimpong,Owusu Frimpong,LB++,Moreirense FC,Netherlands,Liga Portugal,69,76,39,57,65,66,66,-1
Rome-Jayden Owusu-Oduro,Owusu-Oduro,GK++,AZ,Netherlands,Eredivisie,69,69,65,64,72,32,69,-1
Daniele Padelli,Padelli,GK++,Udinese,Italy,Serie A TIM,69,68,69,60,66,45,75,-1
Sung Dong Paik,Paik Sung Dong,LM++,Pohang Steelers,Korea Republic,K League 1,69,79,60,65,70,41,60,-1
Guillermo Paiva,Paiva,ST++,Colo-Colo,Paraguay,Libertadores,69,64,68,55,66,26,65,-1
Matías Palacios,Palacios,CAM++,Al Ain FC,Argentina,United Emirates League,69,67,60,70,71,46,48,-1
Erik Palmer-Brown,Palmer-Brown,CB++,Panathinaikos,United States,Hellas Liga,69,62,30,51,52,69,74,-1
Jonathan Panzo,Panzo,CB++,Rio Ave FC,England,Liga Portugal,69,68,43,62,64,67,72,-1
Cristhian Paredes,Paredes,CDM++,Portland Timbers-Thorns,Paraguay,MLS,69,68,63,65,64,65,72,-1
Franco Paredes,Paredes,RB++,Sarmiento,Argentina,LPF,69,78,39,62,69,66,71,-1
Régis Gurtner,Gurtner,GK++,Amiens SC,France,Ligue 2 BKT,69,66,67,68,65,42,69,-1
Jan Gyamerah,Gyamerah,RB++,Kaiserslautern,Germany,Bundesliga 2,69,78,48,58,67,65,69,-1
Giovanni Haag,Haag,CDM++,Rodez AF,France,Ligue 2 BKT,69,70,33,63,64,65,78,-1
Florent Hadergjonaj,Hadergjonaj,RB++,Alanyaspor,Kosovo,Trendyol Süper Lig,69,75,50,63,67,64,67,-1
Warner Hahn,Hahn,GK++,Hammarby IF,Suriname,Allsvenskan,69,69,65,70,70,47,67,-1
Ben Hamer,Hamer,GK++,Sheffield Wed,England,EFL Championship,69,70,64,66,72,45,67,-1
Justin Hammel,Hammel,GK++,Grasshopper Club,Switzerland,CSSL,69,69,68,67,74,23,69,-1
André Hansen,Hansen,GK++,Odds BK,Norway,Eliteserien,69,69,68,68,69,33,70,-1
Doğucan Haspolat,Haspolat,CDM++,KVC Westerlo,Türkiye,1A Pro League,69,65,55,67,68,64,68,-1
Niklas Hauptmann,Hauptmann,CM++,Dynamo Dresden,Germany,3. Liga,69,67,56,68,73,57,53,-1
Milan Havel,Havel,LB++,Viktoria Plzeň,Czechia,Česká Liga,69,69,51,66,66,66,70,-1
Matt Hedges,Hedges,CB++,Austin FC,United States,MLS,69,39,28,50,51,67,79,-1
Jürgen Heil,Heil,RB++,TSV Hartberg,Austria,Ö. Bundesliga,69,66,60,65,66,65,74,-1
Jonathan Herrera,Herrera,ST++,Dep. Riestra,Argentina,LPF,69,66,69,60,66,23,67,-1
Alfonso Herrero Peinador,Alfonso Herrero,GK++,Málaga CF,Spain,LALIGA HYPERMOTION,69,68,67,62,72,49,67,-1
Eirik Hestad,Hestad,RM++,Molde FK,Norway,Eliteserien,69,74,65,64,71,50,64,-1
Robin Heußer,Heußer,CM++,Karlsruher SC,Germany,Bundesliga 2,69,63,52,68,71,63,75,-1
James Hill,Hill,CB++,AFC Bournemouth,England,Premier League,69,70,39,57,59,69,72,-1
Jack Hinshelwood,Hinshelwood,CDM++,Brighton,England,Premier League,69,63,63,69,69,66,65,-1
Václav Hladký,Hladký,GK++,Burnley,Czechia,EFL Championship,69,69,69,69,70,54,68,-1
Bongokuhle Hlongwane,Hlongwane,RM++,Minnesota United,South Africa,MLS,69,80,67,58,71,49,68,-1
Kristian Hlynsson,Hlynsson,CAM++,Ajax,Iceland,Eredivisie,69,65,63,65,72,41,50,-1
Daniel Høegh,Høegh,CB++,Randers FC,Denmark,3F Superliga,69,35,40,51,52,68,76,-1
Majid Hosseini,Hosseini,CB++,Kayserispor,Iran,Trendyol Süper Lig,69,58,30,47,50,70,75,-1
Dino Hotić,Hotić,CAM++,Lech Poznań,Bosnia and Herzegovina,PKO BP Ekstraklasa,69,75,68,71,69,48,71,-1
Andréas Hountondji,Hountondji,ST++,Burnley,Benin,EFL Championship,69,75,67,58,72,21,58,-1
Johan Hove,Hove,CM++,FC Groningen,Norway,Eredivisie,69,74,65,68,70,61,70,-1
Arbër Hoxha,Hoxha,LW++,Dinamo Zagreb,Albania,Liga Hrvatska,69,83,70,54,73,37,71,-1
Ajdin Hrustić,Hrustić,CM++,Hellas Verona,Australia,Serie A TIM,69,50,68,72,71,56,66,-1
Niklas Hult,Hult,LB++,IF Elfsborg,Sweden,Allsvenskan,69,70,59,67,70,63,65,-1
Jannik Huth,Huth,GK++,SC Freiburg,Germany,Bundesliga,69,71,64,74,71,59,67,-1
Seok Ho Hwang,Hwang Seok Ho,CB++,Ulsan Hyundai,Korea Republic,K League 1,69,56,33,55,60,68,77,-1
Chukwubuikem Ikwuemesi,Ikwuemesi,ST++,OH Leuven,Nigeria,1A Pro League,69,76,68,60,68,37,73,-1
Tim Iroegbunam,Iroegbunam,CDM++,Everton,England,Premier League,69,65,58,64,68,66,71,-1
Paul Izzo,Izzo,GK++,Randers FC,Australia,3F Superliga,69,70,67,65,71,55,68,-1
Nordin Jackers,Jackers,GK++,Club Brugge,Belgium,1A Pro League,69,68,68,64,71,43,67,-1
Filip Wojciech Jagiełło,Jagiełło,CM++,Lech Poznań,Poland,PKO BP Ekstraklasa,69,72,70,69,71,53,63,-1
Ahmed Jahouh,Jahouh,CDM++,Odisha FC,Morocco,Hero ISL,69,32,55,71,59,64,81,-1
Frederik Jäkel,Jäkel,CB++,SV Elversberg,Germany,Bundesliga 2,69,70,29,44,49,67,78,-1
Dominik Janošek,Janošek,CAM++,NAC Breda,Czechia,Eredivisie,69,70,70,69,71,65,74,-1
Leonardo Jara,Jara,RB++,Vélez Sarsfield,Argentina,LPF,69,57,58,65,65,67,79,-1
Julian Jeanvier,Jeanvier,CB++,Kayserispor,Guinea,Trendyol Süper Lig,69,61,35,49,54,68,73,-1
Victor Jensen,Jensen,CAM++,FC Utrecht,Denmark,Eredivisie,69,72,62,65,71,56,66,-1
Seung Won Jeong,Jeong Seung Won,CM++,Suwon FC,Korea Republic,K League 1,69,70,63,66,69,63,75,-1
Stefan Johansen,Johansen,CM++,Sarpsborg 08,Norway,Eliteserien,69,60,65,72,68,65,73,-1
Matej Jonjić,Jonjić,CB++,Incheon United,Croatia,K League 1,69,66,47,50,49,69,79,-1
Kamil Jóźwiak,Jóźwiak,RM++,Granada CF,Poland,LALIGA HYPERMOTION,69,84,57,61,72,42,64,-1
Issa Kallon,Kallon,RW++,Nantong Zhiyun FC,Sierra Leone,CSL,69,85,61,58,73,23,55,-1
Kei Kamara,Kamara,ST++,LAFC,Sierra Leone,MLS,69,65,68,63,67,39,72,-1
Nordine Kandil,Kandil,LM++,Strasbourg,Morocco,Ligue 1 Uber Eats,69,70,57,70,71,42,49,-1
Hyeon Mu Kang,Kang Hyeon Mu,GK++,FC Seoul,Korea Republic,K League 1,69,69,67,64,71,44,69,-1
Emir Karić,Karić,LB++,SK Sturm Graz,Austria,Ö. Bundesliga,69,70,44,61,65,65,74,-1
Eden Karzev,Karzev,CDM++,SZ Peng City,Israel,CSL,69,68,65,63,67,67,72,-1
Nikola Katić,Katić,CB++,FC Zürich,Croatia,CSSL,69,55,35,45,54,67,78,-1
Panos Katseris,Katseris,RB++,FC Lorient,Greece,Ligue 2 BKT,69,80,51,62,66,62,63,-1
Noah Katterbach,Katterbach,LB++,Hamburger SV,Germany,Bundesliga 2,69,71,40,57,72,66,58,-1
Yalçın Kayan,Kayan,CM++,Göztepe,Türkiye,Trendyol Süper Lig,69,68,68,67,68,64,68,-1
Kévin Keben,Keben,CB++,Toulouse FC,Cameroon,Ligue 1 Uber Eats,69,64,32,50,56,69,70,-1
Check Keita,Keita,CB++,Sp. Charleroi,France,1A Pro League,69,49,30,43,52,70,71,-1
Luca Kerber,Kerber,CM++,Heidenheim,Germany,Bundesliga,69,71,57,65,70,67,74,-1
Henry Kessler,Kessler,CB++,St. Louis CITY SC,United States,MLS,69,54,27,48,60,69,77,-1
Jin Hyuk Kim,Kim Jin Hyuk,CB++,Daegu FC,Korea Republic,K League 1,69,59,58,55,60,68,78,-1
Young Gwon Kim,Kim Young Gwon,CB++,Ulsan Hyundai,Korea Republic,K League 1,69,67,44,62,57,67,77,-1
David Kinsombi,Kinsombi,CM++,SC Paderborn 07,Germany,Bundesliga 2,69,62,66,65,71,63,74,-1
Sonny Kittel,Kittel,LW++,Grasshopper Club,Germany,CSSL,69,66,69,70,72,32,52,-1
Jae Hyeon Ko,Ko Jae Hyeon,RW++,Daegu FC,Korea Republic,K League 1,69,86,66,56,71,35,70,-1
Bautista Kociubinski,Kociubinski,CDM++,Estudiantes,Argentina,Libertadores,69,53,60,67,67,66,66,-1
Okan Kocuk,Kocuk,GK++,Samsunspor,Türkiye,Trendyol Süper Lig,69,72,69,60,73,33,65,-1
Ibrahima Koné,Koné,ST++,UD Almería,Mali,LALIGA HYPERMOTION,69,73,68,52,67,32,77,-1
Peer Koopmeiners,Koopmeiners,CDM++,AZ,Netherlands,Eredivisie,69,68,42,67,62,66,74,-1
Georgi Kostadinov,Kostadinov,CDM++,Apoel FC,Bulgaria,Liga Cyprus,69,64,55,59,59,68,72,-1
Dominik Kother,Kother,LM++,Jahn Regensburg,Germany,Bundesliga 2,69,84,61,60,71,21,54,-1
Efthymios Koulouris,Koulouris,ST++,Pogoń Szczecin,Greece,PKO BP Ekstraklasa,69,68,69,56,67,27,70,-1
Julian Krahl,Krahl,GK++,Kaiserslautern,Germany,Bundesliga 2,69,72,67,65,72,31,69,-1
Afonso Manuel Abreu Freitas,Afonso Freitas,LB++,Nacional,Portugal,Liga Portugal,69,69,52,60,68,64,66,-1
Jonás Acevedo,Acevedo,LM++,Instituto,Argentina,LPF,69,72,68,69,69,51,58,-1
Albion Ademi,Ademi,LM++,Tianjin JMT FC,Albania,CSL,69,82,61,61,74,30,60,-1
Arijan Ademi,Ademi,CM++,Dinamo Zagreb,North Macedonia,Liga Hrvatska,69,62,63,62,69,67,74,-1
Shawn Adewoye,Adewoye,CB++,Fortuna Sittard,Belgium,Eredivisie,69,66,24,47,45,68,72,-1
Saad Agouzoul,Agouzoul,CB++,AJ Auxerre,Morocco,Ligue 1 Uber Eats,69,44,38,53,51,70,67,-1
Marc Aguado Pallarés,Marc Aguado,CDM++,Real Zaragoza,Spain,LALIGA HYPERMOTION,69,65,54,68,66,66,61,-1
Alan Aguerre,Aguerre,GK++,Lanús,Argentina,Sudamericana,69,71,66,62,72,47,70,-1
Pablo Aguilar,Aguilar,CB++,Sportivo Luqueño,Paraguay,Sudamericana,69,51,52,54,57,70,70,-1
Martín Aguirregabiria,Martín,RB++,FC Cartagena,Spain,LALIGA HYPERMOTION,69,63,35,61,67,67,64,-1
Naouirou Ahamada,Ahamada,CM++,Crystal Palace,France,Premier League,69,70,63,66,73,61,62,-1
Lucas Ahijado Quintana,Lucas Ahijado,RB++,R. Oviedo,Spain,LALIGA HYPERMOTION,69,77,59,63,67,63,66,-1
Youssef Aït Bennasser,Aït Bennasser,CDM++,Samsunspor,Morocco,Trendyol Süper Lig,69,65,62,72,73,65,65,-1
Arlind Ajeti,Ajeti,CB++,CFR 1907 Cluj,Albania,SUPERLIGA,69,61,35,52,54,67,78,-1
Samet Akaydın,Akaydın,CB++,Fenerbahçe,Türkiye,Trendyol Süper Lig,69,61,37,44,49,69,76,-1
Yasser Al Shahrani,Al Shahrani,LB++,Al Hilal,Saudi Arabia,ROSHN Saudi League,69,75,54,65,70,65,61,-1
Faride Alidou,Alidou,RM++,Hellas Verona,Germany,Serie A TIM,69,83,59,60,73,28,61,-1
Rasmus Alm,Alm,RM++,St. Louis CITY SC,Sweden,MLS,69,83,62,63,71,38,62,-1
Jak Alnwick,Alnwick,GK++,Cardiff City,England,EFL Championship,69,69,67,65,69,46,70,-1
Antonio David Álvarez Rey,Davo,LM++,RC Deportivo,Spain,LALIGA HYPERMOTION,69,80,69,60,71,36,66,-1
Antony Alves Santos,Antony,LM++,Portland Timbers-Thorns,Brazil,MLS,69,88,58,61,70,40,55,-1
Stephan Ambrosius,Ambrosius,CB++,FC St. Gallen,Ghana,CSSL,69,65,30,45,52,68,75,-1
Emiliano Amor,Amor,CB++,Colo-Colo,Argentina,Libertadores,69,47,36,47,50,69,72,-1
Magnus Kofod Andersen,Andersen,CM++,Venezia,Denmark,Serie A TIM,69,69,59,67,71,61,76,-1
Juan Andrada,Andrada,CDM++,Sarmiento,Argentina,LPF,69,56,51,66,65,63,75,-1
Anderson Angulo,Angulo,CB++,Deportes Tolima,Colombia,Sudamericana,69,63,26,38,46,70,74,-1
Alexis Antunes,Antunes,CM++,Servette FC,Switzerland,CSSL,69,70,63,66,74,51,65,-1
Adil Aouchiche,Aouchiche,CAM++,Sunderland,France,EFL Championship,69,65,63,70,71,56,57,-1
Mattia Aramu,Aramu,RW++,Mantova,Italy,Serie BKT,69,74,62,70,71,52,61,-1
Alejandro Araque,Araque,GK++,Dep. Táchira,Venezuela,Libertadores,69,73,66,64,69,47,64,-1
César Araújo,Araújo,CDM++,Orlando City,Uruguay,MLS,69,65,53,56,63,63,70,-1
Héber Araújo dos Santos,Héber,ST++,Cangzhou FC,Brazil,CSL,69,66,70,55,64,32,68,-1
Blas Armoa,Armoa,RM++,Tigre,Paraguay,LPF,69,80,63,63,67,23,57,-1
Anderson Arroyo,Arroyo,CB++,Burgos CF,Colombia,LALIGA HYPERMOTION,69,71,29,55,61,69,74,-1
Jasir Asani,Asani,RM++,GwangJu FC,Albania,K League 1,69,80,63,64,68,34,60,-1
Carlos Ascues,Ascues,CB++,UCV,Peru,Sudamericana,69,57,61,60,66,67,75,-1
Gustavo Enrique Assunção da Silva,Gustavo Assunção,CDM++,FC Famalicão,Brazil,Liga Portugal,69,64,58,63,70,66,65,-1
Mehmet Can Aydın,Aydın,RB++,FC Schalke 04,Türkiye,Bundesliga 2,69,77,58,64,73,65,66,-1
Jonas Bager,Bager,CB++,IFK Göteborg,Denmark,Allsvenskan,69,71,31,49,56,69,75,-1
Theo Bair,Bair,ST++,AJ Auxerre,Canada,Ligue 1 Uber Eats,69,73,67,50,64,28,79,-1
Sinan Bakış,Bakış,ST++,Real Zaragoza,Türkiye,LALIGA HYPERMOTION,69,38,71,56,64,29,67,-1
Bünyamin Balcı,Balcı,RB++,Antalyaspor,Türkiye,Trendyol Süper Lig,69,74,45,61,67,64,66,-1
Josepmir Ballón,Ballón,CDM++,UCV,Peru,Sudamericana,69,70,63,66,65,65,76,-1
Botond Balogh,Balogh,CB++,Parma,Hungary,Serie A TIM,69,53,33,46,46,71,66,-1
Alexandru Băluță,Băluță,RW++,FCSB,Romania,SUPERLIGA,69,83,64,66,72,47,67,-1
Tudor Băluță,Băluță,CDM++,Śląsk Wrocław,Romania,PKO BP Ekstraklasa,69,63,57,67,59,66,75,-1
Daniel Filipe Bandeira e Silva,Dani Silva,CM++,Hellas Verona,Portugal,Serie A TIM,69,64,55,67,71,60,68,-1
Andrea Barberis,Barberis,CDM++,Pisa,Italy,Serie BKT,69,64,49,68,69,67,59,-1
Daniel Barcia Rama,Dani Barcia,CB++,RC Deportivo,Spain,LALIGA HYPERMOTION,69,61,21,44,43,71,61,-1
Antonio Bareiro,Bareiro,RM++,Libertad,Paraguay,Libertadores,69,73,55,65,69,33,50,-1
Filipe Miguel Barros Soares,Filipe Soares,CM++,Farense,Portugal,Liga Portugal,69,66,67,67,71,56,67,-1
Thierno Barry,Barry,ST++,Villarreal CF,France,LALIGA EA SPORTS,69,77,69,48,68,22,63,-1
Bruno Barticciotto,Barticciotto,ST++,Talleres,Chile,Libertadores,69,81,66,63,71,26,62,-1
Daniele Baselli,Baselli,CM++,Como,Italy,Serie A TIM,69,64,68,72,73,66,62,-1
Amine Bassi,Bassi,CAM++,Houston Dynamo,Morocco,MLS,69,69,69,69,69,48,63,-1
Danny Batth,Batth,CB++,Blackburn Rovers,England,EFL Championship,69,30,23,41,38,69,80,-1
Jon Bautista Orgilles,Jon Bautista,ST++,SD Eibar,Spain,LALIGA HYPERMOTION,69,72,70,58,67,26,66,-1
Vakoun Issouf Bayo,Bayo,ST++,Watford,Côte d'Ivoire,EFL Championship,69,76,68,54,67,25,77,-1
Owen Beck,Beck,LB++,Liverpool,Wales,Premier League,69,71,51,64,71,64,67,-1
Mortadha Ben Ouanes,Ben Ouanes,LB++,Kasımpaşa,Tunisia,Trendyol Süper Lig,69,72,60,68,68,66,65,-1
Jonathan Benítez,Benítez,LM++,Palestino,Argentina,Libertadores,69,80,63,60,71,39,72,-1
Romeo Benítez,Benítez,LM++,Tigre,Paraguay,LPF,69,85,59,62,72,33,58,-1
Indrit Tuci,Tuci,ST++,Sparta Praha,Albania,Česká Liga,69,71,68,59,65,28,72,-1
Nahuel Ulariaga,Ulariaga,ST++,Godoy Cruz,Argentina,LPF,69,80,69,52,70,31,72,-1
Leonardo Daniel Ulineia Buta,Leonardo Buta,LB++,Udinese,Portugal,Serie A TIM,69,74,49,60,67,64,69,-1
Fredrik Ulvestad,Ulvestad,CM++,Pogoń Szczecin,Norway,PKO BP Ekstraklasa,69,64,64,66,69,66,76,-1
Edgaras Utkus,Utkus,CB++,Cercle Brugge,Lithuania,1A Pro League,69,55,37,59,56,69,73,-1
Necip Uysal,Uysal,CB++,Beşiktaş,Türkiye,Trendyol Süper Lig,69,53,56,61,64,69,73,-1
Henry Vaca,Vaca,LW++,Bolívar,Bolivia,Libertadores,69,81,68,65,72,34,53,-1
Diego Valencia,Valencia,ST++,Salernitana,Chile,Serie BKT,69,71,66,59,70,26,70,-1
Matěj Valenta,Valenta,CM++,Viktoria Plzeň,Czechia,Česká Liga,69,66,65,68,67,62,68,-1
Lautaro Valenti,Valenti,CB++,Parma,Argentina,Serie A TIM,69,70,51,55,57,68,75,-1
Mitchell van Bergen,van Bergen,RM++,FC Twente,Netherlands,Eredivisie,69,88,61,62,70,27,50,-1
Ruben van Bommel,van Bommel,LW++,AZ,Netherlands,Eredivisie,69,85,67,59,71,25,62,-1
Mick van Buren,van Buren,ST++,Cracovia,Netherlands,PKO BP Ekstraklasa,69,72,69,63,69,35,71,-1
Thomas van den Belt,van den Belt,CM++,CD Castellón,Netherlands,LALIGA HYPERMOTION,69,55,64,67,67,63,67,-1
Rein Van Helden,Van Helden,CB++,STVV,Belgium,1A Pro League,69,63,29,61,58,69,74,-1
Hugo Vandermersch,Vandermersch,RB++,SM Caen,France,Ligue 2 BKT,69,67,39,60,63,67,71,-1
Jordi Vanlerberghe,Vanlerberghe,CB++,Brøndby IF,Belgium,3F Superliga,69,59,61,67,63,68,75,-1
Thibaut Vargas,Vargas,RB++,Stade Lavallois,France,Ligue 2 BKT,69,74,38,59,65,64,65,-1
Jairo Vélez,Vélez,CAM++,UCV,Ecuador,Sudamericana,69,64,67,69,69,36,55,-1
Matías Vera,Vera,CDM++,Olimpia,Argentina,Sudamericana,69,67,47,64,63,66,67,-1
Brayan Vera,Vera,CB++,Real Salt Lake,Colombia,MLS,69,70,40,52,55,69,71,-1
Marko Vešović,Vešović,RB++,Qarabağ FK,Montenegro,Liga Azerbaijan,69,79,55,65,70,64,70,-1
Ronaldo Augusto Vieira Nan,Ronaldo Vieira,CDM++,Sampdoria,England,Serie BKT,69,71,58,64,71,64,75,-1
Oscar Vilhelmsson,Vilhelmsson,ST++,SV Darmstadt 98,Sweden,Bundesliga 2,69,70,66,46,69,30,69,-1
Afonso Miguel Vilhena Taira,Afonso Taira,CDM++,Al Kholood,Portugal,ROSHN Saudi League,69,49,55,61,71,68,69,-1
Sam Vines,Vines,LB++,Colorado Rapids,United States,MLS,69,76,33,57,63,66,68,-1
Alessandro Vogliacco,Vogliacco,CB++,Genoa,Italy,Serie A TIM,69,65,36,52,55,71,66,-1
Vojtěch Vorel,Vorel,GK++,Sparta Praha,Czechia,Česká Liga,69,71,67,70,72,35,68,-1
Giacomo Vrioni,Vrioni,ST++,New England,Albania,MLS,69,74,69,55,67,24,71,-1
Murray Wallace,Wallace,CB++,Millwall,Scotland,EFL Championship,69,53,29,54,58,70,76,-1
Franco Watson,Watson,CAM++,Huracán,Argentina,LPF,69,69,62,68,67,55,56,-1
Axel Werner,Werner,GK++,Rosario Central,Argentina,Libertadores,69,72,71,73,69,45,67,-1
Scott Wharton,Wharton,CB++,Blackburn Rovers,England,EFL Championship,69,55,32,53,61,69,75,-1
Jack Whatmough,Whatmough,CB++,Preston,England,EFL Championship,69,49,26,48,56,68,78,-1
Joe Wildsmith,Wildsmith,GK++,West Brom,England,EFL Championship,69,68,69,68,68,42,69,-1
Eryk Williamson,Williamson,CDM++,Portland Timbers-Thorns,United States,MLS,69,74,58,67,71,64,71,-1
Ben Wilmot,Wilmot,CB++,Stoke City,England,EFL Championship,69,54,39,55,59,70,72,-1
Nick Woltemade,Woltemade,ST++,VfB Stuttgart,Germany,Bundesliga,69,68,66,62,70,39,69,-1
Xi Wu,Wu Xi,CM++,Shanghai Shenhua,China PR,CSL,69,66,64,69,65,68,78,-1
Hyun Jun Yang,Yang Hyun Jun,RW++,Celtic,Korea Republic,cinch Prem,69,73,64,66,74,35,66,-1
Jerry Yates,Yates,ST++,Derby County,England,EFL Championship,69,76,70,57,70,29,67,-1
Mohamed Youssouf,Youssouf,RB++,AC Ajaccio,Comoros,Ligue 2 BKT,69,67,48,62,67,66,69,-1
Jackson Yueill,Yueill,CM++,SJ Earthquakes,United States,MLS,69,59,61,68,66,64,73,-1
Alexis Zapata,Zapata,RM++,América de Cali,Colombia,Sudamericana,69,77,67,64,73,31,59,-1
Franco Zapiola,Zapiola,LM++,Platense,Argentina,LPF,69,78,59,67,70,59,54,-1
Leopold Zingerle,Zingerle,GK++,RB Leipzig,Germany,Bundesliga,69,70,66,66,71,42,68,-1
Budu Zivzivadze,Zivzivadze,ST++,Karlsruher SC,Georgia,Bundesliga 2,69,66,69,52,64,35,73,-1
Simon Zoller,Zoller,ST++,FC St. Pauli,Germany,Bundesliga,69,66,70,64,70,39,64,-1
Ernesto Torregrossa,Torregrossa,ST++,Salernitana,Venezuela,Serie BKT,69,75,68,55,67,28,72,-1
Mathias Greve,Greve,CM++,Randers FC,Denmark,3F Superliga,69,70,62,69,70,56,72,-1
Quentin Lecoeuche,Lecoeuche,LB++,SM Caen,France,Ligue 2 BKT,69,77,47,62,65,63,69,-1
Ryan Mmaee,Mmaee,ST++,SK Rapid Wien,Morocco,Ö. Bundesliga,69,75,67,54,70,28,63,-1
Yanis Rahmani,Rahmani,LM++,Málaga CF,France,LALIGA HYPERMOTION,69,82,68,62,73,31,59,-1
Sinan Bakış,Bakış,ST++,Górnik Zabrze,Türkiye,PKO BP Ekstraklasa,69,38,71,56,64,29,67,-1
Mark Brink,Brink,CM++,FC Nordsjælland,Denmark,3F Superliga,69,64,56,67,69,62,71,-1
Allan Campbell,Campbell,CM++,Charlton Ath,Scotland,EFL League One,69,69,63,65,69,69,76,-1
Houboulang Mendes,Mendes,RB++,ESTAC Troyes,Guinea-Bissau,Ligue 2 BKT,69,72,42,59,63,68,71,-1
Max Besuschkow,Besuschkow,CM++,FC Ingolstadt 04,Germany,3. Liga,69,68,61,69,68,66,70,-1
Ajdin Hrustić,Hrustić,CM++,Salernitana,Australia,Serie BKT,69,50,68,72,71,56,66,-1
Josh Bowler,Bowler,RM++,Preston,England,EFL Championship,69,73,64,63,74,33,50,-1
Colin Dagba,Dagba,RB++,K. Beerschot VA,France,1A Pro League,69,70,53,66,70,67,56,-1
Cristian Ferreira,Ferreira,CM++,Argentinos Jrs.,Argentina,Sudamericana,69,75,70,74,73,57,61,-1
Ibrahima Koné,Koné,ST++,Al Okhdood,Mali,ROSHN Saudi League,69,73,68,52,67,32,77,-1
Luca Pfeiffer,Pfeiffer,ST++,Karlsruher SC,Germany,Bundesliga 2,69,45,68,50,61,33,80,-1
Matías Palacios,Palacios,CAM++,Al Ain FC,United Arab Emirates,United Emirates League,69,67,60,70,71,46,48,-1
Giovanni Haag,Haag,CDM++,Düsseldorf,France,Bundesliga 2,69,70,33,63,64,65,78,-1
Gustavo Enrique Assunção da Silva,Gustavo Assunção,CDM++,AVS Futebol SAD,Brazil,Liga Portugal,69,64,58,63,70,66,65,-1
Constantin Grameni,Grameni,CM++,FC Rapid 1923,Romania,SUPERLIGA,69,75,65,68,69,64,71,-1
Domagoj Bradarić,Bradarić,LM++,Hellas Verona,Croatia,Serie A TIM,69,74,55,65,69,68,63,-1
Hugo Vandermersch,Vandermersch,RB++,FC St. Gallen,France,CSSL,69,67,39,60,63,67,71,-1
Jay Stansfield,Stansfield,ST++,Birmingham City,England,EFL League One,69,79,70,58,68,26,68,-1
Timothée Pembélé,Pembélé,RB++,Havre AC,France,Ligue 1 Uber Eats,69,80,49,63,71,64,62,-1
Hannibal Mejbri,Hannibal,CM++,Burnley,Tunisia,EFL Championship,69,73,60,70,70,64,75,-1
Boris Popović,Popović,CB++,Arouca,Serbia,Liga Portugal,69,55,33,51,51,68,69,-1
Naouirou Ahamada,Ahamada,CM++,Stade Rennais FC,France,Ligue 1 Uber Eats,69,70,63,66,73,61,62,-1
Luke McCowan,McCowan,CM++,Celtic,Scotland,cinch Prem,69,75,70,70,73,57,62,-1
Nordine Kandil,Kandil,LM++,Amiens SC,Morocco,Ligue 2 BKT,69,70,57,70,71,42,49,-1
Jeremy Sarmiento,Sarmiento,LM++,Burnley,Ecuador,EFL Championship,69,78,63,65,72,37,60,-1
Owen Beck,Beck,LB++,Blackburn Rovers,Wales,EFL Championship,69,71,51,64,71,64,67,-1
Leonardo Daniel Ulineia Buta,Leonardo Buta,LB++,Moreirense FC,Portugal,Liga Portugal,69,74,49,60,67,64,69,-1
Rodrigo Duarte Ribeiro,Rodrigo Ribeiro,ST++,AVS Futebol SAD,Portugal,Liga Portugal,69,71,67,58,73,22,60,-1
Orri Óskarsson,Óskarsson,ST++,Real Sociedad,Iceland,LALIGA EA SPORTS,69,70,67,59,67,30,68,-1
Derick Theodoro Santos Poloni,Derick Poloni,LB++,Farense,Brazil,Liga Portugal,69,74,61,62,68,67,67,-1
Otabek Shukurov,Shukurov,CM++,Al Fayha,Uzbekistan,ROSHN Saudi League,69,70,65,67,69,67,74,-1
Kévin Keben,Keben,CB++,Watford,Cameroon,EFL Championship,69,64,32,50,56,69,70,-1
Tom Cannon,Cannon,ST++,Stoke City,Republic of Ireland,EFL Championship,69,78,69,56,72,27,59,-1
Niko Sigur,Sigur,RB++,Hajduk Split,Canada,Liga Hrvatska,69,71,56,67,73,61,68,-1
Arlind Ajeti,Ajeti,CB++,Bodrum FK,Albania,Trendyol Süper Lig,69,61,35,52,54,67,78,-1
Nikola Katic,Katic,CB++,FC Zürich,Bosnia and Herzegovina,CSSL,69,55,35,45,54,67,78,-1
Amir Saipi,Saipi,GK++,FC Lugano,Kosovo,CSSL,69,69,67,66,70,30,70,-1
Leonardo Jara,Jara,RB++,Lanús,Argentina,Sudamericana,69,57,58,65,65,67,79,-1
Cardoso Sousa,Vasco Sousa,CAM++,FC Porto,Portugal,Liga Portugal,69,70,58,68,73,49,45,-1
Juan Camilo Chaverra,Chaverra,GK++,Alianza FC,Colombia,Sudamericana,69,72,65,61,76,32,66,-1
Andréas Hountondji,Hountondji,ST++,Standard Liège,Benin,1A Pro League,69,75,67,58,72,21,58,-1
Jackson Yueill,Yueill,CM++,New England,United States,MLS,69,59,61,68,66,64,73,-1
Diego Sosa,Sosa,LB++,Tigre,Argentina,LPF,69,69,53,62,60,66,71,-1
Fabio González Estupiñán,Fabio González,CDM++,CD Tenerife,Spain,LALIGA HYPERMOTION,69,58,59,62,68,67,68,-1
Nélson Conceição da Luz,Nélson da Luz,LW++,Vitória SC,Angola,Liga Portugal,69,79,66,60,74,34,63,-1
Lewis Gibson,Gibson,CB++,Preston,England,EFL Championship,69,56,33,51,58,69,73,-1
Sean Davis,Davis,CDM++,LA Galaxy,United States,MLS,69,68,55,63,67,68,75,-1
Dominik Kother,Kother,LM++,Dynamo Dresden,Germany,3. Liga,69,84,61,60,71,21,54,-1
Jan Olschowsky,Olschowsky,GK++,Aleman. Aachen,Germany,3. Liga,69,71,69,71,69,20,70,-1
Yalçin Kayan,Kayan,CM++,Eyüpspor,Türkiye,Trendyol Süper Lig,69,68,68,67,68,64,68,-1
Seung Won Jeong,Jeong Seung Won,CM++,FC Seoul,Korea Republic,K League 1,69,70,63,66,69,63,75,-1
Jeppe Okkels,Okkels,LM++,Aberdeen,Denmark,cinch Prem,69,82,61,64,69,37,64,-1
Javier Llabrés Exposito,Javi Llabrés,LM++,CD Eldense,Spain,LALIGA HYPERMOTION,69,80,60,62,70,32,49,-1
Iván Gómez,Gómez,CM++,Central Córdoba,Argentina,LPF,69,61,61,63,71,68,72,-1
Saïdou Sow,Sow,CB++,FC Nantes,Guinea,Ligue 1 Uber Eats,69,61,41,54,60,69,66,-1
Alessandro Vogliacco,Vogliacco,CB++,Parma,Italy,Serie A TIM,69,65,36,52,55,71,66,-1
Rasmus Carstensen,Carstensen,RB++,Lech Poznań,Denmark,PKO BP Ekstraklasa,69,73,48,63,67,63,71,-1
Lucas Besozzi,Besozzi,LM++,Tigre,Argentina,LPF,69,70,63,64,69,27,50,-1
Antonio Raimondo,Raimondo,ST++,Salernitana,Italy,Serie BKT,69,67,68,60,70,28,61,-1
Simone Giordano,Giordano,LB++,Mantova,Italy,Serie BKT,69,78,53,65,65,63,59,-1
Lennart Grill,Grill,GK++,Fürth,Germany,Bundesliga 2,69,73,64,61,72,40,65,-1
Moritz-Broni Kwarteng,Kwarteng,RW++,Düsseldorf,Germany,Bundesliga 2,69,72,70,62,74,30,49,-1
David Kinsombi,Kinsombi,CM++,Preußen Münster,Germany,Bundesliga 2,69,62,66,65,71,63,74,-1
Marco Pellegrino,Pellegrino,CB++,Huracán,Argentina,LPF,69,61,39,52,56,70,70,-1
Francis Mac Allister,Mac Allister,CDM++,Instituto,Argentina,LPF,69,63,43,62,65,69,64,-1
Nikola Katic,Katic,CB++,Plymouth Argyle,Bosnia and Herzegovina,EFL Championship,69,55,35,45,54,67,78,-1
Adil Aouchiche,Aouchiche,CAM++,Portsmouth,France,EFL Championship,69,65,63,70,71,56,57,-1
Kristian Hlynsson,Hlynsson,CAM++,Sparta Rotterdam,Iceland,Eredivisie,69,65,63,65,72,41,50,-1
Dario Šaric,Šaric,CM++,Cesena,Bosnia and Herzegovina,Serie BKT,69,72,66,66,71,63,72,-1
Jules Gaudin,Gaudin,LB++,SM Caen,France,Ligue 2 BKT,69,68,55,63,67,64,66,-1
Úmaro Embaló,Úmaro Embaló,LM++,Vitória SC,Portugal,Liga Portugal,69,84,62,64,73,35,63,-1
Mitchell van Bergen,van Bergen,RM++,Sparta Rotterdam,Netherlands,Eredivisie,69,88,61,62,70,27,50,-1
Josh Bowler,Bowler,RM++,Luton Town,England,EFL Championship,69,73,64,63,74,33,50,-1
Samuele Perisan,Perisan,GK++,Sampdoria,Italy,Serie BKT,69,68,64,67,74,46,67,-1
Ibrahim Cissoko,Cissoko,LW++,Sheffield Wed,Netherlands,EFL Championship,69,79,60,63,73,32,55,-1
Roberto González Bayón,Rober,RM++,R. Racing Club,Spain,LALIGA HYPERMOTION,69,79,64,66,71,26,49,-1
Rubén González Alves,Rubén Alves,CB++,Córdoba CF,Spain,LALIGA HYPERMOTION,69,69,44,50,60,68,74,-1
Allan Campbell,Campbell,CM++,Dundee United,Scotland,cinch Prem,69,69,63,65,69,69,76,-1
Samet Akaydin,Akaydin,CB++,Çaykur Rizespor,Türkiye,Trendyol Süper Lig,69,61,37,44,49,69,76,-1
Andrés García Robledo,Andrés García,RM++,Aston Villa,Spain,Premier League,69,74,62,62,71,55,60,-1
Gonzalo Luján,Luján,CB++,Inter Miami CF,Argentina,MLS,69,62,34,56,59,69,76,-1
Faride Alidou,Alidou,RM++,Kaiserslautern,Germany,Bundesliga 2,69,83,59,60,73,28,61,-1
Sebastián Cristóforo,Cristóforo,CDM++,Central Córdoba,Uruguay,LPF,69,59,57,66,64,68,63,-1
César De La Hoz López,De La Hoz,CDM++,R. Oviedo,Spain,LALIGA HYPERMOTION,69,48,58,60,64,67,74,-1
Rafael Avelino Pinto Barbosa,Rafael Barbosa,LW++,Radomiak Radom,Portugal,PKO BP Ekstraklasa,69,76,59,66,74,30,48,-1
Sergio Bermejo Lillo,Bermejo,RM++,Gil Vicente,Spain,Liga Portugal,69,79,58,67,73,41,55,-1
Liam Boyce,Boyce,ST++,Derry City,Northern Ireland,SSE Airtricity PD,69,65,69,60,69,33,75,-1
Magnus Kofod Andersen,Andersen,CM++,Sparta Praha,Denmark,Česká Liga,69,69,59,67,71,61,76,-1
Kyle McFadzean,McFadzean,CB++,Chesterfield,England,EFL League Two,69,30,37,48,49,68,78,-1
Sheriff Sinyan,Sinyan,CB++,CFR 1907 Cluj,Gambia,SUPERLIGA,69,71,43,57,62,68,74,-1
Franco Paredes,Paredes,RB++,Independiente,Argentina,LPF,69,78,39,62,69,66,71,-1
Egil Selvik,Selvik,GK++,Udinese,Norway,Serie A TIM,69,69,68,66,69,19,68,-1
Florian Pick,Pick,RM++,Preußen Münster,Germany,Bundesliga 2,69,77,61,61,74,29,50,-1
Jesús Soraire,Soraire,CM++,Central Córdoba,Argentina,LPF,69,68,60,70,73,61,78,-1
Eryk Williamson,Williamson,CDM++,Charlotte FC,United States,MLS,69,74,58,67,71,64,71,-1
Alan Aguerre,Aguerre,GK++,Central Córdoba,Argentina,LPF,69,71,66,62,72,47,70,-1
Víctor Cabrera,Cabrera,CB++,Tigre,Argentina,LPF,69,62,39,57,59,69,72,-1
Giacomo Vrioni,Vrioni,ST++,CF Montréal,Albania,MLS,69,74,69,55,67,24,71,-1
Tom Cannon,Cannon,ST++,Sheffield Utd,Republic of Ireland,EFL Championship,69,78,69,56,72,27,59,-1
Nicolai Boilesen,Boilesen,CB++,F.C. København,Denmark,3F Superliga,68,52,50,64,65,69,69,-1
William Clem,Clem,CDM++,F.C. København,Denmark,3F Superliga,68,56,48,62,62,65,66,-1
Ronaldo Rodrigues Tavares,Ronaldo Tavares,ST++,FC Seoul,Portugal,K League 1,68,77,66,46,57,26,78,-1
Kevin Rodríguez,Rodríguez,ST++,R. Union St.-G.,Ecuador,1A Pro League,68,80,66,57,69,25,67,-1
Valentín Rodríguez,Rodríguez,LB++,Gimnasia,Uruguay,LPF,68,79,58,63,71,63,67,-1
Lucas Rodríguez,Rodríguez,LB++,Instituto,Argentina,LPF,68,75,55,64,67,64,67,-1
Martín Rodríguez,Rodríguez,LM++,D.C. United,Chile,MLS,68,81,61,66,70,43,60,-1
Salomón Rodríguez,Rodríguez,ST++,Godoy Cruz,Uruguay,LPF,68,60,68,56,63,31,68,-1
José Andrés Rodriguez Gaitán,Andy,CM++,FC Cartagena,Spain,LALIGA HYPERMOTION,68,52,65,68,66,67,73,-1
Ricardo Rodríguez Gil,Riki,CM++,Albacete BP,Spain,LALIGA HYPERMOTION,68,71,65,66,72,56,60,-1
Maximiliano Rodríguez Vejar,Rodríguez Vejar,ST++,Huachipato,Chile,Libertadores,68,67,66,53,65,24,64,-1
Miguel Rodríguez Vidal,Miguel Rodríguez,RM++,FC Utrecht,Spain,Eredivisie,68,79,57,64,68,33,53,-1
Žan Rogelj,Rogelj,RM++,Sp. Charleroi,Slovenia,1A Pro League,68,79,51,63,68,58,64,-1
Maximilian Rohr,Rohr,CB++,SV Elversberg,Germany,Bundesliga 2,68,59,52,60,60,67,73,-1
Rodrigo Rojas,Rojas,CM++,Sportivo Luqueño,Paraguay,Sudamericana,68,69,66,69,69,65,74,-1
Joao Rojas,Rojas,CAM++,ADT,Ecuador,Sudamericana,68,75,58,66,73,32,70,-1
Joao Rojas,Rojas,LM++,Barcelona SC,Ecuador,Libertadores,68,81,66,64,69,51,55,-1
Enzo Roldán,Roldán,CM++,Unión,Argentina,LPF,68,72,66,65,67,62,63,-1
Nicolás Romero,Romero,CB++,Atlético Tucumán,Argentina,LPF,68,60,45,55,56,68,68,-1
Connor Ronan,Ronan,CM++,Colorado Rapids,Republic of Ireland,MLS,68,67,65,70,71,54,47,-1
Sandro Plínio Rosa da Cruz,Sandro Cruz,LB++,Gil Vicente,Angola,Liga Portugal,68,80,33,60,63,63,64,-1
Michael Rose,Rose,CB++,Stoke City,Scotland,EFL Championship,68,70,39,58,60,68,73,-1
Carlos Ross,Ross,RW++,Sport Huancayo,Chile,Sudamericana,68,83,60,63,66,41,62,-1
Nicolás Rossi,Rossi,GK++,S. Ameliano,Uruguay,Sudamericana,68,64,67,56,70,22,69,-1
Donat Rrudhani,Rrudhani,RM++,FC Luzern,Kosovo,CSSL,68,75,68,62,69,36,70,-1
Alex Rufer,Rufer,CDM++,Well. Phoenix,New Zealand,A-League,68,64,58,66,66,63,78,-1
Víctor Ruiz Abril,Víctor Ruiz,CM++,FC St. Gallen,Spain,CSSL,68,68,61,71,74,52,58,-1
Haibrany Ruíz Díaz,Ruíz Díaz,CB++,Dep. Táchira,Uruguay,Libertadores,68,64,37,59,60,68,71,-1
Patrick William Sá De Oliveira,Patrick William,CB++,Rio Ave FC,Brazil,Liga Portugal,68,58,61,65,59,67,74,-1
Armando Sadiku,Sadiku,ST++,FC Goa,Albania,Hero ISL,68,65,69,50,63,38,65,-1
Görkem Sağlam,Sağlam,CAM++,Hatayspor,Türkiye,Trendyol Süper Lig,68,71,63,67,70,59,66,-1
Ömer Ali Şahiner,Şahiner,RB++,Başakşehir,Türkiye,Trendyol Süper Lig,68,74,67,66,71,62,70,-1
Rafiki Saïd,Saïd,LM++,ESTAC Troyes,Comoros,Ligue 2 BKT,68,80,65,59,73,24,49,-1
João Pedro Salazar da Graça,João Graça,CM++,Rio Ave FC,Portugal,Liga Portugal,68,67,57,68,70,64,66,-1
Saúl Salcedo,Salcedo,CB++,Newell's,Paraguay,LPF,68,54,33,43,53,70,70,-1
Brian Salvareschi,Salvareschi,CB++,Godoy Cruz,Argentina,LPF,68,55,33,47,52,67,75,-1
Piotr Samiec-Talar,Samiec-Talar,RM++,Śląsk Wrocław,Poland,PKO BP Ekstraklasa,68,84,63,64,66,31,61,-1
Luciano Sánchez,Sánchez,LM++,Argentinos Jrs.,Argentina,Sudamericana,68,76,56,62,70,65,70,-1
Felipe Sánchez,Sánchez,CB++,FC Schalke 04,Argentina,Bundesliga 2,68,61,40,50,55,68,74,-1
Niklas Sandberg,Sandberg,RM++,Sarpsborg 08,Norway,Eliteserien,68,70,64,65,67,51,67,-1
Nazim Sangaré,Sangaré,RB++,Göztepe,Türkiye,Trendyol Süper Lig,68,80,47,60,68,64,67,-1
Kaishū Sano,Sano,CM++,1. FSV Mainz 05,Japan,Bundesliga,68,71,50,63,71,67,60,-1
Kodai Sano,Sano,LM++,N.E.C. Nijmegen,Japan,Eredivisie,68,67,56,67,71,59,64,-1
Pedro Miguel Santos Amador,Pedro Amador,LB++,Atlanta United,Portugal,MLS,68,72,46,66,68,63,61,-1
Franco Saravia,Saravia,GK++,Alianza Lima,Peru,Libertadores,68,66,64,61,70,20,67,-1
Andrés Sarmiento,Sarmiento,LM++,Atl. Nacional,Colombia,Liga Colombia,68,72,65,59,71,27,63,-1
Nikolas Sattlberger,Sattlberger,CDM++,KRC Genk,Austria,1A Pro League,68,53,39,61,61,66,70,-1
Fernando Saucedo,Saucedo,CM++,Bolívar,Bolivia,Libertadores,68,49,61,67,65,67,57,-1
Amine Sbaï,Sbaï,LW++,Grenoble Foot 38,Morocco,Ligue 2 BKT,68,76,62,61,74,27,50,-1
Dan Scarr,Scarr,CB++,Wrexham AFC,England,EFL League One,68,51,40,46,51,68,78,-1
Stefan Schimmer,Schimmer,ST++,Heidenheim,Germany,Bundesliga,68,64,68,48,63,29,72,-1
Lukas Schleimer,Schleimer,CAM++,1. FC Nürnberg,Germany,Bundesliga 2,68,70,61,63,71,44,52,-1
Alessandro Schöpf,Schöpf,CM++,Whitecaps FC,Austria,MLS,68,69,65,67,69,61,69,-1
Marvin Schulz,Schulz,CB++,Holstein Kiel,Germany,Bundesliga,68,66,63,63,67,68,70,-1
Iñigo Sebastián Magaña,Iñigo Piña,CB++,CD Eldense,Spain,LALIGA HYPERMOTION,68,65,33,50,50,69,65,-1
Rubin Seigers,Seigers,CB++,KVC Westerlo,Belgium,1A Pro League,68,66,25,57,51,69,67,-1
Claudio Sepúlveda,Sepúlveda,CDM++,Huachipato,Chile,Libertadores,68,59,58,60,58,63,69,-1
Mats Seuntjens,Seuntjens,ST++,CD Castellón,Netherlands,LALIGA HYPERMOTION,68,75,68,68,67,51,71,-1
Maryan Shved,Shved,RM++,Shakhtar Donetsk,Ukraine,Ukrayina Liha,68,72,68,62,72,38,48,-1
Igor Silva de Almeida,Igor Silva,RB++,FC Lorient,Brazil,Ligue 2 BKT,68,74,53,62,71,64,63,-1
Marco André Silva Lopes Matias,Marco Matias,LM++,Farense,Portugal,Liga Portugal,68,74,67,63,70,36,59,-1
Jean Carlos Silva Rocha,Jean Carlos,LM++,Raków,Brazil,PKO BP Ekstraklasa,68,85,60,63,64,45,66,-1
Roko Šimić,Šimić,ST++,RB Salzburg,Croatia,Ö. Bundesliga,68,64,68,62,69,30,76,-1
Danel Sinani,Sinani,RM++,FC St. Pauli,Luxembourg,Bundesliga,68,69,66,68,68,41,65,-1
Doğukan Sinik,Sinik,LM++,Hull City,Türkiye,EFL Championship,68,81,62,64,72,38,48,-1
Tobias Sippel,Sippel,GK++,M'gladbach,Germany,Bundesliga,68,67,65,74,67,47,66,-1
Jonathan Sirois,Sirois,GK++,CF Montréal,Canada,MLS,68,69,65,55,69,34,69,-1
Abdoulaye Sissako,Sissako,CM++,KV Kortrijk,France,1A Pro League,68,71,58,65,72,64,77,-1
Maxime Sivis,Sivis,RB++,FC Dinamo 1948,France,SUPERLIGA,68,76,58,60,66,62,73,-1
Tom Slončík,Slončík,CAM++,Viktoria Plzeň,Czechia,Česká Liga,68,67,67,67,70,42,59,-1
Gabriel Slonina,Slonina,GK++,Barnsley,United States,EFL League One,68,70,65,63,70,45,65,-1
Sam Smith,Smith,ST++,Reading,England,EFL League One,68,74,66,57,66,29,76,-1
Mario Soberón Gutiérrez,Soberón,ST++,Real Zaragoza,Spain,LALIGA HYPERMOTION,68,70,69,56,67,34,53,-1
Dejan Sorgić,Sorgić,ST++,FC Sion,Switzerland,CSSL,68,63,69,62,69,41,65,-1
Gonzalo Sosa,Sosa,ST++,Palestino,Argentina,Libertadores,68,53,71,45,62,21,67,-1
Eduardo Sosa,Sosa,CAM++,Deportes Tolima,Venezuela,Sudamericana,68,70,68,62,72,39,64,-1
Guillermo Soto,Soto,RB++,Uni. Católica,Chile,Sudamericana,68,77,27,61,66,63,62,-1
Sambou Soumano,Soumano,ST++,FC Lorient,Senegal,Ligue 2 BKT,68,69,69,52,69,25,53,-1
Filip Kurto,Kurto,GK++,Macarthur FC,Poland,A-League,68,67,65,60,71,49,66,-1
Hector Kyprianou,Kyprianou,CDM++,Peterborough,Cyprus,EFL League One,68,64,60,60,65,64,75,-1
Tomás Lago Pontes Esteves,Tomás Esteves,RB++,Pisa,Portugal,Serie BKT,68,77,48,62,67,62,69,-1
Agustín Lagos,Lagos,RB++,Vélez Sarsfield,Argentina,LPF,68,68,51,60,64,64,69,-1
Anthony Landázuri,Landázuri,RB++,Independiente DV,Ecuador,Libertadores,68,77,43,53,56,65,76,-1
Yasser Larouci,Larouci,LB++,Watford,Algeria,EFL Championship,68,71,47,59,69,65,64,-1
Lars Olden Larsen,Larsen,LM++,N.E.C. Nijmegen,Norway,Eredivisie,68,74,68,60,71,52,60,-1
Eric Larsson,Larsson,RB++,Lillestrøm SK,Sweden,Eliteserien,68,66,54,64,65,63,77,-1
Lion Lauberbach,Lauberbach,ST++,KV Mechelen,Germany,1A Pro League,68,77,63,59,66,40,77,-1
Jacob Barrett Laursen,Laursen,LB++,BK Häcken,Denmark,Allsvenskan,68,61,52,60,67,65,70,-1
Florian Le Joncour,Le Joncour,CB++,SV Elversberg,France,Bundesliga 2,68,61,38,39,40,70,76,-1
Marcos Ledesma,Ledesma,GK++,Gimnasia,Argentina,LPF,68,70,65,61,69,51,67,-1
Ryan Ledson,Ledson,CDM++,Preston,England,EFL Championship,68,62,55,66,66,63,74,-1
Dong Hee Lee,Lee Dong Hee,CB++,Pohang Steelers,Korea Republic,K League 1,68,64,26,50,47,68,71,-1
Tae Suk Lee,Lee Tae Suk,LB++,Pohang Steelers,Korea Republic,K League 1,68,76,40,59,68,60,67,-1
Myung Jae Lee,Lee Myung Jae,LB++,Ulsan Hyundai,Korea Republic,K League 1,68,77,43,60,68,60,68,-1
Gwang Yeon Lee,Lee Gwang Yeon,GK++,Gangwon FC,Korea Republic,K League 1,68,70,62,58,74,23,66,-1
Robert Leipertz,Leipertz,ST++,1. FC Magdeburg,Germany,Bundesliga 2,68,71,68,65,69,35,70,-1
Lucas Lemos,Lemos,CDM++,Liverpool,Uruguay,Libertadores,68,55,50,60,49,69,71,-1
Brooks Lennon,Lennon,RB++,Atlanta United,United States,MLS,68,73,62,70,65,59,70,-1
Dylan Levitt,Levitt,CM++,Hibernian,Wales,cinch Prem,68,63,66,68,69,59,63,-1
Oscar Lewicki,Lewicki,CDM++,Malmö FF,Sweden,Allsvenskan,68,53,55,59,64,69,73,-1
Kevin Lewis,Lewis,CDM++,Danubio,Uruguay,Sudamericana,68,68,58,61,63,66,67,-1
Clayton Lewis,Lewis,CDM++,Macarthur FC,New Zealand,A-League,68,70,58,69,68,61,76,-1
Franco Leys,Leys,CDM++,América de Cali,Argentina,Sudamericana,68,64,50,60,62,67,66,-1
Sang Hyub Lim,Lim Sang Hyub,LM++,FC Seoul,Korea Republic,K League 1,68,75,65,62,68,43,69,-1
Dug Keun Lim,Lim Dug Keun,CDM++,Daejeon Citizen,Korea Republic,K League 1,68,62,51,57,59,67,77,-1
Nicolás Linares,Linares,CDM++,Palestino,Argentina,Libertadores,68,58,54,63,65,67,67,-1
Jesper Löfgren,Löfgren,CB++,FC Luzern,Sweden,CSSL,68,47,30,43,56,67,77,-1
Justin Lonwijk,Lonwijk,CM++,Dynamo Kyiv,Suriname,Ukrayina Liha,68,73,63,65,68,62,77,-1
Marcos López,López,LM++,F.C. København,Peru,3F Superliga,68,76,54,64,71,65,71,-1
Marcel Lotka,Lotka,GK++,Borussia Dortmund,Poland,Bundesliga,68,68,65,56,71,24,69,-1
Tom Louchet,Louchet,LW++,OGC Nice,France,Ligue 1 Uber Eats,68,69,63,66,71,62,61,-1
Miguel Loureiro Ameijenda,Loureiro,CB++,SD Huesca,Spain,LALIGA HYPERMOTION,68,69,38,52,64,69,69,-1
Adrián Luna,Luna,CAM++,Kerala Blasters,Uruguay,Hero ISL,68,78,63,69,69,40,46,-1
Diego Luna,Luna,LM++,Real Salt Lake,United States,MLS,68,77,59,62,75,42,68,-1
Valdemar Lund,Lund,CB++,Molde FK,Denmark,Eliteserien,68,52,42,57,56,66,74,-1
Jamie Maclaren,Maclaren,ST++,ATK Mohun Bagan,Australia,Hero ISL,68,77,67,61,67,38,71,-1
Zac MacMath,MacMath,GK++,Real Salt Lake,United States,MLS,68,68,67,69,69,37,66,-1
Johan Madrid,Madrid,RB++,UCV,Peru,Sudamericana,68,73,43,58,66,64,68,-1
Julien Maggiotti,Maggiotti,CM++,SC Bastia,France,Ligue 2 BKT,68,61,69,68,70,55,75,-1
Pablo Magnín,Magnín,ST++,Dep. Cuenca,Argentina,Sudamericana,68,64,70,55,68,24,62,-1
Lars Lukas Mai,Mai,CB++,FC Lugano,Germany,CSSL,68,54,34,54,52,66,75,-1
Adilson Malanda,Malanda,CB++,Charlotte FC,France,MLS,68,61,32,49,55,67,71,-1
Alexis Maldonado,Maldonado,CB++,Banfield,Argentina,LPF,68,50,32,42,46,69,77,-1
Nicolás Maná,Maná,RM++,Sportivo Luqueño,Argentina,Sudamericana,68,81,64,61,71,29,66,-1
Cyril Mandouki,Mandouki,CDM++,Gaziantep,France,Trendyol Süper Lig,68,48,54,63,65,65,78,-1
Martin Männel,Männel,GK++,FC Erzgebirge Aue,Germany,3. Liga,68,71,67,58,70,49,66,-1
Sivert Heggheim Mannsverk,Mannsverk,CDM++,Ajax,Norway,Eredivisie,68,62,58,65,68,63,74,-1
Kevin Mantilla,Mantilla,CB++,Talleres,Colombia,Libertadores,68,55,35,50,49,68,71,-1
Riccardo Marchizza,Marchizza,LB++,Frosinone,Italy,Serie BKT,68,55,37,60,64,69,66,-1
Iván Márquez Álvarez,Iván Márquez,CB++,N.E.C. Nijmegen,Spain,Eredivisie,68,49,43,50,50,68,76,-1
Manuel Marras,Marras,RM++,Cosenza,Italy,Serie BKT,68,79,62,63,69,31,48,-1
Daniel Martín Fernández,Dani Martín,GK++,CD Eldense,Spain,LALIGA HYPERMOTION,68,67,66,68,69,47,67,-1
Ignacio Martín Gómez,Nacho Martín,CDM++,R. Sporting,Spain,LALIGA HYPERMOTION,68,70,45,67,65,64,63,-1
Mario Martín Rielves,Mario Martín,CM++,R. Valladolid CF,Spain,LALIGA EA SPORTS,68,68,53,68,72,63,49,-1
José Alejandro Martín Valerón,Álex Martín,CB++,Elche CF,Spain,LALIGA HYPERMOTION,68,42,42,53,47,69,65,-1
Marc Martínez Aranda,Marc Martínez,GK++,Granada CF,Spain,LALIGA HYPERMOTION,68,70,68,65,71,49,66,-1
José Antonio Martínez Gil,Martínez,CB++,Córdoba CF,Spain,LALIGA HYPERMOTION,68,42,37,51,52,68,73,-1
Christian Mathenia,Mathenia,GK++,1. FC Nürnberg,Germany,Bundesliga 2,68,69,68,52,70,45,67,-1
Henning Matriciani,Matriciani,RB++,FC Schalke 04,Germany,Bundesliga 2,68,77,35,51,54,63,72,-1
Camilo Mayada,Mayada,RB++,Peñarol,Uruguay,Libertadores,68,74,64,69,70,62,70,-1
Fally Mayulu,Mayulu,ST++,Bristol City,France,EFL Championship,68,76,69,51,67,24,71,-1
Bradley Mazikou,Mazikou,LB++,Servette FC,France,CSSL,68,76,32,60,62,63,58,-1
Olivier Mbaizo,Mbaizo,RB++,Philadelphia,Cameroon,MLS,68,80,36,58,69,63,65,-1
Jean-Manuel Mbom,Mbom,CM++,Viborg FF,Germany,3F Superliga,68,70,60,66,69,64,72,-1
Dax McCarty,McCarty,CDM++,Atlanta United,United States,MLS,68,43,53,62,63,65,72,-1
Jack McGlynn,McGlynn,CM++,Philadelphia,United States,MLS,68,70,53,71,68,56,60,-1
Sean McLoughlin,McLoughlin,CB++,Hull City,Republic of Ireland,EFL Championship,68,54,31,53,57,68,73,-1
Anis Mehmeti,Mehmeti,LM++,Bristol City,Albania,EFL Championship,68,74,62,61,73,54,65,-1
Danilo Filipe Melo Veiga,Danilo Veiga,RB++,Estrela Amadora,Portugal,Liga Portugal,68,69,57,59,64,68,70,-1
Daniel Paraschiv,Paraschiv,ST++,R. Oviedo,Romania,LALIGA HYPERMOTION,68,75,67,55,67,32,76,-1
Ezequiel Parnisari,Parnisari,CB++,Unión La Calera,Argentina,Sudamericana,68,33,27,48,47,68,67,-1
Troy Parrott,Parrott,ST++,AZ,Republic of Ireland,Eredivisie,68,78,65,61,71,44,65,-1
Juan Patiño,Patiño,CB++,S. Ameliano,Paraguay,Sudamericana,68,60,24,48,47,67,76,-1
Charlie Patino,Patino,CM++,Arsenal,England,Premier League,68,60,48,71,68,65,65,-1
Louis Patris,Patris,RB++,RSC Anderlecht,Belgium,1A Pro League,68,75,49,60,61,67,70,-1
Luis Paz,Paz,CDM++,América de Cali,Colombia,Sudamericana,68,59,53,60,60,67,75,-1
Aynsley Pears,Pears,GK++,Blackburn Rovers,England,EFL Championship,68,70,64,65,72,45,65,-1
Matty Pearson,Pearson,CB++,Huddersfield,England,EFL League One,68,50,47,45,51,67,78,-1
Marvin Peersman,Peersman,CB++,FC Groningen,Belgium,Eredivisie,68,71,48,56,63,68,74,-1
Tomáš Pekhart,Pekhart,ST++,Legia Warszawa,Czechia,PKO BP Ekstraklasa,68,59,68,53,55,33,78,-1
Pietro Pellegri,Pellegri,ST++,Torino,Italy,Serie A TIM,68,56,68,54,67,21,61,-1
Théo Pellenard,Pellenard,CB++,AJ Auxerre,France,Ligue 1 Uber Eats,68,50,37,64,65,69,69,-1
Henrique Pereira Araújo,Henrique Araújo,ST++,Arouca,Portugal,Liga Portugal,68,70,66,56,65,26,70,-1
Elías Pereyra,Pereyra,LB++,Godoy Cruz,Argentina,LPF,68,80,32,54,65,63,60,-1
César Pérez,Pérez,CM++,Defensa,Chile,Sudamericana,68,69,59,60,69,52,62,-1
Aleks Petkov,Petkov,CB++,Śląsk Wrocław,Bulgaria,PKO BP Ekstraklasa,68,60,37,42,47,67,77,-1
Lukas Petkov,Petkov,CM++,SV Elversberg,Bulgaria,Bundesliga 2,68,75,66,65,71,56,63,-1
Dimitri Petratos,Petratos,ST++,ATK Mohun Bagan,Australia,Hero ISL,68,64,70,68,68,49,71,-1
Raoul Petretta,Petretta,LB++,Toronto FC,Italy,MLS,68,78,36,62,68,63,71,-1
Jacopo Petriccione,Petriccione,CM++,Catanzaro,Italy,Serie BKT,68,46,51,69,68,55,62,-1
Radosav Petrović,Petrović,CDM++,Apoel FC,Serbia,Liga Cyprus,68,35,54,59,58,68,76,-1
Leonel Picco,Picco,CDM++,Platense,Argentina,LPF,68,54,58,61,63,65,73,-1
Santiago Pierotti,Pierotti,RW++,Lecce,Argentina,Serie A TIM,68,67,67,65,71,61,67,-1
Balthazar Pierret,Pierret,CDM++,Lecce,France,Serie A TIM,68,66,52,59,64,68,70,-1
Iván Pillud,Pillud,RB++,Central Córdoba,Argentina,LPF,68,59,58,65,63,69,70,-1
César Pinares,Pinares,CAM++,Uni. Católica,Chile,Sudamericana,68,67,64,70,70,52,69,-1
Guilherme Magro Pires Ramos,Guilherme Ramos,CB++,Hamburger SV,Portugal,Bundesliga 2,68,60,33,46,50,67,78,-1
František Plach,Plach,GK++,Piast Gliwice,Slovakia,PKO BP Ekstraklasa,68,66,66,65,66,33,67,-1
Dennis Politic,Politic,LW++,FC Dinamo 1948,Romania,SUPERLIGA,68,78,65,62,72,31,71,-1
Julian Pollersbeck,Pollersbeck,GK++,Jahn Regensburg,Germany,Bundesliga 2,68,69,64,68,68,37,68,-1
Mattie Pollock,Pollock,CB++,Watford,England,EFL Championship,68,57,23,43,46,67,78,-1
Paxton Pomykal,Pomykal,CM++,FC Dallas,United States,MLS,68,73,57,70,72,61,67,-1
Mihai Popa,Popa,GK++,CFR 1907 Cluj,Romania,SUPERLIGA,68,66,66,62,72,41,63,-1
Laurențiu Popescu,Popescu,GK++,Univ. Craiova,Romania,SUPERLIGA,68,68,67,67,69,31,67,-1
Janio Pósito,Pósito,ST++,ADT,Peru,Sudamericana,68,62,70,50,64,22,52,-1
Tomás Pozzo,Pozzo,RW++,Godoy Cruz,Argentina,LPF,68,77,61,66,72,45,53,-1
Maxence Prévot,Prévot,GK++,OH Leuven,France,1A Pro League,68,68,69,68,67,36,68,-1
Alex Pritchard,Pritchard,CAM++,Sivasspor,England,Trendyol Süper Lig,68,59,67,69,72,52,45,-1
Martín Prost,Prost,ST++,Nacional Potosí,Argentina,Sudamericana,68,65,68,56,66,31,65,-1
Nicolás Quagliata,Quagliata,CAM++,Central Córdoba,Uruguay,LPF,68,68,60,68,73,38,42,-1
Daniel Queipo Menéndez,Daniel Queipo,LM++,R. Sporting,Spain,LALIGA HYPERMOTION,68,81,65,62,68,30,47,-1
Rubert Quijada,Quijada,CB++,Caracas F.C.,Venezuela,Libertadores,68,63,33,55,50,69,71,-1
Álvaro Quiroga,Quiroga,CDM++,The Strongest,Bolivia,Libertadores,68,69,57,69,65,62,66,-1
Joe Rafferty,Rafferty,RB++,Rotherham Utd,Republic of Ireland,EFL League One,68,65,38,61,63,65,72,-1
Nicolás Ramírez,Ramírez,CB++,Barcelona SC,Chile,Libertadores,68,57,36,50,58,69,69,-1
Christian Ramirez,Ramirez,ST++,Columbus Crew,United States,MLS,68,60,68,55,65,30,73,-1
Jiovany Ramos,Ramos,CB++,Alianza Lima,Panama,Libertadores,68,57,33,56,54,68,72,-1
Nicolai Rapp,Rapp,CDM++,Karlsruher SC,Germany,Bundesliga 2,68,54,42,55,59,69,72,-1
Tobias Raschl,Raschl,CM++,Kaiserslautern,Germany,Bundesliga 2,68,64,55,65,71,58,67,-1
Henrich Ravas,Ravas,GK++,Cracovia,Slovakia,PKO BP Ekstraklasa,68,67,67,64,69,37,70,-1
Christiaan Ravych,Ravych,CB++,Cercle Brugge,Belgium,1A Pro League,68,46,28,51,58,68,65,-1
Johannes Reichert,Reichert,CB++,SSV Ulm 1846,Germany,Bundesliga 2,68,66,32,50,61,68,73,-1
Dominik Reimann,Reimann,GK++,1. FC Magdeburg,Germany,Bundesliga 2,68,68,66,73,68,45,70,-1
Francisco Reis Ferreira,Ferro,CB++,Estrela Amadora,Portugal,Liga Portugal,68,52,42,54,59,68,73,-1
Erlend Dahl Reitan,Reitan,RB++,Rosenborg BK,Norway,Eliteserien,68,79,47,58,65,62,74,-1
Nicolai Remberg,Remberg,CM++,Holstein Kiel,Germany,Bundesliga,68,69,53,63,68,62,76,-1
Jordan Rhodes,Rhodes,ST++,Blackpool,Scotland,EFL League One,68,61,70,53,61,39,59,-1
Brayan Riascos,Riascos,ST++,Qingdao W. Coast,Colombia,CSL,68,80,67,62,66,36,76,-1
Clemens Riedel,Riedel,CB++,SV Darmstadt 98,Germany,Bundesliga 2,68,54,28,48,56,69,68,-1
Ciro Rius,Rius,RM++,Platense,Argentina,LPF,68,69,61,67,70,57,60,-1
Rigoberto Rivas,Rivas,LM++,Hatayspor,Honduras,Trendyol Süper Lig,68,79,62,63,69,34,56,-1
José Rivera,Rivera,ST++,Universitario,Peru,Libertadores,68,69,72,62,68,48,64,-1
Harold Rivera,Rivera,CDM++,América de Cali,Colombia,Sudamericana,68,71,59,68,67,63,67,-1
Tyler Roberts,Roberts,CAM++,Birmingham City,Wales,EFL League One,68,70,64,63,72,38,67,-1
Thomas Robinet,Robinet,ST++,Almere City FC,France,Eredivisie,68,71,67,62,67,34,71,-1
Carlos Robles,Robles,CDM++,Dep. Táchira,Colombia,Libertadores,68,52,48,60,57,64,75,-1
Paulo Henrique Rodrigues Cabral,Paulo Henrique,LB++,Santa Clara,Portugal,Liga Portugal,68,71,50,64,62,65,70,-1
Thiago Rodrigues da Silva,Thiago Rodrigues,GK++,Arouca,Brazil,Liga Portugal,68,67,62,69,68,27,68,-1
Paul Wanner,Wanner,CAM++,Heidenheim,Germany,Bundesliga,68,69,55,66,73,44,49,-1
Duncan Watmore,Watmore,ST++,Millwall,England,EFL Championship,68,81,67,62,69,36,62,-1
Bartłomiej Wdowik,Wdowik,LB++,SC Braga,Poland,Liga Portugal,68,74,61,67,66,61,65,-1
Nahki Wells,Wells,ST++,Bristol City,Bermuda,EFL Championship,68,73,68,63,68,44,65,-1
Stephen Welsh,Welsh,CB++,Celtic,Scotland,cinch Prem,68,66,31,57,62,67,69,-1
Erick Wiemberg,Wiemberg,LB++,Colo-Colo,Chile,Libertadores,68,70,51,62,64,65,72,-1
Caleb Wiley,Wiley,LB++,Strasbourg,United States,Ligue 1 Uber Eats,68,76,52,63,72,62,63,-1
Jetro Willems,Willems,LB++,CD Castellón,Netherlands,LALIGA HYPERMOTION,68,64,63,69,68,66,72,-1
Loïc Williams Ntambue,Loïc Williams,CB++,Granada CF,Spain,LALIGA HYPERMOTION,68,69,37,53,59,67,77,-1
Ben Wilson,Wilson,GK++,Coventry City,England,EFL Championship,68,71,67,62,72,44,65,-1
Szymon Włodarczyk,Włodarczyk,ST++,SK Sturm Graz,Poland,Ö. Bundesliga,68,71,68,51,65,23,72,-1
Cauley Woodrow,Woodrow,ST++,Luton Town,England,EFL Championship,68,56,71,59,68,30,65,-1
Taulant Xhaka,Xhaka,CDM++,FC Basel 1893,Albania,CSSL,68,64,62,66,67,64,76,-1
Pengfei Xie,Xie Pengfei,RM++,Shanghai Shenhua,China PR,CSL,68,80,62,64,67,49,68,-1
Kevin Yakob,Yakob,CM++,AGF,Iraq,3F Superliga,68,70,63,69,72,62,66,-1
Erencan Yardımcı,Yardımcı,ST++,Eyüpspor,Türkiye,Trendyol Süper Lig,68,76,64,52,67,28,72,-1
Yehor Yarmoliuk,Yarmoliuk,CAM++,Brentford,Ukraine,Premier League,68,67,61,68,71,47,64,-1
Kartal Yılmaz,Yılmaz,CDM++,Kayserispor,Türkiye,Trendyol Süper Lig,68,67,52,71,66,64,68,-1
Frank Ysique,Ysique,CDM++,UCV,Peru,Sudamericana,68,56,55,61,64,64,64,-1
Facundo Zabala,Zabala,LB++,Olimpia,Argentina,Sudamericana,68,74,36,59,60,63,56,-1
Žan Zaletel,Zaletel,CB++,Viborg FF,Slovenia,3F Superliga,68,53,28,47,53,68,71,-1
Franco Zanelatto,Zanelatto,RM++,Alianza Lima,Paraguay,Libertadores,68,75,66,62,69,50,66,-1
Gyasi Zardes,Zardes,ST++,Austin FC,United States,MLS,68,68,65,52,62,43,76,-1
Moustafa Zeidan,Zeidan,CAM++,Rosenborg BK,Palestine,Eliteserien,68,61,64,68,73,52,67,-1
Manuel Zeitz,Zeitz,CB++,Saarbrücken,Germany,3. Liga,68,51,54,57,58,67,77,-1
Jordan Zemura,Zemura,LB++,Udinese,Zimbabwe,Serie A TIM,68,73,39,59,67,64,59,-1
Altin Zeqiri,Zeqiri,LW++,Çaykur Rizespor,Kosovo,Trendyol Süper Lig,68,72,71,62,69,32,55,-1
Nathan Zézé,Zézé,CB++,FC Nantes,France,Ligue 1 Uber Eats,68,64,31,45,49,70,63,-1
Dilan Zúñiga,Zúñiga,LB++,Palestino,Chile,Libertadores,68,79,45,59,67,62,65,-1
Issa Soumaré,Soumaré,LM++,Havre AC,Senegal,Ligue 1 Uber Eats,68,82,64,59,68,19,61,-1
Furkan Soyalp,Soyalp,CM++,Gaziantep,Türkiye,Trendyol Süper Lig,68,70,62,69,70,54,64,-1
Blair Spittal,Spittal,CM++,Hearts,Scotland,cinch Prem,68,75,67,68,70,55,67,-1
Dennis Srbeny,Srbeny,ST++,Fürth,Germany,Bundesliga 2,68,64,66,59,68,33,71,-1
Apostolos Stamatelopoulos,Stamatelopoulos,ST++,Motherwell,Australia,cinch Prem,68,70,66,58,65,40,79,-1
Jozo Stanić,Stanić,CB++,FC St. Gallen,Croatia,CSSL,68,61,28,57,59,68,75,-1
Lucas Stassin,Stassin,ST++,KVC Westerlo,Belgium,1A Pro League,68,69,72,63,68,34,57,-1
Jed Steer,Steer,GK++,Peterborough,England,EFL League One,68,69,67,67,68,51,68,-1
Enda Stevens,Stevens,LB++,Stoke City,Republic of Ireland,EFL Championship,68,63,45,63,65,65,73,-1
Paul Stock,Stock,CAM++,SV Elversberg,Germany,Bundesliga 2,68,68,65,67,66,54,74,-1
Luca Strizzolo,Strizzolo,ST++,Modena,Italy,Serie BKT,68,71,66,56,64,32,74,-1
Brad Stuver,Stuver,GK++,Austin FC,United States,MLS,68,68,68,66,69,47,68,-1
Boško Šutalo,Šutalo,CB++,Standard Liège,Croatia,1A Pro League,68,60,44,56,62,70,67,-1
Yuito Suzuki,Suzuki,CAM++,Brøndby IF,Japan,3F Superliga,68,73,68,63,72,48,52,-1
Sander Svendsen,Svendsen,RW++,Viking FK,Norway,Eliteserien,68,82,64,62,70,36,66,-1
Gábor Szalai,Szalai,CB++,Lausanne-Sport,Hungary,CSSL,68,54,38,41,46,67,76,-1
Péter Szappanos,Szappanos,GK++,Al Fateh,Hungary,ROSHN Saudi League,68,66,63,60,74,24,65,-1
Patryk Szysz,Szysz,RM++,Başakşehir,Poland,Trendyol Süper Lig,68,84,69,59,68,33,70,-1
Maksym Taloverov,Taloverov,CB++,LASK,Ukraine,Ö. Bundesliga,68,58,38,54,57,67,75,-1
Xin Tang,Tang Xin,RB++,Rongcheng FC,China PR,CSL,68,76,32,48,61,64,71,-1
George Tanner,Tanner,RB++,Bristol City,England,EFL Championship,68,71,43,55,65,65,67,-1
Gonzalo Tapia,Tapia,RM++,Uni. Católica,Chile,Sudamericana,68,79,61,58,69,25,67,-1
Yohan Tavares,Yohan Tavares,CB++,Stade Lavallois,Portugal,Ligue 2 BKT,68,55,41,52,56,68,72,-1
Elayis Tavşan,Tavşan,RW++,Hellas Verona,Netherlands,Serie A TIM,68,79,64,62,71,24,55,-1
Jack Taylor,Taylor,CDM++,Ipswich,Republic of Ireland,Premier League,68,72,65,64,67,64,71,-1
Duplexe Tchamba,Tchamba,CB++,Casa Pia AC,Cameroon,Liga Portugal,68,69,35,45,54,67,78,-1
Malik Tchokounté,Tchokounté,ST++,Stade Lavallois,France,Ligue 2 BKT,68,40,69,54,64,24,79,-1
Lino Tempelmann,Tempelmann,CM++,FC Schalke 04,Germany,Bundesliga 2,68,76,56,64,70,66,68,-1
Robert Tesche,Tesche,CM++,VfL Osnabrück,Germany,3. Liga,68,39,66,68,67,68,69,-1
Stefán Teitur Thórdarson,Thórdarson,CM++,Preston,Iceland,EFL Championship,68,60,65,64,65,62,69,-1
Konstantinos Thymianis,Thymianis,CDM++,PAOK FC,Greece,Hellas Liga,68,61,49,56,61,66,73,-1
Mohamed Tijani,Tijani,CB++,Yverdon Sport FC,Benin,CSSL,68,66,37,53,58,65,76,-1
David Tijanić,Tijanić,CAM++,Göztepe,Slovenia,Trendyol Süper Lig,68,75,66,66,73,49,67,-1
Eoin Toal,Toal,CB++,Bolton,Northern Ireland,EFL League One,68,50,31,43,53,67,77,-1
Bastien Toma,Toma,CM++,FC St. Gallen,Switzerland,CSSL,68,64,63,66,72,63,67,-1
Gutieri Tomelin,Guti,CB++,Sport Huancayo,Brazil,Sudamericana,68,41,29,50,48,67,71,-1
Jon-Miquel Toral Harper,Jon Toral,CAM++,Mumbai City FC,Spain,Hero ISL,68,70,61,69,67,50,47,-1
Tidjany Touré,Touré,LM++,Gil Vicente,France,Liga Portugal,68,83,61,60,71,26,62,-1
Mathys Tourraine,Tourraine,RB++,Paris FC,Morocco,Ligue 2 BKT,68,76,39,56,64,63,61,-1
Lisandru Tramoni,Tramoni,RM++,SC Bastia,France,Ligue 2 BKT,68,79,61,65,69,42,62,-1
Wil Trapp,Trapp,CDM++,Minnesota United,United States,MLS,68,48,50,65,68,64,66,-1
Arnór Ingvi Traustason,Traustason,CM++,IFK Norrköping,Iceland,Allsvenskan,68,78,68,68,70,58,74,-1
Franco Troyansky,Troyansky,ST++,Gimnasia,Argentina,LPF,68,75,67,63,70,36,72,-1
Beñat Turrientes Imaz,Turrientes,CM++,Real Sociedad,Spain,LALIGA EA SPORTS,68,66,51,69,67,60,53,-1
Marián Tvrdoň,Tvrdoň,GK++,Viktoria Plzeň,Slovakia,Česká Liga,68,69,67,68,71,30,70,-1
Naci Ünüvar,Ünüvar,LW++,Ajax,Türkiye,Eredivisie,68,64,61,68,73,37,45,-1
Luciano Ursino,Ursino,CM++,The Strongest,Bolivia,Libertadores,68,67,66,69,71,54,56,-1
Ramiro Vaca,Vaca,CAM++,Bolívar,Bolivia,Libertadores,68,74,68,67,71,26,40,-1
Ever Valencia,Valencia,LM++,América de Cali,Colombia,Sudamericana,68,84,55,60,70,44,61,-1
Milton Valenzuela,Valenzuela,LB++,FC Lugano,Argentina,CSSL,68,75,44,65,68,62,69,-1
Germán Valera Karabinaite,Valera,RM++,Atlético de Madrid,Spain,LALIGA EA SPORTS,68,83,62,61,71,26,42,-1
Álex Valle Gómez,Álex Valle,LB++,FC Barcelona,Spain,LALIGA EA SPORTS,68,72,46,64,68,62,67,-1
Jules Van Cleemput,Van Cleemput,CB++,KV Mechelen,Belgium,1A Pro League,68,71,31,63,66,68,70,-1
Tom van de Looi,van de Looi,CDM++,FC Famalicão,Netherlands,Liga Portugal,68,67,65,67,69,64,72,-1
Davy van den Berg,van den Berg,CM++,PEC Zwolle,Netherlands,Eredivisie,68,66,66,66,67,60,75,-1
Jan Van den Bergh,Van den Bergh,CB++,NAC Breda,Belgium,Eredivisie,68,65,52,60,63,69,71,-1
Tom Vandenberghe,Vandenberghe,GK++,KV Kortrijk,Belgium,1A Pro League,68,68,65,61,69,29,70,-1
Jonathan Varane,Varane,CDM++,QPR,France,EFL Championship,68,59,46,62,65,66,72,-1
Cristopher Varela,Varela,GK++,Dep. La Guaira,Venezuela,Sudamericana,68,64,68,71,70,33,65,-1
José Varela,Varela,CM++,Racing Club,Uruguay,Sudamericana,68,66,64,71,69,52,57,-1
Diego Varela Pampín,Diego Pampín,LB++,Levante UD,Spain,LALIGA HYPERMOTION,68,70,40,61,64,64,61,-1
Dal Varešanović,Varešanović,CAM++,Çaykur Rizespor,Bosnia and Herzegovina,Trendyol Süper Lig,68,65,63,65,70,40,53,-1
Kerwin Vargas,Vargas,LW++,Charlotte FC,Colombia,MLS,68,81,59,66,69,31,59,-1
Devis Vásquez,Vásquez,GK++,Empoli,Colombia,Serie A TIM,68,67,66,68,71,38,64,-1
Ignacio Vázquez,Vázquez,CB++,Platense,Argentina,LPF,68,43,29,40,43,70,77,-1
Román Vega,Vega,LB++,Argentinos Jrs.,Argentina,Sudamericana,68,71,31,60,65,63,67,-1
Dylan Vente,Vente,ST++,PEC Zwolle,Netherlands,Eredivisie,68,74,68,55,66,27,57,-1
Jesper Verlaat,Verlaat,CB++,1860 München,Netherlands,3. Liga,68,50,26,47,55,67,79,-1
Clément Vidal,Vidal,CB++,AC Ajaccio,France,Ligue 2 BKT,68,47,35,47,57,69,68,-1
Gabriel Vidović,Vidović,LW++,FC Bayern München,Croatia,Bundesliga,68,67,67,61,74,26,53,-1
Leonardo Villagra,Villagra,ST++,S. Ameliano,Paraguay,Sudamericana,68,70,70,58,63,23,66,-1
Guido Villar,Villar,GK++,Independiente DV,Argentina,Libertadores,68,68,65,65,69,18,66,-1
Žan Vipotnik,Vipotnik,ST++,Swansea City,Slovenia,EFL Championship,68,63,68,55,66,22,62,-1
Tabaré Viudez,Viudez,RM++,Wanderers,Uruguay,Sudamericana,68,67,68,70,71,26,54,-1
Kostyantyn Vivcharenko,Vivcharenko,LB++,Dynamo Kyiv,Ukraine,Ukrayina Liha,68,71,48,64,67,64,65,-1
Kevin Viveros,Viveros,RM++,Atl. Nacional,Colombia,Liga Colombia,68,75,63,65,71,49,55,-1
Cristian Volpato,Volpato,CAM++,Sassuolo,Italy,Serie BKT,68,61,64,67,70,39,60,-1
Sandy Walsh,Walsh,RB++,KV Mechelen,Indonesia,1A Pro League,68,58,37,61,64,66,72,-1
Christian Walton,Walton,GK++,Ipswich,England,Premier League,68,69,68,64,69,35,66,-1
Kady Iuri Borges Malinowski,Kady,CAM++,Ferencvárosi TC,Brazil,Magyar Liga,68,74,62,64,69,43,68,-1
Terrence Boyd,Boyd,ST++,SV Waldhof,United States,3. Liga,68,63,69,46,62,27,78,-1
Quentin Braat,Braat,GK++,R. Oviedo,France,LALIGA HYPERMOTION,68,68,65,73,68,29,67,-1
Chris Brady,Brady,GK++,Chicago Fire FC,United States,MLS,68,72,64,62,73,29,66,-1
Bilal Brahimi,Brahimi,CAM++,SM Caen,France,Ligue 2 BKT,68,71,63,67,70,46,57,-1
Luke Brattan,Brattan,CDM++,Macarthur FC,Australia,A-League,68,53,63,70,65,60,78,-1
Jonatan Braut-Brunes,Braut-Brunes,ST++,Raków,Norway,PKO BP Ekstraklasa,68,74,66,54,65,35,74,-1
Emil Breivik,Breivik,CDM++,Molde FK,Norway,Eliteserien,68,75,55,63,67,62,75,-1
Fabrizio Brignani,Brignani,CB++,Mantova,Italy,Serie BKT,68,62,43,41,54,71,68,-1
Massimo Bruno,Bruno,CAM++,KV Kortrijk,Belgium,1A Pro League,68,68,67,68,70,42,59,-1
Dženis Burnić,Burnić,CDM++,Karlsruher SC,Germany,Bundesliga 2,68,73,48,64,70,64,67,-1
Salvatore Burrai,Burrai,CDM++,Mantova,Italy,Serie BKT,68,65,62,69,69,63,71,-1
Alexander Busch,Busch,CB++,Silkeborg IF,Denmark,3F Superliga,68,54,29,45,53,69,67,-1
Jack Byrne,Byrne,RW++,Shamrock Rovers,Republic of Ireland,SSE Airtricity PD,68,70,65,69,70,49,64,-1
Martín Cáceres,Cáceres,CB++,LA Galaxy,Uruguay,MLS,68,64,51,63,64,67,74,-1
Darío Cáceres,Cáceres,LB++,Defensa,Paraguay,Sudamericana,68,81,36,55,63,64,69,-1
Gonzalo Cacicedo Verdú,Gonzalo Verdú,CB++,FC Cartagena,Spain,LALIGA HYPERMOTION,68,48,53,57,56,67,75,-1
Maximiliano Caire,Caire,RB++,The Strongest,Argentina,Libertadores,68,67,53,62,66,67,61,-1
Arturo Calabresi,Calabresi,RB++,Pisa,Italy,Serie BKT,68,50,31,60,62,68,74,-1
Brian Calderara,Calderara,LM++,Newell's,Argentina,LPF,68,74,52,64,66,64,50,-1
Lucas Felipe Calegari,Calegari,RB++,FC Famalicão,Brazil,Liga Portugal,68,81,33,59,67,61,58,-1
Iván Calero Ruiz,Iván Calero,RB++,Real Zaragoza,Spain,LALIGA HYPERMOTION,68,79,48,67,68,62,61,-1
Fabrizio Caligara,Caligara,CM++,Sassuolo,Italy,Serie BKT,68,63,59,65,69,66,72,-1
Rudy Camacho,Camacho,CB++,Columbus Crew,France,MLS,68,36,46,62,59,66,80,-1
Adama Camara,Camara,CM++,Paris FC,France,Ligue 2 BKT,68,65,60,65,70,61,52,-1
Víctor Camarasa Ferrando,Camarasa,CM++,CD Eldense,Spain,LALIGA HYPERMOTION,68,56,70,70,69,63,62,-1
Víctor Campuzano Bonilla,Campuzano,ST++,R. Sporting,Spain,LALIGA HYPERMOTION,68,78,67,60,68,19,68,-1
Richard Cândido Coelho,Richard,CDM++,Alanyaspor,Brazil,Trendyol Süper Lig,68,69,55,62,66,69,65,-1
Ezequiel Cañete,Cañete,CAM++,Banfield,Argentina,LPF,68,62,66,68,69,52,69,-1
Russell Canouse,Canouse,CDM++,D.C. United,United States,MLS,68,65,53,55,65,67,77,-1
Alejandro Cantero Sánchez,Cantero,ST++,CD Tenerife,Spain,LALIGA HYPERMOTION,68,78,67,61,68,30,65,-1
Yunding Cao,Cao Yunding,LM++,Shanghai Shenhua,China PR,CSL,68,74,63,66,70,36,61,-1
Antonio Caracciolo,Caracciolo,CB++,Pisa,Italy,Serie BKT,68,47,32,49,62,68,75,-1
Luis Cardozo,Cardozo,CB++,Libertad,Paraguay,Libertadores,68,57,35,46,55,70,68,-1
Fernando Cardozo,Cardozo,RM++,Newell's,Paraguay,LPF,68,78,66,59,70,26,63,-1
Lorenzo Carissoni,Carissoni,LB++,Cittadella,Italy,Serie BKT,68,76,50,59,65,62,68,-1
Rafael Carrascal,Carrascal,CM++,Cerro Porteño,Colombia,Libertadores,68,66,61,69,64,62,71,-1
Andy Carroll,Carroll,ST++,Amiens SC,England,Ligue 2 BKT,68,37,71,60,58,44,80,-1
Facundo Agustín Cáseres,Cáseres,CDM++,Gil Vicente,Argentina,Liga Portugal,68,67,60,64,69,64,58,-1
Nicolás Castillo,Castillo,ST++,Uni. Católica,Chile,Sudamericana,68,61,71,60,65,38,60,-1
Nilson Castrillón,Castrillón,RB++,América de Cali,Colombia,Sudamericana,68,70,29,47,55,67,71,-1
Agustín Cayetano,Cayetano,LB++,Liverpool,Uruguay,Libertadores,68,65,35,58,50,66,62,-1
Jason Ceka,Ceka,RW++,1. FC Magdeburg,Germany,Bundesliga 2,68,71,64,63,75,28,49,-1
Bersant Celina,Celina,LM++,AIK,Kosovo,Allsvenskan,68,78,62,65,69,25,62,-1
Luca Ceppitelli,Ceppitelli,CB++,Südtirol,Italy,Serie BKT,68,36,40,43,48,70,65,-1
Francisco Cerro,Cerro,CDM++,Wanderers,Argentina,Sudamericana,68,65,60,62,66,66,76,-1
Mehdi Chahiri,Chahiri,LM++,Pau FC,France,Ligue 2 BKT,68,74,59,66,68,42,64,-1
Charilaos Charisis,Charisis,CM++,Sivasspor,Greece,Trendyol Süper Lig,68,57,62,68,70,64,70,-1
Dion Charles,Charles,ST++,Bolton,Northern Ireland,EFL League One,68,80,67,59,68,42,79,-1
Gabriel Charpentier,Charpentier,ST++,Parma,Congo,Serie A TIM,68,53,69,48,66,28,69,-1
Issam Chebake,Chebake,RB++,Apoel FC,Morocco,Liga Cyprus,68,67,45,56,66,67,68,-1
Andrés Chicaiza,Chicaiza,CAM++,Dep. Garcilaso,Ecuador,Sudamericana,68,66,68,70,69,41,59,-1
Julián Chicco,Chicco,CM++,CD Leganés,Argentina,LALIGA EA SPORTS,68,53,56,64,65,67,73,-1
Max Christiansen,Christiansen,CDM++,Hannover 96,Germany,Bundesliga 2,68,62,50,62,64,67,73,-1
Tochi Chukwuani,Chukwuani,CM++,SK Sturm Graz,Denmark,Ö. Bundesliga,68,70,62,67,71,63,71,-1
Alejandro Chumacero,Chumacero,CM++,Wilstermann,Bolivia,Sudamericana,68,60,66,70,69,62,68,-1
Darko Churlinov,Churlinov,RM++,Jagiellonia,North Macedonia,PKO BP Ekstraklasa,68,78,66,63,72,51,54,-1
Denis Ciobotariu,Ciobotariu,CB++,Sepsi OSK,Romania,SUPERLIGA,68,69,27,49,56,67,75,-1
Dennis Cirkin,Cirkin,LB++,Sunderland,England,EFL Championship,68,77,47,58,65,64,62,-1
Juri Cisotti,Cisotti,CM++,SC Oțelul Galați,Italy,SUPERLIGA,68,65,67,66,69,62,68,-1
Diego Coelho,Coelho,ST++,Cobresal,Uruguay,Libertadores,68,66,67,53,64,31,74,-1
David Čolina,Čolina,LB++,Vejle Boldklub,Croatia,3F Superliga,68,78,40,52,64,66,54,-1
Ebrima Colley,Colley,RW++,BSC Young Boys,Gambia,CSSL,68,83,62,59,71,27,54,-1
Aaron Collins,Collins,ST++,Bolton,Wales,EFL League One,68,80,67,64,69,35,73,-1
Amara Condé,Condé,CM++,sc Heerenveen,Germany,Eredivisie,68,75,59,67,71,65,70,-1
Oliver Cooper,Cooper,CAM++,Swansea City,Wales,EFL Championship,68,70,61,65,71,58,61,-1
Kamil Çörekçi,Çörekçi,RB++,Hatayspor,Türkiye,Trendyol Süper Lig,68,77,49,64,69,63,68,-1
Emanuel Coronel,Coronel,RB++,Rosario Central,Argentina,Libertadores,68,68,32,51,56,67,65,-1
Gaëtan Courtet,Courtet,ST++,USL Dunkerque,France,Ligue 2 BKT,68,59,69,61,65,27,67,-1
Nemanja Čović,Čović,ST++,Henan SSLM FC,Serbia,CSL,68,64,70,54,63,33,68,-1
Jakub Czerwiński,Czerwiński,CB++,Piast Gliwice,Poland,PKO BP Ekstraklasa,68,52,32,44,45,67,81,-1
Hussain Al Qahtani,Al Qahtani,CM++,Al Qadisiyah,Saudi Arabia,ROSHN Saudi League,68,59,60,67,65,59,65,-1
Saleh Al Shehri,Al Shehri,ST++,Al Ittihad,Saudi Arabia,ROSHN Saudi League,68,66,65,51,63,28,71,-1
Williams Alarcón,Alarcón,CM++,Huracán,Chile,LPF,68,64,58,66,67,62,73,-1
José Alberti,Alberti,CM++,Wanderers,Uruguay,Sudamericana,68,63,67,69,63,67,69,-1
Migouel Alfarela,Alfarela,ST++,Legia Warszawa,France,PKO BP Ekstraklasa,68,74,67,62,73,26,58,-1
Joe Allen,Allen,CDM++,Swansea City,Wales,EFL Championship,68,55,60,67,70,66,61,-1
Ryan Allsop,Allsop,GK++,Birmingham City,England,EFL League One,68,66,67,72,69,42,66,-1
Ocimar Almeida Júnior,Júnior Urso,CDM++,Charlotte FC,Brazil,MLS,68,64,64,63,68,65,73,-1
Alex Álvarez,Álvarez,ST++,Sportivo Luqueño,Paraguay,Sudamericana,68,67,72,60,70,25,67,-1
Rodrigo Amaral,Amaral,CAM++,Wilstermann,Uruguay,Sudamericana,68,64,69,72,69,42,66,-1
Joel Amoroso,Amoroso,RM++,The Strongest,Argentina,Libertadores,68,71,64,62,70,44,70,-1
Ayoub Amraoui,Amraoui,LB++,FC Martigues,Morocco,Ligue 2 BKT,68,72,42,55,65,65,67,-1
Alexandros Anagnostopoulos,Anagnostopoulos,GK++,Olympiacos FC,Greece,Hellas Liga,68,67,66,61,71,39,66,-1
Keshi Anderson,Anderson,LM++,Birmingham City,England,EFL League One,68,79,59,64,69,54,59,-1
David Nicolás Andrade,Nicolas,GK++,Pisa,Brazil,Serie BKT,68,71,67,64,71,43,65,-1
Kaio César Andrade Lima,Kaio César,RW++,Vitória SC,Brazil,Liga Portugal,68,85,53,62,75,26,40,-1
Federico Andueza,Andueza,CB++,Central Córdoba,Uruguay,LPF,68,60,37,49,55,68,76,-1
Jeison Angulo,Angulo,LB++,Deportes Tolima,Colombia,Sudamericana,68,73,35,57,68,64,74,-1
João Pedro Eira Antunes Silva,João Silva,CB++,KV Kortrijk,Portugal,1A Pro League,68,59,24,45,48,68,71,-1
Aritz Arambarri Murua,Arambarri,CB++,CD Leganés,Spain,LALIGA EA SPORTS,68,48,29,53,44,68,72,-1
Óscar Aranda Subiela,Óscar Aranda,LM++,FC Famalicão,Spain,Liga Portugal,68,77,61,62,72,27,55,-1
Carlens Arcus,Arcus,RB++,Angers SCO,Haiti,Ligue 1 Uber Eats,68,75,43,63,64,61,73,-1
Scott Arfield,Arfield,CM++,Bolton,Canada,EFL League One,68,43,66,69,69,65,63,-1
Jann-Fiete Arp,Arp,ST++,Holstein Kiel,Germany,Bundesliga,68,75,66,56,70,31,65,-1
Tommaso Arrigoni,Arrigoni,CM++,Südtirol,Italy,Serie BKT,68,65,59,67,68,60,71,-1
Carlos Arrúa,Arrúa,CAM++,Olimpia,Paraguay,Sudamericana,68,70,68,63,69,62,62,-1
Sebastián Assís,Assís,CDM++,Cerro Largo,Uruguay,Sudamericana,68,58,52,64,66,68,66,-1
Valentin Atangana,Atangana,CDM++,Stade de Reims,France,Ligue 1 Uber Eats,68,55,53,64,67,66,56,-1
Arthur Atta,Atta,CAM++,FC Metz,France,Ligue 2 BKT,68,73,55,63,70,62,72,-1
Soner Aydoğdu,Aydoğdu,CDM++,Samsunspor,Türkiye,Trendyol Süper Lig,68,63,67,71,70,64,64,-1
Femi Azeez,Azeez,RM++,Millwall,England,EFL Championship,68,80,63,62,69,35,69,-1
Pedro Henrique Azevedo Pereira,Pedrinho,LB++,Shakhtar Donetsk,Brazil,Ukrayina Liha,68,74,32,56,63,63,58,-1
Abdoullah Ba,Ba,RM++,Sunderland,France,EFL Championship,68,74,60,63,71,56,62,-1
Pape Meissa Ba,Ba,ST++,Grenoble Foot 38,Senegal,Ligue 2 BKT,68,74,65,45,65,26,72,-1
Leandro Bacuna,Bacuna,RB++,FC Groningen,Curaçao,Eredivisie,68,75,64,67,70,63,76,-1
Gabriel Báez,Báez,LB++,Nacional,Argentina,Libertadores,68,76,35,49,63,63,72,-1
Mushaga Bakenga,Bakenga,ST++,Punjab FC,Norway,Hero ISL,68,79,67,55,65,35,65,-1
Mamady Bangré,Bangré,RM++,Toulouse FC,Burkina Faso,Ligue 1 Uber Eats,68,69,57,66,70,45,46,-1
Yaxiong Bao,Bao Yaxiong,GK++,Shanghai Shenhua,China PR,CSL,68,68,67,61,68,22,66,-1
Kosta Barbarouses,Barbarouses,ST++,Well. Phoenix,New Zealand,A-League,68,78,68,58,70,38,74,-1
Baltasar Barcia,Barcia,RM++,Independiente,Uruguay,LPF,68,79,61,62,66,63,59,-1
Antonio Barreca,Barreca,LB++,Sampdoria,Italy,Serie BKT,68,71,36,62,69,65,62,-1
Lucas Bartlett,Bartlett,CB++,D.C. United,United States,MLS,68,52,26,38,42,67,78,-1
Enzo Basilio,Basilio,GK++,En Avant Guingamp,France,Ligue 2 BKT,68,67,65,64,69,46,66,-1
Emrah Başsan,Başsan,RM++,Sivasspor,Türkiye,Trendyol Süper Lig,68,76,69,67,68,22,60,-1
Afonso Bastardo Moreira,Afonso Moreira,RM++,Sporting CP,Portugal,Liga Portugal,68,81,60,62,74,42,48,-1
Gil Bastião Dias,Gil Dias,LM++,FC Famalicão,Portugal,Liga Portugal,68,72,64,66,70,62,65,-1
Emerson Batalla,Batalla,RW++,Alianza FC,Colombia,Sudamericana,68,83,62,59,70,28,55,-1
Malik Batmaz,Batmaz,ST++,Preußen Münster,Türkiye,Bundesliga 2,68,76,68,53,71,29,64,-1
Nathan Baxter,Baxter,GK++,Bolton,England,EFL League One,68,70,67,62,70,41,69,-1
Jonathan Bay,Bay,LB++,Instituto,Argentina,LPF,68,69,52,56,62,65,71,-1
Gökdeniz Bayrakdar,Bayrakdar,RM++,Bodrum FK,Türkiye,Trendyol Süper Lig,68,73,65,61,69,37,63,-1
Yanis Begraoui,Begraoui,ST++,Estoril Praia,Morocco,Liga Portugal,68,75,65,58,71,21,61,-1
Marcel Beifus,Beifus,CB++,Karlsruher SC,Germany,Bundesliga 2,68,66,53,53,58,68,68,-1
Leon Bell Bell,Bell Bell,LB++,Braunschweig,Cameroon,Bundesliga 2,68,78,61,59,70,62,68,-1
Alaa Bellaarouch,Bellaarouch,GK++,Strasbourg,Morocco,Ligue 1 Uber Eats,68,71,63,70,69,56,68,-1
Nicola Bellomo,Bellomo,CM++,Bari,Italy,Serie BKT,68,64,61,68,69,54,67,-1
Nicky Beloko,Beloko,CM++,FC Luzern,Switzerland,CSSL,68,75,62,61,69,66,78,-1
Rico Benatelli,Benatelli,CDM++,SV Waldhof,Germany,3. Liga,68,44,60,67,68,63,73,-1
Alan Benítez,Benítez,RB++,Cerro Porteño,Paraguay,Libertadores,68,74,52,58,65,64,62,-1
Lucas Bergvall,Bergvall,CM++,Spurs,Sweden,Premier League,68,72,52,67,73,53,65,-1
Jesús José Bernal Villarig,Jesús Bernal,CDM++,R. Sporting,Spain,LALIGA HYPERMOTION,68,60,49,62,64,64,72,-1
Mika Biereth,Biereth,ST++,SK Sturm Graz,Denmark,Ö. Bundesliga,68,79,68,54,64,30,72,-1
Max Bird,Bird,CM++,Bristol City,England,EFL Championship,68,65,60,66,67,65,64,-1
Tom Bischof,Bischof,CAM++,TSG Hoffenheim,Germany,Bundesliga,68,61,55,66,73,44,51,-1
Odin Luraas Bjørtuft,Bjørtuft,CB++,FK Bodø/Glimt,Norway,Eliteserien,68,64,37,60,59,69,74,-1
Jérôme Boateng,Boateng,CB++,LASK,Germany,Ö. Bundesliga,68,33,47,67,56,70,60,-1
Kennedy Boateng,Boateng,CB++,FC Dinamo 1948,Togo,SUPERLIGA,68,66,41,49,49,67,72,-1
Antonin Bobichon,Bobichon,CM++,Pau FC,France,Ligue 2 BKT,68,64,69,70,68,57,66,-1
Victor Bobsin,Victor Bobsin,CDM++,Daejeon Citizen,Brazil,K League 1,68,64,51,63,67,65,69,-1
Pelle Boevink,Boevink,GK++,SC Paderborn 07,Netherlands,Bundesliga 2,68,65,63,65,72,31,69,-1
Facundo Boné,Boné,ST++,Deportes Tolima,Uruguay,Sudamericana,68,78,70,66,70,46,59,-1
James Husband,Husband,CB++,Blackpool,England,EFL League One,68,63,49,60,64,68,71,-1
Badavi Hüseynov,Hüseynov,CB++,Qarabağ FK,Azerbaijan,Liga Azerbaijan,68,61,29,52,57,68,68,-1
Mun Ki Hwang,Hwang Mun Ki,RB++,Gangwon FC,Korea Republic,K League 1,68,72,57,64,69,61,69,-1
Paul Iacob,Iacob,CB++,FC Rapid 1923,Romania,SUPERLIGA,68,67,51,58,60,68,78,-1
Ylldren Ibrahimaj,Ibrahimaj,RM++,Lillestrøm SK,Kosovo,Eliteserien,68,79,61,64,67,55,70,-1
Jay Idzes,Idzes,CB++,Venezia,Indonesia,Serie A TIM,68,53,46,60,59,67,77,-1
Ahmed Ildız,Ildız,CM++,Göztepe,Türkiye,Trendyol Süper Lig,68,72,64,69,71,58,65,-1
Mihajlo Ilić,Ilić,CB++,Bologna,Serbia,Serie A TIM,68,45,42,51,53,68,69,-1
Rareș Ilie,Ilie,LM++,OGC Nice,Romania,Ligue 1 Uber Eats,68,78,62,65,71,41,65,-1
Tom Ince,Ince,RW++,Watford,England,EFL Championship,68,75,65,66,69,52,65,-1
Rodrigo Insua,Insua,LB++,Barracas Central,Argentina,LPF,68,79,59,62,64,63,68,-1
Jordan James,James,CM++,Stade Rennais FC,Wales,Ligue 1 Uber Eats,68,67,66,65,67,62,68,-1
Rafał Janicki,Janicki,CB++,Górnik Zabrze,Poland,PKO BP Ekstraklasa,68,44,35,52,49,68,75,-1
Marko Janković,Janković,CM++,Qarabağ FK,Montenegro,Liga Azerbaijan,68,73,59,66,71,62,61,-1
Nicolas Janvier,Janvier,CM++,Alanyaspor,France,Trendyol Süper Lig,68,65,62,66,67,62,67,-1
Vítězslav Jaroš,Jaroš,GK++,Liverpool,Czechia,Premier League,68,70,68,68,68,39,66,-1
Gaby Jean,Jean,CB++,Lecce,France,Serie A TIM,68,55,33,45,47,69,73,-1
Leon Jensen,Jensen,CM++,Karlsruher SC,Germany,Bundesliga 2,68,65,62,66,70,56,57,-1
Carl Johansson,Johansson,CB++,Holstein Kiel,Sweden,Bundesliga,68,52,27,44,49,68,73,-1
Marvin Johnson,Johnson,LB++,Sheffield Wed,England,EFL Championship,68,75,62,68,68,62,70,-1
Sebastian Jørgensen,Jørgensen,RM++,Malmö FF,Denmark,Allsvenskan,68,71,66,64,68,24,59,-1
Lenny Joseph,Joseph,RW++,Grenoble Foot 38,France,Ligue 2 BKT,68,80,69,59,69,26,62,-1
Anderson Julio,Julio,ST++,Real Salt Lake,Ecuador,MLS,68,82,66,61,69,33,62,-1
Gideon Jung,Jung,CB++,Fürth,Germany,Bundesliga 2,68,70,41,59,60,67,73,-1
Woo Young Jung,Jung Woo Young,CDM++,Ulsan Hyundai,Korea Republic,K League 1,68,55,57,65,59,63,74,-1
Elvis Kabashi,Kabashi,CM++,Reggiana,Albania,Serie BKT,68,69,56,64,70,56,68,-1
Lukas Kačavenda,Kačavenda,CAM++,Dinamo Zagreb,Croatia,Liga Hrvatska,68,66,64,66,70,52,67,-1
Kristijan Kahlina,Kahlina,GK++,Charlotte FC,Croatia,MLS,68,68,69,67,69,21,68,-1
Kylian Kaïboué,Kaïboué,CDM++,Amiens SC,France,Ligue 2 BKT,68,69,60,65,64,68,71,-1
Abu Kamara,Kamara,RM++,Norwich,England,EFL Championship,68,85,62,59,70,39,60,-1
Marco Kana,Kana,CDM++,RSC Anderlecht,Belgium,1A Pro League,68,68,32,65,68,66,69,-1
Herbie Kane,Kane,CM++,Huddersfield,England,EFL League One,68,68,62,67,67,61,73,-1
Sang Woo Kang,Kang Sang Woo,LB++,FC Seoul,Korea Republic,K League 1,68,77,65,67,69,58,67,-1
Ousmane Kanté,Kanté,CB++,Pau FC,Guinea,Ligue 2 BKT,68,34,35,51,55,66,83,-1
Ondřej Karafiát,Karafiát,CB++,1. FC Nürnberg,Czechia,Bundesliga 2,68,64,57,63,61,67,72,-1
Nikos Karelis,Karelis,ST++,Mumbai City FC,Greece,Hero ISL,68,73,69,62,69,35,69,-1
Neraysho Kasanwirjo,Kasanwirjo,CB++,Feyenoord,Netherlands,Eredivisie,68,80,42,54,58,69,75,-1
Mark-Anthony Kaye,Kaye,CM++,New England,Canada,MLS,68,70,53,64,64,68,73,-1
Habib Keïta,Keïta,CM++,Clermont Foot 63,Mali,Ligue 2 BKT,68,68,57,65,71,63,67,-1
Can Keleş,Keleş,RM++,Beşiktaş,Türkiye,Trendyol Süper Lig,68,78,65,60,71,35,62,-1
Aljoscha Kemlein,Kemlein,CM++,Union Berlin,Germany,Bundesliga,68,60,59,65,67,64,66,-1
Benhur Keser,Keser,LM++,Çaykur Rizespor,Türkiye,Trendyol Süper Lig,68,76,59,62,70,31,60,-1
Gyeong Min Kim,Kim Gyeong Min,GK++,GwangJu FC,Korea Republic,K League 1,68,67,64,61,67,49,70,-1
Joon Hong Kim,Kim Joon Hong,GK++,Jeonbuk Hyundai,Korea Republic,K League 1,68,68,66,61,72,25,66,-1
Kee Hee Kim,Kim Kee Hee,CB++,Ulsan Hyundai,Korea Republic,K League 1,68,60,43,57,49,67,75,-1
Bong Soo Kim,Kim Bong Soo,CB++,Gimcheon Sangmu,Korea Republic,K League 1,68,67,53,57,62,66,76,-1
Dong Hyun Kim,Kim Dong Hyun,CM++,Gangwon FC,Korea Republic,K League 1,68,66,49,63,65,61,78,-1
Jin Su Kim,Kim Jin Su,LB++,Jeonbuk Hyundai,Korea Republic,K League 1,68,81,45,62,65,60,74,-1
Sebastian Klaas,Klaas,CAM++,SC Paderborn 07,Germany,Bundesliga 2,68,66,60,67,68,49,55,-1
Colin Kleine-Bekel,Kleine-Bekel,CB++,Holstein Kiel,Germany,Bundesliga,68,57,28,42,41,70,71,-1
Anders Klynge,Klynge,CM++,Silkeborg IF,Denmark,3F Superliga,68,68,55,65,69,63,72,-1
Magnus Knudsen,Knudsen,CM++,Holstein Kiel,Norway,Bundesliga,68,71,59,69,71,64,65,-1
Mateusz Kochalski,Kochalski,GK++,Qarabağ FK,Poland,Liga Azerbaijan,68,69,63,59,72,39,69,-1
Vladyslav Kochergin,Kochergin,CM++,Raków,Ukraine,PKO BP Ekstraklasa,68,66,67,68,68,46,64,-1
Giorgi Kochorashvili,Kochorashvili,CM++,Levante UD,Georgia,LALIGA HYPERMOTION,68,69,68,68,69,67,65,-1
Paul Koller,Koller,CB++,SCR Altach,Austria,Ö. Bundesliga,68,61,32,47,55,68,74,-1
Timothée Kolodziejczak,Kolodziejczak,CB++,Paris FC,France,Ligue 2 BKT,68,60,39,64,59,68,71,-1
Benjamin Kololli,Kololli,LM++,FC Basel 1893,Kosovo,CSSL,68,70,67,64,71,54,68,-1
Marco Komenda,Komenda,CB++,Holstein Kiel,Germany,Bundesliga,68,68,39,55,60,67,72,-1
Ransford-Yeboah Königsdörffer,Königsdörffer,RW++,Hamburger SV,Ghana,Bundesliga 2,68,81,63,60,71,41,60,-1
Nils Körber,Körber,GK++,Fürth,Germany,Bundesliga 2,68,70,65,59,72,35,67,-1
Eboue Kouassi,Kouassi,CDM++,Arouca,Côte d'Ivoire,Liga Portugal,68,65,46,58,61,68,69,-1
Leonardo Koutris,Koutris,LB++,Pogoń Szczecin,Greece,PKO BP Ekstraklasa,68,74,60,63,69,64,67,-1
Kacper Kozłowski,Kozłowski,LM++,Gaziantep,Poland,Trendyol Süper Lig,68,68,59,63,74,63,69,-1
Bozhidar Kraev,Kraev,RW++,WS Wanderers,Bulgaria,A-League,68,71,66,65,70,47,73,-1
Lars Kramer,Kramer,CB++,AaB,Netherlands,3F Superliga,68,48,34,47,49,67,76,-1
Bledian Krasniqi,Krasniqi,CM++,FC Zürich,Switzerland,CSSL,68,71,66,67,71,63,61,-1
Filip Krastev,Krastev,CAM++,PEC Zwolle,Bulgaria,Eredivisie,68,68,61,65,74,42,40,-1
William Mendieta,Mendieta,CAM++,Libertad,Paraguay,Libertadores,68,57,67,68,69,31,61,-1
Phillip Menzel,Menzel,GK++,Saarbrücken,Germany,3. Liga,68,69,67,66,68,22,67,-1
Mehdi Merghem,Merghem,RM++,En Avant Guingamp,France,Ligue 2 BKT,68,75,65,65,70,50,69,-1
Billal Messaoudi,Messaoudi,ST++,KV Kortrijk,Algeria,1A Pro League,68,80,68,58,72,28,61,-1
Abelmy Meto Silu,Metinho,CDM++,Sparta Rotterdam,Brazil,Eredivisie,68,69,54,60,68,67,64,-1
Melle Meulensteen,Meulensteen,CDM++,Sampdoria,Netherlands,Serie BKT,68,68,56,63,65,66,72,-1
August Mikkelsen,Mikkelsen,LW++,FK Bodø/Glimt,Norway,Eliteserien,68,80,59,62,74,34,63,-1
Dardo Miloc,Miloc,CDM++,Barracas Central,Argentina,LPF,68,60,46,59,63,66,76,-1
Marko Milovanović,Milovanović,ST++,UD Almería,Serbia,LALIGA HYPERMOTION,68,59,69,50,64,27,67,-1
Kevin Minda,Minda,CDM++,U. Católica,Ecuador,Sudamericana,68,65,50,64,63,66,69,-1
Luis Miranda,Miranda,RM++,Deportes Tolima,Colombia,Sudamericana,68,82,63,57,70,27,58,-1
Billy Mitchell,Mitchell,CM++,Millwall,England,EFL Championship,68,66,54,64,68,65,72,-1
Stefan Mitrović,Mitrović,LM++,Hellas Verona,Serbia,Serie A TIM,68,77,69,61,71,35,63,-1
Jan Mlakar,Mlakar,LM++,Pisa,Slovenia,Serie BKT,68,79,66,60,68,35,67,-1
Tobias Mohr,Mohr,LM++,FC Schalke 04,Germany,Bundesliga 2,68,79,64,66,67,56,68,-1
Gonzalo Morales,Morales,ST++,Unión,Argentina,LPF,68,73,66,49,65,25,68,-1
Alfredo Morales,Morales,CDM++,SJ Earthquakes,United States,MLS,68,54,58,65,66,62,77,-1
Jon Morcillo Conesa,Jon Morcillo,LM++,Albacete BP,Spain,LALIGA HYPERMOTION,68,79,68,66,67,48,63,-1
Ariel Mosór,Mosór,CB++,Raków,Poland,PKO BP Ekstraklasa,68,66,33,45,48,68,75,-1
Aimen Moueffek,Moueffek,CM++,AS Saint-Étienne,Morocco,Ligue 1 Uber Eats,68,65,56,64,72,65,66,-1
Lionel Mpasi,Mpasi,GK++,Rodez AF,Congo DR,Ligue 2 BKT,68,69,67,67,67,45,66,-1
Bartosz Mrozek,Mrozek,GK++,Lech Poznań,Poland,PKO BP Ekstraklasa,68,69,67,63,70,38,69,-1
Filip Mrzljak,Mrzljak,CDM++,Punjab FC,Croatia,Hero ISL,68,68,48,58,65,65,71,-1
Rui Manuel Muati Modesto,Rui Modesto,RM++,AIK,Angola,Allsvenskan,68,85,61,61,66,55,63,-1
Arbnor Mucolli,Mucolli,LW++,IFK Göteborg,Albania,Allsvenskan,68,73,64,64,72,52,59,-1
Ngal'ayel Mukau,Mukau,CDM++,LOSC Lille,Congo DR,Ligue 1 Uber Eats,68,64,40,57,65,68,65,-1
Benedito Mukendi,Beni,CM++,Casa Pia AC,Angola,Liga Portugal,68,67,58,63,67,65,64,-1
Agustín Mulet,Mulet,CM++,Ind. Rivadavia,Argentina,LPF,68,71,51,66,70,62,72,-1
Tobias Müller,Müller,CB++,1. FC Magdeburg,Germany,Bundesliga 2,68,63,31,49,56,68,73,-1
Paul Mullin,Mullin,ST++,Wrexham AFC,England,EFL League One,68,76,69,56,66,39,72,-1
Jorge Félix Muñoz García,Jorge Félix,LM++,Piast Gliwice,Spain,PKO BP Ekstraklasa,68,66,65,65,69,29,53,-1
Visar Musliu,Musliu,CB++,SC Paderborn 07,North Macedonia,Bundesliga 2,68,71,34,48,62,68,72,-1
Moussa N'Diaye,N'Diaye,LB++,RSC Anderlecht,Senegal,1A Pro League,68,76,27,59,71,65,63,-1
Nikolas Nartey,Nartey,CM++,VfB Stuttgart,Denmark,Bundesliga,68,69,49,67,73,66,68,-1
João António Nascimento Muniz,João Muniz,CB++,Sporting CP,Portugal,Liga Portugal,68,69,32,47,44,71,65,-1
Kyle Naughton,Naughton,CB++,Swansea City,England,EFL Championship,68,54,51,63,66,70,65,-1
Federico Navarro,Navarro,CDM++,Chicago Fire FC,Argentina,MLS,68,74,44,61,69,68,57,-1
Raúl Navarro del Río,Raúl Navarro,RB++,Burgos CF,Spain,LALIGA HYPERMOTION,68,65,57,63,67,65,66,-1
Duckens Nazon,Nazon,ST++,Kayserispor,Haiti,Trendyol Süper Lig,68,76,68,51,67,24,63,-1
Alassane Ndao,Ndao,RM++,Konyaspor,Senegal,Trendyol Süper Lig,68,76,61,62,70,31,54,-1
Loïc Nestor,Nestor,CB++,Grenoble Foot 38,France,Ligue 2 BKT,68,48,45,54,55,68,79,-1
Roman Neustädter,Neustädter,CB++,KVC Westerlo,Russia,1A Pro League,68,32,53,63,64,68,72,-1
Serge-Junior M. Ngouali,Ngouali,CDM++,Brommapojkarna,Gabon,Allsvenskan,68,60,58,64,67,65,73,-1
Ibrahima Niane,Niane,ST++,Angers SCO,Senegal,Ligue 1 Uber Eats,68,78,66,55,67,19,61,-1
Lee Nicholls,Nicholls,GK++,Huddersfield,England,EFL League One,68,67,68,61,68,41,66,-1
Roland Niczuly,Niczuly,GK++,Sepsi OSK,Romania,SUPERLIGA,68,67,65,70,70,32,68,-1
Lasse Nielsen,Nielsen,CB++,Göztepe,Denmark,Trendyol Süper Lig,68,65,33,53,53,66,79,-1
Luciano Nieto,Nieto,CM++,U. Católica,Argentina,Sudamericana,68,72,65,71,72,39,66,-1
Carlos Nieto Herrero,Carlos Nieto,LB++,Real Zaragoza,Spain,LALIGA HYPERMOTION,68,69,56,61,61,65,74,-1
Kristoffer Nordfeldt,Nordfeldt,GK++,AIK,Sweden,Allsvenskan,68,66,65,66,66,50,67,-1
Rhys Norrington-Davies,Norrington-Davies,LB++,Sheffield Utd,Wales,EFL Championship,68,68,44,61,64,65,66,-1
Will Norris,Norris,GK++,Portsmouth,England,EFL Championship,68,69,67,69,69,44,65,-1
Ryan Nyambe,Nyambe,RB++,Derby County,Namibia,EFL Championship,68,78,35,56,65,64,73,-1
Benjamin Nygren,Nygren,ST++,FC Nordsjælland,Sweden,3F Superliga,68,69,67,65,69,22,63,-1
Mark O'Hara,O'Hara,CM++,St. Mirren,Scotland,cinch Prem,68,71,66,64,68,64,74,-1
Marvin Obuz,Obuz,RM++,1. FC Köln,Germany,Bundesliga 2,68,72,64,62,70,29,63,-1
Seung Hoon Oh,Oh Seung Hoon,GK++,Daegu FC,Korea Republic,K League 1,68,69,66,61,69,45,71,-1
Kanji Okunuki,Okunuki,LM++,1. FC Nürnberg,Japan,Bundesliga 2,68,84,57,58,74,33,47,-1
Lander Olaetxea,Olaetxea,CDM++,R. Sporting,Spain,LALIGA HYPERMOTION,68,64,69,64,66,64,71,-1
Andrigo Oliveira de Araujo,Andrigo,RW++,Jeonbuk Hyundai,Brazil,K League 1,68,75,63,67,71,49,62,-1
Cleiton Augusto Oliveira Silva,Cleiton Silva,ST++,East Bengal,Brazil,Hero ISL,68,75,68,62,68,22,74,-1
Alexandre Olliero,Olliero,GK++,Stade de Reims,France,Ligue 1 Uber Eats,68,68,63,66,70,46,67,-1
Simon Olsson,Olsson,CM++,sc Heerenveen,Sweden,Eredivisie,68,63,52,67,70,55,73,-1
Odei Onaindia Zabala,Odei,CB++,FC Goa,Spain,Hero ISL,68,50,34,47,48,70,73,-1
Jérôme Onguéné,Onguéné,CB++,Frankfurt,Cameroon,Bundesliga,68,68,38,48,58,67,68,-1
Thijs Oosting,Oosting,ST++,FC Groningen,Netherlands,Eredivisie,68,68,69,66,67,58,65,-1
Pedro Ortiz Bernat,Pedro Ortiz,CM++,Sevilla FC,Spain,LALIGA EA SPORTS,68,59,57,61,65,59,68,-1
Sergio Ortuño Díaz,Sergio Ortuño,CM++,CD Eldense,Spain,LALIGA HYPERMOTION,68,63,63,62,66,63,61,-1
Leandro Otormín,Otormín,LW++,Wanderers,Uruguay,Sudamericana,68,73,68,70,66,27,59,-1
Luca Oyen,Oyen,LM++,KRC Genk,Belgium,1A Pro League,68,78,60,65,71,39,49,-1
Berke Özer,Özer,GK++,Eyüpspor,Türkiye,Trendyol Süper Lig,68,66,68,65,71,24,65,-1
Levin Öztunalı,Öztunalı,RW++,Hamburger SV,Germany,Bundesliga 2,68,78,64,67,70,48,67,-1
Giuseppe Panico,Panico,ST++,Carrarese Calcio,Italy,Serie BKT,68,79,67,62,69,38,55,-1
Renato Pantalon,Pantalon,CB++,Rio Ave FC,Croatia,Liga Portugal,68,53,32,40,40,68,77,-1
Oscar Luigi Fraulo,Fraulo,CDM++,FC Utrecht,Denmark,Eredivisie,68,70,59,66,68,61,69,-1
Jérémy Frick,Frick,GK++,Servette FC,Switzerland,CSSL,68,69,67,68,69,44,64,-1
Haruya Fujii,Fujii,CB++,KV Kortrijk,Japan,1A Pro League,68,65,41,53,58,66,71,-1
Tom Gaal,Gaal,CB++,SSV Ulm 1846,Germany,Bundesliga 2,68,54,36,50,58,69,72,-1
Riccardo Gagno,Gagno,GK++,Modena,Italy,Serie BKT,68,67,68,62,71,41,69,-1
Nino Galović,Galović,CB++,Arouca,Croatia,Liga Portugal,68,58,46,59,58,67,73,-1
Renzo Garcés,Garcés,CB++,Alianza Lima,Peru,Libertadores,68,55,27,48,57,69,70,-1
Simón García,García,CB++,Atl. Nacional,Colombia,Liga Colombia,68,70,42,56,56,68,68,-1
Manuel García,García,CB++,Sarmiento,Argentina,LPF,68,55,45,58,58,69,68,-1
Juan Manuel García García,Juanma García,RM++,Albacete BP,Spain,LALIGA HYPERMOTION,68,84,68,61,68,28,53,-1
Ben Garuccio,Garuccio,LB++,Western United,Australia,A-League,68,81,52,62,66,61,70,-1
Joe Gauci,Gauci,GK++,Aston Villa,Australia,Premier League,68,71,65,60,72,30,64,-1
Juan Carlos Gauto,Gauto,LM++,FC Basel 1893,Argentina,CSSL,68,85,65,63,70,29,62,-1
Benjamín Gazzolo,Gazzolo,CB++,Huachipato,Chile,Libertadores,68,63,23,43,43,69,72,-1
Felix Gebhardt,Gebhardt,GK++,Jahn Regensburg,Germany,Bundesliga 2,68,67,64,65,71,45,66,-1
Gaspar Gentile,Gentile,LM++,Dep. Garcilaso,Argentina,Sudamericana,68,76,66,64,69,46,63,-1
Kosmas Gezos,Gezos,CB++,Austria Klagenfurt,Greece,Ö. Bundesliga,68,48,46,54,54,68,74,-1
Ismaël Gharbi,Gharbi,LW++,Paris SG,Spain,Ligue 1 Uber Eats,68,73,57,63,74,40,46,-1
Liam Gibbs,Gibbs,CM++,Norwich,England,EFL Championship,68,66,56,64,68,65,64,-1
Raoul Giger,Giger,RB++,Lausanne-Sport,Switzerland,CSSL,68,69,46,56,66,65,69,-1
Brayan Gil,Gil,ST++,Deportes Tolima,El Salvador,Sudamericana,68,66,70,45,64,21,71,-1
Ignacio Gil,Nacho Gil,RM++,New England,Spain,MLS,68,78,65,65,69,44,45,-1
Iván Gil Calero,Iván Gil,CM++,UD Las Palmas,Spain,LALIGA EA SPORTS,68,65,67,66,72,57,50,-1
Cristian Glauder García,Glauder,CB++,Cádiz CF,Spain,LALIGA HYPERMOTION,68,71,35,55,63,66,81,-1
Thomas Goiginger,Goiginger,RM++,Blau-Weiss Linz,Austria,Ö. Bundesliga,68,72,67,66,67,35,57,-1
Benjamin Goller,Goller,RW++,1. FC Nürnberg,Germany,Bundesliga 2,68,81,64,60,71,52,54,-1
Diego Gómez,Gómez,CM++,Inter Miami CF,Paraguay,MLS,68,75,63,65,69,59,72,-1
Antonio Gomis Alemañ,Antonio Gomis,GK++,Atlético de Madrid,Spain,LALIGA EA SPORTS,68,68,65,64,70,47,66,-1
Bryan Goncalves,Goncalves,LB++,FCV Dender EH,France,1A Pro League,68,69,41,54,45,69,77,-1
Bruno Gonçalves de Jesus,Bruninho,LW++,Cercle Brugge,Brazil,1A Pro League,68,69,63,63,74,37,46,-1
Cedric Diomandè Gondo,Gondo,ST++,Reggiana,Côte d'Ivoire,Serie BKT,68,71,69,46,62,22,66,-1
Gonzalo Goñi,Goñi,CB++,Barracas Central,Argentina,LPF,68,57,28,44,47,67,76,-1
Francisco González,González,LW++,Newell's,Argentina,LPF,68,80,63,65,71,25,45,-1
Ignacio González,González,GK++,Everton,Chile,Sudamericana,68,71,63,60,72,48,68,-1
Walter González,González,ST++,Guaraní,Paraguay,Sudamericana,68,59,68,51,66,30,67,-1
Diego González Polanco,Diego González,CB++,Albacete BP,Spain,LALIGA HYPERMOTION,68,65,34,60,57,67,74,-1
Mathieu Gorgelin,Gorgelin,GK++,Havre AC,France,Ligue 1 Uber Eats,68,66,65,68,67,47,67,-1
Felix Götze,Götze,CB++,SC Paderborn 07,Germany,Bundesliga 2,68,65,50,62,66,67,69,-1
Carlos Grados,Grados,GK++,UCV,Peru,Sudamericana,68,68,67,65,66,36,68,-1
Jorge Grant,Grant,CM++,Hearts,England,cinch Prem,68,65,65,70,68,57,66,-1
Adrian Grbić,Grbić,ST++,FC Lorient,Austria,Ligue 2 BKT,68,65,70,53,65,31,70,-1
Etienne Green,Green,GK++,Burnley,England,EFL Championship,68,69,68,71,69,26,67,-1
Iker Guarrotxena Vallejo,Guarrotxena,LW++,FC Goa,Spain,Hero ISL,68,67,69,65,69,49,70,-1
Andri Lucas Guðjohnsen,Guðjohnsen,ST++,KAA Gent,Iceland,1A Pro League,68,77,65,50,66,27,65,-1
Hakim Guenouche,Guenouche,LM++,FK Austria Wien,France,Ö. Bundesliga,68,84,53,61,71,54,59,-1
Franklin Guerra,Guerra,CB++,Barcelona SC,Ecuador,Libertadores,68,63,43,52,60,68,73,-1
Baptiste Guillaume,Guillaume,ST++,Almere City FC,Belgium,Eredivisie,68,49,68,57,70,31,72,-1
Umut Güneş,Güneş,CM++,Trabzonspor,Türkiye,Trendyol Süper Lig,68,65,51,63,66,64,66,-1
José Raúl Gutiérrez Parejo,Raúl Guti,CM++,Elche CF,Spain,LALIGA HYPERMOTION,68,65,63,67,65,64,78,-1
Sebastián Guzmán,Guzmán,CDM++,Atl. Nacional,Colombia,Liga Colombia,68,69,56,64,66,62,72,-1
Jaouen Hadjam,Hadjam,LB++,BSC Young Boys,Algeria,CSSL,68,75,52,59,68,65,71,-1
Anders Hagelskjær,Hagelskjær,CB++,Molde FK,Denmark,Eliteserien,68,57,48,61,59,67,73,-1
Nick Hagglund,Hagglund,CB++,FC Cincinnati,United States,MLS,68,45,29,55,51,67,70,-1
Tim Handwerker,Handwerker,LB++,1. FC Nürnberg,Germany,Bundesliga 2,68,81,50,59,65,61,69,-1
Florent Hanin,Hanin,LB++,Angers SCO,France,Ligue 1 Uber Eats,68,79,44,64,66,63,72,-1
Benjamin Hansen,Hansen,CB++,AIK,Denmark,Allsvenskan,68,57,31,46,50,67,79,-1
Kristoffer N. Hansen,Hansen,LM++,Jagiellonia,Norway,PKO BP Ekstraklasa,68,76,64,65,68,48,63,-1
Sontje Hansen,Hansen,RM++,N.E.C. Nijmegen,Netherlands,Eredivisie,68,85,62,61,71,29,57,-1
Kjetil Haug,Haug,GK++,Odds BK,Norway,Eliteserien,68,69,67,68,69,45,68,-1
Rhys Healey,Healey,ST++,Huddersfield,England,EFL League One,68,73,70,60,69,32,60,-1
Philip Heise,Heise,LB++,Dynamo Dresden,Germany,3. Liga,68,63,62,69,66,62,72,-1
Þórir Jóhann Helgason,Helgason,CM++,Lecce,Iceland,Serie A TIM,68,67,64,67,68,54,64,-1
Yong Joon Heo,Heo Yong Joon,ST++,Pohang Steelers,Korea Republic,K League 1,68,69,66,60,64,34,71,-1
Nelson Hernández,Hernández,RB++,Dep. Táchira,Venezuela,Libertadores,68,75,56,65,69,61,58,-1
Jorge Herrando Oroz,Herrando,CB++,CA Osasuna,Spain,LALIGA EA SPORTS,68,54,31,49,46,70,62,-1
Moritz Heyer,Heyer,RB++,Hamburger SV,Germany,Bundesliga 2,68,61,55,62,66,69,72,-1
Vebjørn Hoff,Hoff,CDM++,Lillestrøm SK,Norway,Eliteserien,68,67,55,65,68,64,67,-1
Maximilian Hofmann,Hofmann,CB++,SK Rapid Wien,Austria,Ö. Bundesliga,68,61,39,51,51,67,72,-1
Samuel Leach Holm,Holm,CM++,BK Häcken,Sweden,Allsvenskan,68,63,65,70,63,59,61,-1
Justin Hoogma,Hoogma,CB++,Heracles Almelo,Netherlands,Eredivisie,68,40,29,52,59,68,72,-1
Siebe Horemans,Horemans,RB++,FC Utrecht,Belgium,Eredivisie,68,76,30,58,64,66,76,-1
Jannes Horn,Horn,CB++,St. Louis CITY SC,Germany,MLS,68,75,34,57,66,67,70,-1
Fraser Hornby,Hornby,ST++,SV Darmstadt 98,Scotland,Bundesliga 2,68,58,69,55,60,25,77,-1
Jizz Hornkamp,Hornkamp,ST++,Heracles Almelo,Netherlands,Eredivisie,68,61,72,55,64,58,68,-1
Conor Hourihane,Hourihane,CM++,Barnsley,Republic of Ireland,EFL League One,68,48,66,69,66,63,66,-1
Petko Hristov,Hristov,CB++,Spezia,Bulgaria,Serie BKT,68,40,38,45,42,68,71,-1
Jean Hugonet,Hugonet,CB++,1. FC Magdeburg,France,Bundesliga 2,68,68,31,52,53,68,74,-1
Dean Huijsen,Huijsen,CB++,AFC Bournemouth,Spain,Premier League,68,64,46,60,63,69,65,-1
Bashir Humphreys,Humphreys,CB++,Burnley,England,EFL Championship,68,62,35,58,59,68,68,-1
Cameron Humphreys-Grant,Humphreys-Grant,CB++,Rotherham Utd,England,EFL League One,68,63,32,48,54,68,72,-1
Alexandre da Costa Silva,Xande Silva,LW++,Atlanta United,Portugal,MLS,68,82,64,61,70,27,62,-1
Thomas Dähne,Dähne,GK++,Holstein Kiel,Germany,Bundesliga,68,71,65,67,72,47,63,-1
Amadou Dante,Dante,LB++,Arouca,Mali,Liga Portugal,68,81,51,56,68,63,69,-1
Adam Davies,Davies,GK++,Sheffield Utd,Wales,EFL Championship,68,69,65,65,69,40,67,-1
Guillermo De Amores,De Amores,GK++,Peñarol,Uruguay,Libertadores,68,68,65,70,68,24,68,-1
Diogo de Carvalho Pinto,Diogo Pinto,GK++,Sporting CP,Portugal,Liga Portugal,68,72,66,68,71,27,70,-1
Eguinaldo de Sousa Lemos,Eguinaldo,LM++,Shakhtar Donetsk,Brazil,Ukrayina Liha,68,85,59,55,73,27,48,-1
Mees de Wit,de Wit,LB++,AZ,Netherlands,Eredivisie,68,75,52,65,68,61,72,-1
Théo Defourny,Defourny,GK++,Sp. Charleroi,Belgium,1A Pro League,68,68,65,65,68,35,69,-1
Mats Deijl,Deijl,RB++,Go Ahead Eagles,Netherlands,Eredivisie,68,70,50,57,62,66,69,-1
Mateo Del Blanco,Del Blanco,LM++,Unión,Argentina,LPF,68,81,64,64,69,61,63,-1
Nicolás Demartini,Demartini,CB++,Barracas Central,Argentina,LPF,68,58,29,45,49,69,72,-1
Cristian Devenish,Devenish,CB++,AVS Futebol SAD,Colombia,Liga Portugal,68,50,36,45,48,68,71,-1
Yan Dhanda,Dhanda,CAM++,Hearts,England,cinch Prem,68,71,62,66,72,42,56,-1
Matteo Di Gennaro,Di Gennaro,CB++,Carrarese Calcio,Italy,Serie BKT,68,63,45,48,47,69,71,-1
Alessandro Di Pardo,Di Pardo,RB++,Modena,Italy,Serie BKT,68,75,54,64,70,63,60,-1
Ousmane Diakité,Diakité,CDM++,West Brom,Mali,EFL Championship,68,69,57,63,62,66,78,-1
Alexander Díaz,Díaz,ST++,Dep. Riestra,Argentina,LPF,68,75,64,52,70,35,70,-1
Nouha Dicko,Dicko,ST++,Paris FC,Mali,Ligue 2 BKT,68,76,67,59,70,33,74,-1
Soner Dikmen,Dikmen,CM++,Antalyaspor,Türkiye,Trendyol Süper Lig,68,66,68,63,67,68,72,-1
Anastasios Donis,Donis,ST++,Apoel FC,Greece,Liga Cyprus,68,79,69,57,69,25,62,-1
Daniele Donnarumma,Donnarumma,LB++,Cesena,Italy,Serie BKT,68,76,53,62,64,63,69,-1
Lohann Doucet,Doucet,CDM++,Paris FC,France,Ligue 2 BKT,68,65,50,63,66,62,66,-1
Andre Dozzell,Dozzell,CM++,Portsmouth,England,EFL Championship,68,69,61,67,69,61,65,-1
Mohamed Dräger,Dräger,RB++,FC Basel 1893,Tunisia,CSSL,68,76,64,63,70,63,62,-1
Dejan Dražić,Dražić,LM++,FC Goa,Serbia,Hero ISL,68,75,61,63,67,46,64,-1
Dennis Dressel,Dressel,CDM++,Grazer AK,Germany,Ö. Bundesliga,68,66,64,65,65,61,74,-1
Dominick Drexler,Drexler,CAM++,FC Schalke 04,Germany,Bundesliga 2,68,68,61,68,69,51,59,-1
Jonathan Dubasin,Dubasin,RM++,R. Sporting,Belgium,LALIGA HYPERMOTION,68,74,70,63,67,35,55,-1
Tom Ducrocq,Ducrocq,CDM++,SC Bastia,France,Ligue 2 BKT,68,73,45,63,66,67,69,-1
Taylan Duman,Duman,CAM++,1. FC Nürnberg,Germany,Bundesliga 2,68,48,68,69,72,53,63,-1
Dario Dumić,Dumić,CB++,CD Eldense,Bosnia and Herzegovina,LALIGA HYPERMOTION,68,44,49,54,46,67,69,-1
Maksym Dyachuk,Dyachuk,CB++,Dynamo Kyiv,Ukraine,Ukrayina Liha,68,64,32,56,59,67,69,-1
Nikolas Dyhr,Dyhr,LB++,Randers FC,Denmark,3F Superliga,68,79,55,61,67,62,67,-1
Mathias Dyngeland,Dyngeland,GK++,SK Brann,Norway,Eliteserien,68,69,66,67,68,43,67,-1
Ronnie Edwards,Edwards,CB++,Southampton,England,Premier League,68,69,35,51,60,69,70,-1
Marvin Ekpiteta,Ekpiteta,CB++,Hibernian,England,cinch Prem,68,59,29,48,52,68,74,-1
Pierre Ekwah,Ekwah,CM++,Sunderland,France,EFL Championship,68,61,65,64,66,62,72,-1
Mounaïm El Idrissy,El Idrissy,ST++,KV Kortrijk,France,1A Pro League,68,72,70,62,67,37,67,-1
Idris El Mizouni,El Mizouni,CDM++,Oxford United,Tunisia,EFL Championship,68,65,56,62,63,63,75,-1
Josip Elez,Elez,CB++,Hajduk Split,Croatia,Liga Hrvatska,68,56,59,65,58,67,73,-1
Simon Elisor,Elisor,ST++,FC Metz,France,Ligue 2 BKT,68,74,67,58,68,36,68,-1
Emeka Eneli,Eneli,CDM++,Real Salt Lake,United States,MLS,68,70,47,61,66,68,61,-1
Gustav Engvall,Engvall,ST++,IFK Värnamo,Sweden,Allsvenskan,68,69,66,58,68,31,73,-1
Ethan Erhahon,Erhahon,CDM++,Lincoln City,Scotland,EFL League One,68,74,59,64,67,64,74,-1
Sebastian Ernst,Ernst,CM++,Jahn Regensburg,Germany,Bundesliga 2,68,69,61,66,72,58,66,-1
Tjark Ernst,Ernst,GK++,Hertha Berlin,Germany,Bundesliga 2,68,72,68,58,71,29,67,-1
Franco Escobar,Escobar,RB++,Houston Dynamo,Argentina,MLS,68,71,47,57,67,66,67,-1
Juan Cruz Esquivel,Esquivel,LM++,Gimnasia,Argentina,LPF,68,81,66,61,69,23,64,-1
Gonçalo Esteves,Gonçalo Esteves,RB++,Udinese,Portugal,Serie A TIM,68,76,39,63,68,64,63,-1
Lukas Fadinger,Fadinger,CAM++,SCR Altach,Austria,Ö. Bundesliga,68,69,61,66,73,48,51,-1
Gonzalo Falcón,Falcón,GK++,Sportivo Luqueño,Uruguay,Sudamericana,68,67,68,66,69,30,65,-1
Agustín Farías,Farías,CM++,Uni. Católica,Argentina,Sudamericana,68,56,61,65,64,64,73,-1
Andrea Favilli,Favilli,ST++,Genoa,Italy,Serie A TIM,68,54,69,51,66,25,66,-1
Jacopo Fazzini,Fazzini,CM++,Empoli,Italy,Serie A TIM,68,68,66,67,70,59,62,-1
Robin Fellhauer,Fellhauer,CDM++,SV Elversberg,Germany,Bundesliga 2,68,72,43,60,65,66,72,-1
Volnei Feltes,Volnei Feltes,CB++,Estoril Praia,Brazil,Liga Portugal,68,59,39,45,53,69,70,-1
Kaiky Fernandes Melo,Kaiky,CB++,UD Almería,Brazil,LALIGA HYPERMOTION,68,68,31,50,65,70,65,-1
Omar Fernández,Fernández,LM++,Everton,Colombia,Sudamericana,68,74,59,63,73,37,58,-1
Julián Fernández,Fernández,RW++,New York City FC,Argentina,MLS,68,77,63,62,73,38,52,-1
Fernando Fernández,Fernández,ST++,Cerro Porteño,Paraguay,Libertadores,68,62,69,55,65,29,64,-1
Manuel Fernández,Fernández,CB++,Coquimbo Unido,Uruguay,Sudamericana,68,49,27,44,46,69,74,-1
Martín Ferreira,Ferreira,LB++,Racing Club,Uruguay,Sudamericana,68,70,45,56,58,64,69,-1
Hampus Finndell,Finndell,CM++,Viking FK,Sweden,Eliteserien,68,68,64,64,67,65,72,-1
Manfred Fischer,Fischer,CM++,FK Austria Wien,Austria,Ö. Bundesliga,68,71,64,68,68,49,76,-1
Santiago Flores,Flores,CB++,Estudiantes,Argentina,Libertadores,68,66,28,45,59,68,77,-1
João Diogo Fonseca Ferreira,João Ferreira,RB++,Udinese,Portugal,Serie A TIM,68,76,41,55,61,64,66,-1
Rúben Daniel Fonseca Macedo,Rúben Macedo,LW++,Nacional,Portugal,Liga Portugal,68,78,62,62,71,33,59,-1
Rodrigo Formento,Formento,GK++,Cerro Largo,Uruguay,Sudamericana,68,62,68,66,71,30,68,-1
Morgan Fox,Fox,CB++,QPR,Wales,EFL Championship,68,60,43,57,61,69,70,-1
Gianluca Frabotta,Frabotta,LB++,West Brom,Italy,EFL Championship,68,67,53,63,65,64,68,-1
Iván Franco,Franco,RM++,Libertad,Paraguay,Libertadores,68,81,65,59,71,36,61,-1
Pedro Franco,Franco,CB++,Alianza FC,Colombia,Sudamericana,68,54,52,63,65,67,71,-1
Matías Abaldo,Abaldo,RM++,Gimnasia,Uruguay,LPF,68,80,61,61,71,46,40,-1
Tonni Adamsen,Adamsen,ST++,Silkeborg IF,Denmark,3F Superliga,68,77,68,54,67,29,64,-1
Bobby Adekanye,Adekanye,RM++,Go Ahead Eagles,Netherlands,Eredivisie,68,77,61,62,71,30,61,-1
Braian Aguirre,Aguirre,RB++,Lanús,Argentina,Sudamericana,68,69,41,55,62,65,72,-1
Brian Aguirre,Aguirre,LW++,Boca Juniors,Argentina,Sudamericana,68,73,61,62,71,32,59,-1
Joon Soo Ahn,Ahn Joon Soo,GK++,Suwon FC,Korea Republic,K League 1,68,68,65,62,71,28,67,-1
Darío Aimar,Aimar,CB++,The Strongest,Ecuador,Libertadores,68,58,29,45,49,68,69,-1
Marian Aioani,Aioani,GK++,FC Rapid 1923,Romania,SUPERLIGA,68,68,67,67,69,35,67,-1
Nariman Akhundzada,Akhundzada,RW++,Qarabağ FK,Azerbaijan,Liga Azerbaijan,68,75,65,59,70,26,58,-1
Fatih Aksoy,Aksoy,CB++,Alanyaspor,Türkiye,Trendyol Süper Lig,68,37,42,54,60,70,72,-1
Nawaf Al Aqidi,Al Aqidi,GK++,Al Nassr,Saudi Arabia,ROSHN Saudi League,68,71,66,65,69,47,64,-1
Mohammed Al Kuwaykibi,Al Kuwaykibi,RM++,Al Taawoun,Saudi Arabia,ROSHN Saudi League,68,80,63,64,69,27,53,-1
Stefan Mitrović,Mitrović,LM++,OH Leuven,Serbia,1A Pro League,68,77,69,61,71,35,63,-1
Manuel Marras,Marras,RM++,Reggiana,Italy,Serie BKT,68,79,62,63,69,31,48,-1
Andrea Favilli,Favilli,ST++,Bari,Italy,Serie BKT,68,54,69,51,66,25,66,-1
Tyler Roberts,Roberts,CAM++,Northampton,Wales,EFL League One,68,70,64,63,72,38,67,-1
Paulo Henrique Rodrigues Cabral,Paulo Henrique,LB++,Radomiak Radom,Portugal,PKO BP Ekstraklasa,68,71,50,64,62,65,70,-1
Luca Strizzolo,Strizzolo,ST++,Cosenza,Italy,Serie BKT,68,71,66,56,64,32,74,-1
Dylan Vente,Vente,ST++,PEC Zwolle,Suriname,Eredivisie,68,74,68,55,66,27,57,-1
Pietro Pellegri,Pellegri,ST++,Empoli,Italy,Serie A TIM,68,56,68,54,67,21,61,-1
Adrian Grbić,Grbić,ST++,FC Luzern,Austria,CSSL,68,65,70,53,65,31,70,-1
Mehdi Merghem,Merghem,RM++,Farense,France,Liga Portugal,68,75,65,65,70,50,69,-1
Pierre Ekwah,Ekwah,CM++,AS Saint-Étienne,France,Ligue 1 Uber Eats,68,61,65,64,66,62,72,-1
Justin Lonwijk,Lonwijk,CM++,Viborg FF,Suriname,3F Superliga,68,73,63,65,68,62,77,-1
João Diogo Fonseca Ferreira,João Ferreira,RB++,SC Braga,Portugal,Liga Portugal,68,76,41,55,61,64,66,-1
Erencan Yardımcı,Yardımcı,ST++,SK Sturm Graz,Türkiye,Ö. Bundesliga,68,76,64,52,67,28,72,-1
Aritz Arambarri Murua,Arambarri,CB++,SD Eibar,Spain,LALIGA HYPERMOTION,68,48,29,53,44,68,72,-1
Germán Valera Karabinaite,Valera,RM++,Valencia CF,Spain,LALIGA EA SPORTS,68,83,62,61,71,26,42,-1
Naci Ünüvar,Ünüvar,LW++,RCD Espanyol,Türkiye,LALIGA EA SPORTS,68,64,61,68,73,37,45,-1
Bartłomiej Wdowik,Wdowik,LB++,Hannover 96,Poland,Bundesliga 2,68,74,61,67,66,61,65,-1
Lars Olden Larsen,Larsen,LM++,BK Häcken,Norway,Allsvenskan,68,74,68,60,71,52,60,-1
Szymon Włodarczyk,Włodarczyk,ST++,Salernitana,Poland,Serie BKT,68,71,68,51,65,23,72,-1
Charlie Patino,Patino,CM++,RC Deportivo,England,LALIGA HYPERMOTION,68,60,48,71,68,65,65,-1
Louis Patris,Patris,RB++,STVV,Belgium,1A Pro League,68,75,49,60,61,67,70,-1
Neraysho Kasanwirjo,Kasanwirjo,CB++,Rangers,Netherlands,cinch Prem,68,80,42,54,58,69,75,-1
Mamady Bangré,Bangré,RM++,Grenoble Foot 38,Burkina Faso,Ligue 2 BKT,68,69,57,66,70,45,46,-1
Henning Matriciani,Matriciani,RB++,SV Waldhof,Germany,3. Liga,68,77,35,51,54,63,72,-1
Elayis Tavşan,Tavşan,RW++,Cesena,Netherlands,Serie BKT,68,79,64,62,71,24,55,-1
Lucas Stassin,Stassin,ST++,AS Saint-Étienne,Belgium,Ligue 1 Uber Eats,68,69,72,63,68,34,57,-1
Guilherme Magro Pires Ramos,Guilherme Ramos,CB++,Santa Clara,Portugal,Liga Portugal,68,60,33,46,50,67,78,-1
Ismaël Gharbi,Gharbi,LW++,SC Braga,Spain,Liga Portugal,68,73,57,63,74,40,46,-1
Roko Šimić,Šimić,ST++,KV Kortrijk,Croatia,1A Pro League,68,64,68,62,69,30,76,-1
Gonçalo Esteves,Gonçalo Esteves,RB++,Yverdon Sport FC,Portugal,CSSL,68,76,39,63,68,64,63,-1
Gabriel Vidović,Vidović,LW++,1. FSV Mainz 05,Croatia,Bundesliga,68,67,67,61,74,26,53,-1
Juan Carlos Gauto,Gauto,LM++,RC Deportivo,Argentina,LALIGA HYPERMOTION,68,85,65,63,70,29,62,-1
Abu Kamara,Kamara,RM++,Hull City,England,EFL Championship,68,85,62,59,70,39,60,-1
Arthur Atta,Atta,CAM++,Udinese,France,Serie A TIM,68,73,55,63,70,62,72,-1
Amine Sbaï,Sbaï,LW++,Al Fateh,Morocco,ROSHN Saudi League,68,76,62,61,74,27,50,-1
Álex Valle Gómez,Álex Valle,LB++,Celtic,Spain,cinch Prem,68,72,46,64,68,62,67,-1
Rui Manuel Muati Modesto,Rui Modesto,RM++,Udinese,Angola,Serie A TIM,68,85,61,61,66,55,63,-1
Gábor Szalai,Szalai,CB++,Ferencvárosi TC,Hungary,Magyar Liga,68,54,38,41,46,67,76,-1
Tobías Rubio,Rubio,CB++,Defensa,Argentina,Sudamericana,68,76,41,58,69,66,74,-1
João António Nascimento Muniz,João Muniz,CB++,Rio Ave FC,Portugal,Liga Portugal,68,69,32,47,44,71,65,-1
Dženis Burnic,Burnic,CDM++,Karlsruher SC,Bosnia and Herzegovina,Bundesliga 2,68,73,48,64,70,64,67,-1
Bradley Mazikou,Mazikou,LB++,Servette FC,Congo,CSSL,68,76,32,60,62,63,58,-1
Franco Zanelatto,Zanelatto,RM++,Alianza Lima,Peru,Libertadores,68,75,66,62,69,50,66,-1
Nedeljkovic,Nedeljkovic,RB++,Aston Villa,Serbia,Premier League,68,81,43,63,67,63,63,-1
Bouaddi,Bouaddi,CM++,LOSC Lille,France,Ligue 1 Uber Eats,68,75,57,66,72,53,67,-1
Iván Gil Calero,Iván Gil,CM++,SD Eibar,Spain,LALIGA HYPERMOTION,68,65,67,66,72,57,50,-1
Roko Šimic,Šimic,ST++,Cardiff City,Croatia,EFL Championship,68,64,68,62,69,30,76,-1
Kjetil Haug,Haug,GK++,Toulouse FC,Norway,Ligue 1 Uber Eats,68,69,67,68,69,45,68,-1
Stephen Welsh,Welsh,CB++,KV Mechelen,Scotland,1A Pro League,68,66,31,57,62,67,69,-1
Anders Hagelskjær,Hagelskjær,CB++,Wycombe,Denmark,EFL League One,68,57,48,61,59,67,73,-1
Moustafa Zeidan,Zeidan,CAM++,Malmö FF,Palestine,Allsvenskan,68,61,64,68,73,52,67,-1
Anderson Julio,Julio,ST++,FC Dallas,Ecuador,MLS,68,82,66,61,69,33,62,-1
Benjamin Kololli,Kololli,LM++,FC Sion,Kosovo,CSSL,68,70,67,64,71,54,68,-1
Jin Su Kim,Kim Jin Su,LB++,FC Seoul,Korea Republic,K League 1,68,81,45,62,65,60,74,-1
Emerson Batalla,Batalla,RW++,Talleres,Colombia,Libertadores,68,83,62,59,70,28,55,-1
Diego Gómez,Gómez,CM++,Brighton,Paraguay,Premier League,68,75,63,65,69,59,72,-1
Erencan Yardimci,Yardimci,ST++,TSG Hoffenheim,Türkiye,Bundesliga,68,76,64,52,67,28,72,-1
Tim Handwerker,Handwerker,LB++,Jahn Regensburg,Germany,Bundesliga 2,68,81,50,59,65,61,69,-1
Mats Seuntjens,Seuntjens,ST++,FC Groningen,Netherlands,Eredivisie,68,75,68,68,67,51,71,-1
Ronnie Edwards,Edwards,CB++,QPR,England,EFL Championship,68,69,35,51,60,69,70,-1
Tom Vandenberghe,Vandenberghe,GK++,KAA Gent,Belgium,1A Pro League,68,68,65,61,69,29,70,-1
Lino Tempelmann,Tempelmann,CM++,Braunschweig,Germany,Bundesliga 2,68,76,56,64,70,66,68,-1
Gabriel Slonina,Slonina,GK++,Chelsea,United States,Premier League,68,70,65,63,70,45,65,-1
Sang Woo Kang,Kang Sang Woo,LB++,Ulsan Hyundai,Korea Republic,K League 1,68,77,65,67,69,58,67,-1
Maximiliano Rodríguez Vejar,Rodríguez Vejar,ST++,Platense,Chile,LPF,68,67,66,53,65,24,64,-1
Gonzalo Morales,Morales,ST++,Barracas Central,Argentina,LPF,68,73,66,49,65,25,68,-1
Can Keles,Keles,RM++,Kasımpaşa,Türkiye,Trendyol Süper Lig,68,78,65,60,71,35,62,-1
Rare? Ilie,Ilie,LM++,Catanzaro,Romania,Serie BKT,68,78,62,65,71,41,65,-1
Santiago Flores,Flores,CB++,Ind. Rivadavia,Argentina,LPF,68,66,28,45,59,68,77,-1
Fally Mayulu,Mayulu,ST++,SK Sturm Graz,France,Ö. Bundesliga,68,76,69,51,67,24,71,-1
Elías Pereyra,Pereyra,LB++,Instituto,Argentina,LPF,68,80,32,54,65,63,60,-1
Fabrizio Caligara,Caligara,CM++,Salernitana,Italy,Serie BKT,68,63,59,65,69,66,72,-1
Enzo Roldán,Roldán,CM++,Platense,Argentina,LPF,68,72,66,65,67,62,63,-1
Marcos Ledesma,Ledesma,GK++,Barracas Central,Argentina,LPF,68,70,65,61,69,51,67,-1
Abelmy Meto Silu,Metinho,CDM++,FC Basel 1893,Brazil,CSSL,68,69,54,60,68,67,64,-1
Sivert Heggheim Mannsverk,Mannsverk,CDM++,Cardiff City,Norway,EFL Championship,68,62,58,65,68,63,74,-1
Germán Valera Karabinaite,Valera,RM++,Elche CF,Spain,LALIGA HYPERMOTION,68,83,62,61,71,26,42,-1
Nedeljkovic,Nedeljkovic,RB++,RB Leipzig,Serbia,Bundesliga,68,81,43,63,67,63,63,-1
Ronaldo Rodrigues Tavares,Ronaldo Tavares,ST++,Yverdon Sport FC,Portugal,CSSL,68,77,66,46,57,26,78,-1
Jan Mlakar,Mlakar,LM++,Hajduk Split,Slovenia,Liga Hrvatska,68,79,66,60,68,35,67,-1
Caleb Wiley,Wiley,LB++,Watford,United States,EFL Championship,68,76,52,63,72,62,63,-1
Darío Cáceres,Cáceres,LB++,Club Nacional,Paraguay,Sudamericana,68,81,36,55,63,64,69,-1
Álex Valle Gómez,Álex Valle,LB++,Como,Spain,Serie A TIM,68,72,46,64,68,62,67,-1
Cauley Woodrow,Woodrow,ST++,Blackburn Rovers,England,EFL Championship,68,56,71,59,68,30,65,-1
Abdoullah Ba,Ba,RM++,USL Dunkerque,France,Ligue 2 BKT,68,74,60,63,71,56,62,-1
Joe Gauci,Gauci,GK++,Barnsley,Australia,EFL League One,68,71,65,60,72,30,64,-1
Nawaf Al Aqidi,Al Aqidi,GK++,Al Fateh,Saudi Arabia,ROSHN Saudi League,68,71,66,65,69,47,64,-1
Robert Leipertz,Leipertz,ST++,SSV Ulm 1846,Germany,Bundesliga 2,68,71,68,65,69,35,70,-1
Kaio César Andrade Lima,Kaio César,RW++,Al Hilal,Brazil,ROSHN Saudi League,68,85,53,62,75,26,40,-1
Juri Cisotti,Cisotti,CM++,FCSB,Italy,SUPERLIGA,68,65,67,66,69,62,68,-1
Joon Hong Kim,Kim Joon Hong,GK++,D.C. United,Korea Republic,MLS,68,68,66,61,72,25,66,-1
Mika Biereth,Biereth,ST++,AS Monaco,Denmark,Ligue 1 Uber Eats,68,79,68,54,64,30,72,-1
Williams Alarcón,Alarcón,CM++,Boca Juniors,Chile,Sudamericana,68,64,58,66,67,62,73,-1
Pelle Boevink,Boevink,GK++,FC Ingolstadt 04,Netherlands,3. Liga,68,65,63,65,72,31,69,-1
Ezequiel Cañete,Cañete,CAM++,Unión,Argentina,LPF,68,62,66,68,69,52,69,-1
Dion Charles,Charles,ST++,Huddersfield,Northern Ireland,EFL League One,68,80,67,59,68,42,79,-1
Simon Elisor,Elisor,ST++,FC Famalicão,France,Liga Portugal,68,74,67,58,68,36,68,-1
Dennis Dressel,Dressel,CDM++,SSV Ulm 1846,Germany,Bundesliga 2,68,66,64,65,65,61,74,-1
Agustín Mulet,Mulet,CM++,Vélez Sarsfield,Argentina,LPF,68,71,51,66,70,62,72,-1
Naci Ünüvar,Ünüvar,LW++,FC Twente,Türkiye,Eredivisie,68,64,61,68,73,37,45,-1
Lenny Joseph,Joseph,RW++,Ferencvárosi TC,France,Magyar Liga,68,80,69,59,69,26,62,-1
Jonathan Bay,Bay,LB++,Platense,Argentina,LPF,68,69,52,56,62,65,71,-1
Théo Pellenard,Pellenard,CB++,Stade Lavallois,France,Ligue 2 BKT,68,50,37,64,65,69,69,-1
Moritz Heyer,Heyer,RB++,Düsseldorf,Germany,Bundesliga 2,68,61,55,62,66,69,72,-1
Pablo Magnín,Magnín,ST++,Sarmiento,Argentina,LPF,68,64,70,55,68,24,62,-1
Federico Andueza,Andueza,CB++,Sarmiento,Uruguay,LPF,68,60,37,49,55,68,76,-1
Taylan Duman,Duman,CAM++,SV Sandhausen,Germany,3. Liga,68,48,68,69,72,53,63,-1
Denis Ciobotariu,Ciobotariu,CB++,FC Rapid 1923,Romania,SUPERLIGA,68,69,27,49,56,67,75,-1
Petar Ratkov,Ratkov,ST++,RB Salzburg,Serbia,Ö. Bundesliga,67,68,67,52,66,31,69,-1
Nicolas Milanović,Milanović,LM++,WS Wanderers,Australia,A-League,67,76,64,56,71,35,70,-1
Alexander Milošević,Milošević,CB++,AIK,Sweden,Allsvenskan,67,48,53,55,55,66,76,-1
David Min,Min,ST++,FC Utrecht,Netherlands,Eredivisie,67,79,67,54,56,28,70,-1
Novatus Miroshi,Miroshi,LB++,Göztepe,Tanzania,Trendyol Süper Lig,67,74,47,63,64,63,73,-1
Shunsuke Mito,Mito,RM++,Sparta Rotterdam,Japan,Eredivisie,67,83,61,58,73,31,52,-1
Manuel Antonio Molina Valero,Manu Molina,CDM++,Málaga CF,Spain,LALIGA HYPERMOTION,67,59,60,68,67,61,61,-1
Clemente Montes,Montes,LM++,Uni. Católica,Chile,Sudamericana,67,79,58,59,69,23,59,-1
Iván Morales,Morales,ST++,Sarmiento,Chile,LPF,67,64,66,55,67,25,77,-1
Lucas Morales,Morales,RB++,Wanderers,Uruguay,Sudamericana,67,78,53,54,58,64,74,-1
Andrew Moran,Moran,CAM++,Stoke City,Republic of Ireland,EFL Championship,67,75,58,66,71,39,57,-1
Martim Moreira Fernandes,Martim Fernandes,RB++,FC Porto,Portugal,Liga Portugal,67,72,40,54,68,63,57,-1
Stefano Moreyra,Moreyra,CDM++,Instituto,Argentina,LPF,67,65,43,59,63,68,64,-1
Edwin Mosquera,Mosquera,RM++,Atlanta United,Colombia,MLS,67,83,56,61,67,17,60,-1
Owen Moxon,Moxon,CM++,Portsmouth,England,EFL Championship,67,66,61,66,66,63,77,-1
Chris Mueller,Mueller,LM++,Chicago Fire FC,United States,MLS,67,81,64,61,68,25,63,-1
Joaquín Muñoz Benavides,Joaquín,RM++,SD Huesca,Spain,LALIGA HYPERMOTION,67,82,62,60,69,24,60,-1
Carlos Isaac Muñoz Obejero,Carlos Isaac,RB++,Córdoba CF,Spain,LALIGA HYPERMOTION,67,74,38,52,60,63,70,-1
Jorge Murrugarra,Murrugarra,CDM++,Universitario,Peru,Libertadores,67,58,51,60,60,63,67,-1
Tomeu Nadal Mesquida,Tomeu Nadal,GK++,CD Tenerife,Spain,LALIGA HYPERMOTION,67,65,62,62,69,36,68,-1
Ivan Näsberg,Näsberg,CB++,PAOK FC,Norway,Hellas Liga,67,65,35,52,55,66,74,-1
Gerrit Nauber,Nauber,CB++,Go Ahead Eagles,Germany,Eredivisie,67,44,35,43,47,68,71,-1
David Nemeth,Nemeth,CB++,FC St. Pauli,Austria,Bundesliga,67,53,29,44,43,67,78,-1
Jannis Nikolaou,Nikolaou,CDM++,Braunschweig,Germany,Bundesliga 2,67,55,43,60,56,65,75,-1
Branislav Niňaj,Niňaj,CB++,Sepsi OSK,Slovakia,SUPERLIGA,67,45,28,51,41,66,80,-1
Ken Nkuba,Nkuba,RM++,KRC Genk,Belgium,1A Pro League,67,78,63,62,69,61,66,-1
Simen Bolkan Nordli,Nordli,LM++,Randers FC,Norway,3F Superliga,67,69,64,66,68,49,65,-1
Brooke Norton-Cuffy,Norton-Cuffy,RB++,Genoa,England,Serie A TIM,67,80,39,58,69,60,70,-1
Claudio Nuñez,Nuñez,CB++,Club Nacional,Paraguay,Sudamericana,67,62,31,51,58,68,65,-1
Cristian Núñez,Núñez,CM++,Banfield,Paraguay,LPF,67,67,49,66,69,58,75,-1
Álvaro Núñez Cobo,Álvaro Núñez,RB++,Elche CF,Spain,LALIGA HYPERMOTION,67,75,41,62,65,61,68,-1
Tomás O'Connor,O'Connor,CM++,Rosario Central,Argentina,Libertadores,67,63,51,66,71,53,55,-1
Ryoya Ogawa,Ogawa,LB++,STVV,Japan,1A Pro League,67,76,55,62,62,62,75,-1
Connor Ogilvie,Ogilvie,LB++,Portsmouth,England,EFL Championship,67,69,44,59,61,64,77,-1
Yllan Okou,Okou,CB++,Hellas Verona,France,Serie A TIM,67,69,31,48,55,66,67,-1
Jon Ander Olasagasti Imizcoz,Olasagasti,CM++,Real Sociedad,Spain,LALIGA EA SPORTS,67,60,61,65,61,64,69,-1
Ben Old,Old,LM++,AS Saint-Étienne,New Zealand,Ligue 1 Uber Eats,67,82,59,62,68,43,69,-1
Patrick Olsen,Olsen,CM++,Śląsk Wrocław,Denmark,PKO BP Ekstraklasa,67,61,60,66,66,58,74,-1
Martin Olsson,Olsson,LB++,Malmö FF,Sweden,Allsvenskan,67,60,61,65,64,65,72,-1
Aimé Omgba,Omgba,CAM++,NAC Breda,Netherlands,Eredivisie,67,81,63,63,68,45,59,-1
Başar Önal,Önal,LM++,N.E.C. Nijmegen,Türkiye,Eredivisie,67,80,65,60,68,30,60,-1
Gaël Ondoua,Ondoua,CDM++,Servette FC,Cameroon,CSSL,67,67,46,62,62,63,75,-1
Óscar Opazo,Opazo,RB++,Colo-Colo,Chile,Libertadores,67,76,57,63,67,60,68,-1
Alfredo Ortuño Martínez,Ortuño,ST++,FC Cartagena,Spain,LALIGA HYPERMOTION,67,57,68,56,61,32,69,-1
Takuto Oshima,Oshima,CM++,Univ. Craiova,Japan,SUPERLIGA,67,69,53,67,71,55,58,-1
William Osula,Osula,ST++,Newcastle Utd,Denmark,Premier League,67,68,66,49,64,24,63,-1
Sergio Otálvaro,Otálvaro,RB++,Sportivo Luqueño,Colombia,Sudamericana,67,61,54,66,65,66,64,-1
Torge Paetow,Paetow,CB++,Preußen Münster,Germany,Bundesliga 2,67,59,30,45,51,68,75,-1
Vincent Pajot,Pajot,CM++,AC Beauruelle,France,Ligue 2 BKT,67,49,56,67,67,65,71,-1
Jeisson Palacios,Palacios,CB++,América de Cali,Colombia,Sudamericana,67,54,25,48,45,67,72,-1
Liam Palmer,Palmer,CB++,Sheffield Wed,Scotland,EFL Championship,67,68,59,63,64,65,75,-1
Brayan Palmezano,Palmezano,CAM++,Huachipato,Venezuela,Libertadores,67,66,63,64,71,31,55,-1
Luca Pandolfi,Pandolfi,ST++,Cittadella,Italy,Serie BKT,67,65,67,57,65,37,68,-1
Antonios Papadopoulos,Papadopoulos,CB++,FC Lugano,Germany,CSSL,67,66,30,46,57,64,80,-1
Giannis Papanikolaou,Papanikolaou,CM++,Çaykur Rizespor,Greece,Trendyol Süper Lig,67,72,56,63,68,63,76,-1
Gaëtan Paquiez,Paquiez,RB++,Grenoble Foot 38,France,Ligue 2 BKT,67,69,45,59,62,63,74,-1
Miquel Parera Pizá,Miquel Parera,GK++,R. Racing Club,Spain,LALIGA HYPERMOTION,67,70,65,62,70,38,61,-1
Soo Il Park,Park Soo Il,RB++,Gimcheon Sangmu,Korea Republic,K League 1,67,79,55,64,66,59,69,-1
Abdulkadir Parmak,Parmak,CDM++,Hatayspor,Türkiye,Trendyol Süper Lig,67,74,65,67,68,66,66,-1
Lóránd Pászka,Pászka,LB++,Ferencvárosi TC,Hungary,Magyar Liga,67,80,40,64,64,60,56,-1
Adrian Păun,Păun,CAM++,CFR 1907 Cluj,Romania,SUPERLIGA,67,73,65,66,69,33,69,-1
Nicolae Păun,Păun,CDM++,Sepsi OSK,Romania,SUPERLIGA,67,63,46,61,61,65,69,-1
Nicola Pavan,Pavan,CB++,Cittadella,Italy,Serie BKT,67,62,59,66,66,67,72,-1
Bartłomiej Pawłowski,Pawłowski,CAM++,Widzew Łódź,Poland,PKO BP Ekstraklasa,67,82,66,65,70,28,62,-1
Matthew Pennington,Pennington,CB++,Blackpool,England,EFL League One,67,64,33,56,52,67,75,-1
Juan José Perea,Perea,ST++,FC Zürich,Colombia,CSSL,67,81,66,57,68,26,69,-1
Geisson Perea,Perea,CB++,UCV,Colombia,Sudamericana,67,60,28,48,56,67,73,-1
Adrian Nilsen Pereira,Pereira,LB++,Rosenborg BK,Norway,Eliteserien,67,81,59,60,67,59,69,-1
Sérgio Pereira Andrade,Serginho,RW++,Viborg FF,Portugal,3F Superliga,67,76,54,62,72,24,47,-1
Pablo Felipe Pereira de Jesus,Pablo Felipe,RM++,FC Famalicão,Brazil,Liga Portugal,67,68,66,63,66,30,62,-1
Angel Pérez,Pérez,RB++,Sport Huancayo,Peru,Sudamericana,67,71,33,48,64,64,65,-1
Luis Pérez,Pérez,CM++,ADT,Colombia,Sudamericana,67,67,58,60,64,59,68,-1
Juan Manuel Pérez Ruiz,Juan Pérez,GK++,SD Huesca,Spain,LALIGA HYPERMOTION,67,67,65,61,70,33,67,-1
Simone Perilli,Perilli,GK++,Hellas Verona,Italy,Serie A TIM,67,67,67,61,64,46,66,-1
Kristoffer Peterson,Peterson,LM++,Fortuna Sittard,Sweden,Eredivisie,67,74,68,63,69,35,64,-1
José Antonio Abad Martínez,Toni Abad,RB++,SD Huesca,Spain,LALIGA HYPERMOTION,67,74,34,60,61,61,72,-1
Luciano Abecasis,Abecasis,RB++,Ind. Rivadavia,Argentina,LPF,67,75,49,62,65,63,75,-1
Fabio Abiuso,Abiuso,ST++,Modena,Italy,Serie BKT,67,58,68,56,64,35,69,-1
Peter Abrahamsson,Abrahamsson,GK++,BK Häcken,Sweden,Allsvenskan,67,67,68,67,68,41,65,-1
Giorgi Aburjania,Aburjania,CM++,AVS Futebol SAD,Georgia,Liga Portugal,67,52,62,67,68,63,72,-1
Sargis Adamyan,Adamyan,ST++,1. FC Köln,Armenia,Bundesliga 2,67,70,68,62,71,34,67,-1
Bashkim Ajdini,Ajdini,RB++,VfL Osnabrück,Kosovo,3. Liga,67,78,63,65,69,59,59,-1
Alban Ajdini,Ajdini,ST++,Lausanne-Sport,Kosovo,CSSL,67,74,69,63,69,33,65,-1
Albian Ajeti,Ajeti,ST++,FC Basel 1893,Switzerland,CSSL,67,71,67,55,66,28,70,-1
Abdullah Al Ammar,Al Ammar,LB++,Al Ahli,Saudi Arabia,ROSHN Saudi League,67,76,51,64,69,59,68,-1
Saleh Al Amri,Al Amri,LM++,Al Raed,Saudi Arabia,ROSHN Saudi League,67,79,60,63,66,27,65,-1
Faisal Al Ghamdi,Al Ghamdi,CM++,Al Ittihad,Saudi Arabia,ROSHN Saudi League,67,66,53,63,70,63,78,-1
Khaled Al Hashmi,Al Hashmi,CB++,Al Ain FC,United Arab Emirates,United Emirates League,67,67,31,43,47,68,72,-1
Musab Al Juwair,Al Juwair,CM++,Al Hilal,Saudi Arabia,ROSHN Saudi League,67,66,62,70,68,52,68,-1
Muhannad Al Shanqeeti,Al Shanqeeti,RB++,Al Ittihad,Saudi Arabia,ROSHN Saudi League,67,81,42,55,64,61,69,-1
Andreas Albers,Albers,ST++,FC St. Pauli,Denmark,Bundesliga,67,53,65,45,59,29,75,-1
Juan Fernando Alfaro,Alfaro,CDM++,Club Nacional,Argentina,Sudamericana,67,66,50,64,67,64,65,-1
Isnik Alimi,Alimi,CDM++,Sepsi OSK,North Macedonia,SUPERLIGA,67,64,58,66,64,63,66,-1
Fidan Aliti,Aliti,CB++,Alanyaspor,Kosovo,Trendyol Süper Lig,67,63,46,57,60,65,80,-1
Julio Alonso Sosa,Julio Alonso,LB++,CD Mirandés,Spain,LALIGA HYPERMOTION,67,70,36,54,64,67,59,-1
Favio Álvarez,Álvarez,CAM++,Lanús,Argentina,Sudamericana,67,64,65,67,67,40,66,-1
Iker Álvarez de Eulate,Iker Álvarez,GK++,Villarreal CF,Andorra,LALIGA EA SPORTS,67,67,66,67,68,38,68,-1
Frederik Alves,Alves,CB++,Brøndby IF,Denmark,3F Superliga,67,49,31,44,51,67,73,-1
Kelvin Giacobe Alves dos Santos,Kelvin,LM++,Daejeon Citizen,Brazil,K League 1,67,74,60,62,69,24,50,-1
Gustavo H. Alves Rodrigues,Gustavo Henrique,RW++,Estrela Amadora,Brazil,Liga Portugal,67,70,66,59,70,32,64,-1
Etienne Amenyido,Amenyido,ST++,Preußen Münster,Togo,Bundesliga 2,67,75,63,58,71,38,65,-1
Jae Jun An,An Jae Jun,ST++,Pohang Steelers,Korea Republic,K League 1,67,79,66,47,65,24,59,-1
Gregori Anangonó,Anangonó,RB++,U. Católica,Ecuador,Sudamericana,67,81,53,62,65,62,70,-1
Emiliano Ancheta,Ancheta,RB++,Danubio,Uruguay,Sudamericana,67,66,30,58,63,69,71,-1
Adam Andersson,Andersson,RB++,Rosenborg BK,Sweden,Eliteserien,67,75,45,60,65,61,67,-1
Elias Andersson,Andersson,LB++,Lech Poznań,Sweden,PKO BP Ekstraklasa,67,65,60,70,68,60,68,-1
Lorenzo Andrenacci,Andrenacci,GK++,Brisigonza,Italy,Serie BKT,67,67,68,61,68,50,68,-1
Peter Ankersen,Ankersen,RB++,FC Nordsjælland,Denmark,3F Superliga,67,74,54,60,67,61,67,-1
Janis Antiste,Antiste,ST++,Sassuolo,France,Serie BKT,67,79,67,50,67,20,62,-1
Mateo Antoni,Antoni,CB++,Nacional,Uruguay,Libertadores,67,53,38,55,52,68,67,-1
Valentin Antov,Antov,CB++,Cremonese,Bulgaria,Serie BKT,67,56,38,48,57,66,76,-1
Francisco Apaolaza,Apaolaza,ST++,Carabobo FC,Argentina,Sudamericana,67,68,68,54,63,35,66,-1
Leonardo Aponte,Aponte,CB++,Carabobo FC,Venezuela,Sudamericana,67,70,30,52,62,68,68,-1
Jon Mikel Aramburu,Aramburu,RB++,Real Sociedad,Venezuela,LALIGA EA SPORTS,67,71,46,59,62,64,62,-1
Juan Carlos Arana Gómez,Arana,ST++,R. Racing Club,Spain,LALIGA HYPERMOTION,67,71,67,54,68,33,62,-1
Diego Armas,Armas,CAM++,Técnico U.,Ecuador,Sudamericana,67,68,65,65,65,53,64,-1
Yoël Armougom,Armougom,LB++,Clermont Foot 63,France,Ligue 2 BKT,67,79,42,55,65,60,66,-1
Jaime Arrascaita,Arrascaita,RM++,The Strongest,Bolivia,Libertadores,67,82,56,61,67,37,46,-1
Ahmet Arslan,Arslan,CM++,Rot-Weiss Essen,Germany,3. Liga,67,66,68,67,71,57,67,-1
Andrei Artean,Artean,CDM++,CFR 1907 Cluj,Romania,SUPERLIGA,67,66,62,60,62,65,77,-1
Gjermund Åsen,Åsen,CM++,Lillestrøm SK,Norway,Eliteserien,67,55,65,69,69,51,70,-1
Jeremy Petris,Petris,RB++,Sp. Charleroi,France,1A Pro League,67,76,28,50,56,66,62,-1
Tom Pettersson,Pettersson,CB++,Mjällby AIF,Sweden,Allsvenskan,67,38,51,58,55,64,80,-1
Simon Piesinger,Piesinger,CB++,Wolfsberger AC,Austria,Ö. Bundesliga,67,33,52,60,56,66,79,-1
Markus Pink,Pink,ST++,SV Sandhausen,Austria,3. Liga,67,48,68,55,61,28,76,-1
Gabriel Pirani,Gabriel Pirani,CAM++,D.C. United,Brazil,MLS,67,73,58,67,71,39,54,-1
Lucas Pirard,Pirard,GK++,KV Kortrijk,Belgium,1A Pro League,67,67,65,65,68,33,66,-1
Filippo Pittarello,Pittarello,ST++,Catanzaro,Italy,Serie BKT,67,71,64,60,62,45,80,-1
Damián Pizarro,Pizarro,ST++,Udinese,Chile,Serie A TIM,67,84,60,46,67,19,76,-1
Johny Placide,Placide,GK++,SC Bastia,Haiti,Ligue 2 BKT,67,63,65,69,66,54,67,-1
Peter Pokorný,Pokorný,CDM++,Śląsk Wrocław,Slovakia,PKO BP Ekstraklasa,67,63,46,62,61,62,72,-1
Carlos Pomares Rayo,Pomares,LB++,R. Oviedo,Spain,LALIGA HYPERMOTION,67,68,56,61,61,64,68,-1
Fabio Ponsi,Ponsi,RB++,Modena,Italy,Serie BKT,67,72,50,58,64,63,73,-1
Ovidiu Popescu,Popescu,CDM++,FC Univ. Cluj,Romania,SUPERLIGA,67,67,59,63,59,64,78,-1
Segundo Portocarrero,Portocarrero,LM++,Universitario,Ecuador,Libertadores,67,84,59,60,66,62,60,-1
Romano Postema,Postema,ST++,FC Groningen,Netherlands,Eredivisie,67,79,67,52,64,29,60,-1
Freddie Potts,Potts,CDM++,West Ham,England,Premier League,67,63,52,62,63,64,68,-1
Marvin Potzmann,Potzmann,RB++,FK Austria Wien,Austria,Ö. Bundesliga,67,71,62,61,67,64,70,-1
Andreas Poulsen,Poulsen,LB++,Silkeborg IF,Denmark,3F Superliga,67,64,44,60,66,64,71,-1
Gaëtan Poussin,Poussin,GK++,Real Zaragoza,France,LALIGA HYPERMOTION,67,68,67,63,67,20,66,-1
Mateusz Praszelik,Praszelik,CDM++,Südtirol,Poland,Serie BKT,67,70,63,67,71,62,64,-1
Nik Prelec,Prelec,ST++,FK Austria Wien,Slovenia,Ö. Bundesliga,67,67,65,59,66,34,70,-1
Isaac Price,Price,CM++,Standard Liège,Northern Ireland,1A Pro League,67,66,65,68,68,58,64,-1
Richard Prieto,Prieto,LM++,Guaraní,Paraguay,Sudamericana,67,80,56,62,70,58,52,-1
Oliver Provstgaard,Provstgaard,CB++,Vejle Boldklub,Denmark,3F Superliga,67,66,39,52,57,65,77,-1
Raffaele Pucino,Pucino,RB++,Bari,Italy,Serie BKT,67,75,45,55,65,62,71,-1
David Puclin,Puclin,CDM++,Nantong Zhiyun FC,Croatia,CSL,67,64,51,62,63,64,67,-1
George Pușcaș,Pușcaș,ST++,Bodrum FK,Romania,Trendyol Süper Lig,67,67,67,53,64,36,72,-1
Jiegei Qian,Qian Jiegei,CDM++,Zhejiang Pro,China PR,CSL,67,74,58,62,65,62,74,-1
Giacomo Quagliata,Quagliata,LB++,Cremonese,Italy,Serie BKT,67,81,40,54,64,62,65,-1
Xavier Quintillà Guasch,Quintillà,LB++,Apoel FC,Spain,Liga Cyprus,67,70,53,62,66,64,64,-1
Sergio Quiroga,Quiroga,CAM++,Sarmiento,Argentina,LPF,67,72,57,68,71,51,47,-1
Kasim Rabihic,Rabihic,CAM++,Saarbrücken,Germany,3. Liga,67,74,63,67,71,28,60,-1
Uroš Radaković,Radaković,CB++,Sivasspor,Serbia,Trendyol Süper Lig,67,52,33,45,46,67,74,-1
Hamza Rafia,Rafia,CM++,Lecce,Tunisia,Serie A TIM,67,60,67,68,74,34,63,-1
Mileta Rajović,Rajović,ST++,Watford,Denmark,EFL Championship,67,76,66,54,59,26,69,-1
Rodrigo Ramallo,Ramallo,LM++,The Strongest,Bolivia,Libertadores,67,74,68,59,67,40,69,-1
Alex Rambal,Rambal,CB++,ADT,Colombia,Sudamericana,67,55,38,50,58,67,67,-1
Eric Ramírez,Ramírez,ST++,Tigre,Venezuela,LPF,67,67,69,51,61,28,70,-1
Vadim Rață,Rață,CM++,FC Univ. Cluj,Moldova,SUPERLIGA,67,73,62,65,67,63,72,-1
Nicola Ravaglia,Ravaglia,GK++,Sampdoria,Italy,Serie BKT,67,65,65,61,69,30,65,-1
Raimundo Rebolledo,Rebolledo,RB++,Unión La Calera,Chile,Sudamericana,67,72,26,54,65,63,63,-1
Luciano Recalde,Recalde,CB++,Banfield,Argentina,LPF,67,52,29,42,51,69,70,-1
Alex Redolfi,Redolfi,CB++,Mantova,Italy,Serie BKT,67,57,35,44,46,68,76,-1
Jamie Reid,Reid,ST++,Stevenage,Northern Ireland,EFL League One,67,76,68,53,66,24,74,-1
Nuno Miguel Reis Lima,Nuno Lima,CB++,Alanyaspor,Portugal,Trendyol Süper Lig,67,64,31,41,43,68,68,-1
Martin Remacle,Remacle,CM++,Korona Kielce,Belgium,PKO BP Ekstraklasa,67,64,63,67,68,59,67,-1
Giacomo Ricci,Ricci,LB++,Bari,Italy,Serie BKT,67,63,34,55,62,65,66,-1
Matteo Ricci,Ricci,CDM++,Sampdoria,Italy,Serie BKT,67,70,66,67,70,60,65,-1
Rubén Darío Ríos,Ríos,CM++,Sportivo Luqueño,Argentina,Sudamericana,67,65,60,65,66,60,60,-1
Rémy Riou,Riou,GK++,Paris FC,France,Ligue 2 BKT,67,66,66,64,67,48,68,-1
Robin Risser,Risser,GK++,Strasbourg,France,Ligue 1 Uber Eats,67,68,71,64,69,39,60,-1
Lars Ritzka,Ritzka,LB++,FC St. Pauli,Germany,Bundesliga,67,69,46,61,63,62,68,-1
Braian Rivero,Rivero,CDM++,Platense,Argentina,LPF,67,60,43,62,66,63,69,-1
Blás Riveros,Riveros,LB++,Talleres,Paraguay,Libertadores,67,78,36,59,71,59,66,-1
Haydon Roberts,Roberts,LB++,Bristol City,England,EFL Championship,67,71,47,62,67,64,68,-1
Alex Robertson,Robertson,CAM++,Cardiff City,Australia,EFL Championship,67,71,56,66,71,55,62,-1
Matías Rocha,Rocha,CB++,Arouca,Uruguay,Liga Portugal,67,61,51,56,57,67,71,-1
Rúben Alexandre Rocha Lima,Rúben Lima,CB++,Estrela Amadora,Portugal,Liga Portugal,67,60,56,66,67,67,66,-1
Luís Carlos Rocha Rodrigues,Luís Rocha,CB++,Santa Clara,Portugal,Liga Portugal,67,34,31,36,38,68,69,-1
Jamie Roche,Roche,CDM++,Lausanne-Sport,Sweden,CSSL,67,69,53,58,64,66,74,-1
Antônio Rodrigues,Rodrigues,CB++,SJ Earthquakes,Brazil,MLS,67,67,39,44,45,67,73,-1
Rúben da Rocha Rodrigues,Rúben Rodrigues,CAM++,Oxford United,Portugal,EFL Championship,67,71,63,65,68,38,60,-1
Vicente Rodríguez,Rodríguez,CM++,Caracas F.C.,Venezuela,Libertadores,67,66,59,65,66,66,66,-1
Ignacio Rodríguez,Rodríguez,CB++,AVS Futebol SAD,Uruguay,Liga Portugal,67,49,28,30,33,70,74,-1
Maximiliano Rodríguez,Rodríguez,RB++,Dep. Riestra,Argentina,LPF,67,72,47,59,57,66,60,-1
Alberto Rodríguez Baró,Tachi,CB++,CD Mirandés,Spain,LALIGA HYPERMOTION,67,51,29,46,48,68,58,-1
Alberto Rodríguez Martín,Alberto,CB++,ATK Mohun Bagan,Spain,Hero ISL,67,54,35,50,47,68,70,-1
Alvaro Rodríguez Pérez,Alvaro Rodríguez,RB++,Albacete BP,Spain,LALIGA HYPERMOTION,67,58,43,62,61,65,67,-1
Marco Rojas,Rojas,LM++,Well. Phoenix,New Zealand,A-League,67,75,65,64,71,45,38,-1
Esteban Rolón,Rolón,CDM++,Belgrano,Argentina,Sudamericana,67,63,53,63,64,65,65,-1
Filippo Romagna,Romagna,CB++,Sassuolo,Italy,Serie BKT,67,35,32,49,56,70,57,-1
Fernando Román,Román,LB++,Olimpia,Paraguay,Sudamericana,67,78,45,55,62,63,62,-1
Alin Roman,Roman,CAM++,Politehnica Iași,Romania,SUPERLIGA,67,73,63,66,68,34,59,-1
Tuur Rommens,Rommens,LB++,KVC Westerlo,Belgium,1A Pro League,67,69,41,60,67,61,63,-1
Frank Ronstadt,Ronstadt,RB++,Kaiserslautern,Germany,Bundesliga 2,67,76,51,59,66,61,67,-1
Juan Antonio Ros Martínez,Ros,CB++,Albacete BP,Spain,LALIGA HYPERMOTION,67,68,47,59,59,67,69,-1
Siro Rosane,Rosane,CDM++,Barracas Central,Argentina,LPF,67,64,48,59,61,64,73,-1
Guillermo Rosas Alonso,Guille Rosas,RB++,R. Sporting,Spain,LALIGA HYPERMOTION,67,78,39,57,66,61,73,-1
Damian Roßbach,Roßbach,CB++,Hansa Rostock,Germany,3. Liga,67,56,37,50,47,68,75,-1
Oriol Busquets Mas,Oriol Busquets,CDM++,Arouca,Spain,Liga Portugal,67,36,43,64,61,64,67,-1
Adrián Butzke Benavides,Butzke,ST++,Nacional,Spain,Liga Portugal,67,71,66,46,64,23,58,-1
Zico Buurmeester,Buurmeester,CM++,AZ,Netherlands,Eredivisie,67,60,60,65,67,61,69,-1
Cătălin Căbuz,Căbuz,GK++,FC Hermannstadt,Romania,SUPERLIGA,67,69,62,62,72,35,63,-1
Elvin Cafarquliyev,Cafarquliyev,LB++,Qarabağ FK,Azerbaijan,Liga Azerbaijan,67,72,46,62,67,63,63,-1
Ibrahima Camará,Camará,CDM++,Boavista FC,Guinea,Liga Portugal,67,55,47,62,63,65,72,-1
Alfred Canales,Canales,CM++,Uni. Católica,Chile,Sudamericana,67,67,56,61,67,59,65,-1
Jhonatan Candia,Candia,ST++,Barracas Central,Uruguay,LPF,67,68,67,63,67,36,63,-1
Mihai Căpățînă,Căpățînă,RB++,Univ. Craiova,Romania,SUPERLIGA,67,67,63,65,67,60,70,-1
Alessandro Capello,Capello,ST++,Carrarese Calcio,Italy,Serie BKT,67,78,67,57,64,30,62,-1
Nicolas Capraro,Capraro,CB++,Barracas Central,Argentina,LPF,67,71,33,49,56,67,74,-1
Wagner Fabrício Cardoso de Pina,Wagner Pina,RM++,Estoril Praia,Cape Verde Islands,Liga Portugal,67,76,43,60,68,53,62,-1
André Alexandre Carreira Sousa,André Sousa,CM++,Nacional,Portugal,Liga Portugal,67,60,67,67,68,59,73,-1
Julio Cascante,Cascante,CB++,Austin FC,Costa Rica,MLS,67,57,37,47,54,65,72,-1
Dan Casey,Casey,CB++,Motherwell,Republic of Ireland,cinch Prem,67,52,37,45,51,67,76,-1
Jesus Castillo,Castillo,CDM++,Alianza Lima,Peru,Libertadores,67,61,58,59,61,65,66,-1
Jesús Castillo,Castillo,CDM++,Gil Vicente,Peru,Liga Portugal,67,56,57,64,63,61,69,-1
David Castro Pazos,David Castro,CB++,Racing de Ferrol,Spain,LALIGA HYPERMOTION,67,62,34,58,61,65,79,-1
Yoann Cathline,Cathline,LM++,FC Utrecht,France,Eredivisie,67,80,61,60,71,45,55,-1
José Luis Cazares,Cazares,CDM++,Técnico U.,Ecuador,Sudamericana,67,69,50,61,63,64,70,-1
Alberto Cerri,Cerri,ST++,Como,Italy,Serie A TIM,67,40,71,51,61,37,73,-1
Edwin Cerrillo,Cerrillo,CDM++,LA Galaxy,United States,MLS,67,63,46,60,63,63,71,-1
Boris Cespedes,Cespedes,CDM++,Yverdon Sport FC,Bolivia,CSSL,67,66,53,59,65,63,69,-1
Daniel Chacón,Chacón,CB++,Colorado Rapids,Costa Rica,MLS,67,62,22,43,46,68,63,-1
Moutir Chajia,Chajia,LM++,Como,Belgium,Serie A TIM,67,75,64,67,73,34,34,-1
Shea Charles,Charles,CDM++,Southampton,Northern Ireland,Premier League,67,59,47,65,61,65,69,-1
Yevgen Cheberko,Cheberko,CB++,Columbus Crew,Ukraine,MLS,67,68,31,59,64,66,69,-1
Samir Chergui,Chergui,CB++,Paris FC,France,Ligue 2 BKT,67,52,43,62,63,68,63,-1
Riccardo Chiarello,Chiarello,CAM++,Cesena,Italy,Serie BKT,67,68,61,63,69,46,62,-1
Alexandru Chipciu,Chipciu,LM++,FC Univ. Cluj,Romania,SUPERLIGA,67,68,64,64,66,56,69,-1
Jonathan Cissé,Cissé,CB++,SC Oțelul Galați,Côte d'Ivoire,SUPERLIGA,67,65,35,42,53,65,80,-1
Enrique Clemente Maza,Clemente,CB++,UD Las Palmas,Spain,LALIGA EA SPORTS,67,68,32,52,54,67,70,-1
Zach Clough,Clough,LM++,Adelaide United,England,A-League,67,68,61,65,69,45,62,-1
Josh Cohen,Cohen,GK++,Atlanta United,United States,MLS,67,67,66,62,63,28,68,-1
James Collins,Collins,ST++,Derby County,Republic of Ireland,EFL Championship,67,53,66,55,64,41,78,-1
Archie Collins,Collins,CDM++,Peterborough,England,EFL League One,67,72,57,64,68,62,70,-1
Luca Connell,Connell,CDM++,Barnsley,Republic of Ireland,EFL League One,67,65,58,66,66,60,70,-1
Jomaine Consbruch,Consbruch,CAM++,Fürth,Germany,Bundesliga 2,67,73,57,62,70,55,49,-1
Nicolás Contin,Contin,ST++,Tigre,Argentina,LPF,67,71,63,52,63,33,71,-1
Nikita Contini,Contini,GK++,SSC Napoli,Ukraine,Serie A TIM,67,68,66,61,69,48,64,-1
Alberto Contrera,Contrera,CAM++,S. Ameliano,Paraguay,Sudamericana,67,71,64,70,66,44,65,-1
Mauro Coppolaro,Coppolaro,CB++,Carrarese Calcio,Italy,Serie BKT,67,68,42,53,57,67,73,-1
Gabriele Corbo,Corbo,CB++,CF Montréal,Italy,MLS,67,56,40,49,57,66,68,-1
Marius Corbu,Corbu,CAM++,Apoel FC,Romania,Liga Cyprus,67,68,59,64,69,52,62,-1
Harry Cornick,Cornick,ST++,Bristol City,England,EFL Championship,67,80,65,59,68,37,60,-1
Niccolò Corrado,Corrado,LM++,Brisigonza,Italy,Serie BKT,67,67,47,66,67,64,60,-1
Lincoln Corrêa dos Santos,Lincoln,ST++,SCR Altach,Brazil,Ö. Bundesliga,67,72,66,58,70,22,63,-1
Patrick Correia Andrade,Patrick Andrade,CDM++,Qarabağ FK,Cape Verde Islands,Liga Azerbaijan,67,67,57,64,68,63,65,-1
Luciano Cosentino,Cosentino,RW++,Cerro Largo,Uruguay,Sudamericana,67,79,55,61,68,25,46,-1
Guillermo Cotugno,Cotugno,CB++,Racing Club,Uruguay,Sudamericana,67,52,26,41,40,68,70,-1
Hayden Coulson,Coulson,LB++,Blackpool,England,EFL League One,67,76,38,56,66,62,61,-1
Benjamin Cremaschi,Cremaschi,CM++,Inter Miami CF,United States,MLS,67,74,57,63,71,58,57,-1
Alexandru Crețu,Crețu,CDM++,Univ. Craiova,Romania,SUPERLIGA,67,54,58,56,60,67,78,-1
Domen Črnigoj,Črnigoj,CM++,Venezia,Slovenia,Serie A TIM,67,72,61,68,69,54,69,-1
Iván Cuéllar Sacristán,Iván Cuéllar,GK++,RCD Mallorca,Spain,LALIGA EA SPORTS,67,65,67,64,67,47,66,-1
Jamie Cumming,Cumming,GK++,Oxford United,England,EFL Championship,67,66,65,66,67,39,65,-1
Christopher Cvetko,Cvetko,CM++,Austria Klagenfurt,Austria,Ö. Bundesliga,67,60,60,63,64,65,76,-1
Luca D'Andrea,D'Andrea,RM++,Sassuolo,Italy,Serie BKT,67,77,58,64,71,39,53,-1
João Pedro da Costa Gamboa,João Gamboa,CDM++,Pogoń Szczecin,Portugal,PKO BP Ekstraklasa,67,65,58,64,64,64,74,-1
Alessio Da Cruz,Da Cruz,ST++,Fortuna Sittard,Cape Verde Islands,Eredivisie,67,70,67,60,71,36,62,-1
Felipe Augusto da Silva,Felipe Augusto,ST++,Cercle Brugge,Brazil,1A Pro League,67,71,66,47,63,27,67,-1
Manuel Luís Da Silva Cafumana,Show,CDM++,FC Dallas,Angola,MLS,67,63,47,62,66,64,67,-1
Pedro José da Silva Trigueira,Pedro Trigueira,GK++,AVS Futebol SAD,Portugal,Liga Portugal,67,65,64,66,64,45,67,-1
Cristian Dájome,Dájome,LM++,D.C. United,Colombia,MLS,67,81,61,60,67,55,71,-1
Wessel Dammers,Dammers,CB++,Randers FC,Netherlands,3F Superliga,67,58,56,53,59,67,74,-1
Fabian de Keijzer,de Keijzer,GK++,Heracles Almelo,Netherlands,Eredivisie,67,67,63,67,69,31,66,-1
Luis de la Cruz,de la Cruz,CDM++,S. Trinidense,Paraguay,Sudamericana,67,70,57,60,69,64,70,-1
Erik De Los Santos,De Los Santos,RM++,Racing Club,Uruguay,Sudamericana,67,77,48,65,67,62,62,-1
Sebastian De Maio,De Maio,CB++,Mantova,France,Serie BKT,67,40,42,43,58,66,70,-1
Dion De Neve,De Neve,LM++,KV Kortrijk,Belgium,1A Pro League,67,81,59,59,68,49,42,-1
Nicolas De Préville,De Préville,ST++,ESTAC Troyes,France,Ligue 2 BKT,67,72,68,66,67,39,64,-1
Gabriel Debeljuh,Debeljuh,ST++,Sepsi OSK,Croatia,SUPERLIGA,67,60,63,48,63,25,77,-1
Tim Jabol-Folcarelli,Jabol-Folcarelli,CM++,AC Ajaccio,France,Ligue 2 BKT,67,66,56,64,65,63,71,-1
Thore Jacobsen,Jacobsen,CDM++,1860 München,Germany,3. Liga,67,63,55,64,67,63,70,-1
Miguel Jacquet,Jacquet,CB++,Libertad,Paraguay,Libertadores,67,60,34,44,49,67,72,-1
Timotej Jambor,Jambor,ST++,FC Rapid 1923,Slovakia,SUPERLIGA,67,76,69,52,65,26,66,-1
Isak Jansson,Jansson,LM++,SK Rapid Wien,Sweden,Ö. Bundesliga,67,81,62,57,69,41,68,-1
Florian Jaritz,Jaritz,LM++,Austria Klagenfurt,Austria,Ö. Bundesliga,67,69,63,63,67,58,67,-1
Richard Jensen,Jensen,CB++,Aberdeen,Finland,cinch Prem,67,53,43,53,64,67,72,-1
Ulrik Yttergård Jenssen,Jenssen,CB++,Rosenborg BK,Norway,Eliteserien,67,53,54,62,61,66,73,-1
Ruben Yttergård Jenssen,Jenssen,CDM++,Tromsø IL,Norway,Eliteserien,67,55,59,66,65,61,74,-1
Tae Wook Jeong,Jeong Tae Wook,CB++,WS Wanderers,Korea Republic,A-League,67,49,31,47,47,64,80,-1
Jin Woo Jo,Jo Jin Woo,CB++,Gimcheon Sangmu,Korea Republic,K League 1,67,61,37,44,40,67,75,-1
George Johnston,Johnston,CB++,Bolton,Scotland,EFL League One,67,64,33,51,61,66,74,-1
Kasper Jørgensen,Jørgensen,RB++,AaB,Denmark,3F Superliga,67,78,45,56,64,59,74,-1
Branko Jovičić,Jovičić,CDM++,LASK,Serbia,Ö. Bundesliga,67,66,51,60,65,65,69,-1
Se Jong Ju,Ju Se Jong,CDM++,Daejeon Citizen,Korea Republic,K League 1,67,54,53,71,65,58,68,-1
Hidde Jurjus,Jurjus,GK++,FC Groningen,Netherlands,Eredivisie,67,68,62,63,69,45,65,-1
Markus Kaasa,Kaasa,CM++,Molde FK,Norway,Eliteserien,67,71,61,64,70,58,65,-1
Sory Kaba,Kaba,ST++,UD Las Palmas,Guinea,LALIGA EA SPORTS,67,53,68,57,65,31,80,-1
Tobias Kainz,Kainz,CDM++,TSV Hartberg,Austria,Ö. Bundesliga,67,71,58,65,65,64,71,-1
Benjamin Källman,Källman,ST++,Cracovia,Finland,PKO BP Ekstraklasa,67,79,64,49,67,23,77,-1
Yayah Kallon,Kallon,RW++,Salernitana,Sierra Leone,Serie BKT,67,82,64,58,69,22,63,-1
Dijon Kameri,Kameri,CAM++,RB Salzburg,Austria,Ö. Bundesliga,67,74,66,63,70,38,63,-1
Claudio Kammerknecht,Kammerknecht,RB++,Dynamo Dresden,Sri Lanka,3. Liga,67,62,32,57,57,65,76,-1
Ali Karimi,Karimi,CM++,Kayserispor,Iran,Trendyol Süper Lig,67,59,60,65,67,64,70,-1
Ahmed Kashi,Kashi,CDM++,AC Beauruelle,Algeria,Ligue 2 BKT,67,49,52,63,64,61,71,-1
Fabio Kaufmann,Kaufmann,CAM++,Braunschweig,Germany,Bundesliga 2,67,77,67,62,70,53,70,-1
Oluwatosin Kehinde,Kehinde,RM++,Ferencvárosi TC,Nigeria,Magyar Liga,67,83,55,61,72,40,64,-1
Matty Kennedy,Kennedy,LM++,Kilmarnock,Northern Ireland,cinch Prem,67,85,59,63,71,50,61,-1
David Kiki,Kiki,LB++,FCSB,Benin,SUPERLIGA,67,77,49,57,64,62,75,-1
Ju Sung Kim,Kim Ju Sung,CB++,FC Seoul,Korea Republic,K League 1,67,73,39,47,54,65,73,-1
Mikkel Kirkeskov,Kirkeskov,LB++,Preußen Münster,Denmark,Bundesliga 2,67,68,51,67,67,61,72,-1
Arda Kızıldağ,Kızıldağ,CB++,Gaziantep,Türkiye,Trendyol Süper Lig,67,62,37,48,51,68,69,-1
Carl Klaus,Klaus,GK++,Union Berlin,Germany,Bundesliga,67,67,69,66,70,29,65,-1
Pascal Klemens,Klemens,CDM++,Hertha Berlin,Germany,Bundesliga 2,67,61,37,56,61,67,72,-1
Philipp Klement,Klement,CAM++,Kaiserslautern,Germany,Bundesliga 2,67,60,64,70,69,40,49,-1
Stefan Knežević,Knežević,CB++,FC Luzern,Switzerland,CSSL,67,42,37,49,61,66,74,-1
Harvey Knibbs,Knibbs,CAM++,Reading,England,EFL League One,67,73,65,62,67,62,78,-1
Mats Knoester,Knoester,CB++,Ferencvárosi TC,Netherlands,Magyar Liga,67,63,29,49,55,65,78,-1
Christoph Kobald,Kobald,CB++,Karlsruher SC,Austria,Bundesliga 2,67,66,26,54,54,68,67,-1
Elvir Koljić,Koljić,ST++,Univ. Craiova,Bosnia and Herzegovina,SUPERLIGA,67,54,68,51,61,33,72,-1
Cheick Oumar Konaté,Konaté,RB++,Clermont Foot 63,Mali,Ligue 2 BKT,67,60,29,55,65,67,52,-1
David Kopacz,Kopacz,RM++,FC Ingolstadt 04,Poland,3. Liga,67,74,61,63,68,39,62,-1
Josh Koroma,Koroma,LM++,Huddersfield,Sierra Leone,EFL League One,67,82,65,59,68,38,63,-1
Ilias Kostis,Kostis,CB++,Atlético de Madrid,Greece,LALIGA EA SPORTS,67,60,22,44,50,66,71,-1
Xavier Kouassi,Kouassi,CB++,Pau FC,Côte d'Ivoire,Ligue 2 BKT,67,59,51,60,64,67,76,-1
Christos Kourfalidis,Kourfalidis,CM++,Cosenza,Greece,Serie BKT,67,71,60,67,70,58,65,-1
İsmail Köybaşı,Köybaşı,LB++,Göztepe,Türkiye,Trendyol Süper Lig,67,71,64,67,71,61,64,-1
Samuel Kozlovský,Kozlovský,LB++,Widzew Łódź,Slovakia,PKO BP Ekstraklasa,67,70,52,62,62,65,63,-1
Robin Krauße,Krauße,CDM++,Braunschweig,Germany,Bundesliga 2,67,63,41,62,58,64,77,-1
Thaer Krouma,Krouma,CB++,Mumbai City FC,Syria,Hero ISL,67,49,46,43,49,71,69,-1
Mirlind Kryeziu,Kryeziu,CB++,FC Zürich,Kosovo,CSSL,67,34,36,48,50,65,78,-1
Jarosław Kubicki,Kubicki,CDM++,Jagiellonia,Poland,PKO BP Ekstraklasa,67,71,56,63,65,62,75,-1
Christian Kühlwetter,Kühlwetter,ST++,Jahn Regensburg,Germany,Bundesliga 2,67,67,66,61,68,34,71,-1
Rafał Kurzawa,Kurzawa,CDM++,Pogoń Szczecin,Poland,PKO BP Ekstraklasa,67,51,65,70,67,63,60,-1
Ahmed Kutucu,Kutucu,ST++,Eyüpspor,Türkiye,Trendyol Süper Lig,67,73,68,58,67,41,69,-1
Antonino La Gumina,La Gumina,ST++,Sampdoria,Italy,Serie BKT,67,75,67,60,67,36,71,-1
Francisco La Mantía,La Mantía,CB++,Caracas F.C.,Venezuela,Libertadores,67,65,56,59,53,68,69,-1
Gustaf Lagerbielke,Lagerbielke,CB++,Celtic,Sweden,cinch Prem,67,53,32,55,58,67,66,-1
Senne Lammens,Lammens,GK++,Royal Antwerp FC,Belgium,1A Pro League,67,71,65,61,69,21,63,-1
Lazaros Lamprou,Lamprou,LM++,Raków,Greece,PKO BP Ekstraklasa,67,82,63,59,70,31,62,-1
Paddy Lane,Lane,LM++,Portsmouth,Northern Ireland,EFL Championship,67,76,65,61,69,54,58,-1
Christoph Lang,Lang,RM++,SK Rapid Wien,Austria,Ö. Bundesliga,67,73,66,63,69,33,61,-1
Callum Lang,Lang,CAM++,Portsmouth,England,EFL Championship,67,80,64,62,69,40,69,-1
Ionuț Larie,Larie,CB++,Farul Constanța,Romania,SUPERLIGA,67,38,42,53,50,66,73,-1
Nikolai Laursen,Laursen,RM++,Heracles Almelo,Denmark,Eredivisie,67,74,66,66,69,37,56,-1
Mickaël Le Bihan,Le Bihan,ST++,SM Caen,France,Ligue 2 BKT,67,48,69,60,67,46,74,-1
Randall Leal,Leal,CAM++,Nashville SC,Costa Rica,MLS,67,71,64,65,71,44,52,-1
Richard Ledezma,Ledezma,CAM++,PSV,United States,Eredivisie,67,68,60,66,70,48,47,-1
Geon Hee Lee,Lee Geon Hee,ST++,GwangJu FC,Korea Republic,K League 1,67,70,68,39,63,21,74,-1
Soo Bin Lee,Lee Soo Bin,CDM++,Jeonbuk Hyundai,Korea Republic,K League 1,67,57,48,61,67,58,64,-1
Elliot Lee,Lee,CM++,Wrexham AFC,England,EFL League One,67,67,66,64,68,59,68,-1
Clint Leemans,Leemans,CM++,NAC Breda,Netherlands,Eredivisie,67,52,70,69,65,59,70,-1
Alexander Rossipal,Rossipal,LB++,Hansa Rostock,Germany,3. Liga,67,61,46,60,62,65,70,-1
Matteo Rover,Rover,LM++,Südtirol,Italy,Serie BKT,67,75,66,59,71,40,61,-1
Jimmy Roye,Roye,CDM++,Stade Lavallois,France,Ligue 2 BKT,67,63,64,64,68,63,69,-1
Agustín Ruberto,Ruberto,ST++,River Plate,Argentina,Libertadores,67,72,67,59,65,41,67,-1
Kevin Rüegg,Rüegg,RB++,FC Basel 1893,Switzerland,CSSL,67,78,57,64,67,62,70,-1
Salvador Ruíz Rodríguez,Salva Ruíz,LB++,CD Castellón,Spain,LALIGA HYPERMOTION,67,72,30,62,61,64,67,-1
Besard Sabovic,Sabovic,CDM++,Djurgårdens IF,Sweden,Allsvenskan,67,55,65,65,66,61,72,-1
Noah Sadiki,Sadiki,CDM++,R. Union St.-G.,Congo DR,1A Pro League,67,73,38,59,68,65,67,-1
Loret Sadiku,Sadiku,CDM++,Kasımpaşa,Albania,Trendyol Süper Lig,67,35,57,57,60,66,66,-1
Ole Christian Sæter,Sæter,ST++,Rosenborg BK,Norway,Eliteserien,67,69,68,52,63,29,77,-1
Lars Sætra,Sætra,CB++,Kalmar FF,Norway,Allsvenskan,67,33,37,51,48,65,79,-1
Sebastián Sáez,Sáez,ST++,Huachipato,Argentina,Libertadores,67,45,68,60,65,25,66,-1
Anass Salah-Eddine,Salah-Eddine,LB++,FC Twente,Netherlands,Eredivisie,67,74,35,65,69,62,66,-1
Amine Salama,Salama,ST++,Stade de Reims,France,Ligue 1 Uber Eats,67,73,66,56,66,25,63,-1
Ricardo Salcedo,Salcedo,CDM++,Sport Huancayo,Peru,Sudamericana,67,58,52,62,58,64,66,-1
José Salinas Morán,Salinas,LB++,Elche CF,Spain,LALIGA HYPERMOTION,67,74,40,56,64,63,61,-1
Benedikt Saller,Saller,LB++,Jahn Regensburg,Germany,Bundesliga 2,67,79,51,61,64,63,67,-1
Emil Salomonsson,Salomonsson,RB++,IFK Göteborg,Sweden,Allsvenskan,67,68,65,65,65,63,69,-1
Víctor Samudio,Samudio,GK++,S. Trinidense,Paraguay,Sudamericana,67,64,65,61,67,29,69,-1
Alejandro San Cristóbal,Álex Sancris,RM++,Burgos CF,Spain,LALIGA HYPERMOTION,67,67,62,68,65,25,50,-1
Alvyn Antonio Sanches,Alvyn Sanches,CM++,Lausanne-Sport,Switzerland,CSSL,67,70,56,62,71,60,64,-1
Carlos Sánchez,Sánchez,CDM++,San Lorenzo,Colombia,Libertadores,67,34,58,64,65,68,66,-1
Ignacio Agustín Sánchez Romo,Nacho,LM++,Racing de Ferrol,Spain,LALIGA HYPERMOTION,67,76,70,64,66,45,64,-1
Dion Sanderson,Sanderson,CB++,Birmingham City,England,EFL League One,67,67,40,54,58,66,73,-1
Jorge Sanguina,Sanguina,ST++,Ind. Rivadavia,Paraguay,LPF,67,63,69,50,65,26,59,-1
Sam Sanna,Sanna,CM++,Stade Lavallois,France,Ligue 2 BKT,67,72,56,66,71,62,61,-1
Rodrigo Saracho,Saracho,GK++,Dep. Riestra,Argentina,LPF,67,69,65,57,68,29,70,-1
Veysel Sarı,Sarı,CB++,Antalyaspor,Türkiye,Trendyol Süper Lig,67,48,52,55,50,67,76,-1
Darío Sarmiento,Sarmiento,RW++,Tigre,Argentina,LPF,67,77,62,61,74,39,42,-1
Hans Nunoo Sarpei,Sarpei,CDM++,HJK Helsinki,Ghana,Finnliiga,67,73,38,57,65,65,68,-1
Elías Sarquis,Sarquis,LM++,S. Ameliano,Paraguay,Sudamericana,67,73,62,59,71,23,52,-1
Anthony Sauthier,Sauthier,RB++,Yverdon Sport FC,Switzerland,CSSL,67,59,54,66,62,66,67,-1
Aurélien Scheidler,Scheidler,ST++,FCV Dender EH,France,1A Pro League,67,51,68,53,62,31,79,-1
Jonathan Scherzer,Scherzer,LB++,Wolfsberger AC,Austria,Ö. Bundesliga,67,65,42,63,63,64,73,-1
Raphael Schifferl,Schifferl,CB++,1860 München,Austria,3. Liga,67,58,31,47,47,65,77,-1
Joël Schingtienne,Schingtienne,CB++,OH Leuven,Belgium,1A Pro League,67,66,25,48,40,69,69,-1
Morris Schröter,Schröter,RM++,1860 München,Germany,3. Liga,67,81,56,61,65,60,72,-1
Ricardo Schuck Friedrich,Ricardo Friedrich,GK++,Malmö FF,Brazil,Allsvenskan,67,68,64,76,69,31,63,-1
Michael Schultz,Schultz,CB++,Rot-Weiss Essen,Germany,3. Liga,67,42,26,44,51,66,76,-1
Till Schumacher,Schumacher,LB++,Saarbrücken,Germany,3. Liga,67,73,48,62,64,61,55,-1
Petr Schwarz,Schwarz,CM++,Śląsk Wrocław,Czechia,PKO BP Ekstraklasa,67,69,63,68,65,62,69,-1
Ilias Sebaoui,Sebaoui,LM++,sc Heerenveen,Morocco,Eredivisie,67,78,64,62,71,49,57,-1
Marcel Seegert,Seegert,CB++,SV Waldhof,Germany,3. Liga,67,54,42,53,58,65,74,-1
Muhammed Şengezer,Şengezer,GK++,Başakşehir,Türkiye,Trendyol Süper Lig,67,67,64,61,70,35,66,-1
Yanis Senhadji Chikhaoui,Yanis Senhadji,ST++,CD Tenerife,Spain,LALIGA HYPERMOTION,67,69,67,53,65,43,65,-1
Billy Sharp,Sharp,ST++,Doncaster,England,EFL League Two,67,52,69,61,62,38,66,-1
James Shea,Shea,GK++,Luton Town,England,EFL Championship,67,67,65,60,67,27,67,-1
Ke Shi,Shi Ke,CB++,Shandong Taishan,China PR,CSL,67,67,27,44,48,66,76,-1
Kwang Hoon Shin,Shin Kwang Hoon,RB++,Pohang Steelers,Korea Republic,K League 1,67,62,54,62,63,65,68,-1
Louie Sibley,Sibley,LM++,Oxford United,England,EFL Championship,67,63,61,65,69,61,64,-1
Kwasi Sibo,Sibo,CDM++,R. Oviedo,Ghana,LALIGA HYPERMOTION,67,66,54,57,62,65,78,-1
Gregorio Sierra Pérez,Grego Sierra,CB++,Univ. Craiova,Spain,SUPERLIGA,67,52,50,53,57,68,71,-1
Santiago Silva,Silva,CM++,Huachipato,Uruguay,Libertadores,67,60,54,63,63,53,64,-1
Marcelo Silva,Silva,CB++,Real Salt Lake,Uruguay,MLS,67,32,38,51,53,64,78,-1
Mauro Silveira,Silveira,GK++,Wanderers,Uruguay,Sudamericana,67,57,63,66,65,49,71,-1
Ba-Muaka Simakala,Simakala,LW++,VfL Osnabrück,Germany,3. Liga,67,80,64,59,70,26,57,-1
Alpha Sissoko,Sissoko,RB++,En Avant Guingamp,France,Ligue 2 BKT,67,77,33,56,60,62,68,-1
Mateusz Skrzypczak,Skrzypczak,CB++,Jagiellonia,Poland,PKO BP Ekstraklasa,67,56,35,50,46,68,75,-1
Anis Slimane,Slimane,CM++,Sheffield Utd,Tunisia,EFL Championship,67,65,59,62,68,58,75,-1
Jakub Słowik,Słowik,GK++,Konyaspor,Poland,Trendyol Süper Lig,67,67,59,55,71,40,70,-1
Ester Sokler,Sokler,ST++,Aberdeen,Slovenia,cinch Prem,67,80,64,54,65,40,63,-1
Nikola Soldo,Soldo,CB++,1. FC Köln,Croatia,Bundesliga 2,67,60,31,54,54,68,69,-1
Edoardo Soleri,Soleri,ST++,Spezia,Italy,Serie BKT,67,78,64,51,68,34,69,-1
Francois-Joseph Sollacaro,Sollacaro,GK++,AC Ajaccio,France,Ligue 2 BKT,67,67,65,65,68,44,66,-1
Lasse Sørensen,Sørensen,RB++,Huddersfield,Denmark,EFL League One,67,74,56,61,63,61,68,-1
Sebastián Sosa Sánchez,Sosa Sánchez,ST++,Cerro Largo,Uruguay,Sudamericana,67,59,68,47,64,24,68,-1
Nicolás Sosa Sánchez,Sosa Sánchez,ST++,Racing Club,Uruguay,Sudamericana,67,72,66,53,59,33,57,-1
Jorge Soto,Soto,GK++,América de Cali,Colombia,Sudamericana,67,67,69,58,70,46,63,-1
Lucas Souto,Souto,RB++,Huracán,Argentina,LPF,67,70,30,49,65,64,68,-1
Abner Felipe Souza de Almeida,Felipe Abner,LB++,USL Dunkerque,Brazil,Ligue 2 BKT,67,77,48,60,69,62,63,-1
Adrían Spörle,Spörle,LB++,Independiente,Argentina,LPF,67,73,55,59,63,63,71,-1
Marvin Stefaniak,Stefaniak,LM++,FC Erzgebirge Aue,Germany,3. Liga,67,75,60,66,68,29,62,-1
Gianni Stensness,Stensness,CB++,Viking FK,Australia,Eliteserien,67,53,41,55,58,65,79,-1
Basil Stillhart,Stillhart,CB++,FC Winterthur,Switzerland,CSSL,67,65,61,66,65,64,79,-1
Ianis Stoica,Stoica,RM++,FC Hermannstadt,Romania,SUPERLIGA,67,81,64,59,68,29,64,-1
Ryan Strain,Strain,RB++,Dundee United,Australia,cinch Prem,67,78,50,63,66,61,73,-1
Jared Stroud,Stroud,RM++,D.C. United,United States,MLS,67,67,57,64,65,55,69,-1
Max Stryjek,Stryjek,GK++,Jagiellonia,Poland,PKO BP Ekstraklasa,67,67,67,63,68,42,66,-1
Facundo Suárez,Suárez,ST++,Instituto,Argentina,LPF,67,57,72,51,61,28,64,-1
Martin Suchomel,Suchomel,LB++,Sparta Praha,Czechia,Česká Liga,67,70,38,55,60,64,73,-1
Marin Šverko,Šverko,CB++,Venezia,Croatia,Serie A TIM,67,66,37,55,60,66,76,-1
Will Dennis,Dennis,GK++,AFC Bournemouth,England,Premier League,67,70,65,63,69,33,66,-1
Halil İbrahim Dervişoğlu,Dervişoğlu,ST++,Galatasaray,Türkiye,Trendyol Süper Lig,67,73,65,63,72,39,61,-1
Enis Destan,Destan,ST++,Trabzonspor,Türkiye,Trendyol Süper Lig,67,68,66,62,65,48,70,-1
Fousseni Diabaté,Diabaté,RW++,Lausanne-Sport,Mali,CSSL,67,84,62,60,71,42,46,-1
Bambo Diaby,Diaby,CB++,Elche CF,Senegal,LALIGA HYPERMOTION,67,67,32,54,57,63,79,-1
Mahamadou Diawara,Diawara,CM++,OL,France,Ligue 1 Uber Eats,67,67,55,65,67,61,69,-1
Ismael Diawara,Diawara,GK++,AIK,Mali,Allsvenskan,67,72,63,62,71,18,64,-1
Thomas Didillon-Hödl,Didillon-Hödl,GK++,Willem II,France,Eredivisie,67,68,62,68,71,56,66,-1
Guillaume Dietsch,Dietsch,GK++,FCV Dender EH,France,1A Pro League,67,69,65,63,70,19,63,-1
Ouparine Djoco,Djoco,GK++,Clermont Foot 63,Guinea-Bissau,Ligue 2 BKT,67,70,66,68,69,29,64,-1
Dejan Djokic,Djokic,ST++,FC Sion,Switzerland,CSSL,67,68,66,52,63,21,60,-1
Maciej Domański,Domański,CAM++,Stal Mielec,Poland,PKO BP Ekstraklasa,67,69,66,66,69,56,68,-1
Mehdi Dorval,Dorval,RB++,Bari,France,Serie BKT,67,73,36,57,66,59,63,-1
David Douline,Douline,CDM++,Servette FC,France,CSSL,67,45,58,60,62,65,72,-1
Oliver Dovin,Dovin,GK++,Coventry City,Sweden,EFL Championship,67,68,65,66,68,45,66,-1
Stefan Dražić,Dražić,ST++,Apoel FC,Serbia,Liga Cyprus,67,65,66,56,63,27,70,-1
Bryce Duke,Duke,CAM++,CF Montréal,United States,MLS,67,68,58,69,71,46,58,-1
Chey Dunkley,Dunkley,CB++,Chesterfield,England,EFL League Two,67,49,36,42,49,65,79,-1
Pierre Dwomoh,Dwomoh,CM++,Watford,Belgium,EFL Championship,67,72,54,66,73,55,72,-1
Patryk Dziczek,Dziczek,CDM++,Piast Gliwice,Poland,PKO BP Ekstraklasa,67,57,54,60,65,64,70,-1
Santiago Echeverría,Echeverría,CB++,Wilstermann,Argentina,Sudamericana,67,54,23,41,41,69,71,-1
Joe Edwards,Edwards,RB++,Plymouth Argyle,England,EFL Championship,67,66,59,63,66,63,75,-1
Amine El Ouazzani,El Ouazzani,ST++,SC Braga,Morocco,Liga Portugal,67,64,67,60,65,20,64,-1
Dimitrios Emmanouilidis,Emmanouilidis,LM++,Vejle Boldklub,Greece,3F Superliga,67,84,65,57,71,24,58,-1
Mahir Emreli,Emreli,ST++,1. FC Nürnberg,Azerbaijan,Bundesliga 2,67,76,70,55,68,28,70,-1
Doğan Erdoğan,Erdoğan,CDM++,Göztepe,Türkiye,Trendyol Süper Lig,67,56,54,65,66,62,70,-1
Onur Ergün,Ergün,CDM++,Başakşehir,Türkiye,Trendyol Süper Lig,67,56,63,63,63,66,72,-1
August Erlingmark,Erlingmark,CDM++,IFK Göteborg,Sweden,Allsvenskan,67,63,55,57,60,66,75,-1
Pablo Erustes,Erustes,ST++,Dep. Garcilaso,Argentina,Sudamericana,67,72,68,52,63,20,58,-1
Florian Escales,Escales,GK++,AC Beauruelle,France,Ligue 2 BKT,67,70,69,64,65,28,68,-1
Anderson Esiti,Esiti,CDM++,Ferencvárosi TC,Nigeria,Magyar Liga,67,52,45,56,56,68,78,-1
Daniel Esmorís Tasende,Dani Tasende,LB++,Real Zaragoza,Spain,LALIGA HYPERMOTION,67,71,50,67,63,63,54,-1
Derrick Etienne Jr.,Etienne Jr.,LM++,Toronto FC,Haiti,MLS,67,81,62,61,67,40,64,-1
Lee Evans,Evans,CM++,Blackpool,Wales,EFL League One,67,52,63,67,65,66,78,-1
Ched Evans,Evans,ST++,Preston,Wales,EFL Championship,67,52,68,59,66,39,79,-1
Diego Falcinelli,Falcinelli,ST++,Spezia,Italy,Serie BKT,67,48,69,53,68,23,58,-1
Marco Farfan,Farfan,LB++,FC Dallas,United States,MLS,67,70,45,54,67,64,67,-1
Gonçalo Faria Costa,Gonçalo Costa,LB++,Estoril Praia,Portugal,Liga Portugal,67,76,41,49,73,62,62,-1
Mohamed Farsi,Farsi,RM++,Columbus Crew,Canada,MLS,67,83,52,61,68,60,56,-1
Timothy Fayulu,Fayulu,GK++,FC Sion,Congo DR,CSSL,67,68,66,62,69,25,65,-1
Manuel Feil,Feil,RM++,SV Elversberg,Germany,Bundesliga 2,67,63,58,62,71,42,55,-1
Hugo Fernández,Fernández,LM++,Olimpia,Paraguay,Sudamericana,67,78,59,63,66,43,55,-1
Guillermo Fernández Hierro,Guillermo,ST++,NorthEast United,Spain,Hero ISL,67,72,68,59,66,32,70,-1
Matias Fernandez-Pardo,Fernandez-Pardo,CAM++,KAA Gent,Belgium,1A Pro League,67,75,64,64,70,39,53,-1
Gianluca Ferrari,Ferrari,CB++,Atlético Tucumán,Argentina,LPF,67,71,43,59,60,63,79,-1
Miguel Ferreira de Sousa,Miguel Sousa,CAM++,Casa Pia AC,Portugal,Liga Portugal,67,64,62,68,68,41,48,-1
Rafael Ferreira Nel,Rafael Nel,ST++,Sporting CP,Portugal,Liga Portugal,67,77,67,52,70,24,65,-1
Salvador Ferrer Canals,Salva Ferrer,RB++,Spezia,Spain,Serie BKT,67,67,34,57,60,65,71,-1
Marco Festa,Festa,GK++,Mantova,Italy,Serie BKT,67,67,66,70,70,46,66,-1
Kolbeinn Birgir Finnsson,Finnsson,LB++,FC Utrecht,Iceland,Eredivisie,67,76,54,61,64,61,70,-1
Vincenzo Fiorillo,Fiorillo,GK++,Salernitana,Italy,Serie BKT,67,69,63,60,68,38,65,-1
Eduard Florescu,Florescu,RM++,FC Botoșani,Romania,SUPERLIGA,67,69,68,66,66,54,65,-1
José Manuel Fontán Mondragón,José Fontán,CB++,Arouca,Spain,Liga Portugal,67,62,45,62,62,69,61,-1
Iver Fossum,Fossum,CM++,KV Kortrijk,Norway,1A Pro League,67,68,62,65,68,62,74,-1
Abu Francis,Francis,CM++,Cercle Brugge,Ghana,1A Pro League,67,73,66,63,70,64,68,-1
Juan José Franco,Franco,RB++,Instituto,Paraguay,LPF,67,65,53,61,64,66,61,-1
Matt Freese,Freese,GK++,New York City FC,United States,MLS,67,69,67,68,68,29,67,-1
Lukas Fridrikas,Fridrikas,ST++,SCR Altach,Austria,Ö. Bundesliga,67,76,67,61,67,30,65,-1
Michael Fuentes Vadulli,Fuentes Vadulli,LM++,Palestino,Chile,Libertadores,67,78,60,58,67,30,58,-1
Joel Chima Fujita,Fujita,CDM++,STVV,Japan,1A Pro League,67,67,57,61,65,64,67,-1
Anton Gaaei,Gaaei,RB++,Ajax,Denmark,Eredivisie,67,83,48,57,65,58,67,-1
Munashe Garananga,Garananga,CB++,F.C. København,Zimbabwe,3F Superliga,67,64,34,47,46,66,71,-1
Jon García Herrero,Jon García,CB++,Albacete BP,Spain,LALIGA HYPERMOTION,67,68,35,51,54,67,66,-1
Anselmo García MacNulty,García MacNulty,CB++,PEC Zwolle,Republic of Ireland,Eredivisie,67,69,35,55,61,66,73,-1
Víctor García Marín,Víctor García,LB++,Málaga CF,Spain,LALIGA HYPERMOTION,67,70,51,63,64,62,59,-1
Luis Garro,Garro,RB++,Sport Huancayo,Peru,Sudamericana,67,72,57,58,63,65,62,-1
Yarek Gąsiorowski,Yarek,CB++,Valencia CF,Spain,LALIGA EA SPORTS,67,67,50,55,53,69,66,-1
Christian Gebauer,Gebauer,RM++,SCR Altach,Austria,Ö. Bundesliga,67,79,62,58,66,52,71,-1
Andreas Geipl,Geipl,CDM++,Jahn Regensburg,Germany,Bundesliga 2,67,62,53,59,61,68,72,-1
Fabio Gerli,Gerli,CM++,Modena,Italy,Serie BKT,67,62,58,67,68,62,60,-1
Krystian Getinger,Getinger,LB++,Stal Mielec,Poland,PKO BP Ekstraklasa,67,74,62,62,62,62,70,-1
Virgil Ghiță,Ghiță,CB++,Cracovia,Romania,PKO BP Ekstraklasa,67,54,44,48,51,67,76,-1
Armin Gigović,Gigović,CM++,Holstein Kiel,Bosnia and Herzegovina,Bundesliga,67,70,54,64,70,54,69,-1
Dylan Glaby,Glaby,CDM++,Coquimbo Unido,Argentina,Sudamericana,67,57,52,64,61,64,70,-1
Ettore Gliozzi,Gliozzi,ST++,Modena,Italy,Serie BKT,67,58,67,52,66,35,65,-1
Caio Gobbo Secco,Caio Secco,GK++,Moreirense FC,Brazil,Liga Portugal,67,62,65,60,66,40,71,-1
Matt Godden,Godden,ST++,Charlton Ath,England,EFL League One,67,47,71,56,64,32,68,-1
Matías Godoy,Godoy,LW++,Central Córdoba,Argentina,LPF,67,73,64,64,67,39,62,-1
Vitor Hugo Gomes da Silva,Vítor Gomes,CM++,Rio Ave FC,Portugal,Liga Portugal,67,43,65,71,66,64,69,-1
Marcos Gómez,Gómez,CM++,Olimpia,Paraguay,Sudamericana,67,73,55,59,64,61,64,-1
Luciano Gómez,Gómez,RB++,Ind. Rivadavia,Argentina,LPF,67,80,60,61,69,61,63,-1
Donatien Gomis,Gomis,CB++,En Avant Guingamp,Senegal,Ligue 2 BKT,67,57,29,44,44,68,75,-1
Julio González,González,RB++,S. Ameliano,Paraguay,Sudamericana,67,64,43,55,57,67,72,-1
Diego González,González,LW++,Latium,Paraguay,Serie A TIM,67,64,68,64,71,51,41,-1
Alexander Gorgon,Gorgon,CAM++,Pogoń Szczecin,Austria,PKO BP Ekstraklasa,67,66,65,67,67,52,69,-1
Pablo Gozálbez Gilabert,Pablo Gozálbez,CAM++,Arouca,Spain,Liga Portugal,67,58,65,66,69,48,50,-1
Jaume Grau Ciscar,Jaume Grau,CM++,AVS Futebol SAD,Spain,Liga Portugal,67,64,59,65,65,66,71,-1
Ján Greguš,Greguš,CDM++,Houston Dynamo,Slovakia,MLS,67,62,62,67,65,62,71,-1
Leo Greiml,Greiml,CB++,NAC Breda,Austria,Eredivisie,67,52,30,49,46,66,68,-1
Daniel Grimshaw,Grimshaw,GK++,Plymouth Argyle,England,EFL Championship,67,69,62,69,69,45,65,-1
Jeppe Grønning,Grønning,CDM++,Viborg FF,Denmark,3F Superliga,67,34,52,58,56,65,77,-1
Gheorghe Grozav,Grozav,LM++,FC Petrolul,Romania,SUPERLIGA,67,76,66,63,67,32,66,-1
Jan Grzesik,Grzesik,RB++,Radomiak Radom,Poland,PKO BP Ekstraklasa,67,77,56,60,64,60,68,-1
Juan Cruz Guasone,Guasone,CB++,Sarmiento,Argentina,LPF,67,54,25,37,41,66,79,-1
Lamine Gueye,Gueye,RM++,Paris FC,Senegal,Ligue 2 BKT,67,77,65,64,68,25,62,-1
Pape Habib Gueye,Gueye,ST++,Aberdeen,Senegal,cinch Prem,67,77,66,54,65,21,76,-1
Lukas Gugganig,Gugganig,CB++,SCR Altach,Austria,Ö. Bundesliga,67,41,47,50,50,67,77,-1
Marc Guiu Paz,Marc Guiu,ST++,Chelsea,Spain,Premier League,67,54,70,50,63,27,65,-1
Tobias Gulliksen,Gulliksen,LW++,Djurgårdens IF,Norway,Allsvenskan,67,78,58,64,72,52,58,-1
Brian Gutiérrez,Gutiérrez,LM++,Chicago Fire FC,United States,MLS,67,67,61,63,69,39,58,-1
Vladislavs Gutkovskis,Gutkovskis,ST++,Daejeon Citizen,Latvia,K League 1,67,76,66,52,63,25,79,-1
Andrew Gutman,Gutman,LB++,Chicago Fire FC,United States,MLS,67,79,48,56,64,64,70,-1
Anis Hadj-Moussa,Hadj-Moussa,RW++,Feyenoord,Algeria,Eredivisie,67,75,50,61,77,29,54,-1
Albian Hajdari,Hajdari,CB++,FC Lugano,Switzerland,CSSL,67,58,32,47,49,65,74,-1
Pierre-Yves Hamel,Hamel,ST++,Paris FC,France,Ligue 2 BKT,67,48,68,57,64,27,63,-1
Vito Hammershøy-Mistrati,Hammershøy-Mistrati,CAM++,IFK Norrköping,Denmark,Allsvenskan,67,61,66,66,68,61,70,-1
Mattes Hansen,Hansen,CDM++,SC Paderborn 07,Germany,Bundesliga 2,67,60,38,60,60,66,67,-1
Daniel Hanslik,Hanslik,ST++,Kaiserslautern,Germany,Bundesliga 2,67,63,67,61,65,26,73,-1
Wes Harding,Harding,CB++,Millwall,Jamaica,EFL Championship,67,69,41,54,60,66,78,-1
Marcus Harness,Harness,LM++,Ipswich,England,Premier League,67,85,62,61,67,38,58,-1
Nathan Harriel,Harriel,RB++,Philadelphia,United States,MLS,67,78,32,52,56,65,75,-1
Ali Hazazi,Hazazi,CDM++,Al Qadisiyah,Saudi Arabia,ROSHN Saudi League,67,63,46,62,69,62,71,-1
Mads Hedenstad,Hedenstad,GK++,Lillestrøm SK,Norway,Eliteserien,67,68,66,65,68,46,66,-1
Nicklas Helenius,Helenius,ST++,AaB,Denmark,3F Superliga,67,62,68,55,63,32,73,-1
Patrik Hellebrand,Hellebrand,CAM++,Górnik Zabrze,Czechia,PKO BP Ekstraklasa,67,71,61,68,69,40,64,-1
Jorge Henríquez,Henríquez,CM++,Coquimbo Unido,Chile,Sudamericana,67,67,66,68,70,42,70,-1
Hjörtur Hermannsson,Hermannsson,CB++,Carrarese Calcio,Iceland,Serie BKT,67,42,34,54,59,66,80,-1
Javier Hernández González,Javi Hernández,CAM++,Jamshedpur FC,Spain,Hero ISL,67,61,69,67,68,45,61,-1
Jannis Heuer,Heuer,CB++,Kaiserslautern,Germany,Bundesliga 2,67,67,48,57,52,67,72,-1
Lucas Hey,Hey,CB++,FC Nordsjælland,Denmark,3F Superliga,67,62,41,56,63,68,65,-1
Daan Heymans,Heymans,CAM++,Sp. Charleroi,Belgium,1A Pro League,67,50,70,66,66,56,68,-1
Kyle Hiebert,Hiebert,CB++,St. Louis CITY SC,Canada,MLS,67,66,25,47,54,66,74,-1
Stefan Hierländer,Hierländer,CM++,SK Sturm Graz,Austria,Ö. Bundesliga,67,67,66,67,69,65,70,-1
Marco Hiller,Hiller,GK++,1860 München,Germany,3. Liga,67,69,66,56,72,32,68,-1
Robin Himmelmann,Himmelmann,GK++,Karlsruher SC,Germany,Bundesliga 2,67,68,63,59,70,33,65,-1
Jonathan Hogg,Hogg,CDM++,Huddersfield,England,EFL League One,67,45,55,59,64,65,74,-1
Malthe Højholt,Højholt,CDM++,Pisa,Denmark,Serie BKT,67,64,44,58,65,62,68,-1
Santiago Homenchenko,Homenchenko,CM++,CD Mirandés,Uruguay,LALIGA HYPERMOTION,67,73,61,64,63,62,77,-1
Jeong Ho Hong,Hong Jeong Ho,CB++,Jeonbuk Hyundai,Korea Republic,K League 1,67,70,45,53,56,65,78,-1
Matthew Hoppe,Hoppe,ST++,Middlesbrough,United States,EFL Championship,67,74,66,56,65,24,56,-1
Andi Hoti,Hoti,CB++,1. FC Magdeburg,Kosovo,Bundesliga 2,67,62,27,46,50,67,71,-1
Sen Hou,Hou Sen,GK++,Beijing Guoan,China PR,CSL,67,65,67,59,67,43,66,-1
Jordan Houghton,Houghton,CDM++,Plymouth Argyle,England,EFL Championship,67,58,51,64,61,63,77,-1
Lyes Houri,Houri,CAM++,Univ. Craiova,France,SUPERLIGA,67,70,60,66,72,53,45,-1
Florian Hübner,Hübner,CB++,Wehen Wiesbaden,Germany,3. Liga,67,30,43,41,40,69,69,-1
Charlie Hughes,Hughes,CB++,Hull City,England,EFL Championship,67,60,32,51,56,67,70,-1
Jordan Hugill,Hugill,ST++,Rotherham Utd,England,EFL League One,67,61,66,54,63,37,80,-1
Deniz Hümmet,Hümmet,ST++,Djurgårdens IF,Türkiye,Allsvenskan,67,63,70,54,63,29,76,-1
Joseph Hungbo,Hungbo,RM++,Rotherham Utd,England,EFL League One,67,76,63,62,69,33,59,-1
Bilal Hussein,Hussein,CM++,Hertha Berlin,Sweden,Bundesliga 2,67,65,58,66,72,63,68,-1
Dominic Iankov,Iankov,CAM++,CF Montréal,Bulgaria,MLS,67,66,59,66,67,46,51,-1
Hiroshi Ibusuki,Ibusuki,ST++,Western United,Japan,A-League,67,33,68,58,59,30,74,-1
Michael Ihiekwe,Ihiekwe,CB++,Sheffield Wed,England,EFL Championship,67,59,36,44,52,66,77,-1
André Luiz Inácio da Silva,André Luiz,ST++,Estrela Amadora,Brazil,Liga Portugal,67,79,66,49,70,20,62,-1
Juan Infante,Infante,LB++,Atlético Tucumán,Argentina,LPF,67,71,52,58,63,66,62,-1
Svante Ingelsson,Ingelsson,CAM++,Sheffield Wed,Sweden,EFL Championship,67,73,60,66,67,60,78,-1
Matt Ingram,Ingram,GK++,Oxford United,England,EFL Championship,67,70,65,67,71,36,64,-1
Zeidane Inoussa,Inoussa,LW++,BK Häcken,Sweden,Allsvenskan,67,83,63,59,67,36,65,-1
Elián Irala,Irala,CDM++,San Lorenzo,Argentina,Libertadores,67,72,51,59,64,65,62,-1
Dino Islamović,Islamović,ST++,Kalmar FF,Montenegro,Allsvenskan,67,54,70,57,62,30,71,-1
Tatsuya Itō,Itō,LW++,1. FC Magdeburg,Japan,Bundesliga 2,67,72,57,59,76,22,39,-1
Aljaž Ivačič,Ivačič,GK++,New England,Slovenia,MLS,67,69,65,62,70,39,64,-1
Luis Zárate,Zárate,CB++,Independiente DV,Paraguay,Libertadores,67,59,25,40,46,69,72,-1
Tom Zimmerschied,Zimmerschied,LW++,SV Elversberg,Germany,Bundesliga 2,67,76,60,62,70,37,63,-1
Ivan Zlobin,Zlobin,GK++,FC Famalicão,Russia,Liga Portugal,67,66,65,61,67,29,66,-1
Luca Zuffi,Zuffi,CDM++,FC Winterthur,Switzerland,CSSL,67,55,65,69,65,64,61,-1
Kristoffer Askildsen,Askildsen,CM++,FC Midtjylland,Norway,3F Superliga,67,53,55,64,66,61,70,-1
Dairon Asprilla,Asprilla,LM++,Atl. Nacional,Colombia,Liga Colombia,67,74,69,61,68,44,70,-1
Tomás Asta-Buruaga,Asta-Buruaga,CB++,Everton,Chile,Sudamericana,67,62,42,51,51,68,72,-1
Jani Atanasov,Atanasov,CM++,Cracovia,North Macedonia,PKO BP Ekstraklasa,67,71,60,68,66,61,73,-1
Rafał Augustyniak,Augustyniak,CB++,Legia Warszawa,Poland,PKO BP Ekstraklasa,67,65,48,59,59,66,78,-1
Douglas Aurélio,Douglas Aurélio,LM++,CD Castellón,Brazil,LALIGA HYPERMOTION,67,78,66,62,68,56,63,-1
David Ayala,Ayala,CDM++,Portland Timbers-Thorns,Argentina,MLS,67,72,45,62,67,63,56,-1
Julian Baas,Baas,CM++,Sparta Rotterdam,Netherlands,Eredivisie,67,62,56,68,65,57,74,-1
Youri Baas,Baas,LB++,Ajax,Netherlands,Eredivisie,67,70,39,58,65,63,63,-1
Isaac Babadi,Babadi,CAM++,PSV,Netherlands,Eredivisie,67,71,52,59,73,43,57,-1
Renzo Bacchia,Bacchia,GK++,Racing Club,Uruguay,Sudamericana,67,67,66,62,66,31,66,-1
Felix Bacher,Bacher,CB++,Estoril Praia,Austria,Liga Portugal,67,57,34,41,46,65,80,-1
William Baeten,Baeten,RM++,FCSB,Belgium,SUPERLIGA,67,76,63,62,67,52,68,-1
Jean-Mattéo Bahoya,Bahoya,LM++,Frankfurt,France,Bundesliga,67,76,64,60,72,40,56,-1
Mike-Steven Bähre,Bähre,CM++,SCR Altach,Germany,Ö. Bundesliga,67,74,63,65,70,57,70,-1
Younes Bakiz,Bakiz,LW++,Silkeborg IF,Denmark,3F Superliga,67,75,65,62,68,29,64,-1
Max Balard,Balard,CM++,NAC Breda,Australia,Eredivisie,67,63,53,63,67,58,69,-1
Silviu Balaure,Balaure,RM++,FC Hermannstadt,Romania,SUPERLIGA,67,77,60,62,68,43,66,-1
Thierno Baldé,Baldé,RB++,ESTAC Troyes,France,Ligue 2 BKT,67,77,48,59,67,63,63,-1
Tiago Banega,Banega,CM++,Unión,Argentina,LPF,67,70,65,66,71,57,61,-1
Ezechiel Banzuzi,Banzuzi,CM++,OH Leuven,Netherlands,1A Pro League,67,67,61,62,64,59,71,-1
Ahmed Barman,Barman,CDM++,Al Ain FC,United Arab Emirates,United Emirates League,67,60,47,58,60,66,74,-1
Daniel Barrea,Barrea,RW++,Godoy Cruz,Argentina,LPF,67,81,66,58,68,29,71,-1
Mons Bassouamina,Bassouamina,LM++,Clermont Foot 63,Congo,Ligue 2 BKT,67,82,65,54,69,21,63,-1
Álvaro Bastida Moya,Bastida,CDM++,Cádiz CF,Spain,LALIGA HYPERMOTION,67,52,41,58,57,67,48,-1
Nick Bätzner,Bätzner,CAM++,Wehen Wiesbaden,Germany,3. Liga,67,68,60,68,70,53,59,-1
Patrick Bauer,Bauer,CB++,Preston,Germany,EFL Championship,67,29,38,47,40,67,70,-1
Dominic Baumann,Baumann,ST++,SV Sandhausen,Germany,3. Liga,67,66,67,53,62,29,74,-1
Raúl Becerra,Becerra,ST++,Dep. Cuenca,Argentina,Sudamericana,67,53,69,46,63,28,67,-1
Timo Beermann,Beermann,CB++,VfL Osnabrück,Germany,3. Liga,67,32,39,47,43,67,76,-1
Aziz Behich,Behich,LB++,Melbourne City,Australia,A-League,67,76,60,65,69,61,68,-1
Raffael Behounek,Behounek,CB++,Willem II,Austria,Eredivisie,67,58,27,44,44,66,79,-1
Zineddine Belaïd,Belaïd,CB++,STVV,Algeria,1A Pro League,67,63,28,56,54,68,67,-1
Luca Belardinelli,Belardinelli,CDM++,Empoli,Italy,Serie A TIM,67,68,51,63,61,64,70,-1
Joe Bell,Bell,CM++,Viking FK,New Zealand,Eliteserien,67,63,61,66,66,63,78,-1
Steven Benda,Benda,GK++,Fulham,Germany,Premier League,67,67,65,61,70,37,66,-1
Leonardo Benedetti,Benedetti,CM++,Sampdoria,Italy,Serie BKT,67,73,53,66,69,58,64,-1
Nicolás Benegas,Benegas,ST++,Dep. Riestra,Argentina,LPF,67,57,67,48,66,27,78,-1
Florin Berenguer,Berenguer,CAM++,Brisbane Roar,France,A-League,67,57,62,67,68,53,65,-1
Gustav Berggren,Berggren,CM++,Raków,Sweden,PKO BP Ekstraklasa,67,56,53,64,65,62,76,-1
Antoine Bernier,Bernier,ST++,Sp. Charleroi,Belgium,1A Pro League,67,80,67,63,70,37,63,-1
Luke Berry,Berry,CM++,Charlton Ath,England,EFL League One,67,59,65,66,70,62,62,-1
Adriano Bertaccini,Bertaccini,ST++,STVV,Belgium,1A Pro League,67,75,67,59,68,28,60,-1
Ovidiu Bic,Bic,CDM++,FC Univ. Cluj,Romania,SUPERLIGA,67,68,56,60,63,62,75,-1
Vahan Bichakhchyan,Bichakhchyan,RM++,Pogoń Szczecin,Armenia,PKO BP Ekstraklasa,67,78,67,64,67,55,61,-1
Tyler Bindon,Bindon,CB++,Reading,New Zealand,EFL League One,67,60,32,49,58,67,70,-1
Tayfur Bingöl,Bingöl,LB++,Eyüpspor,Türkiye,Trendyol Süper Lig,67,76,60,64,66,60,69,-1
Juan Bisanz,Bisanz,RM++,Banfield,Argentina,LPF,67,75,62,59,68,47,55,-1
Birkir Bjarnason,Bjarnason,CAM++,Brisigonza,Iceland,Serie BKT,67,62,67,66,67,63,75,-1
Martin Bjørnbak,Bjørnbak,CB++,Molde FK,Norway,Eliteserien,67,36,47,57,50,65,80,-1
Sondre Flem Bjørshol,Bjørshol,RB++,Viking FK,Norway,Eliteserien,67,76,41,58,61,61,73,-1
Jérémy Blasco,Blasco,CB++,SD Huesca,France,LALIGA HYPERMOTION,67,66,41,59,55,66,77,-1
Roberto Bochi,Bochi,CDM++,Instituto,Argentina,LPF,67,63,45,63,66,62,61,-1
Rodrigo Bogarín,Bogarín,CAM++,Defensa,Paraguay,Sudamericana,67,72,61,64,69,22,66,-1
Marc Bola,Bola,LB++,Samsunspor,England,Trendyol Süper Lig,67,74,35,53,63,64,70,-1
Marcos Bolados,Bolados,RW++,Colo-Colo,Chile,Libertadores,67,80,60,61,69,49,58,-1
Bendegúz Bolla,Bolla,RB++,SK Rapid Wien,Hungary,Ö. Bundesliga,67,78,54,60,68,60,65,-1
Nicholas Bonfanti,Bonfanti,ST++,Pisa,Italy,Serie BKT,67,71,67,48,67,29,61,-1
Leonel Bontempo,Bontempo,LB++,Wanderers,Argentina,Sudamericana,67,71,48,56,63,61,58,-1
Guilherme Borges Guedes,Gui Guedes,CM++,UD Almería,Portugal,LALIGA HYPERMOTION,67,66,60,65,68,59,57,-1
Benjamin Bouchouari,Bouchouari,CM++,AS Saint-Étienne,Morocco,Ligue 1 Uber Eats,67,64,54,67,71,52,55,-1
Khalid Boutaïb,Boutaïb,ST++,Pau FC,Morocco,Ligue 2 BKT,67,49,68,60,66,36,77,-1
Amine Boutrah,Boutrah,LM++,SC Bastia,France,Ligue 2 BKT,67,87,62,61,69,29,61,-1
Per Kristian Bråtveit,Bråtveit,GK++,Strømsgodset IF,Norway,Eliteserien,67,66,64,68,68,48,66,-1
Pedro David Brazão Teixeira,Pedro Brazão,RM++,Bodrum FK,Portugal,Trendyol Süper Lig,67,75,55,64,73,39,48,-1
Michael Breij,Breij,RW++,Sepsi OSK,Netherlands,SUPERLIGA,67,73,65,66,66,42,62,-1
Rhian Brewster,Brewster,ST++,Sheffield Utd,England,EFL Championship,67,76,68,55,70,20,61,-1
Nicolò Brighenti,Brighenti,CB++,Catanzaro,Italy,Serie BKT,67,70,40,51,55,67,73,-1
Jake Brimmer,Brimmer,CAM++,Auckland FC,Australia,A-League,67,66,60,68,69,58,67,-1
Brandt Bronico,Bronico,CM++,Charlotte FC,United States,MLS,67,67,59,63,67,64,72,-1
Luuk Brouwers,Brouwers,CAM++,sc Heerenveen,Netherlands,Eredivisie,67,63,62,67,67,62,74,-1
Ciaron Brown,Brown,CB++,Oxford United,Northern Ireland,EFL Championship,67,66,46,53,58,67,73,-1
Jonathan Buatu Mananga,Buatu,CB++,Gil Vicente,Angola,Liga Portugal,67,56,41,51,54,65,77,-1
Gonzalo Bueno,Bueno,LW++,Danubio,Uruguay,Sudamericana,67,76,67,67,67,25,57,-1
Filip Bundgaard,Bundgaard,ST++,Brøndby IF,Denmark,3F Superliga,67,74,68,64,73,38,59,-1
Sascha Burchert,Burchert,GK++,FC St. Pauli,Germany,Bundesliga,67,66,66,62,64,43,70,-1
Guillermo Burdisso,Burdisso,CB++,Huracán,Argentina,LPF,67,32,41,52,48,66,73,-1
Graham Burke,Burke,LW++,Shamrock Rovers,Republic of Ireland,SSE Airtricity PD,67,63,69,66,69,29,60,-1
Mateusz Łęgowski,Łęgowski,CDM++,Salernitana,Poland,Serie BKT,67,71,56,66,69,61,69,-1
José Leguizamón,Leguizamón,CB++,Sportivo Luqueño,Paraguay,Sudamericana,67,65,46,45,49,66,72,-1
Brian Leizza,Leizza,CB++,Tigre,Argentina,LPF,67,58,28,44,53,68,68,-1
Julian Lelieveld,Lelieveld,RB++,RKC Waalwijk,Netherlands,Eredivisie,67,58,44,63,63,64,67,-1
Rafał Leszczyński,Leszczyński,GK++,Śląsk Wrocław,Poland,PKO BP Ekstraklasa,67,69,66,69,68,38,67,-1
Jakob Lewald,Lewald,CB++,SV Sandhausen,Germany,3. Liga,67,61,31,45,52,67,75,-1
Shuai Li,Li Shuai,LB++,Shanghai Port,China PR,CSL,67,82,41,58,65,60,72,-1
Nick Lima,Lima,RB++,New England,United States,MLS,67,79,61,60,67,61,73,-1
Alexander Lind,Lind,ST++,Pisa,Denmark,Serie BKT,67,74,64,54,68,34,73,-1
Evert Linthorst,Linthorst,CDM++,Go Ahead Eagles,Netherlands,Eredivisie,67,60,60,61,67,61,76,-1
Binbin Liu,Liu Binbin,RM++,Shandong Taishan,China PR,CSL,67,82,63,61,68,44,61,-1
Mihai Lixandru,Lixandru,CDM++,FCSB,Romania,SUPERLIGA,67,74,49,58,64,67,67,-1
Ivan Ljubić,Ljubić,CM++,LASK,Austria,Ö. Bundesliga,67,60,64,63,68,65,73,-1
Felix Lohkemper,Lohkemper,ST++,SV Waldhof,Germany,3. Liga,67,75,65,57,68,31,51,-1
Juan Lojas,Lojas,CB++,Dep. Garcilaso,Peru,Sudamericana,67,58,32,37,41,67,75,-1
George Long,Long,GK++,Norwich,England,EFL Championship,67,67,66,66,68,31,67,-1
Ryan Longman,Longman,LM++,Hull City,England,EFL Championship,67,78,65,60,68,51,71,-1
Matthew Longstaff,Longstaff,CM++,Toronto FC,England,MLS,67,66,64,65,73,53,60,-1
Noah Loosli,Loosli,CB++,VfL Bochum,Switzerland,Bundesliga,67,64,44,47,55,66,75,-1
Roberto Lopes,Lopes,CB++,Shamrock Rovers,Cape Verde Islands,SSE Airtricity PD,67,52,29,46,51,67,76,-1
Mario López Quintana,López Quintana,CB++,Guaraní,Paraguay,Sudamericana,67,59,30,41,41,67,76,-1
Alejandro López Sánchez,Álex López,CDM++,Racing de Ferrol,Spain,LALIGA HYPERMOTION,67,59,67,69,67,60,68,-1
Simon Lorenz,Lorenz,CB++,FC Ingolstadt 04,Germany,3. Liga,67,67,38,51,51,67,78,-1
Dylan Louiserre,Louiserre,CDM++,En Avant Guingamp,France,Ligue 2 BKT,67,65,64,65,68,64,69,-1
Felix Luckeneder,Luckeneder,CB++,Wehen Wiesbaden,Austria,3. Liga,67,38,30,41,47,67,76,-1
Anderson Lucoqui,Lucoqui,LB++,Braunschweig,Angola,Bundesliga 2,67,75,45,58,68,62,67,-1
Adam Lundqvist,Lundqvist,LB++,BK Häcken,Sweden,Allsvenskan,67,67,52,63,62,63,59,-1
Ramon Pascal Lundqvist,Lundqvist,CAM++,IFK Göteborg,Sweden,Allsvenskan,67,66,67,68,69,58,63,-1
Silviu Lung,Lung,GK++,Univ. Craiova,Romania,SUPERLIGA,67,66,66,65,66,37,67,-1
Youssouf M'Changama,M'Changama,CM++,ESTAC Troyes,Comoros,Ligue 2 BKT,67,73,65,67,69,62,69,-1
Daniel Maderner,Maderner,ST++,Grazer AK,Austria,Ö. Bundesliga,67,68,66,56,61,24,79,-1
Ignacio Maestro Puch,Maestro Puch,ST++,Independiente,Argentina,LPF,67,67,68,51,66,23,65,-1
Paris Maghoma,Maghoma,CM++,Brentford,England,Premier League,67,66,61,65,70,60,68,-1
Raffaele Maiello,Maiello,CM++,Bari,Italy,Serie BKT,67,69,60,64,70,57,67,-1
Mattia Maita,Maita,CM++,Bari,Italy,Serie BKT,67,73,55,64,68,57,66,-1
Denil Maldonado,Maldonado,CB++,Univ. Craiova,Honduras,SUPERLIGA,67,62,31,43,43,67,74,-1
Mário Jorge Malico Paulino,Camora,LB++,CFR 1907 Cluj,Romania,SUPERLIGA,67,65,56,65,60,62,69,-1
Kristiyan Malinov,Malinov,CDM++,KV Kortrijk,Bulgaria,1A Pro League,67,61,55,59,59,63,74,-1
Maurice Malone,Malone,ST++,FK Austria Wien,Germany,Ö. Bundesliga,67,76,66,63,68,31,70,-1
Mark Mampassi,Mampassi,CB++,KV Kortrijk,Russia,1A Pro League,67,68,40,54,59,66,70,-1
Alberto Marí Sánchez,Alberto Marí,ST++,Valencia CF,Spain,LALIGA EA SPORTS,67,64,68,54,64,27,59,-1
Marius Marin,Marin,CM++,Pisa,Romania,Serie BKT,67,75,57,67,67,64,72,-1
Higinio Marín Escavy,Higinio,ST++,Albacete BP,Spain,LALIGA HYPERMOTION,67,64,67,58,65,37,58,-1
Jovan Marković,Marković,ST++,FC Hermannstadt,Romania,SUPERLIGA,67,75,65,52,70,31,72,-1
Gonzalo Maroni,Maroni,CAM++,Tigre,Argentina,LPF,67,67,57,64,72,42,52,-1
Artur Jorge Marques Amorim,Artur Jorge,CB++,Farense,Portugal,Liga Portugal,67,50,37,45,50,65,70,-1
Rodrigo Márquez,Márquez,LM++,Independiente,Argentina,LPF,67,75,61,60,72,31,54,-1
Félix Martí Garreta,Félix,CB++,Real Betis,Spain,LALIGA EA SPORTS,67,64,24,57,63,67,68,-1
Jefersson Martínez,Martínez,GK++,Junior,Colombia,Libertadores,67,67,65,66,66,40,67,-1
Ramón Martínez,Martínez,CDM++,Olimpia,Paraguay,Sudamericana,67,61,56,57,61,66,75,-1
Alonso Martínez,Martínez,RM++,New York City FC,Costa Rica,MLS,67,73,55,60,69,27,49,-1
Gabriel Martínez Aguilera,Gabri Martínez,RM++,SC Braga,Spain,Liga Portugal,67,81,63,61,69,30,55,-1
Henrique Martins Pereira,Henrique Pereira,LW++,Casa Pia AC,Portugal,Liga Portugal,67,78,66,53,72,30,52,-1
Lucas Masoero,Masoero,CB++,FC Univ. Cluj,Argentina,SUPERLIGA,67,62,31,42,56,67,73,-1
Roberto Massimo,Massimo,RM++,Fürth,Germany,Bundesliga 2,67,82,60,57,71,53,62,-1
Chris Maxwell,Maxwell,GK++,Huddersfield,Wales,EFL League One,67,68,65,67,67,41,68,-1
Ibrahim Maza,Maza,CAM++,Hertha Berlin,Germany,Bundesliga 2,67,72,61,64,74,38,58,-1
Nolan Mbemba,Mbemba,CM++,Grenoble Foot 38,Congo,Ligue 2 BKT,67,66,60,65,68,63,73,-1
Hianga'a Mbock,Mbock,CDM++,Stade Brestois 29,France,Ligue 1 Uber Eats,67,57,59,63,70,63,70,-1
Moustapha Mbow,Mbow,CB++,Paris FC,Senegal,Ligue 2 BKT,67,66,36,42,55,67,75,-1
John McCarthy,McCarthy,GK++,LA Galaxy,United States,MLS,67,68,68,60,69,35,66,-1
Ross McCausland,McCausland,RM++,Rangers,Northern Ireland,cinch Prem,67,80,57,62,69,27,40,-1
James McClean,McClean,LB++,Wrexham AFC,Republic of Ireland,EFL League One,67,64,63,64,65,61,77,-1
Duncan McGuire,McGuire,ST++,Orlando City,United States,MLS,67,65,64,43,60,25,67,-1
Carl McHugh,McHugh,CDM++,FC Goa,Republic of Ireland,Hero ISL,67,43,52,60,62,65,77,-1
Shaun McWilliams,McWilliams,CDM++,Rotherham Utd,England,EFL League One,67,74,58,61,65,62,78,-1
Agustín Medina Delgado,Agus Medina,CM++,Albacete BP,Spain,LALIGA HYPERMOTION,67,69,63,66,64,65,74,-1
Nayel Mehssatou,Mehssatou,RB++,KV Kortrijk,Chile,1A Pro League,67,74,46,61,68,61,54,-1
Matteo Meisl,Meisl,CB++,FK Austria Wien,Austria,Ö. Bundesliga,67,61,29,47,52,66,76,-1
Marcos Mejía,Mejía,RM++,Delfín S.C.,Ecuador,Sudamericana,67,73,61,64,67,39,58,-1
Anzor Mekvabishvili,Mekvabishvili,CDM++,Univ. Craiova,Georgia,SUPERLIGA,67,71,39,58,65,64,62,-1
Víctor Mendoza,Mendoza,GK++,Barcelona SC,Ecuador,Libertadores,67,67,67,66,68,31,65,-1
Arial Mendy,Mendy,LB++,Grenoble Foot 38,Senegal,Ligue 2 BKT,67,76,36,62,62,61,70,-1
Jonathan Mensah,Mensah,CB++,New England,Ghana,MLS,67,60,44,55,53,64,79,-1
Francisco Mera,Mera,CM++,Dep. Cuenca,Ecuador,Sudamericana,67,65,62,63,68,61,69,-1
Umut Meraş,Meraş,LB++,Eyüpspor,Türkiye,Trendyol Süper Lig,67,74,41,58,65,63,70,-1
Juan Mercado,Mercado,CDM++,Universitario,Bolivia,Sudamericana,67,69,61,59,66,66,68,-1
Andrea Meroni,Meroni,CB++,Reggiana,Italy,Serie BKT,67,47,39,41,45,67,77,-1
Nicolás Messiniti,Messiniti,ST++,Delfín S.C.,Argentina,Sudamericana,67,68,66,58,66,28,69,-1
Mathieu Michel,Michel,GK++,AC Ajaccio,France,Ligue 2 BKT,67,68,66,65,70,49,62,-1
Beka Mikeltadze,Mikeltadze,ST++,GwangJu FC,Georgia,K League 1,67,76,65,62,65,32,69,-1
Mohamad Sylla,Sylla,CDM++,Dundee FC,France,cinch Prem,67,65,41,54,61,68,75,-1
Younes Taha,Taha,RM++,FC Twente,Morocco,Eredivisie,67,73,65,62,71,37,51,-1
Patricio Tanda,Tanda,CDM++,Unión,Argentina,LPF,67,72,48,60,68,61,76,-1
Ertuğrul Taşkıran,Taşkıran,GK++,Alanyaspor,Türkiye,Trendyol Süper Lig,67,67,66,62,68,54,66,-1
Niklas Tauer,Tauer,CDM++,Braunschweig,Germany,Bundesliga 2,67,67,46,57,65,67,68,-1
Caleb Taylor,Taylor,CB++,West Brom,England,EFL Championship,67,56,35,41,45,68,71,-1
Geovany Tcherno Quenda,Geovany Quenda,RW++,Sporting CP,Portugal,Liga Portugal,67,77,62,61,72,21,52,-1
Adalid Terrazas,Terrazas,CAM++,Always Ready,Bolivia,Sudamericana,67,60,64,65,65,60,70,-1
Simon Thern,Thern,CM++,IFK Värnamo,Sweden,Allsvenskan,67,75,64,66,69,58,71,-1
Bjarne Thoelke,Thoelke,CB++,Saarbrücken,Germany,3. Liga,67,34,34,45,53,68,68,-1
Mads Døhr Thychosen,Thychosen,RB++,AIK,Denmark,Allsvenskan,67,70,55,58,62,65,74,-1
Alexis Tibidi,Tibidi,LM++,LASK,France,Ö. Bundesliga,67,76,65,62,68,32,65,-1
Valentin Țicu,Țicu,LB++,FC Petrolul,Romania,SUPERLIGA,67,79,53,64,62,59,73,-1
Marco Tilio,Tilio,RM++,Melbourne City,Australia,A-League,67,83,61,61,71,40,55,-1
Mickaël Tirpan,Tirpan,RB++,Willem II,Türkiye,Eredivisie,67,72,53,61,62,65,68,-1
Christian Tizón,Tizón,LM++,Danubio,Uruguay,Sudamericana,67,79,64,64,66,60,57,-1
Tommy Tobar,Tobar,ST++,Universitario,Colombia,Sudamericana,67,76,70,48,65,27,59,-1
Kristers Tobers,Tobers,CB++,Grasshopper Club,Latvia,CSSL,67,54,42,54,50,67,73,-1
Grzegorz Tomasiewicz,Tomasiewicz,CDM++,Piast Gliwice,Poland,PKO BP Ekstraklasa,67,68,59,62,70,62,61,-1
Keke Topp,Topp,ST++,SV Werder Bremen,Germany,Bundesliga,67,60,65,50,62,26,77,-1
David Torres Ortiz,David Torres,CB++,R. Valladolid CF,Spain,LALIGA EA SPORTS,67,59,27,54,47,68,66,-1
Idrissa Touré,Touré,CDM++,Pisa,Germany,Serie BKT,67,67,56,62,69,61,75,-1
Aleksandar Trajkovski,Trajkovski,LM++,Hajduk Split,North Macedonia,Liga Hrvatska,67,65,70,65,70,26,60,-1
Anders Trondsen,Trondsen,LB++,IFK Göteborg,Norway,Allsvenskan,67,73,65,66,67,62,71,-1
Stefanos Tzimas,Tzimas,ST++,1. FC Nürnberg,Greece,Bundesliga 2,67,76,67,50,65,31,64,-1
Maximilian Ullmann,Ullmann,LB++,Wolfsberger AC,Austria,Ö. Bundesliga,67,82,59,61,66,60,71,-1
Anthony Uribe,Uribe,ST++,Dep. Táchira,Venezuela,Libertadores,67,80,67,46,67,19,70,-1
Kyan Vaesen,Vaesen,ST++,Willem II,Belgium,Eredivisie,67,57,66,59,63,32,64,-1
Iván Valdez,Valdez,RM++,S. Ameliano,Paraguay,Sudamericana,67,78,61,60,69,41,57,-1
Javier Nicolas Vallejo,Vallejo,LM++,Independiente,Argentina,LPF,67,77,62,61,67,44,60,-1
Hugo Vallejo Avilés,Hugo Vallejo,LM++,SD Huesca,Spain,LALIGA HYPERMOTION,67,62,66,64,70,36,59,-1
Jefferson Valverde,Valverde,CM++,Houston Dynamo,Ecuador,MLS,67,70,54,60,67,66,70,-1
Finn van Breemen,van Breemen,CB++,FC Basel 1893,Netherlands,CSSL,67,59,31,50,55,66,70,-1
Dario Van den Buijs,Van den Buijs,CB++,RKC Waalwijk,Belgium,Eredivisie,67,56,54,61,58,67,70,-1
Thomas Van Den Keybus,Van Den Keybus,LM++,KVC Westerlo,Belgium,1A Pro League,67,68,54,65,69,62,59,-1
Mickey van der Hart,van der Hart,GK++,sc Heerenveen,Netherlands,Eredivisie,67,67,65,71,69,42,64,-1
Jasper van der Werff,van der Werff,CB++,FC Univ. Cluj,Switzerland,SUPERLIGA,67,60,29,49,58,67,69,-1
Alec Van Hoorenbeeck,Van Hoorenbeeck,CB++,FC Twente,Belgium,Eredivisie,67,59,29,52,59,66,70,-1
Yoëll van Nieff,van Nieff,CDM++,Mumbai City FC,Netherlands,Hero ISL,67,51,67,69,64,66,65,-1
Yanick van Osch,van Osch,GK++,RKC Waalwijk,Netherlands,Eredivisie,67,66,63,68,70,46,66,-1
Kevin van Veen,van Veen,ST++,FC Groningen,Netherlands,Eredivisie,67,53,69,61,64,26,70,-1
Nilton Varela Lopes,Nilton Varela,LB++,Estrela Amadora,Portugal,Liga Portugal,67,73,51,56,67,64,69,-1
Jefre Vargas,Vargas,RB++,Dep. Táchira,Venezuela,Libertadores,67,77,50,58,63,62,66,-1
Sebastian Vasiliadis,Vasiliadis,CM++,Saarbrücken,Greece,3. Liga,67,70,58,63,69,63,69,-1
Indiana Vassilev,Vassilev,CM++,St. Louis CITY SC,United States,MLS,67,73,62,64,69,64,67,-1
Thiago Vecino,Vecino,ST++,Huachipato,Uruguay,Libertadores,67,54,69,55,60,33,69,-1
Odysseus Velanas,Velanas,LM++,PEC Zwolle,Netherlands,Eredivisie,67,73,66,63,67,43,67,-1
Pedro Velurtas,Velurtas,RB++,Barracas Central,Argentina,LPF,67,80,55,60,63,64,57,-1
Michael Venturi,Venturi,CB++,Cosenza,Italy,Serie BKT,67,51,48,60,61,70,54,-1
Nikolas Veratschnig,Veratschnig,RB++,1. FSV Mainz 05,Austria,Bundesliga,67,75,52,60,65,61,71,-1
Hobie Verhulst,Verhulst,GK++,AZ,Netherlands,Eredivisie,67,66,65,70,69,46,65,-1
Davide Veroli,Veroli,LB++,Sampdoria,Italy,Serie BKT,67,71,43,54,59,67,71,-1
Luca Vignali,Vignali,RM++,Spezia,Italy,Serie BKT,67,74,59,63,65,62,67,-1
Felipe Villagrán,Villagrán,CM++,Everton,Chile,Sudamericana,67,60,61,71,65,55,69,-1
Kevin Villodres Medina,Kevin,LM++,Málaga CF,Spain,LALIGA HYPERMOTION,67,79,57,61,72,33,47,-1
Christophe Vincent,Vincent,CM++,SC Bastia,France,Ligue 2 BKT,67,67,52,66,68,58,67,-1
Pedro Vite,Vite,CM++,Whitecaps FC,Ecuador,MLS,67,72,59,63,68,55,52,-1
Carlos Vivas,Vivas,CB++,Dep. Táchira,Venezuela,Libertadores,67,60,22,47,45,67,64,-1
Shkelqim Vladi,Vladi,ST++,FC Lugano,Kosovo,CSSL,67,69,68,56,67,24,67,-1
René Vollath,Vollath,GK++,1860 München,Germany,3. Liga,67,64,66,60,71,39,64,-1
Ilija Vukotić,Vukotić,CM++,Boavista FC,Montenegro,Liga Portugal,67,61,58,66,66,65,72,-1
Ali Şaşal Vural,Vural,GK++,Sivasspor,Türkiye,Trendyol Süper Lig,67,67,66,58,70,46,67,-1
Leopold Wahlstedt,Wahlstedt,GK++,AGF,Sweden,3F Superliga,67,68,64,64,70,36,65,-1
Joel Waterman,Waterman,CB++,CF Montréal,Canada,MLS,67,41,33,58,51,67,73,-1
Zhen Wei,Wei Zhen,CB++,Shanghai Port,China PR,CSL,67,66,34,54,54,66,72,-1
Erik Wekesser,Wekesser,LB++,Kaiserslautern,Germany,Bundesliga 2,67,74,63,63,66,62,72,-1
Paul Will,Will,CDM++,SV Darmstadt 98,Germany,Bundesliga 2,67,68,50,65,63,63,78,-1
Jordan Williams,Williams,RB++,Portsmouth,England,EFL Championship,67,73,46,57,65,64,71,-1
Joshua Wilson-Esbrand,Wilson-Esbrand,LB++,Manchester City,England,Premier League,67,81,41,60,69,62,58,-1
Rafał Wolski,Wolski,CAM++,Radomiak Radom,Poland,PKO BP Ekstraklasa,67,55,63,69,71,32,56,-1
Robin Yalçın,Yalçın,RB++,Eyüpspor,Germany,Trendyol Süper Lig,67,61,46,62,68,67,67,-1
Andy Yiadom,Yiadom,RB++,Reading,Ghana,EFL League One,67,75,52,59,65,62,77,-1
Héctor Yuste Cantón,Héctor Yuste,CB++,East Bengal,Spain,Hero ISL,67,52,52,62,57,66,77,-1
Kahveh Zahiroleslam,Zahiroleslam,ST++,STVV,United States,1A Pro League,67,62,63,51,66,38,67,-1
Gjoko Zajkov,Zajkov,CB++,Univ. Craiova,North Macedonia,SUPERLIGA,67,50,24,47,47,68,71,-1
David Zalazar,Zalazar,RM++,Gimnasia,Argentina,LPF,67,82,64,63,70,35,56,-1
Ángel Zamudio,Zamudio,GK++,Sport Huancayo,Peru,Sudamericana,67,66,66,64,70,23,67,-1
Luca Zander,Zander,RB++,SV Sandhausen,Germany,3. Liga,67,76,37,57,62,63,65,-1
Aimé Omgba,Omgba,CAM++,KAA Gent,Netherlands,1A Pro League,67,81,63,63,68,45,59,-1
Markus Pink,Pink,ST++,Wolfsberger AC,Austria,Ö. Bundesliga,67,48,68,55,61,28,76,-1
Ivan Näsberg,Näsberg,CB++,Viborg FF,Norway,3F Superliga,67,65,35,52,55,66,74,-1
Marcus Harness,Harness,LM++,Derby County,England,EFL Championship,67,85,62,61,67,38,58,-1
Patrick Olsen,Olsen,CM++,FC Dinamo 1948,Denmark,SUPERLIGA,67,61,60,66,66,58,74,-1
Giacomo Ricci,Ricci,LB++,Cosenza,Italy,Serie BKT,67,63,34,55,62,65,66,-1
Kevin van Veen,van Veen,ST++,St. Mirren,Netherlands,cinch Prem,67,53,69,61,64,26,70,-1
Richard Jensen,Jensen,CB++,Vejle Boldklub,Finland,3F Superliga,67,53,43,53,64,67,72,-1
Joseph Ceesay,Ceesay,RM++,Cesena,Gambia,Serie BKT,67,92,54,58,66,58,71,-1
Sory Kaba,Kaba,ST++,Elche CF,Guinea,LALIGA HYPERMOTION,67,53,68,57,65,31,80,-1
Enrique Clemente Maza,Clemente,CB++,Real Zaragoza,Spain,LALIGA HYPERMOTION,67,68,32,52,54,67,70,-1
Hianga'a Mbock,Mbock,CDM++,Red Star FC,France,Ligue 2 BKT,67,57,59,63,70,63,70,-1
Anis Slimane,Slimane,CM++,Norwich,Tunisia,EFL Championship,67,65,59,62,68,58,75,-1
Alexandru Crețu,Crețu,CDM++,Al Wehda,Romania,ROSHN Saudi League,67,54,58,56,60,67,78,-1
Faisal Al Ghamdi,Al Ghamdi,CM++,K. Beerschot VA,Saudi Arabia,1A Pro League,67,66,53,63,70,63,78,-1
Mateusz Łęgowski,Łęgowski,CDM++,Yverdon Sport FC,Poland,CSSL,67,71,56,66,69,61,69,-1
Caleb Taylor,Taylor,CB++,Wycombe,England,EFL League One,67,56,35,41,45,68,71,-1
Rodrigo Márquez,Márquez,LM++,Platense,Argentina,LPF,67,75,61,60,72,31,54,-1
Musab Al Juwair,Al Juwair,CM++,Al Shabab,Saudi Arabia,ROSHN Saudi League,67,66,62,70,68,52,68,-1
Gustaf Lagerbielke,Lagerbielke,CB++,FC Twente,Sweden,Eredivisie,67,53,32,55,58,67,66,-1
Pablo Felipe Pereira de Jesus,Pablo Felipe,RM++,Gil Vicente,Brazil,Liga Portugal,67,68,66,63,66,30,62,-1
Freddie Potts,Potts,CDM++,Portsmouth,England,EFL Championship,67,63,52,62,63,64,68,-1
Dijon Kameri,Kameri,CAM++,SCR Altach,Austria,Ö. Bundesliga,67,74,66,63,70,38,63,-1
Mileta Rajović,Rajović,ST++,Brøndby IF,Denmark,3F Superliga,67,76,66,54,59,26,69,-1
Alberto Marí Sánchez,Alberto Marí,ST++,Real Zaragoza,Spain,LALIGA HYPERMOTION,67,64,68,54,64,27,59,-1
Matias Fernandez-Pardo,Fernandez-Pardo,CAM++,LOSC Lille,Belgium,Ligue 1 Uber Eats,67,75,64,64,70,39,53,-1
Shea Charles,Charles,CDM++,Sheffield Wed,Northern Ireland,EFL Championship,67,59,47,65,61,65,69,-1
Joël Schingtienne,Schingtienne,CB++,Venezia,Belgium,Serie A TIM,67,66,25,48,40,69,69,-1
Carlos Sánchez,Sánchez,CDM++,Barracas Central,Colombia,LPF,67,34,58,64,65,68,66,-1
Halil Ibrahim Dervisoglu,Dervisoglu,ST++,Gaziantep,Türkiye,Trendyol Süper Lig,67,73,65,63,72,39,61,-1
Ibrahim Maza,Maza,CAM++,Hertha Berlin,Algeria,Bundesliga 2,67,72,61,64,74,38,58,-1
Mohamed Farsi,Farsi,RM++,Columbus Crew,Algeria,MLS,67,83,52,61,68,60,56,-1
Robin Risser,Risser,GK++,Red Star FC,France,Ligue 2 BKT,67,68,71,64,69,39,60,-1
Mbangula,Mbangula,LW++,Juventus,Belgium,Serie A TIM,67,77,64,61,68,34,53,-1
Joseph Hungbo,Hungbo,RM++,Wigan Athletic,England,EFL League One,67,76,63,62,69,33,59,-1
Tae Wook Jeong,Jeong Tae Wook,CB++,Jeonbuk Hyundai,Korea Republic,K League 1,67,49,31,47,47,64,80,-1
Sargis Adamyan,Adamyan,ST++,Jahn Regensburg,Armenia,Bundesliga 2,67,70,68,62,71,34,67,-1
Mateo Antoni,Antoni,CB++,Argentinos Jrs.,Uruguay,Sudamericana,67,53,38,55,52,68,67,-1
Andi Hoti,Hoti,CB++,Dynamo Dresden,Kosovo,3. Liga,67,62,27,46,50,67,71,-1
Thiago Vecino,Vecino,ST++,Vélez Sarsfield,Uruguay,LPF,67,54,69,55,60,33,69,-1
Tomás Asta-Buruaga,Asta-Buruaga,CB++,Uni. Católica,Chile,Sudamericana,67,62,42,51,51,68,72,-1
Kristers Tobers,Tobers,CB++,Aberdeen,Latvia,cinch Prem,67,54,42,54,50,67,73,-1
Alberto Cerri,Cerri,ST++,Salernitana,Italy,Serie BKT,67,40,71,51,61,37,73,-1
Luca Belardinelli,Belardinelli,CDM++,Südtirol,Italy,Serie BKT,67,68,51,63,61,64,70,-1
Adrián Butzke Benavides,Butzke,ST++,CD Mirandés,Spain,LALIGA HYPERMOTION,67,71,66,46,64,23,58,-1
Nicholas Bonfanti,Bonfanti,ST++,Bari,Italy,Serie BKT,67,71,67,48,67,29,61,-1
Dion Sanderson,Sanderson,CB++,Blackburn Rovers,England,EFL Championship,67,67,40,54,58,66,73,-1
Mahamadou Diawara,Diawara,CM++,Havre AC,France,Ligue 1 Uber Eats,67,67,55,65,67,61,69,-1
David Zalazar,Zalazar,RM++,Central Córdoba,Argentina,LPF,67,82,64,63,70,35,56,-1
Antonino La Gumina,La Gumina,ST++,Cesena,Italy,Serie BKT,67,75,67,60,67,36,71,-1
Louie Sibley,Sibley,LM++,Rotherham Utd,England,EFL League One,67,63,61,65,69,61,64,-1
Juan Cruz Guasone,Guasone,CB++,Salernitana,Argentina,Serie BKT,67,54,25,37,41,66,79,-1
Dylan Glaby,Glaby,CDM++,Central Córdoba,Argentina,LPF,67,57,52,64,61,64,70,-1
Joshua Wilson-Esbrand,Wilson-Esbrand,LB++,Stoke City,England,EFL Championship,67,81,41,60,69,62,58,-1
Elias Andersson,Andersson,LB++,Viborg FF,Sweden,3F Superliga,67,65,60,70,68,60,68,-1
Matías Godoy,Godoy,LW++,Instituto,Argentina,LPF,67,73,64,64,67,39,62,-1
Giacomo Quagliata,Quagliata,LB++,Catanzaro,Italy,Serie BKT,67,81,40,54,64,62,65,-1
Gonzalo Maroni,Maroni,CAM++,Newell's,Argentina,LPF,67,67,57,64,72,42,52,-1
Fabio Abiuso,Abiuso,ST++,Sampdoria,Italy,Serie BKT,67,58,68,56,64,35,69,-1
Noah Loosli,Loosli,CB++,Fürth,Switzerland,Bundesliga 2,67,64,44,47,55,66,75,-1
Elías López,López,RB++,Belgrano,Argentina,Sudamericana,67,83,52,60,70,59,72,-1
Julian Baas,Baas,CM++,Braunschweig,Netherlands,Bundesliga 2,67,62,56,68,65,57,74,-1
Vincenzo Fiorillo,Fiorillo,GK++,Carrarese Calcio,Italy,Serie BKT,67,69,63,60,68,38,65,-1
Luca D'Andrea,D'Andrea,RM++,Brisigonza,Italy,Serie BKT,67,77,58,64,71,39,53,-1
Randall Leal,Leal,CAM++,D.C. United,Costa Rica,MLS,67,71,64,65,71,44,52,-1
Gregorio Sierra Pérez,Grego Sierra,CB++,Burgos CF,Spain,LALIGA HYPERMOTION,67,52,50,53,57,68,71,-1
Alexander Gorgon,Gorgon,CAM++,SCR Altach,Austria,Ö. Bundesliga,67,66,65,67,67,52,69,-1
Cristian Núñez,Núñez,CM++,Yverdon Sport FC,Paraguay,CSSL,67,67,49,66,69,58,75,-1
Vahan Bichakhchyan,Bichakhchyan,RM++,Legia Warszawa,Armenia,PKO BP Ekstraklasa,67,78,67,64,67,55,61,-1
Isaac Price,Price,CM++,West Brom,Northern Ireland,EFL Championship,67,66,65,68,68,58,64,-1
Andrei Artean,Artean,CDM++,FC Univ. Cluj,Romania,SUPERLIGA,67,66,62,60,62,65,77,-1
André Luiz Inácio da Silva,André Luiz,ST++,Rio Ave FC,Brazil,Liga Portugal,67,79,66,49,70,20,62,-1
Ryan Longman,Longman,LM++,Wrexham AFC,England,EFL League One,67,78,65,60,68,51,71,-1
Iván Valdez,Valdez,RM++,Ind. Rivadavia,Paraguay,LPF,67,78,61,60,69,41,57,-1
Geon Hee Lee,Lee Geon Hee,ST++,Jeju United,Korea Republic,K League 1,67,70,68,39,63,21,74,-1
Tomeu Nadal Mesquida,Tomeu Nadal,GK++,Burgos CF,Spain,LALIGA HYPERMOTION,67,65,62,62,69,36,68,-1
James Collins,Collins,ST++,Lincoln City,Republic of Ireland,EFL League One,67,53,66,55,64,41,78,-1
Lucas Hey,Hey,CB++,RSC Anderlecht,Denmark,1A Pro League,67,62,41,56,63,68,65,-1
Ahmed Kutucu,Kutucu,ST++,Galatasaray,Türkiye,Trendyol Süper Lig,67,73,68,58,67,41,69,-1
Rayan Ghrieb,Ghrieb,RM++,USL Dunkerque,France,Ligue 2 BKT,66,70,63,63,69,34,54,-1
Justo Giani,Giani,LM++,Atlético Tucumán,Argentina,LPF,66,74,62,65,62,47,56,-1
Jordan Gibson,Gibson,RM++,Doncaster,England,EFL League Two,66,83,61,60,66,54,62,-1
Nick Gillekens,Gillekens,GK++,KVC Westerlo,Belgium,1A Pro League,66,69,61,67,66,43,63,-1
Enzo Giménez,Giménez,RM++,Cerro Porteño,Paraguay,Libertadores,66,79,60,63,67,47,58,-1
Kamil Glik,Glik,CB++,Cracovia,Poland,PKO BP Ekstraklasa,66,32,32,43,53,64,75,-1
Tom Glover,Glover,GK++,Middlesbrough,Australia,EFL Championship,66,68,61,63,68,32,65,-1
Eddy Gnahoré,Gnahoré,CDM++,FC Dinamo 1948,France,SUPERLIGA,66,53,64,63,65,63,74,-1
Adnan Golubović,Golubović,GK++,FC Dinamo 1948,Slovenia,SUPERLIGA,66,67,65,60,70,45,62,-1
Joaquim Claude Gonçalves Araújo,Claude Gonçalves,CM++,Legia Warszawa,Portugal,PKO BP Ekstraklasa,66,62,51,64,68,61,65,-1
Hilary Gong,Gong,RM++,Widzew Łódź,Nigeria,PKO BP Ekstraklasa,66,85,58,59,68,34,57,-1
Soner Gönül,Gönül,LB++,Samsunspor,Türkiye,Trendyol Süper Lig,66,72,35,51,61,63,57,-1
Imanol González,González,CB++,Huachipato,Argentina,Libertadores,66,53,29,38,38,66,70,-1
Claudio González,González,GK++,Everton,Chile,Sudamericana,66,62,65,67,65,28,70,-1
Urko González de Zárate,Urko González,CB++,Real Sociedad,Spain,LALIGA EA SPORTS,66,46,43,59,52,66,68,-1
Hugo González Sotos,Hugo González,RM++,FC Cartagena,Spain,LALIGA HYPERMOTION,66,70,67,64,68,34,52,-1
Tyler Goodrham,Goodrham,LM++,Oxford United,Republic of Ireland,EFL Championship,66,74,62,62,68,49,55,-1
Jean Baptiste Gorby,Gorby,CDM++,SC Braga,France,Liga Portugal,66,54,48,60,61,62,68,-1
Jordan Graham,Graham,RM++,Leyton Orient,England,EFL League One,66,78,64,65,65,53,50,-1
Jens Grahl,Grahl,GK++,Frankfurt,Germany,Bundesliga,66,70,60,58,70,44,63,-1
Agustín Graneros,Graneros,ST++,Real Tomayapo,Argentina,Sudamericana,66,77,66,50,67,30,57,-1
Simon Graves,Graves,RB++,PEC Zwolle,Denmark,Eredivisie,66,59,47,59,61,66,74,-1
André Green,Green,RM++,Rotherham Utd,England,EFL League One,66,79,60,62,66,36,57,-1
Pascal Gregor,Gregor,CB++,Lyngby BK,Denmark,3F Superliga,66,60,39,53,58,65,70,-1
Magnus Retsius Grødem,Grødem,CAM++,Yverdon Sport FC,Norway,CSSL,66,69,63,63,66,45,66,-1
Mateusz Grzybek,Grzybek,LB++,Zagłębie Lubin,Poland,PKO BP Ekstraklasa,66,75,46,60,63,59,64,-1
Dominique Guidi,Guidi,CB++,SC Bastia,France,Ligue 2 BKT,66,65,36,51,51,67,78,-1
Carl Gustafsson,Gustafsson,CM++,Kalmar FF,Sweden,Allsvenskan,66,59,52,61,66,57,70,-1
Filipe Guterres Nascimento,Filipe Nascimento,CM++,Górnik Zabrze,Portugal,PKO BP Ekstraklasa,66,75,59,69,68,53,62,-1
Lukas Gütlbauer,Gütlbauer,GK++,Wolfsberger AC,Austria,Ö. Bundesliga,66,70,61,59,68,41,62,-1
Brad Guzan,Guzan,GK++,Atlanta United,United States,MLS,66,65,67,64,63,38,67,-1
Darko Gyabi,Gyabi,CDM++,Plymouth Argyle,England,EFL Championship,66,59,50,60,64,64,71,-1
Maren Haile-Selassie,Haile-Selassie,RM++,Chicago Fire FC,Switzerland,MLS,66,82,60,59,68,42,62,-1
Kreshnik Hajrizi,Hajrizi,CB++,Widzew Łódź,Kosovo,PKO BP Ekstraklasa,66,68,33,51,60,64,75,-1
Bradley Halliday,Halliday,RB++,Bradford City,England,EFL League Two,66,78,40,54,61,60,74,-1
Chan Hee Han,Han Chan Hee,CM++,Pohang Steelers,Korea Republic,K League 1,66,65,59,66,66,52,66,-1
Marek Hanousek,Hanousek,CDM++,Widzew Łódź,Czechia,PKO BP Ekstraklasa,66,45,60,60,53,66,68,-1
Cedric Harenbrock,Harenbrock,CAM++,Hansa Rostock,Germany,3. Liga,66,72,62,61,68,35,57,-1
Florent Hasani,Hasani,RW++,FC Rapid 1923,Kosovo,SUPERLIGA,66,74,62,59,67,35,66,-1
Eirik Haugan,Haugan,CB++,Molde FK,Norway,Eliteserien,66,52,40,47,58,65,73,-1
Laurent Henkinet,Henkinet,GK++,Standard Liège,Belgium,1A Pro League,66,67,66,68,65,51,65,-1
Bryan Henning,Henning,CM++,Viktoria Köln,Germany,3. Liga,66,68,55,60,69,64,70,-1
Gustav Henriksson,Henriksson,CB++,IF Elfsborg,Sweden,Allsvenskan,66,62,39,55,50,64,69,-1
Fabian Herbers,Herbers,RM++,Chicago Fire FC,Germany,MLS,66,65,62,63,65,57,70,-1
Philipp Hercher,Hercher,RM++,1. FC Magdeburg,Germany,Bundesliga 2,66,76,59,61,62,59,71,-1
Andrés Hernández,Hernández,CDM++,Dep. La Guaira,Venezuela,Sudamericana,66,51,55,59,60,63,61,-1
David Herold,Herold,LB++,Karlsruher SC,Germany,Bundesliga 2,66,65,36,56,65,62,66,-1
Jose Herrera,Herrera,RW++,Argentinos Jrs.,Argentina,Sudamericana,66,77,63,61,67,26,56,-1
Abdulbasit Hindi,Hindi,CB++,Al Ahli,Saudi Arabia,ROSHN Saudi League,66,69,23,47,53,66,69,-1
Dominik Hładun,Hładun,GK++,Zagłębie Lubin,Poland,PKO BP Ekstraklasa,66,69,65,65,67,34,64,-1
Patrick Hobsch,Hobsch,ST++,1860 München,Germany,3. Liga,66,71,66,48,61,26,69,-1
Jake Hollman,Hollman,CM++,Macarthur FC,Australia,A-League,66,72,59,62,69,60,64,-1
Tom Holmes,Holmes,CB++,Luton Town,England,EFL Championship,66,46,25,55,55,65,71,-1
Yun Sang Hong,Hong Yun Sang,LM++,Pohang Steelers,Korea Republic,K League 1,66,83,63,57,68,26,60,-1
Henry Hore,Hore,LM++,Gangwon FC,Australia,K League 1,66,70,62,62,68,51,66,-1
Lukas Hornicek,Hornicek,GK++,SC Braga,Czechia,Liga Portugal,66,70,63,69,67,23,66,-1
Fraser Horsfall,Horsfall,CB++,Stockport,England,EFL League One,66,54,33,43,43,65,80,-1
Ilyes Housni,Housni,ST++,Paris SG,Morocco,Ligue 1 Uber Eats,66,67,67,57,70,26,49,-1
Jeroen Houwen,Houwen,GK++,RKC Waalwijk,Netherlands,Eredivisie,66,66,65,66,68,42,64,-1
Saber Hraiech,Hraiech,CM++,Cesena,Italy,Serie BKT,66,74,59,65,68,59,69,-1
Zichang Huang,Huang Zichang,RM++,Henan SSLM FC,China PR,CSL,66,83,59,56,69,43,68,-1
Zhengyu Huang,Huang Zhengyu,CDM++,Shandong Taishan,China PR,CSL,66,71,37,58,62,64,63,-1
Sam Hughes,Hughes,CB++,Stockport,England,EFL League One,66,52,41,49,49,65,78,-1
Marian Fernando Huja,Marian Huja,CB++,FC Petrolul,Portugal,SUPERLIGA,66,62,38,46,47,65,77,-1
Adrien Hunou,Hunou,ST++,Angers SCO,France,Ligue 1 Uber Eats,66,66,65,67,67,51,67,-1
Anel Husic,Husic,CB++,BSC Young Boys,Switzerland,CSSL,66,67,31,46,53,66,75,-1
Etzaz Hussain,Hussain,CDM++,Odds BK,Norway,Eliteserien,66,50,61,64,67,59,63,-1
Cesar Ibañez,Ibañez,LB++,Huracán,Argentina,LPF,66,73,33,56,62,61,66,-1
Matías Ibáñez,Ibáñez,GK++,Unión La Calera,Argentina,Sudamericana,66,66,64,64,65,39,67,-1
Romario Ibarra,Ibarra,LW++,Independiente DV,Ecuador,Libertadores,66,80,62,62,67,39,65,-1
Wilson Ibarrola,Ibarrola,LB++,Guaraní,Paraguay,Sudamericana,66,81,29,52,57,60,59,-1
Marco Imperiale,Imperiale,CB++,Carrarese Calcio,Italy,Serie BKT,66,67,37,56,62,67,65,-1
Gino Infantino,Infantino,RW++,Fiorentina,Argentina,Serie A TIM,66,71,61,64,71,48,56,-1
Luis Ingolotti,Ingolotti,GK++,Central Córdoba,Argentina,LPF,66,68,66,58,66,31,65,-1
Manuel Insaurralde,Insaurralde,CM++,San Lorenzo,Argentina,Libertadores,66,71,55,66,68,59,65,-1
Aleksey Isayev,Isayev,CM++,Qarabağ FK,Azerbaijan,Liga Azerbaijan,66,65,54,66,68,57,59,-1
Valentin Jacob,Jacob,LM++,AC Ajaccio,France,Ligue 2 BKT,66,78,63,64,65,42,47,-1
Matty Jacob,Jacob,LB++,Hull City,England,EFL Championship,66,65,37,58,63,63,65,-1
Lukas Jäger,Jäger,CDM++,SCR Altach,Austria,Ö. Bundesliga,66,65,45,58,60,64,74,-1
Marco Sangalli Fuentes,Marco Sangalli,RM++,R. Racing Club,Spain,LALIGA HYPERMOTION,66,69,69,66,66,53,61,-1
Jordán Santacruz,Santacruz,CDM++,Club Nacional,Paraguay,Sudamericana,66,69,53,53,56,64,70,-1
Cristian Săpunaru,Săpunaru,CB++,FC Rapid 1923,Romania,SUPERLIGA,66,39,60,62,56,65,74,-1
Marco Saravia,Saravia,CB++,Universitario,Peru,Libertadores,66,51,44,43,48,68,68,-1
Bogdan Sarnavskyi,Sarnavskyi,GK++,Lechia Gdańsk,Ukraine,PKO BP Ekstraklasa,66,64,63,56,68,53,64,-1
Giacomo Satalino,Satalino,GK++,Sassuolo,Italy,Serie BKT,66,68,64,56,69,21,66,-1
Giannis Satsias,Satsias,CM++,Apoel FC,Cyprus,Liga Cyprus,66,74,58,59,66,60,65,-1
Leo Sauer,Sauer,LW++,NAC Breda,Slovakia,Eredivisie,66,81,58,61,70,39,59,-1
Alexis Sauvage,Sauvage,GK++,Amiens SC,France,Ligue 2 BKT,66,69,67,63,66,44,63,-1
Gökhan Sazdağı,Sazdağı,RB++,Kayserispor,Türkiye,Trendyol Süper Lig,66,69,64,63,67,60,62,-1
Nicolas Schmid,Schmid,GK++,Portsmouth,Austria,EFL Championship,66,63,65,68,70,31,65,-1
Joël Schmied,Schmied,CB++,FC Sion,Switzerland,CSSL,66,57,33,41,41,67,72,-1
Randy Schneider,Schneider,CAM++,FC Winterthur,Switzerland,CSSL,66,75,56,63,69,37,54,-1
Augusto Schott,Schott,RB++,Newell's,Argentina,LPF,66,81,45,56,65,59,61,-1
Erik Schouten,Schouten,CB++,Willem II,Netherlands,Eredivisie,66,54,34,48,50,68,68,-1
Tim Schreiber,Schreiber,GK++,Dynamo Dresden,Germany,3. Liga,66,69,64,61,70,29,63,-1
Luca Schuler,Schuler,ST++,Hertha Berlin,Germany,Bundesliga 2,66,78,64,45,63,33,75,-1
Kevin Schumacher,Schumacher,LM++,Hansa Rostock,Germany,3. Liga,66,83,60,58,67,33,70,-1
Marco Schuster,Schuster,CDM++,Hansa Rostock,Germany,3. Liga,66,58,53,59,65,62,71,-1
Markus Schwabl,Schwabl,RB++,Unterhaching,Germany,3. Liga,66,72,41,53,62,62,74,-1
Josh Scowen,Scowen,CDM++,Wycombe,England,EFL League One,66,59,54,61,64,64,73,-1
Jenson Seelt,Seelt,CB++,Sunderland,Netherlands,EFL Championship,66,65,35,48,50,65,71,-1
Telasco Segovia,Segovia,CM++,Casa Pia AC,Venezuela,Liga Portugal,66,66,54,64,67,53,57,-1
Václav Sejk,Sejk,ST++,Zagłębie Lubin,Czechia,PKO BP Ekstraklasa,66,73,61,45,64,26,72,-1
Ayumu Seko,Seko,CB++,Grasshopper Club,Japan,CSSL,66,56,36,52,56,67,71,-1
Batuhan Şen,Şen,GK++,Galatasaray,Türkiye,Trendyol Süper Lig,66,67,65,62,69,24,66,-1
João Tiago Serrão Garcês,Jota,CM++,Nacional,Portugal,Liga Portugal,66,65,56,66,70,58,62,-1
Cemali Sertel,Sertel,LB++,Hatayspor,Türkiye,Trendyol Süper Lig,66,70,38,59,63,63,68,-1
Filippo Sgarbi,Sgarbi,CB++,Cosenza,Italy,Serie BKT,66,57,29,39,44,66,75,-1
Joe Shaughnessy,Shaughnessy,CB++,Dundee FC,Republic of Ireland,cinch Prem,66,62,23,47,51,67,70,-1
Evgeniy Shikavka,Shikavka,ST++,Korona Kielce,Belarus,PKO BP Ekstraklasa,66,64,66,51,64,34,69,-1
Mahamé Siby,Siby,CDM++,FC Martigues,Mali,Ligue 2 BKT,66,54,50,60,60,63,75,-1
Jörg Siebenhandl,Siebenhandl,GK++,LASK,Austria,Ö. Bundesliga,66,67,64,66,66,46,64,-1
Benjamin Siegrist,Siegrist,GK++,FC Rapid 1923,Switzerland,SUPERLIGA,66,66,63,59,67,34,65,-1
Dávid Sigér,Sigér,CM++,Sepsi OSK,Hungary,SUPERLIGA,66,63,57,62,60,63,69,-1
Sphephelo Sithole,Sithole,CDM++,Gil Vicente,South Africa,Liga Portugal,66,65,58,60,63,64,75,-1
Mario Šitum,Šitum,RB++,Catanzaro,Croatia,Serie BKT,66,79,57,65,69,58,64,-1
Simon Skarlatidis,Skarlatidis,RM++,Unterhaching,Germany,3. Liga,66,77,60,61,69,30,62,-1
Simon Skrabb,Skrabb,RW++,Kalmar FF,Finland,Allsvenskan,66,65,65,64,67,51,67,-1
Thierry Small,Small,LB++,Charlton Ath,England,EFL League One,66,78,51,60,66,60,68,-1
Michael Smith,Smith,ST++,Sheffield Wed,England,EFL Championship,66,49,67,55,57,30,80,-1
Korey Smith,Smith,CDM++,Cambridge Utd,England,EFL League One,66,58,53,62,65,63,68,-1
Kyle Smith,Smith,RB++,Orlando City,United States,MLS,66,69,26,50,58,64,70,-1
Franco Soldano,Soldano,ST++,Unión La Calera,Argentina,Sudamericana,66,69,62,54,63,44,73,-1
Matteo Solini,Solini,CB++,Mantova,Italy,Serie BKT,66,42,36,42,47,67,73,-1
Ju Hun Song,Song Ju Hun,CB++,Jeju United,Korea Republic,K League 1,66,57,35,44,46,63,77,-1
Patrick Sontheimer,Sontheimer,CDM++,Saarbrücken,Germany,3. Liga,66,68,50,60,68,60,68,-1
Joaquín Sosa,Sosa,CB++,CF Montréal,Uruguay,MLS,66,40,37,60,59,70,66,-1
Samuel Souprayen,Souprayen,CB++,Melbourne City,France,A-League,66,57,36,59,62,64,74,-1
Cristian Souza,Souza,RW++,FC Sion,Uruguay,CSSL,66,76,64,60,63,23,57,-1
Jack Sowerby,Sowerby,CDM++,Northampton,England,EFL League One,66,56,51,61,68,62,73,-1
Kevin Spadanuda,Spadanuda,LM++,FC Luzern,Switzerland,CSSL,66,70,66,64,67,36,55,-1
Brodie Spencer,Spencer,RB++,Huddersfield,Northern Ireland,EFL League One,66,74,45,56,64,61,72,-1
Tommy St. Jago,St. Jago,RB++,Willem II,Netherlands,Eredivisie,66,74,32,52,59,64,71,-1
Michael Steinwender,Steinwender,CB++,IFK Värnamo,Austria,Allsvenskan,66,42,29,44,40,66,75,-1
Adam Stejskal,Stejskal,GK++,WSG Tirol,Czechia,Ö. Bundesliga,66,70,62,56,69,21,65,-1
Daniel Stensson,Stensson,CDM++,Djurgårdens IF,Sweden,Allsvenskan,66,49,60,65,63,62,67,-1
Luka Stojković,Stojković,CAM++,Dinamo Zagreb,Croatia,Liga Hrvatska,66,72,63,63,69,38,64,-1
Sebastian Stolze,Stolze,RM++,SV Sandhausen,Germany,3. Liga,66,78,60,59,67,32,61,-1
Mathías Suárez,Suárez,LB++,Sportivo Luqueño,Paraguay,Sudamericana,66,69,46,61,63,61,60,-1
Anssi Suhonen,Suhonen,CAM++,Hamburger SV,Finland,Bundesliga 2,66,56,57,61,73,38,51,-1
Mathis Suray,Suray,CAM++,Go Ahead Eagles,Belgium,Eredivisie,66,68,62,65,66,44,58,-1
Finn Surman,Surman,CB++,Portland Timbers-Thorns,New Zealand,MLS,66,64,33,47,52,65,78,-1
Tobias Svendsen,Svendsen,LM++,Odds BK,Norway,Eliteserien,66,80,54,59,68,53,70,-1
Max Svensson,Svensson,LW++,Kalmar FF,Sweden,Allsvenskan,66,81,59,60,70,31,47,-1
Max Svensson Río,Svensson,ST++,Casa Pia AC,Spain,Liga Portugal,66,77,66,59,66,41,66,-1
Eddy Sylvestre,Sylvestre,CM++,Grenoble Foot 38,France,Ligue 2 BKT,66,67,62,66,69,59,63,-1
Kajetan Szmyt,Szmyt,RW++,Zagłębie Lubin,Poland,PKO BP Ekstraklasa,66,85,59,61,70,38,52,-1
Filip Szymczak,Szymczak,ST++,Lech Poznań,Poland,PKO BP Ekstraklasa,66,75,63,55,68,21,68,-1
Dawid Szymonowicz,Szymonowicz,CB++,Puszcza,Poland,PKO BP Ekstraklasa,66,58,36,53,59,65,70,-1
Edvard Sandvik Tagseth,Tagseth,LB++,Rosenborg BK,Norway,Eliteserien,66,78,53,62,68,59,65,-1
Scott Tanser,Tanser,LB++,St. Mirren,England,cinch Prem,66,73,56,63,64,59,59,-1
Dylan Tavares dos Santos,Dylan Tavares,LB++,SC Bastia,Cape Verde Islands,Ligue 2 BKT,66,74,43,54,63,62,64,-1
Henok Teklab,Teklab,RM++,R. Union St.-G.,Germany,1A Pro League,66,71,61,65,66,41,56,-1
Miro Tenho,Tenho,CB++,Djurgårdens IF,Finland,Allsvenskan,66,52,23,49,50,66,71,-1
Casper Terho,Terho,RM++,R. Union St.-G.,Finland,1A Pro League,66,76,63,61,66,36,56,-1
Serkan Emrecan Terzi,Terzi,LB++,Beşiktaş,Türkiye,Trendyol Süper Lig,66,71,36,56,65,62,61,-1
Maximilian Thalhammer,Thalhammer,CDM++,SV Waldhof,Germany,3. Liga,66,43,46,57,61,63,75,-1
Niclas Thiede,Thiede,GK++,SSV Ulm 1846,Germany,Bundesliga 2,66,65,65,61,70,44,64,-1
Ryan Thomas,Thomas,CM++,PEC Zwolle,New Zealand,Eredivisie,66,69,59,68,69,57,61,-1
Luke Thomas,Thomas,RM++,Bristol Rovers,England,EFL League One,66,82,55,60,69,37,52,-1
Nigel Thomas,Thomas,LW++,Nacional,Netherlands,Liga Portugal,66,84,60,59,70,27,51,-1
George Thomason,Thomason,CM++,Bolton,England,EFL League One,66,63,58,62,66,62,66,-1
Angus Thurgate,Thurgate,CDM++,Western United,Australia,A-League,66,66,56,63,67,59,68,-1
Sam Tickle,Tickle,GK++,Wigan Athletic,England,EFL League One,66,65,65,64,66,34,64,-1
Hyun Ju Lee,Lee Hyun Ju,CAM++,Hannover 96,Korea Republic,Bundesliga 2,66,73,55,61,72,32,52,-1
Jae Ik Lee,Lee Jae Ik,CB++,Jeonbuk Hyundai,Korea Republic,K League 1,66,63,30,51,46,63,76,-1
Sang Min Lee,Lee Sang Min,CB++,FC Seoul,Korea Republic,K League 1,66,59,25,42,40,66,70,-1
Kelvin Leerdam,Leerdam,CB++,Heracles Almelo,Suriname,Eredivisie,66,50,49,63,65,65,71,-1
Tom Lees,Lees,CB++,Huddersfield,England,EFL League One,66,51,36,51,57,66,70,-1
Greg Leigh,Leigh,LB++,Oxford United,Jamaica,EFL Championship,66,74,55,57,62,62,73,-1
Nunzio Lella,Lella,CM++,Venezia,Italy,Serie A TIM,66,78,56,61,65,62,76,-1
Pierre Lemonnier,Lemonnier,CB++,En Avant Guingamp,France,Ligue 2 BKT,66,54,28,43,52,66,74,-1
Joaquín Lencinas,Lencinas,CB++,Universitario,Argentina,Sudamericana,66,64,27,53,53,68,69,-1
Lei Li,Li Lei,LB++,Beijing Guoan,China PR,CSL,66,77,44,61,63,61,74,-1
Bryan Limbombe,Limbombe,LM++,Heracles Almelo,Belgium,Eredivisie,66,75,58,59,68,33,65,-1
Jaylin Lindsey,Lindsey,RB++,Charlotte FC,United States,MLS,66,79,44,57,62,61,72,-1
Lucas Lingman,Lingman,CM++,HJK Helsinki,Finland,Finnliiga,66,64,55,67,71,52,57,-1
Luca Lipani,Lipani,CDM++,Sassuolo,Italy,Serie BKT,66,54,44,63,61,62,61,-1
Yang Liu,Liu Yang,LB++,Shandong Taishan,China PR,CSL,66,81,53,57,64,61,71,-1
Enric Llansana Beuse,Enric Llansana,CDM++,Go Ahead Eagles,Netherlands,Eredivisie,66,57,48,62,64,61,68,-1
Thimothée Lo-Tutala,Lo-Tutala,GK++,Hull City,France,EFL Championship,66,66,64,63,68,35,63,-1
Julen Lobete Cienfuegos,Lobete,ST++,Málaga CF,Spain,LALIGA HYPERMOTION,66,69,64,57,68,23,58,-1
Jasper Löffelsend,Löffelsend,CDM++,Colorado Rapids,Germany,MLS,66,64,41,61,63,62,66,-1
Niklas Lomb,Lomb,GK++,Leverkusen,Germany,Bundesliga,66,68,58,64,70,38,63,-1
Sam Long,Long,RB++,Oxford United,England,EFL Championship,66,64,46,58,62,63,71,-1
Nigel Lonwijk,Lonwijk,CB++,Wolves,Netherlands,Premier League,66,66,35,44,49,65,72,-1
Julien Lopez,Lopez,LM++,Paris FC,Algeria,Ligue 2 BKT,66,79,60,63,69,42,59,-1
Enzo Adrián López,López,ST++,FC Botoșani,Argentina,SUPERLIGA,66,73,65,52,66,34,69,-1
Sergio López Galache,Sergio López,RB++,SV Darmstadt 98,Spain,Bundesliga 2,66,75,55,63,71,62,60,-1
Marc Lorenz,Lorenz,LM++,Preußen Münster,Germany,Bundesliga 2,66,70,57,68,66,49,65,-1
Haithem Loucif,Loucif,RB++,Yverdon Sport FC,Algeria,CSSL,66,71,39,55,67,63,53,-1
Jonathan Lucca,Jonathan Lucca,CM++,AVS Futebol SAD,Brazil,Liga Portugal,66,68,56,66,63,65,78,-1
Josias Lukembila,Lukembila,LM++,Paris FC,Switzerland,Ligue 2 BKT,66,77,59,59,67,23,57,-1
Marius Lundemo,Lundemo,CM++,Lillestrøm SK,Norway,Eliteserien,66,52,59,65,65,58,70,-1
Roberto Luzárraga,Luzárraga,LB++,Técnico U.,Ecuador,Sudamericana,66,76,57,60,62,62,70,-1
Abdullah Madu,Madu,CB++,Ettifaq FC,Saudi Arabia,ROSHN Saudi League,66,35,25,45,40,67,72,-1
Hugo Magallanes,Magallanes,CB++,Racing Club,Uruguay,Sudamericana,66,58,37,42,45,66,77,-1
Andrea Magrassi,Magrassi,ST++,Cittadella,Italy,Serie BKT,66,65,64,50,60,33,69,-1
Jon Mikel Magunagoitia Blasco,Magunagoitia,GK++,SD Eibar,Spain,LALIGA HYPERMOTION,66,64,66,61,69,27,64,-1
Renzo Malanca,Malanca,CB++,Huachipato,Argentina,Libertadores,66,62,25,39,44,65,72,-1
Mariusz Malec,Malec,CB++,Pogoń Szczecin,Poland,PKO BP Ekstraklasa,66,68,31,45,46,65,77,-1
Ryan Malone,Malone,CB++,FC Ingolstadt 04,United States,3. Liga,66,65,31,47,42,64,79,-1
Sultan Mandash,Mandash,RM++,Al Taawoun,Saudi Arabia,ROSHN Saudi League,66,80,55,57,70,25,59,-1
Rubén Manjarrés,Manjarrés,CM++,Alianza FC,Colombia,Sudamericana,66,67,55,68,60,61,65,-1
Junior Marabel,Marabel,ST++,Palestino,Paraguay,Libertadores,66,63,69,48,57,31,77,-1
Manuel Maranda,Maranda,CB++,Blau-Weiss Linz,Austria,Ö. Bundesliga,66,64,28,42,45,66,78,-1
JT Marcinkowski,Marcinkowski,GK++,SJ Earthquakes,United States,MLS,66,67,63,69,68,22,66,-1
Chris Martin,Martin,ST++,Bristol Rovers,Scotland,EFL League One,66,33,68,57,61,43,74,-1
Ander Martín Odriozola,Ander Martín,LM++,Burgos CF,Spain,LALIGA HYPERMOTION,66,70,62,62,67,50,58,-1
Ronaldo Martínez,Martínez,ST++,Platense,Paraguay,LPF,66,72,66,48,66,20,55,-1
David Martínez,Martínez,RM++,LAFC,Venezuela,MLS,66,63,62,57,74,26,44,-1
Jimmy Martinez,Martinez,CM++,Huachipato,Chile,Libertadores,66,67,53,66,66,55,63,-1
Miguel Ángel Martínez,Martínez,GK++,Cerro Porteño,Paraguay,Libertadores,66,67,66,64,63,23,65,-1
Luca Martínez Dupuy,Martínez Dupuy,ST++,Rosario Central,Mexico,Libertadores,66,71,66,51,66,25,61,-1
Brais Martínez Prado,Brais Martínez,LB++,Racing de Ferrol,Spain,LALIGA HYPERMOTION,66,72,33,58,63,60,64,-1
Pietro Martino,Martino,RB++,Cosenza,Italy,Serie BKT,66,69,41,53,55,63,67,-1
Javier Martón Ansó,Javi Martón,ST++,Athletic Club,Spain,LALIGA EA SPORTS,66,57,70,50,64,25,53,-1
Alexandru Mateiu,Mateiu,CDM++,FC Petrolul,Romania,SUPERLIGA,66,60,64,63,67,62,70,-1
Mateusz Matras,Matras,CB++,Stal Mielec,Poland,PKO BP Ekstraklasa,66,42,49,55,45,65,79,-1
Hervé Matthys,Matthys,CB++,K. Beerschot VA,Belgium,1A Pro League,66,66,41,60,59,66,68,-1
Alan Matturro,Matturro,CB++,Genoa,Uruguay,Serie A TIM,66,64,30,52,54,67,64,-1
Lewis Mayo,Mayo,CB++,Kilmarnock,Scotland,cinch Prem,66,68,36,53,59,65,73,-1
Adrian Mazilu,Mazilu,RM++,Brighton,Romania,Premier League,66,81,64,58,69,35,55,-1
John McAtee,McAtee,ST++,Bolton,England,EFL League One,66,79,64,61,67,38,58,-1
Garath McCleary,McCleary,RM++,Wycombe,Jamaica,EFL League One,66,73,65,63,67,48,66,-1
Zac McGraw,McGraw,CB++,Portland Timbers-Thorns,Canada,MLS,66,54,41,56,51,65,75,-1
Tom McIntyre,McIntyre,CB++,Portsmouth,Scotland,EFL Championship,66,44,37,56,61,64,70,-1
Diego Medina,Medina,RB++,Always Ready,Bolivia,Sudamericana,66,75,29,53,59,61,63,-1
Zech Medley,Medley,CB++,Fleetwood Town,England,EFL League Two,66,63,30,45,53,64,75,-1
Mexx Meerdink,Meerdink,ST++,AZ,Netherlands,Eredivisie,66,58,67,50,62,32,67,-1
Joshua Mees,Mees,LM++,Preußen Münster,Germany,Bundesliga 2,66,67,63,63,69,21,55,-1
Aaron Meijers,Meijers,LB++,RKC Waalwijk,Netherlands,Eredivisie,66,64,55,64,65,64,68,-1
Robin Meißner,Meißner,ST++,Dynamo Dresden,Germany,3. Liga,66,71,65,44,63,22,68,-1
Tim Melia,Melia,GK++,Sporting KC,United States,MLS,66,66,66,65,65,37,67,-1
Silvio Merkaj,Merkaj,ST++,Südtirol,Albania,Serie BKT,66,70,65,49,61,41,78,-1
Senna Miangue,Miangue,LB++,Cercle Brugge,Belgium,1A Pro League,66,56,51,64,64,65,74,-1
Claudiu Micovschi,Micovschi,RM++,FC Rapid 1923,Romania,SUPERLIGA,66,76,62,61,67,33,58,-1
David Miculescu,Miculescu,ST++,FCSB,Romania,SUPERLIGA,66,66,63,61,68,43,71,-1
Michael Mieles,Mieles,CAM++,Delfín S.C.,Ecuador,Sudamericana,66,70,65,63,68,51,59,-1
Javier Mier Martínez,Javi Mier,CM++,SD Huesca,Spain,LALIGA HYPERMOTION,66,71,64,66,68,63,68,-1
Antoni Milambo,Milambo,CAM++,Feyenoord,Netherlands,Eredivisie,66,68,58,64,70,44,55,-1
Georgi Milanov,Milanov,LW++,FC Dinamo 1948,Bulgaria,SUPERLIGA,66,66,65,67,67,43,51,-1
Alejandro Millán Iranzo,Alex Millán,ST++,Farense,Spain,Liga Portugal,66,74,65,59,66,35,63,-1
Lennon Miller,Miller,CM++,Motherwell,Scotland,cinch Prem,66,73,58,66,67,52,63,-1
Federico Milo,Milo,LB++,Ind. Rivadavia,Argentina,LPF,66,80,59,62,68,62,68,-1
Juan José Mina,Mina,RB++,Estrela Amadora,Colombia,Liga Portugal,66,77,40,52,57,61,66,-1
Damon Mirani,Mirani,CB++,Heracles Almelo,Netherlands,Eredivisie,66,56,32,49,53,64,76,-1
Juan Bautista Miritello,Miritello,ST++,Defensa,Argentina,Sudamericana,66,63,66,48,59,25,62,-1
Cezary Miszta,Miszta,GK++,Rio Ave FC,Poland,Liga Portugal,66,67,65,64,70,34,66,-1
Romal Palmer,Palmer,CM++,St. Pats,England,SSE Airtricity PD,66,60,53,58,66,61,67,-1
Radovan Pankov,Pankov,CB++,Legia Warszawa,Serbia,PKO BP Ekstraklasa,66,52,27,39,42,67,73,-1
Sotirios Papagiannopoulos,Papagiannopoulos,CB++,AIK,Sweden,Allsvenskan,66,56,39,54,58,63,77,-1
Merveille Papela,Papela,CM++,SV Darmstadt 98,Germany,Bundesliga 2,66,65,54,63,71,62,53,-1
Andrea Papetti,Papetti,CB++,Brisigonza,Italy,Serie BKT,66,70,46,54,57,63,77,-1
Cheol Woo Park,Park Cheol Woo,LB++,Suwon FC,Korea Republic,K League 1,66,70,46,56,64,61,64,-1
Álex Pastor Carayol,Álex Pastor,CB++,Málaga CF,Spain,LALIGA HYPERMOTION,66,57,27,51,53,65,68,-1
David Pavelka,Pavelka,CM++,Sparta Praha,Czechia,Česká Liga,66,59,59,65,65,65,73,-1
Luis Pavia,Pavia,RM++,Nacional Potosí,Bolivia,Sudamericana,66,79,52,61,63,28,61,-1
Patryk Peda,Peda,CB++,Palermo,Poland,Serie BKT,66,71,49,55,56,64,73,-1
Joey Pelupessy,Pelupessy,CDM++,FC Groningen,Netherlands,Eredivisie,66,60,54,61,64,64,68,-1
Philipp Pentke,Pentke,GK++,1. FC Köln,Germany,Bundesliga 2,66,65,66,62,67,31,66,-1
Mirnes Pepić,Pepić,CM++,FC Erzgebirge Aue,Montenegro,3. Liga,66,65,57,64,70,60,68,-1
Kwame Peprah,Peprah,ST++,Kerala Blasters,Ghana,Hero ISL,66,76,68,54,64,35,65,-1
Patricio Pernicone,Pernicone,CB++,Vélez Sarsfield,Argentina,LPF,66,53,33,49,55,66,70,-1
Isak Pettersson,Pettersson,GK++,IF Elfsborg,Sweden,Allsvenskan,66,66,60,69,68,44,63,-1
Álexander Petxarroman,Álex Petxa,RB++,RC Deportivo,Spain,LALIGA HYPERMOTION,66,70,49,63,62,61,66,-1
Franz Pfanne,Pfanne,CB++,Hansa Rostock,Germany,3. Liga,66,57,47,48,54,64,78,-1
Killian Phillips,Phillips,CM++,St. Mirren,Republic of Ireland,cinch Prem,66,50,58,63,63,62,78,-1
Ashley Phillips,Phillips,CB++,Stoke City,England,EFL Championship,66,65,27,51,51,66,69,-1
Adam Phillips,Phillips,CM++,Barnsley,England,EFL League One,66,73,64,66,66,60,65,-1
Dillon Phillips,Phillips,GK++,Rotherham Utd,England,EFL League One,66,66,65,62,66,46,65,-1
Hugo Picard,Picard,LM++,En Avant Guingamp,France,Ligue 2 BKT,66,73,62,64,68,54,50,-1
Rodrigo Pinheiro Ferreira,Rodrigo Pinheiro,RB++,FC Famalicão,Portugal,Liga Portugal,66,79,36,55,60,60,66,-1
Lenny Pintor,Pintor,LM++,LASK,France,Ö. Bundesliga,66,81,64,58,69,27,56,-1
Simon Pirkl,Pirkl,LB++,Blau-Weiss Linz,Austria,Ö. Bundesliga,66,64,47,54,57,63,67,-1
Mihai Popescu,Popescu,CB++,Farul Constanța,Romania,SUPERLIGA,66,56,31,47,53,63,71,-1
Albert Posiadała,Posiadała,GK++,Molde FK,Poland,Eliteserien,66,67,66,64,66,32,67,-1
Virgiliu Postolachi,Postolachi,ST++,CFR 1907 Cluj,Moldova,SUPERLIGA,66,68,66,54,61,33,72,-1
Darío Poveda Romera,Darío Poveda,ST++,Farense,Spain,Liga Portugal,66,58,66,58,63,25,52,-1
Joe Powell,Powell,CM++,Rotherham Utd,England,EFL League One,66,73,64,66,68,59,66,-1
Nick Powell,Powell,CAM++,Stockport,England,EFL League One,66,65,67,67,67,53,67,-1
Ijiel Protti,Protti,RM++,Tigre,Argentina,LPF,66,76,62,60,67,24,59,-1
Dominik Prpić,Prpić,CB++,Hajduk Split,Croatia,Liga Hrvatska,66,71,26,39,55,65,72,-1
Kacper Przybyłko,Przybyłko,ST++,FC Lugano,Poland,CSSL,66,59,64,57,62,27,76,-1
Christophe Psyché,Psyché,CB++,Tromsø IL,France,Eliteserien,66,36,40,50,49,63,79,-1
Stephen Quemper,Quemper,LB++,AC Ajaccio,France,Ligue 2 BKT,66,79,35,59,66,60,72,-1
Joshué Quiñonez,Quiñonez,CB++,U. Católica,Ecuador,Sudamericana,66,58,31,52,51,66,66,-1
Wilson Quiñónez,Quiñónez,GK++,S. Trinidense,Paraguay,Sudamericana,66,64,65,66,63,24,68,-1
Stipe Radić,Radić,CB++,Viborg FF,Croatia,3F Superliga,66,58,37,49,46,65,72,-1
Diego Ramírez,Ramírez,CAM++,Dep. Garcilaso,Peru,Sudamericana,66,68,65,66,66,54,54,-1
Lilian Raolisoa,Raolisoa,RB++,Angers SCO,France,Ligue 1 Uber Eats,66,69,38,51,66,66,56,-1
Damian Rasak,Rasak,CDM++,Górnik Zabrze,Poland,PKO BP Ekstraklasa,66,70,55,58,63,63,76,-1
Robin Rasch,Rasch,CDM++,KFUM-Kameratene,Norway,Eliteserien,66,46,60,65,60,61,67,-1
Djorkaeff Reasco,Reasco,ST++,Barcelona SC,Ecuador,Libertadores,66,76,67,54,65,33,74,-1
Hernán Rengifo,Rengifo,ST++,ADT,Peru,Sudamericana,66,58,70,51,59,30,66,-1
Stije Resink,Resink,CM++,Almere City FC,Netherlands,Eredivisie,66,65,53,64,66,59,67,-1
Taylor Richards,Richards,CAM++,Cambridge Utd,England,EFL League One,66,73,61,63,70,50,66,-1
Florian Rieder,Rieder,LM++,Wolfsberger AC,Austria,Ö. Bundesliga,66,75,53,63,68,49,69,-1
Søren Rieks,Rieks,LM++,Malmö FF,Denmark,Allsvenskan,66,61,70,64,68,62,71,-1
José-Enrique Ríos Alonso,Ríos Alonso,CB++,Rot-Weiss Essen,Germany,3. Liga,66,71,36,52,54,66,68,-1
Juan Rivero,Rivero,LW++,Racing Club,Uruguay,Sudamericana,66,79,65,61,69,42,55,-1
Marcos Riveros,Riveros,CM++,S. Trinidense,Paraguay,Sudamericana,66,63,49,64,66,66,69,-1
Paul Riveros,Riveros,CB++,Guaraní,Paraguay,Sudamericana,66,66,25,42,55,67,71,-1
Daniel Rivillo,Rivillo,RB++,Caracas F.C.,Venezuela,Libertadores,66,81,49,56,61,63,54,-1
Marc Roberts,Roberts,CB++,Barnsley,England,EFL League One,66,43,24,42,43,65,73,-1
Liam Roberts,Roberts,GK++,Millwall,England,EFL Championship,66,65,64,63,66,47,66,-1
Matej Rodin,Rodin,CB++,Raków,Croatia,PKO BP Ekstraklasa,66,46,25,35,42,67,75,-1
Hernandes Rodrigues Da Silva,Hernandes,ST++,Jeonbuk Hyundai,Brazil,K League 1,66,81,62,55,67,31,68,-1
Tiago Daniel Rodrigues Dias,Tiago Dias,RM++,Casa Pia AC,Portugal,Liga Portugal,66,72,58,63,67,53,50,-1
Memo Rodriguez,Rodriguez,LM++,Sporting KC,United States,MLS,66,63,63,64,67,49,57,-1
Randall Rodríguez,Rodríguez,GK++,Vélez Sarsfield,Uruguay,LPF,66,71,57,74,66,27,62,-1
Lucas Rodríguez,Rodríguez,CDM++,Racing Club,Uruguay,Sudamericana,66,65,60,64,63,63,54,-1
Pablo Rodríguez Delgado,Pablo Rodríguez,ST++,R. Racing Club,Spain,LALIGA HYPERMOTION,66,81,66,55,65,32,59,-1
David Rodríguez Ramos,David Rodríguez,RB++,CD Tenerife,Spain,LALIGA HYPERMOTION,66,81,51,57,64,61,66,-1
Robin Roefs,Roefs,GK++,N.E.C. Nijmegen,Netherlands,Eredivisie,66,64,66,64,68,18,63,-1
Ole Romeny,Romeny,RM++,FC Utrecht,Netherlands,Eredivisie,66,67,70,58,67,29,66,-1
Marcel Rømer,Rømer,CDM++,Lyngby BK,Denmark,3F Superliga,66,56,51,60,63,63,77,-1
Fernando Romero,Romero,ST++,Ind. Rivadavia,Paraguay,LPF,66,64,69,54,62,25,68,-1
Romario Rösch,Rösch,LM++,SSV Ulm 1846,Germany,Bundesliga 2,66,80,57,58,68,55,63,-1
Max Rosenfelder,Rosenfelder,CB++,SC Freiburg,Germany,Bundesliga,66,58,22,48,51,67,61,-1
Mathias Ross,Ross,CB++,Sparta Praha,Denmark,Česká Liga,66,38,32,52,54,67,73,-1
Baptiste Roux,Roux,CB++,AVS Futebol SAD,France,Liga Portugal,66,58,39,55,57,66,69,-1
Jesús Ruiz Suárez,Jesús Ruiz,GK++,Racing de Ferrol,Spain,LALIGA HYPERMOTION,66,71,58,62,72,51,60,-1
Milan Rundić,Rundić,CB++,Raków,Serbia,PKO BP Ekstraklasa,66,67,37,41,48,64,75,-1
Nazariy Rusyn,Rusyn,ST++,Sunderland,Ukraine,EFL Championship,66,77,66,45,64,20,53,-1
Espen Ruud,Ruud,RB++,Odds BK,Norway,Eliteserien,66,46,65,71,65,64,73,-1
Noah Wail Jacob Sadaoui,Sadaoui,LM++,Kerala Blasters,Morocco,Hero ISL,66,81,65,57,66,31,66,-1
Richie Sagrado,Sagrado,RM++,Venezia,Belgium,Serie A TIM,66,75,46,56,67,60,66,-1
Ibrahim Said,Said,RW++,Viborg FF,Nigeria,3F Superliga,66,82,57,57,71,24,44,-1
Íñigo Sainz-Maza Serna,Íñigo Sainz-Maza,CDM++,R. Racing Club,Spain,LALIGA HYPERMOTION,66,71,36,58,64,63,70,-1
Matheus Salgueiro Pains,Matheus Índio,CDM++,Qingdao W. Coast,Brazil,CSL,66,68,41,57,63,63,72,-1
Lars-Jørgen Salvesen,Salvesen,ST++,Viking FK,Norway,Eliteserien,66,66,66,53,60,38,79,-1
Christian Joel Sánchez,Sánchez,GK++,R. Sporting,Cuba,LALIGA HYPERMOTION,66,66,64,72,67,40,64,-1
Raúl Sánchez Sánchez,Raúl Sánchez,LM++,CD Castellón,Spain,LALIGA HYPERMOTION,66,67,66,64,65,55,67,-1
Luca Sangalli Fuentes,Luca Sangalli,CM++,Málaga CF,Spain,LALIGA HYPERMOTION,66,71,57,67,70,58,61,-1
Papa Amadou Diallo,Diallo,LM++,FC Metz,Senegal,Ligue 2 BKT,66,76,65,57,70,22,51,-1
Victor Dican,Dican,CDM++,Farul Constanța,Romania,SUPERLIGA,66,69,54,53,59,65,82,-1
Carlo Diez,Diez,CDM++,Dep. Garcilaso,Peru,Sudamericana,66,53,61,64,58,64,69,-1
Pedro Miguel Dinis Ferreira,Pedro Ferreira,CDM++,Santa Clara,Portugal,Liga Portugal,66,66,44,57,61,63,77,-1
Edan Diop,Diop,RM++,AS Monaco,France,Ligue 1 Uber Eats,66,73,60,63,68,41,49,-1
Kapit Djoco,Djoco,ST++,AC Beauruelle,France,Ligue 2 BKT,66,62,65,57,63,27,63,-1
Viktor Djukanović,Djukanović,LW++,Standard Liège,Montenegro,1A Pro League,66,81,67,56,69,23,63,-1
John Chetauya Donald,John Donald,CB++,Elche CF,Spain,LALIGA HYPERMOTION,66,49,43,57,55,68,59,-1
Josué Dorrio Ortega,Josué Dorrio,RM++,Racing de Ferrol,Spain,LALIGA HYPERMOTION,66,79,61,60,66,41,58,-1
Matheus Dos Santos Dias,Matheus Dias,CDM++,Nacional,Brazil,Liga Portugal,66,58,50,60,62,63,66,-1
Hassani Dotson,Dotson,CDM++,Minnesota United,United States,MLS,66,65,61,58,64,65,67,-1
Siriné Doucouré,Doucouré,ST++,FC Lorient,Mali,Ligue 2 BKT,66,57,62,49,61,25,73,-1
Jake Doyle-Hayes,Doyle-Hayes,CM++,Hibernian,Republic of Ireland,cinch Prem,66,68,59,65,68,60,65,-1
Stefan Drljača,Drljača,GK++,VfB Stuttgart,Germany,Bundesliga,66,68,62,55,71,31,64,-1
Julien Duranville,Duranville,LM++,Borussia Dortmund,Belgium,Bundesliga,66,84,60,58,75,23,48,-1
Chris Durkin,Durkin,CM++,St. Louis CITY SC,United States,MLS,66,56,59,66,64,63,68,-1
Josh Earl,Earl,CB++,Barnsley,England,EFL League One,66,70,45,56,57,65,74,-1
Malcolm Ebiowei,Ebiowei,RM++,Oxford United,England,EFL Championship,66,76,62,60,70,38,53,-1
Raheem Edwards,Edwards,LB++,CF Montréal,Canada,MLS,66,77,54,61,70,59,70,-1
CJ Egan-Riley,Egan-Riley,RB++,Burnley,England,EFL Championship,66,67,32,56,60,66,72,-1
Christoph Ehlich,Ehlich,RB++,SV Sandhausen,Germany,3. Liga,66,74,43,59,64,58,57,-1
Vitus Eicher,Eicher,GK++,Heidenheim,Germany,Bundesliga,66,66,65,60,68,45,66,-1
Jacques Ekomié,Ekomié,LB++,Angers SCO,Gabon,Ligue 1 Uber Eats,66,71,31,57,62,62,64,-1
Callum Elder,Elder,LB++,Derby County,Australia,EFL Championship,66,65,42,60,62,62,71,-1
Martin Ellingsen,Ellingsen,CDM++,AIK,Norway,Allsvenskan,66,57,59,64,65,63,67,-1
Bartuğ Elmaz,Elmaz,CDM++,Fenerbahçe,Türkiye,Trendyol Süper Lig,66,60,56,66,68,61,58,-1
Elliot Embleton,Embleton,CAM++,Blackpool,England,EFL League One,66,73,62,63,66,54,56,-1
Guillermo Enrique,Enrique,RB++,Banfield,Argentina,LPF,66,71,49,51,62,67,55,-1
Ante Erceg,Erceg,ST++,Fortuna Sittard,Croatia,Eredivisie,66,70,64,52,66,29,69,-1
Magnus Eriksson,Eriksson,CM++,Djurgårdens IF,Sweden,Allsvenskan,66,43,65,70,64,52,73,-1
Daniel Escriche Romero,Dani Escriche,ST++,FC Cartagena,Spain,LALIGA HYPERMOTION,66,70,65,51,67,30,67,-1
Julius Eskesen,Eskesen,CM++,FK Haugesund,Denmark,Eliteserien,66,67,57,64,69,60,60,-1
Runar Espejord,Espejord,ST++,FK Bodø/Glimt,Norway,Eliteserien,66,65,64,51,61,30,74,-1
Eduardo David Espiau Hernández,Edu Espiau,ST++,Burgos CF,Spain,LALIGA HYPERMOTION,66,69,64,58,61,25,69,-1
Francesco Pio Esposito,Esposito,ST++,Spezia,Italy,Serie BKT,66,61,66,56,62,33,65,-1
Kion Etete,Etete,ST++,Cardiff City,England,EFL Championship,66,68,64,45,61,33,76,-1
Antony Evans,Evans,CM++,Huddersfield,England,EFL League One,66,64,65,66,68,56,68,-1
Andrej Fábry,Fábry,CAM++,UTA Arad,Slovakia,SUPERLIGA,66,74,64,65,67,39,65,-1
Wahid Faghir,Faghir,ST++,VfB Stuttgart,Denmark,Bundesliga,66,68,66,47,65,27,67,-1
Simon Falette,Falette,CB++,FC Martigues,Guinea,Ligue 2 BKT,66,53,44,46,51,64,76,-1
Mads Fenger,Fenger,CB++,Hammarby IF,Denmark,Allsvenskan,66,51,44,55,52,64,77,-1
Pedro Nuno Fernandes Ferreira,Pedro Nuno,CAM++,Korona Kielce,Portugal,PKO BP Ekstraklasa,66,63,66,66,68,38,59,-1
Omir Fernandez,Fernandez,RM++,Colorado Rapids,United States,MLS,66,80,53,58,70,44,56,-1
Roberto Fernández Jaén,Roberto,ST++,SC Braga,Spain,Liga Portugal,66,69,66,58,68,36,57,-1
Nicolás Ferreira,Ferreira,RW++,Wanderers,Uruguay,Sudamericana,66,70,64,60,68,31,59,-1
Lucas Ferreira,Ferreira,CB++,Defensa,Uruguay,Sudamericana,66,60,51,48,50,68,70,-1
Fernando Manuel Ferreira Fonseca,Fernando Fonseca,RB++,AVS Futebol SAD,Portugal,Liga Portugal,66,69,41,58,64,62,70,-1
Frédéric Ferreira Maciel,Frédéric Maciel,RW++,SC Oțelul Galați,Portugal,SUPERLIGA,66,76,62,60,70,26,60,-1
Riccardo Fiamozzi,Fiamozzi,RB++,Reggiana,Italy,Serie BKT,66,73,48,56,61,60,70,-1
Karol Fila,Fila,RB++,Strasbourg,Poland,Ligue 1 Uber Eats,66,74,50,59,68,63,67,-1
Stuart Findlay,Findlay,CB++,Kilmarnock,Scotland,cinch Prem,66,50,41,50,50,65,76,-1
Andy Fisher,Fisher,GK++,Swansea City,England,EFL Championship,66,66,64,68,67,34,65,-1
Mathias Fixelles,Fixelles,CDM++,KVC Westerlo,Belgium,1A Pro League,66,63,65,66,63,63,69,-1
Francisco Flores,Flores,CDM++,Carabobo FC,Venezuela,Sudamericana,66,68,51,62,66,62,69,-1
Théo Luis Fonseca,Théo Fonseca,ST++,FC Famalicão,Portugal,Liga Portugal,66,78,66,57,67,22,57,-1
Matias Fonseca,Fonseca,ST++,Wanderers,Uruguay,Sudamericana,66,67,70,58,65,36,59,-1
Shaqai Forde,Forde,RW++,Watford,England,EFL Championship,66,81,63,54,69,40,65,-1
Chris Forino,Forino,CB++,Bolton,St. Lucia,EFL League One,66,70,24,39,47,65,76,-1
Chris Forrester,Forrester,CM++,St. Pats,Republic of Ireland,SSE Airtricity PD,66,66,61,65,69,60,70,-1
Craig Forsyth,Forsyth,LB++,Derby County,Scotland,EFL Championship,66,50,57,62,61,68,66,-1
Dominik Frieser,Frieser,RM++,Grazer AK,Austria,Ö. Bundesliga,66,74,61,63,66,44,69,-1
Taichi Fukui,Fukui,CM++,Arouca,Japan,Liga Portugal,66,76,52,64,73,52,43,-1
Adam Gabriel,Gabriel,RB++,FC Midtjylland,Czechia,3F Superliga,66,69,35,57,61,62,76,-1
Nahuel Gallardo,Gallardo,LB++,Ind. Rivadavia,Argentina,LPF,66,68,41,62,65,62,68,-1
Brendan Galloway,Galloway,CB++,Plymouth Argyle,Zimbabwe,EFL Championship,66,66,37,55,59,66,66,-1
Cristian Ganea,Ganea,LB++,Farul Constanța,Romania,SUPERLIGA,66,68,65,67,63,61,65,-1
Adrian Gantenbein,Gantenbein,RB++,FC Schalke 04,Switzerland,Bundesliga 2,66,68,48,58,63,61,65,-1
Orlando Gaona Lugo,Gaona Lugo,RM++,Club Nacional,Paraguay,Sudamericana,66,80,65,59,70,36,63,-1
Nicolás Garayalde,Garayalde,CM++,Gimnasia,Argentina,LPF,66,60,55,64,69,60,66,-1
Robert Garcés,Garcés,CM++,Metropolitanos,Venezuela,Sudamericana,66,64,62,62,64,61,53,-1
Alan García,García,RB++,Cerro Largo,Uruguay,Sudamericana,66,73,59,61,63,60,58,-1
Pablo García Carrasco,Pablo García,LB++,R. Sporting,Spain,LALIGA HYPERMOTION,66,76,38,53,63,60,69,-1
Eduardo García Martín,Edu García,CAM++,SZ Peng City,Spain,CSL,66,69,68,66,66,45,70,-1
Espen Bjørnsen Garnås,Garnås,CB++,Lillestrøm SK,Norway,Eliteserien,66,36,33,48,47,65,79,-1
Jordy Gaspar,Gaspar,RB++,Pau FC,France,Ligue 2 BKT,66,79,43,57,66,60,68,-1
Gianluca Gaudino,Gaudino,CAM++,Aleman. Aachen,Germany,3. Liga,66,68,56,66,70,47,45,-1
Francesco Gelli,Gelli,CM++,Frosinone,Italy,Serie BKT,66,61,59,64,69,49,47,-1
Owen Gene,Gene,CDM++,Amiens SC,France,Ligue 2 BKT,66,66,48,63,66,63,67,-1
Jader Gentil,Jader,LM++,Uni. Católica,Brazil,Sudamericana,66,67,64,62,69,36,47,-1
Francisco Gerometta,Gerometta,RB++,Unión,Argentina,LPF,66,81,49,54,64,60,70,-1
Edvinas Gertmonas,Gertmonas,GK++,FC Univ. Cluj,Lithuania,SUPERLIGA,66,67,64,56,67,51,66,-1
Anthony Baron,Baron,LB++,Servette FC,France,CSSL,66,67,38,63,63,63,69,-1
Orlando Barreto,Barreto,CB++,Olimpia,Paraguay,Sudamericana,66,51,51,55,60,64,71,-1
Michaël Barreto,Barreto,LM++,AC Ajaccio,France,Ligue 2 BKT,66,73,62,65,68,49,63,-1
Martín Barrios,Barrios,CM++,Racing Club,Uruguay,Sudamericana,66,61,57,64,64,62,64,-1
Bautista Barros Schelotto,Barros Schelotto,RB++,Platense,Argentina,LPF,66,71,40,57,59,63,66,-1
Fortune Bassey,Bassey,ST++,Ferencvárosi TC,Nigeria,Magyar Liga,66,75,65,61,64,21,68,-1
Jorge Bazán,Bazán,RM++,Dep. Garcilaso,Peru,Sudamericana,66,76,57,59,70,31,51,-1
Jake Beesley,Beesley,ST++,Blackpool,England,EFL League One,66,70,64,49,61,44,69,-1
Marvin Bejarano,Bejarano,LB++,Wilstermann,Bolivia,Sudamericana,66,62,57,56,61,64,69,-1
Carlos Beltrán,Beltrán,CB++,Dep. Garcilaso,Argentina,Sudamericana,66,46,42,52,52,67,70,-1
Fernando Benítez,Benítez,CDM++,Sportivo Luqueño,Paraguay,Sudamericana,66,68,46,64,66,65,56,-1
Miguel Ángel Benítez,Benítez,LB++,Cerro Porteño,Paraguay,Libertadores,66,68,61,63,69,60,73,-1
Guillermo Benítez,Benítez,LB++,Huracán,Argentina,LPF,66,73,48,55,60,66,63,-1
Iker Benito Sánchez,Iker Benito,LM++,CA Osasuna,Spain,LALIGA EA SPORTS,66,78,60,62,68,35,45,-1
Jewison Bennette,Bennette,LM++,Sunderland,Costa Rica,EFL Championship,66,86,57,57,70,27,45,-1
Massimo Bertagnoli,Bertagnoli,CM++,Brisigonza,Italy,Serie BKT,66,66,57,65,67,59,59,-1
Steeve Beusnard,Beusnard,CM++,Pau FC,France,Ligue 2 BKT,66,69,58,66,70,63,54,-1
Bartosz Białek,Białek,ST++,VfL Wolfsburg,Poland,Bundesliga,66,62,67,46,63,34,70,-1
Alessandro Bianco,Bianco,CM++,Fiorentina,Italy,Serie A TIM,66,49,46,64,68,59,47,-1
Daniel Bielica,Bielica,GK++,NAC Breda,Poland,Eredivisie,66,69,65,62,67,38,65,-1
José Bizama,Bizama,RB++,Palestino,Chile,Libertadores,66,77,45,59,61,63,73,-1
Morten Bjørlo,Bjørlo,CM++,Fredrikstad FK,Norway,Eliteserien,66,59,62,65,65,62,65,-1
Filip Blažek,Blažek,CB++,FC Rapid 1923,Slovakia,SUPERLIGA,66,59,30,48,52,66,69,-1
Joaquín Blázquez,Blázquez,GK++,Talleres,Argentina,Libertadores,66,65,61,65,70,23,68,-1
Lukas Boeder,Boeder,CB++,Dynamo Dresden,Germany,3. Liga,66,66,31,54,58,65,73,-1
Jeremy Bokila,Bokila,ST++,Willem II,Congo DR,Eredivisie,66,70,65,56,63,32,66,-1
Boli Bolingoli,Bolingoli,LB++,Standard Liège,Belgium,1A Pro League,66,79,57,60,68,59,72,-1
Jonathan Bond,Bond,GK++,Watford,England,EFL Championship,66,66,64,63,66,49,67,-1
Warren Bondo,Bondo,CM++,Monza,France,Serie A TIM,66,74,55,62,72,58,63,-1
Christian Borrego Isabel,Chiki,ST++,Racing de Ferrol,Spain,LALIGA HYPERMOTION,66,82,65,59,68,33,59,-1
Sebastian Borza,Borza,LB++,FC Rapid 1923,Romania,SUPERLIGA,66,80,61,63,66,59,65,-1
Kenji-Van Boto,Boto,LB++,Pau FC,Madagascar,Ligue 2 BKT,66,71,49,57,62,61,73,-1
Carlo Boukhalfa,Boukhalfa,CAM++,FC St. Pauli,Germany,Bundesliga,66,66,61,62,66,60,73,-1
Ismaël Boura,Boura,LB++,ESTAC Troyes,Comoros,Ligue 2 BKT,66,72,47,56,70,61,65,-1
Jayden Braaf,Braaf,LM++,Salernitana,Netherlands,Serie BKT,66,76,60,61,69,39,66,-1
Calvin Brackelmann,Brackelmann,CB++,SC Paderborn 07,Germany,Bundesliga 2,66,73,47,57,52,64,78,-1
João Gervásio Bragança Moutinho,João Moutinho,LB++,Jagiellonia,Portugal,PKO BP Ekstraklasa,66,64,37,61,65,63,67,-1
Max Brandt,Brandt,CM++,SSV Ulm 1846,Germany,Bundesliga 2,66,67,56,62,71,51,58,-1
Julián Brea,Brea,RW++,Huachipato,Argentina,Libertadores,66,77,61,58,69,30,46,-1
Jakob Breum,Breum,RM++,Go Ahead Eagles,Denmark,Eredivisie,66,68,62,60,68,37,62,-1
Maximilian Breunig,Breunig,ST++,Heidenheim,Germany,Bundesliga,66,65,65,47,63,26,67,-1
Ivan Brkić,Brkić,GK++,Motor Lublin,Croatia,PKO BP Ekstraklasa,66,63,71,70,66,27,70,-1
Lucas Brochero,Brochero,RM++,Barracas Central,Argentina,LPF,66,81,64,59,69,31,47,-1
Lachlan Brook,Brook,RM++,Real Salt Lake,Australia,MLS,66,84,61,58,67,36,61,-1
Andre Brooks,Brooks,CAM++,Sheffield Utd,England,EFL Championship,66,70,60,62,68,44,53,-1
Jordy Bruijn,Bruijn,CAM++,Heracles Almelo,Netherlands,Eredivisie,66,50,63,66,69,52,60,-1
Lucas Brumme,Brumme,LB++,Rot-Weiss Essen,Germany,3. Liga,66,70,57,60,65,61,68,-1
Thomas Bruns,Bruns,CAM++,Heracles Almelo,Netherlands,Eredivisie,66,63,60,68,64,57,66,-1
Max Bruns,Bruns,CB++,FC Twente,Netherlands,Eredivisie,66,59,43,59,59,68,65,-1
Alexander Brunst,Brunst,GK++,SV Darmstadt 98,Germany,Bundesliga 2,66,67,65,61,68,38,65,-1
Sol Brynn,Brynn,GK++,Middlesbrough,England,EFL Championship,66,65,65,62,66,33,65,-1
Conrado Buchanelli Holz,Conrado,LM++,Lechia Gdańsk,Brazil,PKO BP Ekstraklasa,66,82,56,59,68,59,65,-1
Gastón Bueno,Bueno,CB++,Racing Club,Uruguay,Sudamericana,66,50,32,42,47,70,59,-1
Thomas Buitink,Buitink,ST++,PEC Zwolle,Netherlands,Eredivisie,66,61,66,60,67,40,70,-1
Marco Burch,Burch,CB++,Legia Warszawa,Switzerland,PKO BP Ekstraklasa,66,67,43,52,50,65,74,-1
Livan Burcu,Burcu,LM++,1. FC Magdeburg,Türkiye,Bundesliga 2,66,72,59,58,70,52,58,-1
Nicolas Bürgy,Bürgy,CB++,Viborg FF,Switzerland,3F Superliga,66,41,37,44,48,66,70,-1
Nishan Burkart,Burkart,LM++,FC Winterthur,Switzerland,CSSL,66,80,63,57,66,27,67,-1
Cory Burke,Burke,ST++,Red Bulls,Jamaica,MLS,66,77,63,39,61,39,75,-1
Josef Bursik,Bursik,GK++,Hibernian,England,cinch Prem,66,65,65,64,69,40,64,-1
Jakob Busk,Busk,GK++,Sønderjyske,Denmark,3F Superliga,66,67,60,63,68,44,63,-1
Ludovic Butelle,Butelle,GK++,Stade de Reims,France,Ligue 1 Uber Eats,66,64,68,62,65,32,69,-1
Alessio Buttaro,Buttaro,RB++,Palermo,Italy,Serie BKT,66,81,55,57,61,62,74,-1
Alexandr Bužek,Bužek,CDM++,Slavia Praha,Czechia,Česká Liga,66,82,55,63,66,63,70,-1
George Byers,Byers,CM++,Port Vale,Scotland,EFL League Two,66,58,61,61,66,60,68,-1
Carlos Cabello,Cabello,RB++,UCV,Peru,Sudamericana,66,75,25,55,57,62,53,-1
Bryan Cabezas,Cabezas,LW++,Sarmiento,Ecuador,LPF,66,85,60,61,64,43,67,-1
Elías Cabrera,Cabrera,CAM++,Central Córdoba,Argentina,LPF,66,72,60,66,71,51,51,-1
Jeronimo Cacciabue,Cacciabue,CM++,Newell's,Argentina,LPF,66,64,56,64,68,65,60,-1
Chris Cadden,Cadden,RB++,Hibernian,Scotland,cinch Prem,66,70,58,64,66,60,73,-1
Abdu Cadri Conté,Abdu Conté,LB++,BSC Young Boys,Portugal,CSSL,66,68,46,53,66,63,75,-1
Andrea Cagnano,Cagnano,LB++,Südtirol,Italy,Serie BKT,66,66,43,60,60,64,72,-1
Beder Caicedo,Caicedo,LB++,Independiente DV,Ecuador,Libertadores,66,80,49,59,66,60,68,-1
Luis Caicedo,Caicedo,CB++,Dep. Garcilaso,Ecuador,Sudamericana,66,53,28,47,40,66,72,-1
Kerim Çalhanoğlu,Çalhanoğlu,LB++,Fürth,Germany,Bundesliga 2,66,72,51,63,65,59,65,-1
Ousmane Camara,Camara,ST++,AJ Auxerre,Guinea,Ligue 1 Uber Eats,66,68,67,56,70,22,50,-1
George Campbell,Campbell,CB++,CF Montréal,United States,MLS,66,71,33,43,58,63,75,-1
Felipe Campos,Campos,RB++,Everton,Chile,Sudamericana,66,71,45,61,63,64,72,-1
Leonardo Candellone,Candellone,ST++,SS Juve Stabia,Italy,Serie BKT,66,67,66,59,61,30,72,-1
Lucas Cañizares Conchello,Cañizares,GK++,Farense,Spain,Liga Portugal,66,66,68,67,62,32,65,-1
Gustavo Canto,Canto,LB++,Gimnasia,Argentina,LPF,66,52,40,52,55,68,76,-1
Tiberiu Căpușă,Căpușă,RB++,FC Hermannstadt,Romania,SUPERLIGA,66,76,40,54,60,61,72,-1
Lucas Carrizo,Carrizo,CB++,Huracán,Argentina,LPF,66,69,39,52,63,66,74,-1
Marin Jakoliš,Jakoliš,RM++,Macarthur FC,Croatia,A-League,66,82,61,61,66,53,70,-1
Reece James,James,LB++,Rotherham Utd,England,EFL League One,66,70,50,57,65,63,64,-1
Patryk Janasik,Janasik,LB++,Cracovia,Poland,PKO BP Ekstraklasa,66,75,49,60,65,59,61,-1
Wolke Janssens,Janssens,CB++,STVV,Belgium,1A Pro League,66,64,64,59,64,67,67,-1
Oscar Jansson,Jansson,GK++,Djurgårdens IF,Sweden,Allsvenskan,66,65,64,66,63,33,67,-1
Erik Janža,Janža,LB++,Górnik Zabrze,Slovenia,PKO BP Ekstraklasa,66,60,50,65,63,61,67,-1
Artur Jędrzejczyk,Jędrzejczyk,CB++,Legia Warszawa,Poland,PKO BP Ekstraklasa,66,34,48,57,59,64,76,-1
James Jeggo,Jeggo,CDM++,Melbourne City,Australia,A-League,66,61,58,59,63,63,69,-1
David Jensen,Jensen,GK++,Lyngby BK,Denmark,3F Superliga,66,64,65,63,66,42,67,-1
Byung Kwan Jeon,Jeon Byung Kwan,LM++,Jeonbuk Hyundai,Korea Republic,K League 1,66,83,66,51,68,21,58,-1
Min Ki Jeong,Jeong Min Ki,GK++,Suwon FC,Korea Republic,K League 1,66,72,61,57,72,20,62,-1
Zhipeng Jiang,Jiang Zhipeng,LB++,Wuhan 3 Towns,China PR,CSL,66,64,60,66,65,63,66,-1
Daniel Jiménez López,Dani Jiménez,GK++,SD Huesca,Spain,LALIGA HYPERMOTION,66,66,64,61,69,50,64,-1
Sondre Solholm Johansen,Johansen,CB++,Odds BK,Norway,Eliteserien,66,48,33,42,52,65,75,-1
Andreas Johansson,Johansson,CB++,Halmstads BK,Sweden,Allsvenskan,66,32,49,58,57,65,70,-1
Oscar Johansson,Johansson,RM++,Hammarby IF,Sweden,Allsvenskan,66,74,58,62,65,46,68,-1
Marko Johansson,Johansson,GK++,Braunschweig,Sweden,Bundesliga 2,66,67,64,71,70,41,63,-1
Lloyd Jones,Jones,CB++,Charlton Ath,England,EFL League One,66,56,28,43,44,64,78,-1
Daniel Juárez,Juárez,ST++,Barracas Central,Argentina,LPF,66,85,68,60,66,41,61,-1
Jakub Jugas,Jugas,CB++,Cracovia,Czechia,PKO BP Ekstraklasa,66,46,45,51,50,64,74,-1
Leonel Justiniano,Justiniano,CDM++,Bolívar,Bolivia,Libertadores,66,61,56,58,63,66,67,-1
Martijn Kaars,Kaars,ST++,1. FC Magdeburg,Netherlands,Bundesliga 2,66,74,65,54,67,31,64,-1
Melih Kabasakal,Kabasakal,CDM++,Eyüpspor,Türkiye,Trendyol Süper Lig,66,68,50,63,67,62,67,-1
Tugay Kaçar,Kaçar,CDM++,Eyüpspor,Türkiye,Trendyol Süper Lig,66,53,45,59,59,64,73,-1
Jakub Kadak,Kadak,CAM++,FC Luzern,Slovakia,CSSL,66,63,66,66,67,41,48,-1
Anton Kade,Kade,LM++,FC Basel 1893,Germany,CSSL,66,76,63,58,69,25,54,-1
Junior Kadile,Kadile,LM++,Stade Lavallois,France,Ligue 2 BKT,66,81,59,61,70,23,53,-1
Mattias Käit,Käit,CM++,FC Rapid 1923,Estonia,SUPERLIGA,66,69,61,62,65,63,72,-1
Otar Kakabadze,Kakabadze,RM++,Cracovia,Georgia,PKO BP Ekstraklasa,66,79,49,62,66,60,72,-1
Hasan Ali Kaldırım,Kaldırım,LB++,Kayserispor,Türkiye,Trendyol Süper Lig,66,61,54,63,66,65,68,-1
Anthony Kalik,Kalik,CAM++,Hajduk Split,Australia,Liga Hrvatska,66,72,61,65,66,56,73,-1
Burak Kapacak,Kapacak,RM++,Fenerbahçe,Türkiye,Trendyol Süper Lig,66,78,57,60,68,56,64,-1
Jon Karrikaburu,Karrikaburu,ST++,R. Racing Club,Spain,LALIGA HYPERMOTION,66,71,65,50,64,26,60,-1
Denso Kasius,Kasius,RB++,AZ,Netherlands,Eredivisie,66,78,45,62,65,59,65,-1
Aléxandros Katránis,Katránis,LB++,Real Salt Lake,Greece,MLS,66,72,49,60,65,62,66,-1
Conor Kearns,Kearns,GK++,Shelbourne,Republic of Ireland,SSE Airtricity PD,66,65,64,60,68,31,66,-1
Thomas Keller,Keller,CB++,Heidenheim,Germany,Bundesliga,66,60,42,56,54,64,70,-1
Liam Kelly,Kelly,CDM++,Rotherham Utd,Scotland,EFL League One,66,36,54,64,58,66,67,-1
Liam Kelly,Kelly,CM++,MK Dons,Republic of Ireland,EFL League Two,66,71,60,65,68,57,51,-1
Liam Kelly,Kelly,GK++,Rangers,Scotland,cinch Prem,66,67,64,65,68,33,66,-1
Philippe Paulin Keny,Keny,ST++,Başakşehir,Senegal,Trendyol Süper Lig,66,80,64,55,63,29,71,-1
Jason Kerr,Kerr,CB++,Wigan Athletic,Scotland,EFL League One,66,67,44,52,58,64,77,-1
Kaine Kesler-Hayden,Kesler-Hayden,RB++,Preston,England,EFL Championship,66,77,48,60,65,60,59,-1
Kang Guk Kim,Kim Kang Guk,CM++,Gangwon FC,Korea Republic,K League 1,66,63,55,64,61,55,69,-1
Min Duk Kim,Kim Min Duk,CB++,Gimcheon Sangmu,Korea Republic,K League 1,66,64,33,38,53,66,73,-1
Min Woo Kim,Kim Min Woo,LM++,Ulsan Hyundai,Korea Republic,K League 1,66,65,62,64,66,59,70,-1
Geon Woong Kim,Kim Geon Woong,CB++,Jeju United,Korea Republic,K League 1,66,62,53,56,63,64,75,-1
Young Bin Kim,Kim Young Bin,CB++,Gangwon FC,Korea Republic,K League 1,66,62,28,47,46,65,77,-1
Do Hyeok Kim,Kim Do Hyeok,CM++,Incheon United,Korea Republic,K League 1,66,60,61,65,68,57,75,-1
Leon King,King,CB++,Rangers,Scotland,cinch Prem,66,69,34,60,65,66,64,-1
Christian Kinsombi,Kinsombi,LM++,Hansa Rostock,Germany,3. Liga,66,72,54,58,70,31,56,-1
Orestis Kiomourtzoglou,Kiomourtzoglou,CDM++,Wehen Wiesbaden,Germany,3. Liga,66,52,48,54,58,65,75,-1
Peter Kioso,Kioso,RB++,Oxford United,Republic of Ireland,EFL Championship,66,70,45,58,63,63,68,-1
Josh Knight,Knight,CB++,Hannover 96,England,Bundesliga 2,66,55,52,51,57,66,75,-1
Tim Knipping,Knipping,CB++,Unterhaching,Germany,3. Liga,66,41,33,48,49,65,77,-1
Fredrik P. Knudsen,Knudsen,CB++,SK Brann,Norway,Eliteserien,66,41,31,44,46,64,79,-1
Dimitrios Kolovetsios,Kolovetsios,CB++,Kayserispor,Greece,Trendyol Süper Lig,66,52,33,50,50,68,71,-1
Mohamed Koné,Koné,GK++,Sp. Charleroi,Côte d'Ivoire,1A Pro League,66,66,65,62,69,31,62,-1
Bartosz Kopacz,Kopacz,RB++,Zagłębie Lubin,Poland,PKO BP Ekstraklasa,66,63,37,51,50,65,76,-1
Koen Kostons,Kostons,ST++,SC Paderborn 07,Netherlands,Bundesliga 2,66,74,63,60,66,29,66,-1
Christian Kouan Oulaï,Kouan Oulaï,CAM++,Cosenza,Côte d'Ivoire,Serie BKT,66,71,64,64,69,62,76,-1
Niko Koulis,Koulis,CB++,Preußen Münster,Germany,Bundesliga 2,66,55,26,40,42,66,72,-1
Frans Krätzig,Krätzig,LB++,VfB Stuttgart,Germany,Bundesliga,66,66,45,61,71,62,53,-1
Connor Krempicki,Krempicki,CM++,1. FC Magdeburg,Germany,Bundesliga 2,66,48,65,63,67,60,68,-1
Ruben Kristiansen,Kristiansen,LB++,SK Brann,Norway,Eliteserien,66,72,47,58,62,63,66,-1
Florian Krüger,Krüger,ST++,FC Groningen,Germany,Eredivisie,66,79,64,57,67,22,72,-1
Lukas Kunze,Kunze,CM++,Arminia Bielefeld,Germany,3. Liga,66,71,62,60,62,60,77,-1
Pablo Laredo,Laredo,CDM++,Universitario,Bolivia,Sudamericana,66,60,47,59,59,67,62,-1
David Larrubia Romano,Larrubia,CAM++,Málaga CF,Spain,LALIGA HYPERMOTION,66,66,58,65,71,36,39,-1
Daniel Lasure Briz,Lasure,LB++,FC Univ. Cluj,Spain,SUPERLIGA,66,69,44,57,60,63,74,-1
William Le Pogam,Le Pogam,LB++,Yverdon Sport FC,France,CSSL,66,64,34,57,62,60,63,-1
Ju Yong Lee,Lee Ju Yong,LB++,Jeju United,Korea Republic,K League 1,66,79,58,57,66,60,70,-1
Yong Lee,Lee Yong,RB++,Suwon FC,Korea Republic,K League 1,66,62,50,65,63,63,70,-1
Chung Yong Lee,Lee Chung Yong,LM++,Ulsan Hyundai,Korea Republic,K League 1,66,64,54,67,70,46,59,-1
Xizhe Zhang,Zhang Xizhe,CM++,Beijing Guoan,China PR,CSL,66,74,60,66,67,48,64,-1
Yuning Zhang,Zhang Yuning,ST++,Beijing Guoan,China PR,CSL,66,73,67,58,60,30,77,-1
Ervin Zorrilla,Zorrilla,ST++,Metropolitanos,Panama,Sudamericana,66,73,68,47,61,21,53,-1
Hendrick Zuck,Zuck,LB++,Kaiserslautern,Germany,Bundesliga 2,66,62,51,65,67,63,57,-1
Dario Župarić,Župarić,CB++,Portland Timbers-Thorns,Croatia,MLS,66,44,22,45,55,65,76,-1
Lovro Zvonarek,Zvonarek,CAM++,SK Sturm Graz,Croatia,Ö. Bundesliga,66,70,57,65,68,34,53,-1
Antonio Manuel Casas Marín,Antonio Casas,ST++,Córdoba CF,Spain,LALIGA HYPERMOTION,66,71,69,52,62,31,69,-1
Olly Casey,Casey,CB++,Blackpool,England,EFL League One,66,57,27,45,51,65,71,-1
Rodrigo Castillo,Castillo,ST++,Gimnasia,Argentina,LPF,66,75,65,57,62,21,59,-1
Bryan Castrillón,Castrillón,LM++,Junior,Colombia,Libertadores,66,81,62,56,72,41,49,-1
Raúl Castro,Castro,CDM++,Universitario,Bolivia,Sudamericana,66,59,52,58,61,67,50,-1
Joel Castro Pereira,Joel Pereira,GK++,Reading,Portugal,EFL League One,66,67,63,67,66,43,63,-1
Marcin Cebula,Cebula,CAM++,Śląsk Wrocław,Poland,PKO BP Ekstraklasa,66,82,63,65,67,54,65,-1
Emil Ceïde,Ceïde,LW++,Rosenborg BK,Norway,Eliteserien,66,75,56,57,73,33,44,-1
Yuriel Celi,Celi,CAM++,Universitario,Peru,Libertadores,66,69,65,62,68,51,63,-1
Lucas Cepeda,Cepeda,LW++,Colo-Colo,Chile,Libertadores,66,80,62,56,66,49,72,-1
Giuliano Cerato,Cerato,RB++,Instituto,Argentina,LPF,66,71,47,60,63,63,52,-1
Tarık Çetin,Çetin,GK++,Çaykur Rizespor,Türkiye,Trendyol Süper Lig,66,65,66,62,72,20,64,-1
Willian Cevallos,Cevallos,CDM++,Técnico U.,Ecuador,Sudamericana,66,69,66,63,67,61,66,-1
Ronaldo Chacón,Chacón,ST++,Dep. La Guaira,Venezuela,Sudamericana,66,67,70,55,62,29,67,-1
Leyser Chaverra,Chaverra,RB++,Indep. Medellín,Colombia,Sudamericana,66,78,29,48,63,59,69,-1
Wálter Chavez,Chavez,GK++,Técnico U.,Ecuador,Sudamericana,66,67,63,60,69,22,67,-1
Amin Cherni,Cherni,LB++,Stade Lavallois,Tunisia,Ligue 2 BKT,66,72,33,54,60,59,62,-1
Dennis Chessa,Chessa,RW++,SSV Ulm 1846,Germany,Bundesliga 2,66,70,60,63,67,51,60,-1
Michael Cheukoua,Cheukoua,RM++,Grazer AK,Cameroon,Ö. Bundesliga,66,76,67,59,67,30,61,-1
Sunil Chhetri,Chhetri,ST++,Bengaluru FC,India,Hero ISL,66,72,66,56,64,32,74,-1
Vlad Chiricheș,Chiricheș,CB++,FCSB,Romania,SUPERLIGA,66,35,60,56,59,69,57,-1
Daijiro Chirino,Chirino,RB++,CD Castellón,Curaçao,LALIGA HYPERMOTION,66,80,34,55,62,61,71,-1
Aurelian Chițu,Chițu,ST++,FC Hermannstadt,Romania,SUPERLIGA,66,64,67,63,64,35,68,-1
Young Joon Choi,Choi Young Joon,CDM++,Jeju United,Korea Republic,K League 1,66,53,64,60,61,63,75,-1
Ilyas Chouaref,Chouaref,CAM++,FC Sion,France,CSSL,66,75,63,62,70,27,60,-1
Joris Chougrani,Chougrani,CB++,Rodez AF,France,Ligue 2 BKT,66,71,28,53,58,65,74,-1
Andreas Christodoulou,Christodoulou,GK++,Apoel FC,Cyprus,Liga Cyprus,66,70,65,63,68,45,67,-1
Manuel Cicconi,Cicconi,LM++,Carrarese Calcio,Italy,Serie BKT,66,68,62,64,66,46,54,-1
Uğur Çiftçi,Çiftçi,LB++,Sivasspor,Türkiye,Trendyol Süper Lig,66,68,50,64,66,62,70,-1
Sadık Çiftpınar,Çiftpınar,CB++,Kasımpaşa,Türkiye,Trendyol Süper Lig,66,71,25,40,49,66,70,-1
Brian Cipenga,Cipenga,LW++,CD Castellón,Congo DR,LALIGA HYPERMOTION,66,83,59,59,69,33,65,-1
Cătălin Cîrjan,Cîrjan,CAM++,FC Dinamo 1948,Romania,SUPERLIGA,66,73,64,63,68,52,43,-1
Ramazan Civelek,Civelek,RM++,Kayserispor,Türkiye,Trendyol Süper Lig,66,74,57,64,66,62,61,-1
Óscar Clemente Mues,Óscar Clemente,LM++,Levante UD,Spain,LALIGA HYPERMOTION,66,67,56,67,63,49,47,-1
Royscer Colpa,Colpa,CDM++,Alianza FC,Colombia,Sudamericana,66,68,52,55,58,66,72,-1
Aloïs Confais,Confais,CDM++,Havre AC,France,Ligue 1 Uber Eats,66,57,55,62,65,63,58,-1
Colin Coosemans,Coosemans,GK++,RSC Anderlecht,Belgium,1A Pro League,66,67,63,69,66,44,68,-1
José Córdoba,Córdoba,CB++,Norwich,Panama,EFL Championship,66,71,31,53,61,63,72,-1
Sergio Córdova,Córdova,ST++,Alanyaspor,Venezuela,Trendyol Süper Lig,66,72,66,52,67,23,65,-1
Fernando Cornejo,Cornejo,CM++,LDU Quito,Chile,Libertadores,66,68,50,66,65,60,68,-1
Grégoire Coudert,Coudert,GK++,Stade Brestois 29,France,Ligue 1 Uber Eats,66,68,62,59,68,34,63,-1
Conor Coventry,Coventry,CDM++,Charlton Ath,Republic of Ireland,EFL League One,66,65,53,65,66,61,66,-1
Juan Pablo Cozzani,Cozzani,GK++,Platense,Argentina,LPF,66,66,68,67,66,49,61,-1
Saúl Crespo Prieto,Saúl Crespo,CM++,East Bengal,Spain,Hero ISL,66,49,63,67,64,61,74,-1
Ante Crnac,Crnac,ST++,Norwich,Croatia,EFL Championship,66,78,68,50,66,26,70,-1
Juan Manuel Cruz,Cruz,ST++,Hellas Verona,Argentina,Serie A TIM,66,61,67,52,62,28,62,-1
Sergio Cubero Ezcurra,Cubero,RB++,SD Eibar,Spain,LALIGA HYPERMOTION,66,64,32,60,60,61,73,-1
Darwin Cuero,Cuero,GK++,Técnico U.,Ecuador,Sudamericana,66,65,64,64,66,45,64,-1
Josué Cuero,Cuero,RB++,Delfín S.C.,Ecuador,Sudamericana,66,79,38,54,64,62,55,-1
Pablo Cuñat Campos,Pablo Cuñat,GK++,FC Cartagena,Spain,LALIGA HYPERMOTION,66,66,65,56,70,25,65,-1
Luke Cundle,Cundle,CM++,Wolves,England,Premier League,66,72,60,66,67,51,48,-1
Marvin Çuni,Çuni,ST++,Frosinone,Albania,Serie BKT,66,76,66,52,63,20,66,-1
Greg Cunningham,Cunningham,CB++,Galway United,Republic of Ireland,SSE Airtricity PD,66,51,47,60,58,65,70,-1
Laurin Curda,Curda,CB++,SC Paderborn 07,Germany,Bundesliga 2,66,71,45,60,63,65,73,-1
Alan Czerwiński,Czerwiński,RB++,GKS Katowice,Poland,PKO BP Ekstraklasa,66,80,42,61,64,61,69,-1
Andrea D'Errico,D'Errico,CM++,Bari,Italy,Serie BKT,66,66,43,66,69,59,53,-1
Robbie D'Haese,D'Haese,RM++,Rot-Weiss Essen,Belgium,3. Liga,66,74,55,61,68,55,53,-1
Leonardo da Costa Bolgado,Leo Bolgado,CB++,CFR 1907 Cluj,Brazil,SUPERLIGA,66,58,38,46,39,69,68,-1
Jhonny Da Silva,Da Silva,GK++,Wanderers,Uruguay,Sudamericana,66,73,63,63,63,49,62,-1
Kayky da Silva Chagas,Kayky,RW++,Manchester City,Brazil,Premier League,66,79,58,57,72,28,45,-1
Ataberk Dadakdeniz,Dadakdeniz,GK++,Antalyaspor,Türkiye,Trendyol Süper Lig,66,65,65,61,66,30,68,-1
Christoph Daferner,Daferner,ST++,Dynamo Dresden,Germany,3. Liga,66,54,67,48,64,29,75,-1
Filip Dagerstål,Dagerstål,CB++,Lech Poznań,Sweden,PKO BP Ekstraklasa,66,63,43,58,58,67,72,-1
Owen Dale,Dale,RM++,Oxford United,England,EFL Championship,66,82,58,60,68,31,62,-1
Nicola Dalmonte,Dalmonte,LM++,Salernitana,Italy,Serie BKT,66,73,65,61,68,48,55,-1
Tim Danhof,Danhof,RB++,1860 München,Germany,3. Liga,66,72,46,62,64,59,65,-1
Jake Davis,Davis,RB++,Sporting KC,United States,MLS,66,68,50,54,61,64,59,-1
Cameron Dawson,Dawson,GK++,Rotherham Utd,England,EFL League One,66,66,65,64,67,50,66,-1
Rody de Boer,de Boer,GK++,AaB,Netherlands,3F Superliga,66,69,63,61,68,36,62,-1
Maël de Gevigney,de Gevigney,CB++,Barnsley,France,EFL League One,66,63,28,51,53,67,69,-1
Jesús de Miguel,Jesús de Miguel,ST++,CD Castellón,Spain,LALIGA HYPERMOTION,66,56,66,52,61,30,74,-1
Matheus de Sales Cabral,Matheus Sales,CDM++,Ulsan Hyundai,Brazil,K League 1,66,71,55,56,63,68,61,-1
Ortwin De Wolf,De Wolf,GK++,KV Mechelen,Belgium,1A Pro League,66,69,65,72,65,35,66,-1
Ronaldo Deaconu,Deaconu,CM++,FC Hermannstadt,Romania,SUPERLIGA,66,66,66,69,68,51,62,-1
Saulo Decarli,Decarli,CB++,Grasshopper Club,Switzerland,CSSL,66,57,34,50,54,66,70,-1
Maxim Dekker,Dekker,CB++,AZ,Netherlands,Eredivisie,66,62,36,53,50,66,71,-1
Moisés Delgado López,Moi Delgado,LB++,Racing de Ferrol,Spain,LALIGA HYPERMOTION,66,82,35,57,64,59,67,-1
Julián Javier Delmás Germán,Delmás,RB++,Racing de Ferrol,Spain,LALIGA HYPERMOTION,66,74,41,57,65,60,68,-1
Adil Demirbağ,Demirbağ,CB++,Konyaspor,Türkiye,Trendyol Süper Lig,66,54,31,43,47,67,70,-1
Tunay Deniz,Deniz,CAM++,1860 München,Germany,3. Liga,66,72,61,65,67,41,61,-1
Valentín Depietri,Depietri,LM++,Talleres,Argentina,Libertadores,66,74,57,62,67,48,56,-1
Gilles Dewaele,Dewaele,RB++,KV Kortrijk,Belgium,1A Pro League,66,67,61,60,57,63,71,-1
Giuseppe Di Serio,Di Serio,ST++,Spezia,Italy,Serie BKT,66,70,64,48,63,24,70,-1
Oumar Diakhité,Diakhité,CB++,AaB,Senegal,3F Superliga,66,67,40,45,49,64,77,-1
Talys A. Pereira Oliveira,Talys,LB++,Farense,Brazil,Liga Portugal,66,72,43,54,64,61,72,-1
Thelo Aasgaard,Aasgaard,CAM++,Wigan Athletic,Norway,EFL League One,66,65,65,64,67,43,61,-1
Abdel Hakim Abdallah,Abdallah,LB++,Rodez AF,Comoros,Ligue 2 BKT,66,81,40,57,65,60,68,-1
Dickson Abiama,Abiama,ST++,Kaiserslautern,Nigeria,Bundesliga 2,66,78,64,43,66,23,62,-1
Lalas Abubakar,Abubakar,CB++,Colorado Rapids,Ghana,MLS,66,55,32,49,50,64,79,-1
Malik Abubakari,Abubakari,ST++,Lyngby BK,Ghana,3F Superliga,66,74,62,51,62,27,80,-1
Yaw Ackah,Ackah,CDM++,Kayserispor,Ghana,Trendyol Süper Lig,66,68,45,55,68,65,58,-1
Nahuel Acosta,Acosta,RW++,Peñarol,Uruguay,Libertadores,66,73,61,55,75,42,49,-1
Martin Adeline,Adeline,CM++,Stade de Reims,France,Ligue 1 Uber Eats,66,64,58,65,68,58,64,-1
Jordan Adéoti,Adéoti,CM++,Stade Lavallois,Benin,Ligue 2 BKT,66,43,55,63,64,65,71,-1
Carlos Adorno,Adorno,GK++,Nacional Potosí,Bolivia,Sudamericana,66,64,66,60,68,27,64,-1
Emanuel Aiwu,Aiwu,CB++,SK Sturm Graz,Austria,Ö. Bundesliga,66,70,42,51,56,63,76,-1
Takahiro Akimoto,Akimoto,LB++,OH Leuven,Japan,1A Pro League,66,77,65,62,67,58,72,-1
Babatunde Akinsola,Akinsola,RM++,AVS Futebol SAD,Nigeria,Liga Portugal,66,80,61,60,70,28,42,-1
Ufuk Akyol,Akyol,CDM++,Konyaspor,Türkiye,Trendyol Süper Lig,66,67,55,62,65,64,66,-1
Nawaf Al Abed,Al Abed,CAM++,Al Riyadh,Saudi Arabia,ROSHN Saudi League,66,43,66,69,69,45,49,-1
Awn Al Bishi,Al Bishi,CB++,Al Taawoun,Saudi Arabia,ROSHN Saudi League,66,66,38,45,39,66,70,-1
Nasser Al Dawsari,Al Dawsari,LB++,Al Hilal,Saudi Arabia,ROSHN Saudi League,66,68,60,69,68,59,59,-1
Mohammed Al Fatil,Al Fatil,CB++,Al Nassr,Saudi Arabia,ROSHN Saudi League,66,58,30,49,49,66,68,-1
Ali Al Hamadi,Al Hamadi,ST++,Ipswich,Iraq,Premier League,66,80,63,47,64,18,73,-1
Abdulelah Al Malki,Al Malki,CDM++,Ettifaq FC,Saudi Arabia,ROSHN Saudi League,66,64,57,63,63,64,66,-1
Sami Al Najai,Al Najai,CAM++,Al Nassr,Saudi Arabia,ROSHN Saudi League,66,68,63,64,69,57,65,-1
Danilo Al Saed,Al Saed,LM++,sc Heerenveen,Iraq,Eredivisie,66,82,61,55,68,26,58,-1
Abdulmajeed Al Sulayhim,Al Sulayhim,CM++,Al Nassr,Saudi Arabia,ROSHN Saudi League,66,65,60,66,73,57,60,-1
Hamad Al Yami,Al Yami,RM++,Al Hilal,Saudi Arabia,ROSHN Saudi League,66,85,56,60,65,58,58,-1
Sofiane Alakouch,Alakouch,RB++,Paris FC,Morocco,Ligue 2 BKT,66,71,43,62,65,62,64,-1
Tomás Alarcón,Alarcón,CM++,Cádiz CF,Chile,LALIGA HYPERMOTION,66,62,51,62,60,70,74,-1
Alessandro Albanese,Albanese,LM++,HJK Helsinki,Belgium,Finnliiga,66,77,62,63,72,46,59,-1
Aritz Aldasoro Sarriegi,Aldasoro,CDM++,R. Racing Club,Spain,LALIGA HYPERMOTION,66,68,63,64,68,62,63,-1
Franco Alfonso,Alfonso,LM++,Huracán,Argentina,LPF,66,77,61,61,68,42,41,-1
Jostin Alman,Alman,ST++,Delfín S.C.,Ecuador,Sudamericana,66,76,64,61,65,51,66,-1
João Pedro Almeida Machado,João Pedro,CM++,UTA Arad,Portugal,SUPERLIGA,66,58,68,64,66,61,67,-1
Riçard Almeyda,Almeyda,CM++,Qarabağ FK,Azerbaijan,Liga Azerbaijan,66,57,52,62,66,64,60,-1
Adrià Altimira Reynaldos,Altimira,RB++,CD Leganés,Spain,LALIGA EA SPORTS,66,65,42,61,63,63,58,-1
Sandro Altunashvili,Altunashvili,CM++,Wolfsberger AC,Georgia,Ö. Bundesliga,66,66,58,66,67,61,61,-1
Francisco Álvarez Rodríguez,Fran Álvarez,CM++,Widzew Łódź,Spain,PKO BP Ekstraklasa,66,61,62,65,66,47,56,-1
Xavier Amaechi,Amaechi,RW++,1. FC Magdeburg,England,Bundesliga 2,66,71,55,63,71,31,54,-1
Francesco Amatucci,Amatucci,CM++,Cittadella,Italy,Serie BKT,66,69,55,63,64,67,73,-1
Luke Amos,Amos,CM++,Hibernian,England,cinch Prem,66,46,54,65,66,63,61,-1
Oscar Añez,Añez,RB++,Nacional Potosí,Bolivia,Sudamericana,66,79,53,56,65,61,69,-1
Hugo Ángeles,Ángeles,LB++,Sport Huancayo,Peru,Sudamericana,66,79,36,37,63,65,56,-1
Marco Antonio Angulo,Angulo,CDM++,LDU Quito,Ecuador,Libertadores,66,62,51,63,67,61,63,-1
Ilyas Ansah,Ansah,ST++,SC Paderborn 07,Germany,Bundesliga 2,66,76,62,54,65,26,72,-1
Jeremy Antonisse,Antonisse,LM++,Moreirense FC,Curaçao,Liga Portugal,66,81,56,61,69,40,60,-1
Julien Anziani,Anziani,CM++,AC Ajaccio,France,Ligue 2 BKT,66,60,60,67,67,60,59,-1
Kévin Appin,Appin,CM++,Burgos CF,France,LALIGA HYPERMOTION,66,69,61,63,64,64,69,-1
Rafael Arace,Arace,RM++,Dep. La Guaira,Venezuela,Sudamericana,66,80,66,58,66,29,57,-1
Walter Araujo,Araujo,CAM++,Metropolitanos,Paraguay,Sudamericana,66,71,68,64,66,26,56,-1
Afeez Aremu,Aremu,CDM++,Kaiserslautern,Nigeria,Bundesliga 2,66,72,55,55,64,67,72,-1
Joiser Arias,Arias,LM++,Dep. La Guaira,Venezuela,Sudamericana,66,74,63,63,68,56,61,-1
Yair Arismendi,Arismendi,LM++,Sarmiento,Argentina,LPF,66,81,62,58,66,35,59,-1
Remo Arnold,Arnold,CB++,FC Winterthur,Switzerland,CSSL,66,38,35,56,56,66,72,-1
Kristian Arnstad,Arnstad,CM++,RSC Anderlecht,Norway,1A Pro League,66,68,56,65,70,60,64,-1
Xavier Arreaga,Arreaga,CB++,New England,Ecuador,MLS,66,53,28,49,56,66,72,-1
Yamil Asad,Asad,LM++,FC Cincinnati,Argentina,MLS,66,73,63,64,67,57,68,-1
Serkan Asan,Asan,RB++,Trabzonspor,Türkiye,Trendyol Süper Lig,66,79,43,54,66,61,55,-1
Joseph Attamah,Attamah,CB++,Kayserispor,Ghana,Trendyol Süper Lig,66,64,45,54,59,65,73,-1
Edson Aubert,Aubert,CDM++,ADT,Peru,Sudamericana,66,55,36,58,59,64,64,-1
José Ricardo Avelar Ribeiro,Zé Ricardo,LB++,AVS Futebol SAD,Brazil,Liga Portugal,66,74,46,57,67,59,64,-1
Yasin Ayari,Ayari,CM++,Brighton,Sweden,Premier League,66,63,51,66,69,52,59,-1
Flávio B. J. Nazinho,Nazinho,LB++,Cercle Brugge,Portugal,1A Pro League,66,76,33,54,63,62,62,-1
Dun Ba,Ba Dun,LM++,Tianjin JMT FC,China PR,CSL,66,85,61,61,61,41,69,-1
Tom Baack,Baack,CM++,SC Verl,Germany,3. Liga,66,64,57,61,64,64,74,-1
Joseph Baffoe,Baffoe,CB++,Halmstads BK,Sweden,Allsvenskan,66,59,35,51,51,63,74,-1
Scott Bain,Bain,GK++,Celtic,Scotland,cinch Prem,66,65,66,67,70,53,61,-1
Corey Baird,Baird,ST++,FC Cincinnati,United States,MLS,66,77,64,57,63,32,69,-1
Mihai Bălașa,Bălașa,CB++,Farul Constanța,Romania,SUPERLIGA,66,67,51,56,52,65,73,-1
Péter Baráth,Baráth,CDM++,Raków,Hungary,PKO BP Ekstraklasa,66,70,52,58,59,65,66,-1
Théo Barbet,Barbet,CB++,Almere City FC,France,Eredivisie,66,69,30,42,46,68,69,-1
Sergio Barcia Laranxeira,Sergio Barcia,CB++,Legia Warszawa,Spain,PKO BP Ekstraklasa,66,61,32,51,57,67,62,-1
Francisco Bareiro,Bareiro,ST++,Metropolitanos,Paraguay,Sudamericana,66,47,72,50,60,19,67,-1
Tom Barkhuizen,Barkhuizen,LM++,Derby County,England,EFL Championship,66,80,61,59,66,50,63,-1
Antoine Baroan,Baroan,ST++,FC Winterthur,France,CSSL,66,79,62,59,64,27,60,-1
Bogdan Mitrea,Mitrea,CB++,FC Univ. Cluj,Romania,SUPERLIGA,66,54,55,56,49,65,73,-1
Rui Jorge Monteiro Mendes,Rui Mendes,RM++,FC Groningen,Portugal,Eredivisie,66,80,65,56,68,29,56,-1
Cristian Montes López,Cris Montes,RM++,CD Eldense,Spain,LALIGA HYPERMOTION,66,70,58,62,67,51,59,-1
Lucas Gabriel Monzón Lemos,Lucas Monzón,CB++,Racing Club,Brazil,Sudamericana,66,70,24,40,41,66,74,-1
Rodrigo Mora de Carvalho,Rodrigo Mora,CAM++,FC Porto,Portugal,Liga Portugal,66,72,45,65,71,41,36,-1
Iván Morante Ruiz,Iván Morante,CDM++,Burgos CF,Spain,LALIGA HYPERMOTION,66,64,63,62,66,64,63,-1
Pol Moreno Sánchez,Pol Moreno,CB++,R. Racing Club,Spain,LALIGA HYPERMOTION,66,56,28,50,40,67,71,-1
Nicolás Morgantini,Morgantini,RB++,Lanús,Argentina,Sudamericana,66,77,50,61,66,61,66,-1
Fabián Mosquera,Mosquera,CDM++,Deportes Tolima,Colombia,Sudamericana,66,58,43,61,56,65,71,-1
Juan David Mosquera,Mosquera,RB++,Portland Timbers-Thorns,Colombia,MLS,66,79,52,59,68,58,70,-1
Lukas Mühl,Mühl,CB++,Spezia,Germany,Serie BKT,66,60,37,53,55,64,71,-1
Alexander Mühling,Mühling,CM++,SV Sandhausen,Germany,3. Liga,66,61,67,67,68,53,71,-1
Vincent Müller,Müller,GK++,AaB,Germany,3F Superliga,66,66,64,66,67,29,66,-1
Valentino Müller,Müller,CDM++,WSG Tirol,Austria,Ö. Bundesliga,66,72,58,64,67,60,68,-1
José Luis Muñoz León,Luis Muñoz,CM++,FC Cartagena,Spain,LALIGA HYPERMOTION,66,62,62,61,60,66,73,-1
Ian Murphy,Murphy,CB++,FC Cincinnati,United States,MLS,66,64,28,46,57,69,68,-1
Alexandru Musi,Musi,RW++,FCSB,Romania,SUPERLIGA,66,85,59,58,71,27,59,-1
Bahlul Mustafazada,Mustafazada,CB++,Qarabağ FK,Azerbaijan,Liga Azerbaijan,66,62,26,48,56,67,65,-1
Marlon Suliman Mustapha,Mustapha,ST++,Fürth,Austria,Bundesliga 2,66,80,66,55,64,24,75,-1
Tristan Muyumba,Muyumba,CDM++,Atlanta United,France,MLS,66,70,44,60,65,61,68,-1
Felix Horn Myhre,Myhre,CM++,SK Brann,Norway,Eliteserien,66,72,57,64,67,61,69,-1
Gian Nardelli,Nardelli,CB++,Tigre,Argentina,LPF,66,66,42,47,50,66,75,-1
José Carlos Natário Ferreira,Zé Carlos,RB++,Vitória SC,Portugal,Liga Portugal,66,73,45,59,68,61,62,-1
Rafael Navarro Leal,Rafael Navarro,ST++,Colorado Rapids,Brazil,MLS,66,70,65,50,65,36,62,-1
Tom Naylor,Naylor,CDM++,Chesterfield,England,EFL League Two,66,63,60,61,60,63,75,-1
Mor Ndiaye,Ndiaye,CDM++,Estoril Praia,Senegal,Liga Portugal,66,66,53,57,60,65,75,-1
Abdallah Ndour,Ndour,LB++,En Avant Guingamp,Senegal,Ligue 2 BKT,66,71,31,60,65,64,67,-1
Jalen Neal,Neal,CB++,LA Galaxy,United States,MLS,66,60,23,49,59,67,65,-1
Dragoș Nedelcu,Nedelcu,CDM++,Farul Constanța,Romania,SUPERLIGA,66,60,58,64,60,64,69,-1
Camiel Neghli,Neghli,RM++,Sparta Rotterdam,Algeria,Eredivisie,66,81,57,63,66,40,65,-1
Stefano Negro,Negro,CB++,Cittadella,Italy,Serie BKT,66,69,41,52,53,64,72,-1
Cristian Neguț,Neguț,RM++,FC Hermannstadt,Romania,SUPERLIGA,66,78,62,62,67,31,64,-1
Nico Neidhart,Neidhart,RB++,Hansa Rostock,Germany,3. Liga,66,65,54,60,66,61,63,-1
Jakob Nerwinski,Nerwinski,RB++,St. Louis CITY SC,United States,MLS,66,76,30,53,56,64,74,-1
Mihajlo Nešković,Nešković,LM++,Sepsi OSK,Serbia,SUPERLIGA,66,69,60,62,65,31,55,-1
Francisco Neto Ramos,Francisco Ramos,CM++,Radomiak Radom,Portugal,PKO BP Ekstraklasa,66,64,57,67,67,61,70,-1
Richard Neudecker,Neudecker,CM++,Saarbrücken,Germany,3. Liga,66,71,59,66,70,49,66,-1
Yeni Ngbakoto,Ngbakoto,LM++,Vejle Boldklub,Congo DR,3F Superliga,66,74,65,64,67,38,67,-1
Hans Nicolussi Caviglia,Nicolussi Caviglia,CM++,Venezia,Italy,Serie A TIM,66,63,53,67,67,53,49,-1
Diogo Fesnard Nogueira Sousa,Diogo Sousa,GK++,Bodrum FK,Portugal,Trendyol Süper Lig,66,67,64,60,66,33,65,-1
Alexander Nollenberger,Nollenberger,LW++,1. FC Magdeburg,Germany,Bundesliga 2,66,85,60,59,68,47,66,-1
Ollie Norburn,Norburn,CM++,Blackpool,Grenada,EFL League One,66,69,61,65,66,64,75,-1
Osnar Noronha,Noronha,ST++,UCV,Peru,Sudamericana,66,61,69,46,61,27,61,-1
Andrija Novakovich,Novakovich,ST++,Bari,United States,Serie BKT,66,70,65,56,62,40,69,-1
George Nurse,Nurse,LB++,Shrewsbury,England,EFL League One,66,78,53,58,61,63,68,-1
Sverre Halseth Nypan,Nypan,CAM++,Rosenborg BK,Norway,Eliteserien,66,71,55,62,69,48,50,-1
Dorinel Oancea,Oancea,RB++,FC Univ. Cluj,Romania,SUPERLIGA,66,78,49,59,65,59,66,-1
Allen Obando,Obando,ST++,Barcelona SC,Ecuador,Libertadores,66,69,61,48,65,29,66,-1
Jordan Obita,Obita,LB++,Hibernian,England,cinch Prem,66,64,58,64,63,62,74,-1
Yutaro Oda,Oda,RM++,Hearts,Japan,cinch Prem,66,77,58,60,67,39,52,-1
Mohamed Ofkir,Ofkir,LW++,HamKam Fotball,Norway,Eliteserien,66,84,62,57,67,30,60,-1
Nathanael Ogbeta,Ogbeta,LB++,Plymouth Argyle,England,EFL Championship,66,80,45,53,66,60,70,-1
Ban Suk Oh,Oh Ban Suk,CB++,Incheon United,Korea Republic,K League 1,66,34,31,43,48,66,74,-1
Yuki Ohashi,Ohashi,ST++,Blackburn Rovers,Japan,EFL Championship,66,67,65,56,66,36,69,-1
Aaron Olanare,Olanare,ST++,Molde FK,Nigeria,Eliteserien,66,54,69,59,64,25,73,-1
Mathias Olesen,Olesen,CM++,1. FC Köln,Luxembourg,Bundesliga 2,66,70,46,62,66,59,68,-1
Baltazar Oliveira,Baltazar,CDM++,FC Sion,Brazil,CSSL,66,67,54,62,68,61,68,-1
Gabriel Oliveira,Gabriel Tigrão,RM++,GwangJu FC,Brazil,K League 1,66,79,66,51,68,30,72,-1
Eric Johana Omondi,Omondi,LM++,UTA Arad,Kenya,SUPERLIGA,66,82,62,62,64,43,61,-1
Fredrik Oppegård,Oppegård,LB++,PSV,Norway,Eredivisie,66,80,52,60,64,60,61,-1
Ragnar Oratmangoen,Oratmangoen,LM++,FCV Dender EH,Indonesia,1A Pro League,66,70,57,62,66,35,59,-1
Alejandro Orellana Gómez,Jandro Orellana,CDM++,Estoril Praia,Spain,Liga Portugal,66,60,44,64,64,66,53,-1
Alexander Oroz,Oroz,RW++,Colo-Colo,Chile,Libertadores,66,76,63,61,68,27,60,-1
Ibrahim Osman,Osman,LM++,Feyenoord,Ghana,Eredivisie,66,85,58,57,73,27,54,-1
Luciano Ospina,Ospina,CB++,Alianza FC,Colombia,Sudamericana,66,38,23,35,36,67,74,-1
Tomáš Ostrák,Ostrák,RM++,St. Louis CITY SC,Czechia,MLS,66,62,56,63,72,52,61,-1
Robin Østrøm,Østrøm,LB++,Silkeborg IF,Norway,3F Superliga,66,69,36,55,58,63,72,-1
David Otto,Otto,ST++,SV Sandhausen,Germany,3. Liga,66,70,66,55,66,28,63,-1
Anas Ouahim,Ouahim,CAM++,Sydney FC,Morocco,A-League,66,60,58,61,73,52,58,-1
Peter Ouaneh,Ouaneh,CB++,Stade Lavallois,France,Ligue 2 BKT,66,66,30,47,45,65,77,-1
Jesús Lázaro Owono Ngua Akeng,Owono,GK++,D. Alavés,Equatorial Guinea,LALIGA EA SPORTS,66,68,66,65,65,28,62,-1
Anthony Oyono,Oyono,RB++,Frosinone,Gabon,Serie BKT,66,69,36,55,61,61,66,-1
Guillermo Pacheco,Pacheco,RB++,Cobresal,Chile,Libertadores,66,67,59,66,64,61,72,-1
Simeon Tochukwu Nwankwo,Simy,ST++,Salernitana,Nigeria,Serie BKT,66,42,69,45,64,28,74,-1
Agustín Toledo,Toledo,CDM++,Huracán,Argentina,LPF,66,59,40,58,60,65,60,-1
Mirko Tomianovic,Tomianovic,RM++,Real Tomayapo,Bolivia,Sudamericana,66,80,63,60,67,52,70,-1
Juan Pablo Torres,Torres,LM++,Atl. Nacional,Colombia,Liga Colombia,66,64,49,62,67,53,48,-1
Edson Tortolero,Tortolero,RM++,Carabobo FC,Venezuela,Sudamericana,66,76,66,65,63,36,67,-1
Mason Toye,Toye,ST++,Portland Timbers-Thorns,United States,MLS,66,72,69,44,61,30,62,-1
Brahim Traoré,Traoré,CB++,SM Caen,France,Ligue 2 BKT,66,67,30,43,48,66,71,-1
Charles Traoré,Traoré,LB++,SC Bastia,Mali,Ligue 2 BKT,66,67,33,53,63,65,73,-1
Anton Tsarenko,Tsarenko,CAM++,Lechia Gdańsk,Ukraine,PKO BP Ekstraklasa,66,72,52,61,71,36,50,-1
Calvin Twigt,Twigt,CM++,Go Ahead Eagles,Netherlands,Eredivisie,66,64,59,67,66,62,69,-1
Przemysław Tytoń,Tytoń,GK++,FC Twente,Poland,Eredivisie,66,66,63,69,65,50,65,-1
Boné Uaferro,Uaferro,CB++,Saarbrücken,Germany,3. Liga,66,37,37,55,55,64,71,-1
Steven Ugarković,Ugarković,CDM++,Melbourne City,Australia,A-League,66,62,58,61,65,61,76,-1
Adrián Ugarriza,Ugarriza,ST++,Dep. Garcilaso,Peru,Sudamericana,66,67,67,60,66,23,63,-1
Jacob Une-Larsson,Une-Larsson,CB++,Djurgårdens IF,Sweden,Allsvenskan,66,66,44,53,49,65,72,-1
Bjørn Inge Utvik,Utvik,CB++,Whitecaps FC,Norway,MLS,66,41,39,49,52,66,76,-1
Pavle Vagić,Vagić,CB++,Hammarby IF,Sweden,Allsvenskan,66,69,53,59,66,62,78,-1
Anthony Valencia,Valencia,RM++,Royal Antwerp FC,Ecuador,1A Pro League,66,84,59,59,73,44,44,-1
Gonzalo Valle,Valle,GK++,LDU Quito,Ecuador,Libertadores,66,66,65,60,70,26,60,-1
Damian van Bruggen,van Bruggen,CB++,Vejle Boldklub,Netherlands,3F Superliga,66,58,54,50,55,64,74,-1
Jochem van de Kamp,van de Kamp,RM++,Almere City FC,Netherlands,Eredivisie,66,76,50,61,67,57,66,-1
Richard van der Venne,van der Venne,CM++,RKC Waalwijk,Netherlands,Eredivisie,66,56,64,66,66,58,69,-1
Daniël van Kaam,van Kaam,CDM++,Heracles Almelo,Netherlands,Eredivisie,66,64,56,65,67,60,62,-1
Robert-Jan Vanwesemael,Vanwesemael,RM++,STVV,Belgium,1A Pro League,66,75,49,60,68,56,56,-1
Ádám Varga,Varga,GK++,Ferencvárosi TC,Hungary,Magyar Liga,66,70,64,62,66,27,65,-1
Miguel Vargas,Vargas,GK++,Dep. Garcilaso,Chile,Sudamericana,66,62,69,64,65,43,66,-1
Gonzalo Vega,Vega,LM++,Wanderers,Uruguay,Sudamericana,66,57,68,64,74,51,52,-1
Bruno Veglio,Veglio,CM++,Wanderers,Uruguay,Sudamericana,66,63,57,64,61,67,57,-1
John Velásquez,Velásquez,CAM++,Farense,Colombia,Liga Portugal,66,70,65,62,67,43,54,-1
Tijs Velthuis,Velthuis,CB++,Salernitana,Netherlands,Serie BKT,66,65,30,46,40,66,72,-1
Thibaud Verlinden,Verlinden,LW++,K. Beerschot VA,Belgium,1A Pro League,66,73,60,61,70,39,42,-1
Romeo Vermant,Vermant,ST++,Club Brugge,Belgium,1A Pro League,66,78,67,55,63,19,63,-1
Michael Verrips,Verrips,GK++,FCV Dender EH,Netherlands,1A Pro League,66,67,64,68,67,17,63,-1
Simão Verza Bertelli,Simão Bertelli,GK++,AVS Futebol SAD,Brazil,Liga Portugal,66,68,65,64,67,27,66,-1
Viljar Helland Vevatne,Vevatne,CB++,Viking FK,Norway,Eliteserien,66,65,58,56,61,64,77,-1
Josh Vickers,Vickers,GK++,Derby County,England,EFL Championship,66,66,65,64,66,42,64,-1
Luca Vido,Vido,ST++,Reggiana,Italy,Serie BKT,66,63,66,60,68,37,62,-1
Wilder Viera,Viera,CDM++,Cerro Porteño,Paraguay,Libertadores,66,59,32,56,54,62,71,-1
Ignasi Vilarrasa Palacios,Vilarrasa,LB++,SD Huesca,Spain,LALIGA HYPERMOTION,66,68,49,54,61,65,66,-1
Daniel Villahermosa,Villahermosa,CM++,CD Castellón,Spain,LALIGA HYPERMOTION,66,65,62,66,71,59,59,-1
Iván Villalba,Villalba,CB++,Ind. Rivadavia,Paraguay,LPF,66,62,33,49,49,65,69,-1
Álvaro Villete,Villete,GK++,Metropolitanos,Uruguay,Sudamericana,66,65,63,62,63,26,67,-1
Lars Villiger,Villiger,ST++,FC Luzern,Switzerland,CSSL,66,65,66,48,64,24,68,-1
Lars Vilsvik,Vilsvik,RB++,Strømsgodset IF,Norway,Eliteserien,66,63,57,63,64,62,71,-1
Ben Voll,Voll,GK++,FC St. Pauli,Germany,Bundesliga,66,67,64,65,68,24,65,-1
Julian von Moos,von Moos,RW++,Servette FC,Switzerland,CSSL,66,82,60,59,69,28,61,-1
Nicolas Vouilloz,Vouilloz,CB++,FC Basel 1893,Switzerland,CSSL,66,66,28,46,45,65,78,-1
Jack Walton,Walton,GK++,Dundee United,England,cinch Prem,66,66,63,63,65,34,67,-1
Nelson Weiper,Weiper,ST++,1. FSV Mainz 05,Germany,Bundesliga,66,70,65,46,65,25,69,-1
Oscar Wendt,Wendt,LB++,IFK Göteborg,Sweden,Allsvenskan,66,48,61,68,64,67,66,-1
Christopher Wernitznig,Wernitznig,RB++,Austria Klagenfurt,Austria,Ö. Bundesliga,66,65,65,65,65,62,70,-1
Magnus Westergaard,Westergaard,CM++,Viborg FF,Denmark,3F Superliga,66,73,56,61,66,60,70,-1
Niklas Wiemann,Wiemann,CB++,VfL Osnabrück,Germany,3. Liga,66,70,39,53,52,64,74,-1
Gustav Mendonca Wikheim,Wikheim,LW++,Djurgårdens IF,Norway,Allsvenskan,66,84,57,59,72,44,54,-1
Randell Williams,Williams,LB++,Bolton,England,EFL League One,66,88,59,61,68,57,62,-1
Derrick Williams,Williams,CB++,Atlanta United,Republic of Ireland,MLS,66,66,46,58,62,63,77,-1
Bobby Wood,Wood,ST++,New England,United States,MLS,66,75,67,57,66,27,68,-1
Ben Woodburn,Woodburn,CAM++,Salford City,Wales,EFL League Two,66,71,63,63,70,41,52,-1
Scott Wootton,Wootton,CB++,Well. Phoenix,England,A-League,66,42,29,48,53,65,80,-1
Callum Wright,Wright,CM++,Plymouth Argyle,England,EFL Championship,66,65,61,64,67,57,66,-1
Charlie Wyke,Wyke,ST++,Carlisle United,England,EFL League Two,66,54,66,56,63,37,75,-1
Matthéo Xantippe,Xantippe,LB++,Grenoble Foot 38,France,Ligue 2 BKT,66,68,38,56,65,62,60,-1
Ayman Yahya,Yahya,RM++,Al Nassr,Saudi Arabia,ROSHN Saudi League,66,84,60,58,66,32,65,-1
Liyu Yang,Yang Liyu,RW++,Beijing Guoan,China PR,CSL,66,83,64,61,63,43,73,-1
Patrick Yazbek,Yazbek,CDM++,Nashville SC,Australia,MLS,66,68,54,62,62,62,73,-1
Dru Yearwood,Yearwood,CM++,Nashville SC,England,MLS,66,73,54,59,68,64,77,-1
Erdoğan Yeşilyurt,Yeşilyurt,RM++,Antalyaspor,Türkiye,Trendyol Süper Lig,66,73,63,60,67,55,69,-1
Bertuğ Yıldırım,Yıldırım,ST++,Getafe CF,Türkiye,LALIGA EA SPORTS,66,70,64,48,62,32,72,-1
Daisuke Yokota,Yokota,RM++,KAA Gent,Japan,1A Pro League,66,73,52,61,71,46,48,-1
Jong Gyu Yoon,Yoon Jong Gyu,RB++,FC Seoul,Korea Republic,K League 1,66,78,38,57,62,61,65,-1
Kyohei Yoshino,Yoshino,CDM++,Daegu FC,Japan,K League 1,66,63,54,53,60,63,74,-1
Jamie Young,Young,GK++,Melbourne City,England,A-League,66,65,66,64,67,48,65,-1
Wilitty Younoussa,Younoussa,CM++,Rodez AF,Cameroon,Ligue 2 BKT,66,70,48,59,71,67,56,-1
Bendjaloud Youssouf,Youssouf,RB++,USL Dunkerque,Comoros,Ligue 2 BKT,66,74,50,59,64,58,65,-1
Griffin Yow,Yow,RM++,KVC Westerlo,United States,1A Pro League,66,65,63,60,69,33,47,-1
Il Lok Yun,Yun Il Lok,RB++,Ulsan Hyundai,Korea Republic,K League 1,66,70,57,62,67,63,61,-1
Suk Young Yun,Yun Suk Young,LB++,Gangwon FC,Korea Republic,K League 1,66,72,53,59,61,62,73,-1
Cristian Zabala,Zabala,CM++,Independiente DV,Argentina,Libertadores,66,65,53,66,66,59,69,-1
Vasilis Zagaritis,Zagaritis,LB++,Almere City FC,Greece,Eredivisie,66,81,42,54,63,60,62,-1
Nicolás Zalazar,Zalazar,CB++,Junior,Argentina,Libertadores,66,67,36,37,45,66,74,-1
Maximiliano Zalazar,Zalazar,LM++,Barracas Central,Argentina,LPF,66,71,62,59,69,31,49,-1
Jan Žambůrek,Žambůrek,CM++,Heracles Almelo,Czechia,Eredivisie,66,65,58,61,67,60,65,-1
Edgar Zaracho,Zaracho,CM++,S. Ameliano,Paraguay,Sudamericana,66,56,53,68,61,51,61,-1
Aaron Zehnter,Zehnter,LM++,SC Paderborn 07,Germany,Bundesliga 2,66,75,54,64,64,61,60,-1
Ekain Zenitagoia Arana,Ekain,ST++,R. Racing Club,Spain,LALIGA HYPERMOTION,66,72,64,60,67,28,65,-1
Lukas Mühl,Mühl,CB++,FC Winterthur,Germany,CSSL,66,60,37,53,55,64,71,-1
Karol Fila,Fila,RB++,FCV Dender EH,Poland,1A Pro League,66,74,50,59,68,63,67,-1
Florian Rieder,Rieder,LM++,WSG Tirol,Austria,Ö. Bundesliga,66,75,53,63,68,49,69,-1
Florian Krüger,Krüger,ST++,K. Beerschot VA,Germany,1A Pro League,66,79,64,57,67,22,72,-1
Abdulbasit Hindi,Hindi,CB++,Ettifaq FC,Saudi Arabia,ROSHN Saudi League,66,69,23,47,53,66,69,-1
Mihai Popescu,Popescu,CB++,FCSB,Romania,SUPERLIGA,66,56,31,47,53,63,71,-1
Kristian Arnstad,Arnstad,CM++,AGF,Norway,3F Superliga,66,68,56,65,70,60,64,-1
Josias Lukembila,Lukembila,LM++,FC Winterthur,Switzerland,CSSL,66,77,59,59,67,23,57,-1
Siriné Doucouré,Doucouré,ST++,Stade Lavallois,Mali,Ligue 2 BKT,66,57,62,49,61,25,73,-1
Junior Kadile,Kadile,LM++,Almere City FC,France,Eredivisie,66,81,59,61,70,23,53,-1
Nigel Lonwijk,Lonwijk,CB++,Huddersfield,Netherlands,EFL League One,66,66,35,44,49,65,72,-1
Ander Martín Odriozola,Ander Martín,LM++,CD Mirandés,Spain,LALIGA HYPERMOTION,66,70,62,62,67,50,58,-1
Martin Adeline,Adeline,CM++,ESTAC Troyes,France,Ligue 2 BKT,66,64,58,65,68,58,64,-1
Cihan Çanak,Çanak,CAM++,Trabzonspor,Türkiye,Trendyol Süper Lig,66,80,58,64,75,39,50,-1
Shaqai Forde,Forde,RW++,Bristol Rovers,England,EFL League One,66,81,63,54,69,40,65,-1
Kayky da Silva Chagas,Kayky,RW++,Sparta Rotterdam,Brazil,Eredivisie,66,79,58,57,72,28,45,-1
Nunzio Lella,Lella,CM++,Bari,Italy,Serie BKT,66,78,56,61,65,62,76,-1
Alessandro Bianco,Bianco,CM++,Monza,Italy,Serie A TIM,66,49,46,64,68,59,47,-1
Ousmane Camara,Camara,ST++,CD Castellón,Guinea,LALIGA HYPERMOTION,66,68,67,56,70,22,50,-1
Ilyes Housni,Housni,ST++,Havre AC,Morocco,Ligue 1 Uber Eats,66,67,67,57,70,26,49,-1
Daisuke Yokota,Yokota,RM++,Kaiserslautern,Japan,Bundesliga 2,66,73,52,61,71,46,48,-1
Stije Resink,Resink,CM++,FC Groningen,Netherlands,Eredivisie,66,65,53,64,66,59,67,-1
Rayan Ghrieb,Ghrieb,RM++,En Avant Guingamp,France,Ligue 2 BKT,66,70,63,63,69,34,54,-1
Gino Infantino,Infantino,RW++,Al Ain FC,Argentina,United Emirates League,66,71,61,64,71,48,56,-1
Peter Kioso,Kioso,RB++,Oxford United,Congo DR,EFL Championship,66,70,45,58,63,63,68,-1
Martín Langreo,Gerard Martín,LB++,FC Barcelona,Spain,LALIGA EA SPORTS,66,69,44,54,58,64,65,-1
Malcolm Ebiowei,Ebiowei,RM++,Crystal Palace,England,Premier League,66,76,62,60,70,38,53,-1
Anssi Suhonen,Suhonen,CAM++,Jahn Regensburg,Finland,Bundesliga 2,66,56,57,61,73,38,51,-1
Ju Yong Lee,Lee Ju Yong,LB++,Incheon United,Korea Republic,K League 1,66,79,58,57,66,60,70,-1
Bryan Henning,Henning,CM++,VfL Osnabrück,Germany,3. Liga,66,68,55,60,69,64,70,-1
Jong Gyu Yoon,Yoon Jong Gyu,RB++,Ulsan Hyundai,Korea Republic,K League 1,66,78,38,57,62,61,65,-1
Lalas Abubakar,Abubakar,CB++,FC Dallas,Ghana,MLS,66,55,32,49,50,64,79,-1
Elliot Embleton,Embleton,CAM++,Carlisle United,England,EFL League Two,66,73,62,63,66,54,56,-1
Young Bin Kim,Kim Young Bin,CB++,Jeonbuk Hyundai,Korea Republic,K League 1,66,62,28,47,46,65,77,-1
Frans Krätzig,Krätzig,LB++,Heidenheim,Germany,Bundesliga,66,66,45,61,71,62,53,-1
Ole Romeny,Romeny,RM++,Oxford United,Netherlands,EFL Championship,66,67,70,58,67,29,66,-1
Andy Fisher,Fisher,GK++,St. Johnstone,England,cinch Prem,66,66,64,68,67,34,65,-1
Joaquín Sosa,Sosa,CB++,Bologna,Uruguay,Serie A TIM,66,40,37,60,59,70,66,-1
Casper Terho,Terho,RM++,SC Paderborn 07,Finland,Bundesliga 2,66,76,63,61,66,36,56,-1
Nicolás Zalazar,Zalazar,CB++,Instituto,Argentina,LPF,66,67,36,37,45,66,74,-1
Jeronimo Cacciabue,Cacciabue,CM++,U. Católica,Argentina,Sudamericana,66,64,56,64,68,65,60,-1
Iker Benito Sánchez,Iker Benito,LM++,CD Mirandés,Spain,LALIGA HYPERMOTION,66,78,60,62,68,35,45,-1
Djorkaeff Reasco,Reasco,ST++,Instituto,Ecuador,LPF,66,76,67,54,65,33,74,-1
Guillermo Enrique,Enrique,RB++,Alianza Lima,Argentina,Libertadores,66,71,49,51,62,67,55,-1
Kreshnik Hajrizi,Hajrizi,CB++,FC Sion,Kosovo,CSSL,66,68,33,51,60,64,75,-1
Joaquín Blázquez,Blázquez,GK++,Independiente,Argentina,LPF,66,65,61,65,70,23,68,-1
Marco Burch,Burch,CB++,Radomiak Radom,Switzerland,PKO BP Ekstraklasa,66,67,43,52,50,65,74,-1
Filip Blažek,Blažek,CB++,Unirea Slobozia,Slovakia,SUPERLIGA,66,59,30,48,52,66,69,-1
Elías Cabrera,Cabrera,CAM++,Tigre,Argentina,LPF,66,72,60,66,71,51,51,-1
Alejandro Millán Iranzo,Alex Millán,ST++,FC Cartagena,Spain,LALIGA HYPERMOTION,66,74,65,59,66,35,63,-1
Václav Sejk,Sejk,ST++,FC Famalicão,Czechia,Liga Portugal,66,73,61,45,64,26,72,-1
Ali Al Hamadi,Al Hamadi,ST++,Stoke City,Iraq,EFL Championship,66,80,63,47,64,18,73,-1
Patryk Peda,Peda,CB++,SS Juve Stabia,Poland,Serie BKT,66,71,49,55,56,64,73,-1
Tijs Velthuis,Velthuis,CB++,Sassuolo,Netherlands,Serie BKT,66,65,30,46,40,66,72,-1
Joaquín Sosa,Sosa,CB++,Reggiana,Uruguay,Serie BKT,66,40,37,60,59,70,66,-1
Urko González de Zárate,Urko González,CB++,RCD Espanyol,Spain,LALIGA EA SPORTS,66,46,43,59,52,66,68,-1
Maximiliano Zalazar,Zalazar,LM++,Tigre,Argentina,LPF,66,71,62,59,69,31,49,-1
Nazariy Rusyn,Rusyn,ST++,Hajduk Split,Ukraine,Liga Hrvatska,66,77,66,45,64,20,53,-1
Óscar Clemente Mues,Óscar Clemente,LM++,FC Cartagena,Spain,LALIGA HYPERMOTION,66,67,56,67,63,49,47,-1
Benjamin Siegrist,Siegrist,GK++,Genoa,Switzerland,Serie A TIM,66,66,63,59,67,34,65,-1
Koen Kostons,Kostons,ST++,KV Kortrijk,Netherlands,1A Pro League,66,74,63,60,66,29,66,-1
Tom Holmes,Holmes,CB++,FCV Dender EH,England,1A Pro League,66,46,25,55,55,65,71,-1
Sam Hughes,Hughes,CB++,Peterborough,England,EFL League One,66,52,41,49,49,65,78,-1
Ollie Norburn,Norburn,CM++,Wigan Athletic,Grenada,EFL League One,66,69,61,65,66,64,75,-1
Javier Martón Ansó,Javi Martón,ST++,Albacete BP,Spain,LALIGA HYPERMOTION,66,57,70,50,64,25,53,-1
Filip Szymczak,Szymczak,ST++,GKS Katowice,Poland,PKO BP Ekstraklasa,66,75,63,55,68,21,68,-1
Jakob Busk,Busk,GK++,TSG Hoffenheim,Denmark,Bundesliga,66,67,60,63,68,44,63,-1
Dickson Abiama,Abiama,ST++,1860 München,Nigeria,3. Liga,66,78,64,43,66,23,62,-1
Tom McIntyre,McIntyre,CB++,Charlton Ath,Scotland,EFL League One,66,44,37,56,61,64,70,-1
José Carlos Natário Ferreira,Zé Carlos,RB++,Farense,Portugal,Liga Portugal,66,73,45,59,68,61,62,-1
Paul Riveros,Riveros,CB++,Banfield,Paraguay,LPF,66,66,25,42,55,67,71,-1
Kion Etete,Etete,ST++,Bolton,England,EFL League One,66,68,64,45,61,33,76,-1
Owen Dale,Dale,RM++,Wigan Athletic,England,EFL League One,66,82,58,60,68,31,62,-1
Danilo Al Saed,Al Saed,LM++,AIK,Iraq,Allsvenskan,66,82,61,55,68,26,58,-1
Mason Toye,Toye,ST++,Sporting KC,United States,MLS,66,72,69,44,61,30,62,-1
JT Marcinkowski,Marcinkowski,GK++,LA Galaxy,United States,MLS,66,67,63,69,68,22,66,-1
Ian Murphy,Murphy,CB++,Colorado Rapids,United States,MLS,66,64,28,46,57,69,68,-1
Jalen Neal,Neal,CB++,CF Montréal,United States,MLS,66,60,23,49,59,67,65,-1
Telasco Segovia,Segovia,CM++,Inter Miami CF,Venezuela,MLS,66,66,54,64,67,53,57,-1
Roberto Fernández Jaén,Roberto,ST++,RCD Espanyol,Spain,LALIGA EA SPORTS,66,69,66,58,68,36,57,-1
Il Lok Yun,Yun Il Lok,RB++,Gangwon FC,Korea Republic,K League 1,66,70,57,62,67,63,61,-1
Julián Javier Delmás Germán,Delmás,RB++,FC Cartagena,Spain,LALIGA HYPERMOTION,66,74,41,57,65,60,68,-1
Michael Steinwender,Steinwender,CB++,Hearts,Austria,cinch Prem,66,42,29,44,40,66,75,-1
Jae Ik Lee,Lee Jae Ik,CB++,Ulsan Hyundai,Korea Republic,K League 1,66,63,30,51,46,63,76,-1
Joël Schmied,Schmied,CB++,1. FC Köln,Switzerland,Bundesliga 2,66,57,33,41,41,67,72,-1
Zhipeng Jiang,Jiang Zhipeng,LB++,SZ Peng City,China PR,CSL,66,64,60,66,65,63,66,-1
Henry Hore,Hore,LM++,Brisbane Roar,Australia,A-League,66,70,62,62,68,51,66,-1
Hervé Matthys,Matthys,CB++,Motor Lublin,Belgium,PKO BP Ekstraklasa,66,66,41,60,59,66,68,-1
Luis Ingolotti,Ingolotti,GK++,Gimnasia,Argentina,LPF,66,68,66,58,66,31,65,-1
Lars-Jørgen Salvesen,Salvesen,ST++,Derby County,Norway,EFL Championship,66,66,66,53,60,38,79,-1
Fabian Herbers,Herbers,RM++,CF Montréal,Germany,MLS,66,65,62,63,65,57,70,-1
Mohamed Ofkir,Ofkir,LW++,Suwon FC,Norway,K League 1,66,84,62,57,67,30,60,-1
Mamady Diambou,Diambou,CDM++,RB Salzburg,Mali,Ö. Bundesliga,65,74,52,59,66,60,65,-1
Sam Schreck,Schreck,CM++,Arminia Bielefeld,Germany,3. Liga,65,64,50,62,68,61,57,-1
Jorg Schreuders,Schreuders,RM++,FC Groningen,Netherlands,Eredivisie,65,68,63,58,62,56,64,-1
Eduardo Schroeder Brock,Eduardo Brock,CB++,Cerro Porteño,Brazil,Libertadores,65,56,29,38,39,66,72,-1
Markus Schubert,Schubert,GK++,SC Paderborn 07,Germany,Bundesliga 2,65,67,63,62,67,39,60,-1
Ryan Scott,Scott,GK++,Newcastle Jets,Australia,A-League,65,65,61,61,65,40,65,-1
Sean Seitz,Seitz,LM++,FC Erzgebirge Aue,Germany,3. Liga,65,74,59,56,68,43,55,-1
Steven Sessegnon,Sessegnon,RB++,Wigan Athletic,England,EFL League One,65,76,46,58,63,61,61,-1
Liam Shaw,Shaw,CM++,Celtic,England,cinch Prem,65,68,57,60,67,60,72,-1
Jordan Shipley,Shipley,LB++,Shrewsbury,Republic of Ireland,EFL League One,65,65,64,66,66,60,70,-1
Nicklas Shipnoski,Shipnoski,RM++,SV Waldhof,Germany,3. Liga,65,76,60,58,66,26,56,-1
Rúnar Þór Sigurgeirsson,Sigurgeirsson,LB++,Willem II,Iceland,Eredivisie,65,68,53,58,61,62,66,-1
Luís Silva,Luís Silva,LB++,Widzew Łódź,Portugal,PKO BP Ekstraklasa,65,69,35,55,54,67,61,-1
Samuel Teles Silva,Teles,CDM++,SC Oțelul Galați,Portugal,SUPERLIGA,65,75,44,57,64,64,66,-1
Fábio Alexandre Silva Nunes,Fábio Nunes,RW++,Widzew Łódź,Portugal,PKO BP Ekstraklasa,65,76,55,62,67,58,68,-1
Samuel Silvera,Silvera,LM++,Portsmouth,Australia,EFL Championship,65,73,59,58,69,36,60,-1
Sang Min Sim,Sim Sang Min,LB++,Ulsan Hyundai,Korea Republic,K League 1,65,76,46,60,62,57,71,-1
Jack Simpson,Simpson,CB++,Leyton Orient,England,EFL League One,65,51,37,51,55,64,67,-1
Ayanda Sishuba,Sishuba,CAM++,RC Lens,Belgium,Ligue 1 Uber Eats,65,71,60,60,73,32,40,-1
Fredrik Sjølstad,Sjølstad,CB++,HamKam Fotball,Norway,Eliteserien,65,65,43,57,61,64,70,-1
Fredrik Sjøvold,Sjøvold,RB++,FK Bodø/Glimt,Norway,Eliteserien,65,67,50,61,66,59,60,-1
Callum Slattery,Slattery,CM++,Motherwell,England,cinch Prem,65,68,60,61,66,60,73,-1
Levi Smans,Smans,CAM++,sc Heerenveen,Netherlands,Eredivisie,65,70,62,61,65,43,58,-1
Jonny Smith,Smith,RM++,Wigan Athletic,England,EFL League One,65,84,58,60,67,37,43,-1
Emran Soglo,Soglo,LM++,OM,England,Ligue 1 Uber Eats,65,74,54,62,67,58,50,-1
Patryk Sokołowski,Sokołowski,CM++,Cracovia,Poland,PKO BP Ekstraklasa,65,61,48,64,65,63,72,-1
Cristhian Solano,Solano,LM++,Barcelona SC,Ecuador,Libertadores,65,76,66,58,67,34,55,-1
Joachim Soltvedt,Soltvedt,LB++,SK Brann,Norway,Eliteserien,65,69,58,61,61,60,64,-1
Sven Sonnenberg,Sonnenberg,CB++,Saarbrücken,Germany,3. Liga,65,53,28,43,49,64,75,-1
Almir Soto,Soto,CM++,Dep. La Guaira,Colombia,Sudamericana,65,56,62,59,63,64,72,-1
Moussa Soumano,Soumano,ST++,AC Ajaccio,France,Ligue 2 BKT,65,75,66,51,61,27,64,-1
Luke Southwood,Southwood,GK++,Bolton,Northern Ireland,EFL League One,65,65,64,68,64,54,64,-1
Jack Sparkes,Sparkes,LB++,Peterborough,England,EFL League One,65,70,46,62,63,59,64,-1
Sven Sprangler,Sprangler,CM++,St. Johnstone,Austria,cinch Prem,65,66,49,61,65,63,72,-1
Adam Ståhl,Ståhl,LB++,Djurgårdens IF,Sweden,Allsvenskan,65,75,60,61,64,59,71,-1
Florin Ștefan,Ștefan,LB++,Sepsi OSK,Romania,SUPERLIGA,65,75,57,60,60,60,69,-1
Halldor Stenevik,Stenevik,RW++,Molde FK,Norway,Eliteserien,65,77,55,61,65,49,68,-1
Jonas Sterner,Sterner,RB++,Holstein Kiel,Germany,Bundesliga,65,80,43,61,64,60,62,-1
Mihailo Stevanovic,Stevanovic,CDM++,FC St. Gallen,Serbia,CSSL,65,71,59,60,66,61,70,-1
Nikola Stevanović,Stevanović,CB++,SC Oțelul Galați,Serbia,SUPERLIGA,65,51,23,37,46,66,72,-1
Layton Stewart,Stewart,ST++,Preston,England,EFL Championship,65,73,66,51,67,33,57,-1
Michel Stöcker,Stöcker,LB++,SC Verl,Germany,3. Liga,65,64,38,52,54,63,65,-1
Cole Stockton,Stockton,ST++,Salford City,England,EFL League Two,65,65,66,52,61,33,78,-1
Ionuț Stoica,Stoica,CB++,FC Hermannstadt,Romania,SUPERLIGA,65,44,23,37,37,63,80,-1
Finn Stokkers,Stokkers,ST++,Go Ahead Eagles,Netherlands,Eredivisie,65,63,65,44,65,29,70,-1
Rafał Strączek,Strączek,GK++,GKS Katowice,Poland,PKO BP Ekstraklasa,65,68,64,64,68,24,65,-1
Simon Strand,Strand,LB++,Hammarby IF,Sweden,Allsvenskan,65,81,31,54,61,59,73,-1
Simon Straudi,Straudi,RB++,Austria Klagenfurt,Italy,Ö. Bundesliga,65,70,51,62,66,62,64,-1
Philipp Strompf,Strompf,CB++,SSV Ulm 1846,Germany,Bundesliga 2,65,54,33,40,43,63,75,-1
Elliot Stroud,Stroud,LB++,Mjällby AIF,Sweden,Allsvenskan,65,74,56,61,65,58,61,-1
Alejandro Suárez Cardero,Álex Cardero,LM++,R. Oviedo,Spain,LALIGA HYPERMOTION,65,72,64,65,68,53,46,-1
Manuel Sulbarán,Sulbarán,LM++,Caracas F.C.,Venezuela,Libertadores,65,77,52,60,67,40,46,-1
Franck Surdez,Surdez,LM++,KAA Gent,Switzerland,1A Pro League,65,76,65,56,67,24,47,-1
Zak Swanson,Swanson,RB++,Portsmouth,England,EFL Championship,65,72,48,62,63,61,64,-1
Dan Sweeney,Sweeney,CB++,Stevenage,England,EFL League One,65,50,42,51,54,64,75,-1
Przemysław Szymiński,Szymiński,CB++,Frosinone,Poland,Serie BKT,65,68,39,52,58,65,73,-1
Jesper Taaje,Taaje,CB++,Strømsgodset IF,Norway,Eliteserien,65,63,29,43,53,63,78,-1
Nkosi Tafari,Tafari,CB++,FC Dallas,United States,MLS,65,57,36,47,54,65,75,-1
Harald Nilsen Tangen,Tangen,CAM++,Sarpsborg 08,Norway,Eliteserien,65,74,58,60,70,38,68,-1
Sander Tangvik,Tangvik,GK++,Rosenborg BK,Norway,Eliteserien,65,65,64,63,66,57,65,-1
Ollie Tanner,Tanner,RM++,Cardiff City,England,EFL Championship,65,74,59,62,67,55,56,-1
David Justin Taylor,Taylor,RB++,Minnesota United,United States,MLS,65,70,30,50,59,62,70,-1
Terry Taylor,Taylor,CDM++,Charlton Ath,Wales,EFL League One,65,58,55,64,62,62,67,-1
Connor Taylor,Taylor,CB++,Bristol Rovers,England,EFL League One,65,57,29,45,49,65,72,-1
Ryan Teague,Teague,CDM++,Melb. Victory,Australia,A-League,65,57,53,54,65,59,74,-1
Rui Filipe Teixeira Encarnação,Rui Encarnação,GK++,Nacional,Portugal,Liga Portugal,65,66,60,57,68,27,63,-1
Jordan Tell,Tell,ST++,Stade Lavallois,France,Ligue 2 BKT,65,58,65,59,66,31,64,-1
Søren Tengstedt,Tengstedt,CAM++,Go Ahead Eagles,Denmark,Eredivisie,65,63,64,61,68,22,65,-1
Jano ter Horst,ter Horst,RB++,Preußen Münster,Germany,Bundesliga 2,65,70,36,50,59,62,66,-1
Carlos Terán,Terán,CB++,Chicago Fire FC,Colombia,MLS,65,69,31,41,49,66,71,-1
Pascal Testroet,Testroet,ST++,FC Ingolstadt 04,Germany,3. Liga,65,63,67,56,62,38,76,-1
Yannick Thoelen,Thoelen,GK++,KV Mechelen,Belgium,1A Pro League,65,64,66,63,61,38,66,-1
Jordan Thorniley,Thorniley,CB++,Oxford United,England,EFL Championship,65,59,36,52,55,65,70,-1
Samson Okikiola Tijani,Tijani,CM++,RB Salzburg,Nigeria,Ö. Bundesliga,65,72,51,62,65,64,68,-1
Yacine Titraoui,Titraoui,CM++,Sp. Charleroi,Algeria,1A Pro League,65,67,53,63,69,54,53,-1
Vinícius Tobías da Silva,Vinícius Tobías,RB++,Shakhtar Donetsk,Brazil,Ukrayina Liha,65,71,44,56,67,61,64,-1
Logi Tómasson,Tómasson,LB++,Strømsgodset IF,Iceland,Eliteserien,65,80,55,60,63,57,71,-1
Diego Tonetto,Tonetto,LM++,Ind. Rivadavia,Argentina,LPF,65,65,62,67,67,39,47,-1
Kristoffer Tønnessen,Tønnessen,LB++,Lillestrøm SK,Norway,Eliteserien,65,72,46,60,58,61,67,-1
Kubilay Kanatsızkuş,Kanatsızkuş,ST++,Göztepe,Türkiye,Trendyol Süper Lig,65,63,64,56,64,21,71,-1
Yoon Seong Kang,Kang Yoon Seong,RB++,Daejeon Citizen,Korea Republic,K League 1,65,70,47,58,61,59,69,-1
Alec Kann,Kann,GK++,FC Cincinnati,United States,MLS,65,66,65,62,64,43,66,-1
Rifet Kapić,Kapić,CM++,Lechia Gdańsk,Bosnia and Herzegovina,PKO BP Ekstraklasa,65,65,51,66,63,57,60,-1
Fatih Kaya,Kaya,ST++,Wehen Wiesbaden,Germany,3. Liga,65,73,61,50,66,33,71,-1
Manuel Keliano,Manuel Keliano,CDM++,Estrela Amadora,Angola,Liga Portugal,65,55,44,53,56,64,69,-1
Aaron Keller,Keller,LM++,SSV Ulm 1846,Switzerland,Bundesliga 2,65,68,55,61,66,34,62,-1
Kevin Kelsy,Kelsy,ST++,FC Cincinnati,Venezuela,MLS,65,77,66,47,61,27,55,-1
David Keltjens,Keltjens,RB++,St. Johnstone,Israel,cinch Prem,65,69,47,55,64,59,71,-1
Boy Kemper,Kemper,LB++,NAC Breda,Netherlands,Eredivisie,65,68,36,49,62,64,68,-1
Nohan Kenneh,Kenneh,CDM++,Hibernian,Liberia,cinch Prem,65,53,51,59,60,62,71,-1
Roman Kerschbaum,Kerschbaum,CDM++,SK Rapid Wien,Austria,Ö. Bundesliga,65,63,64,64,64,63,71,-1
Topi Keskinen,Keskinen,LW++,Aberdeen,Finland,cinch Prem,65,83,61,59,66,39,56,-1
Mohammed Khubrani,Khubrani,CB++,Al Khaleej,Saudi Arabia,ROSHN Saudi League,65,47,24,39,44,67,74,-1
Niko Kijewski,Kijewski,LB++,SC Verl,Germany,3. Liga,65,63,38,60,65,63,60,-1
Gavin Kilkenny,Kilkenny,CM++,AFC Bournemouth,Republic of Ireland,Premier League,65,60,53,64,67,60,55,-1
Jin Ho Kim,Kim Jin Ho,LB++,GwangJu FC,Korea Republic,K League 1,65,75,49,47,65,58,66,-1
Jeong Hoon Kim,Kim Jeong Hoon,GK++,Jeonbuk Hyundai,Korea Republic,K League 1,65,62,66,58,68,17,62,-1
Tae Hwan Kim,Kim Tae Hwan,RB++,Jeonbuk Hyundai,Korea Republic,K League 1,65,80,51,58,63,57,76,-1
Dong Heon Kim,Kim Dong Heon,GK++,Gimcheon Sangmu,Korea Republic,K League 1,65,65,62,71,68,20,60,-1
Yann Kitala,Kitala,ST++,Havre AC,France,Ligue 1 Uber Eats,65,71,66,46,62,24,71,-1
Florian Kleinhansl,Kleinhansl,LB++,Kaiserslautern,Germany,Bundesliga 2,65,64,39,63,69,56,65,-1
Gustavo Klismahn,Gustavo Klismahn,CM++,Santa Clara,Brazil,Liga Portugal,65,66,66,65,62,63,71,-1
Tobias Klysner,Klysner,RM++,Sønderjyske,Denmark,3F Superliga,65,81,56,57,67,49,71,-1
Karol Knap,Knap,CM++,Cracovia,Poland,PKO BP Ekstraklasa,65,63,57,63,63,61,73,-1
Paul Komposch,Komposch,CB++,TSV Hartberg,Austria,Ö. Bundesliga,65,65,29,47,45,64,73,-1
Amadou Koné,Koné,CDM++,Stade de Reims,Côte d'Ivoire,Ligue 1 Uber Eats,65,61,53,60,61,61,66,-1
Luuk Koopmans,Koopmans,GK++,Fortuna Sittard,Netherlands,Eredivisie,65,65,64,63,65,35,64,-1
Björn Kopplin,Kopplin,LB++,Randers FC,Germany,3F Superliga,65,67,55,60,63,60,75,-1
Yoan Koré,Koré,CB++,Paris FC,France,Ligue 2 BKT,65,61,36,57,58,64,62,-1
Patrick Koronkiewicz,Koronkiewicz,RB++,Viktoria Köln,Germany,3. Liga,65,81,60,59,62,58,73,-1
Kacper Kostorz,Kostorz,ST++,NAC Breda,Poland,Eredivisie,65,78,63,57,60,40,60,-1
Soichiro Kozuki,Kozuki,RM++,Górnik Zabrze,Japan,PKO BP Ekstraklasa,65,76,52,60,70,43,51,-1
Blaž Kramer,Kramer,ST++,Legia Warszawa,Slovenia,PKO BP Ekstraklasa,65,73,64,54,63,36,69,-1
Maurice Krattenmacher,Krattenmacher,CAM++,SSV Ulm 1846,Germany,Bundesliga 2,65,74,63,58,67,46,58,-1
Tobias Kraulich,Kraulich,CB++,Rot-Weiss Essen,Germany,3. Liga,65,60,42,52,51,64,74,-1
Martin Kreuzriegler,Kreuzriegler,CB++,Grazer AK,Austria,Ö. Bundesliga,65,62,33,46,49,65,66,-1
Kevin Martin Krygård,Krygård,CDM++,Lillestrøm SK,Norway,Eliteserien,65,61,56,60,63,63,75,-1
Srdjan Kuzmic,Kuzmic,RB++,Viborg FF,Slovenia,3F Superliga,65,75,26,58,59,61,58,-1
Dinis L. Casals Pinto,Dinis Pinto,RB++,Moreirense FC,Portugal,Liga Portugal,65,73,42,57,63,61,55,-1
Rémy Labeau Lascary,Labeau Lascary,RM++,RC Lens,France,Ligue 1 Uber Eats,65,72,65,57,64,27,57,-1
François Lajugie,Lajugie,RB++,AC Beauruelle,France,Ligue 2 BKT,65,63,37,53,55,65,73,-1
Niklas Lang,Lang,CB++,SV Sandhausen,Germany,3. Liga,65,70,22,40,51,66,63,-1
Michael Langer,Langer,GK++,FC Schalke 04,Austria,Bundesliga 2,65,63,64,60,65,31,67,-1
Christopher Lannert,Lannert,RB++,Arminia Bielefeld,Germany,3. Liga,65,78,42,52,58,59,65,-1
André Miguel Lapa Ricardo,André Ricardo,CAM++,PAOK FC,Portugal,Hellas Liga,65,70,51,66,65,34,54,-1
Adrián Lapeña Ruiz,Lapeña,CB++,Córdoba CF,Spain,LALIGA HYPERMOTION,65,67,34,49,55,65,65,-1
Ariel Lassiter,Lassiter,LM++,Chicago Fire FC,Costa Rica,MLS,65,81,63,57,65,38,57,-1
Frederik Lauenborg,Lauenborg,CM++,Randers FC,Denmark,3F Superliga,65,60,54,64,66,65,72,-1
Shayne Lavery,Lavery,ST++,Cambridge Utd,Northern Ireland,EFL League One,65,77,66,52,67,24,62,-1
Luke Le Roux,Le Roux,CDM++,IFK Värnamo,South Africa,Allsvenskan,65,62,50,61,66,59,70,-1
Miles Leaburn,Leaburn,ST++,Charlton Ath,England,EFL League One,65,71,63,48,61,26,76,-1
Heber Leaños,Leaños,LB++,Nacional Potosí,Bolivia,Sudamericana,65,71,49,57,65,59,51,-1
Noé Lebreton,Lebreton,CM++,SM Caen,France,Ligue 2 BKT,65,67,54,63,68,62,61,-1
Jin Yong Lee,Lee Jin Yong,CM++,Gimcheon Sangmu,Korea Republic,K League 1,65,59,48,61,64,63,73,-1
Min Gi Lee,Lee Min Gi,LB++,GwangJu FC,Korea Republic,K League 1,65,76,35,55,64,58,65,-1
Hyun Sik Lee,Lee Hyun Sik,RM++,Gimcheon Sangmu,Korea Republic,K League 1,65,72,54,63,69,57,66,-1
Yong Rae Lee,Lee Yong Rae,CM++,Daegu FC,Korea Republic,K League 1,65,35,54,66,61,57,70,-1
Nicolas Lemaître,Lemaître,GK++,ESTAC Troyes,France,Ligue 2 BKT,65,68,64,62,65,33,66,-1
Geoffrey Lembet,Lembet,GK++,Stade Rennais FC,Central African Republic,Ligue 1 Uber Eats,65,66,59,62,71,39,65,-1
Jakob Lemmer,Lemmer,RW++,Dynamo Dresden,Germany,3. Liga,65,76,60,60,69,31,63,-1
Harry Leonard,Leonard,ST++,Blackburn Rovers,England,EFL Championship,65,73,66,51,65,36,60,-1
Giovanni Leoni,Leoni,CB++,Sampdoria,Italy,Serie BKT,65,55,27,41,47,66,64,-1
Jonathan Lewis,Lewis,ST++,Colorado Rapids,United States,MLS,65,77,66,60,71,29,57,-1
Fedde Leysen,Leysen,CB++,R. Union St.-G.,Belgium,1A Pro League,65,54,38,50,49,65,69,-1
Danny Leyva,Leyva,CM++,Sounders FC,United States,MLS,65,64,59,60,65,52,55,-1
Ke Li,Li Ke,CM++,Beijing Guoan,China PR,CSL,65,75,61,62,66,62,69,-1
Yuanyi Li,Li Yuanyi,CM++,Shandong Taishan,China PR,CSL,65,72,60,63,62,60,75,-1
Nuoheng Liang,Liang Nuoheng,CB++,Zhejiang Pro,Hong Kong,CSL,65,55,27,43,40,65,72,-1
Lisheng Liao,Liao Lisheng,CDM++,Shandong Taishan,China PR,CSL,65,71,61,62,64,64,66,-1
Otso Liimatta,Liimatta,CAM++,FC Famalicão,Finland,Liga Portugal,65,70,53,67,68,45,39,-1
Jong Eun Lim,Lim Jong Eun,CB++,Ulsan Hyundai,Korea Republic,K League 1,65,49,38,52,51,64,69,-1
Jamie Lindsay,Lindsay,CM++,Bristol Rovers,Scotland,EFL League One,65,57,60,62,66,63,67,-1
Daniel Lino,Lino,LB++,The Strongest,Bolivia,Libertadores,65,71,49,60,61,60,61,-1
Rodrigo Llano,Llano,ST++,Universitario,Colombia,Sudamericana,65,73,65,42,65,21,62,-1
Sebastian Lletget,Lletget,CM++,FC Dallas,United States,MLS,65,69,61,65,68,58,70,-1
Francesco Lo Celso,Lo Celso,LM++,Rosario Central,Argentina,Libertadores,65,68,56,67,65,56,57,-1
Élysée Logbo,Logbo,ST++,Havre AC,France,Ligue 1 Uber Eats,65,61,65,50,63,19,66,-1
Kristoffer Løkberg,Løkberg,CM++,Viking FK,Norway,Eliteserien,65,60,62,63,67,63,74,-1
Chris-Emmanuel Lokesa,Lokesa,LM++,RKC Waalwijk,Belgium,Eredivisie,65,73,55,62,67,38,56,-1
Danijel Lončar,Lončar,CB++,Pogoń Szczecin,Croatia,PKO BP Ekstraklasa,65,64,35,55,47,64,74,-1
Emmanuel Longelo,Longelo,LB++,Cambridge Utd,England,EFL League One,65,81,52,60,64,57,60,-1
David López Guijarro,David López,CB++,Burgos CF,Spain,LALIGA HYPERMOTION,65,65,31,46,51,63,78,-1
Jeremias Lorch,Lorch,CB++,SV Sandhausen,Germany,3. Liga,65,65,46,58,59,63,75,-1
Marvin Loría,Loría,LM++,Portland Timbers-Thorns,Costa Rica,MLS,65,79,63,61,68,43,59,-1
Albert-Nicolas Lottin,Lottin,CDM++,CD Castellón,France,LALIGA HYPERMOTION,65,64,46,59,62,63,66,-1
Miguel Ângelo Loureiro Carvalho,Miguel Carvalho,GK++,Farense,Portugal,Liga Portugal,65,70,63,58,67,32,61,-1
Marc Casadó Torras,Marc Casadó,CDM++,FC Barcelona,Spain,LALIGA EA SPORTS,65,58,54,62,66,62,53,-1
Tino Casali,Casali,GK++,Braunschweig,Austria,Bundesliga 2,65,67,64,54,67,30,65,-1
Aljaž Casar,Casar,CM++,Dynamo Dresden,Slovenia,3. Liga,65,59,54,62,64,61,76,-1
Niklas Castro,Castro,LW++,SK Brann,Chile,Eliteserien,65,72,63,61,67,42,61,-1
Víctor Cedrón,Cedrón,CAM++,ADT,Peru,Sudamericana,65,68,61,63,65,41,48,-1
Michele Cerofolini,Cerofolini,GK++,Frosinone,Italy,Serie BKT,65,66,63,62,67,37,66,-1
Sava-Arangel Čestić,Čestić,CB++,Heracles Almelo,Serbia,Eredivisie,65,48,28,42,49,63,77,-1
Sofyan Chader,Chader,LM++,FC Luzern,France,CSSL,65,75,61,58,71,22,49,-1
Ilyas Chaira,Chaira,RM++,R. Oviedo,Morocco,LALIGA HYPERMOTION,65,74,61,59,68,40,54,-1
Wálter Chalá,Chalá,RM++,Dep. Cuenca,Ecuador,Sudamericana,65,80,64,59,66,37,64,-1
Maikel Chang,Chang,RM++,Real Salt Lake,Cuba,MLS,65,69,51,62,64,58,52,-1
Pablo Chavarría,Chavarría,ST++,Belgrano,Argentina,Sudamericana,65,57,64,65,64,35,76,-1
Jin Cheng,Cheng Jin,RM++,Zhejiang Pro,China PR,CSL,65,73,59,63,64,44,51,-1
Yuelei Cheng,Cheng Yuelei,GK++,Meizhou Hakka,China PR,CSL,65,63,62,60,66,34,63,-1
Mattia Chiesa,Chiesa,GK++,Hellas Verona,Italy,Serie A TIM,65,67,62,67,65,39,61,-1
Ethan Chislett,Chislett,CAM++,Port Vale,South Africa,EFL League Two,65,74,61,64,65,54,62,-1
Kyu Baek Choi,Choi Kyu Baek,CB++,Suwon FC,Korea Republic,K League 1,65,62,28,51,44,64,72,-1
Michał Chrapek,Chrapek,CAM++,Piast Gliwice,Poland,PKO BP Ekstraklasa,65,53,60,65,68,60,64,-1
Sébastien Cibois,Cibois,GK++,Rodez AF,France,Ligue 2 BKT,65,66,63,64,66,34,62,-1
Mateusz Cichocki,Cichocki,CB++,Radomiak Radom,Poland,PKO BP Ekstraklasa,65,56,30,47,47,66,69,-1
Andrejs Cigaņiks,Cigaņiks,LB++,FC Luzern,Latvia,CSSL,65,69,52,60,60,58,63,-1
Luca Cigarini,Cigarini,CDM++,Reggiana,Italy,Serie BKT,65,35,60,72,64,62,47,-1
Tolcay Ciğerci,Ciğerci,CAM++,Energie Cottbus,Türkiye,3. Liga,65,63,59,65,70,38,60,-1
Alexandru Cîmpanu,Cîmpanu,RM++,UTA Arad,Romania,SUPERLIGA,65,78,60,59,67,35,59,-1
Giorgio Cittadini,Cittadini,CB++,Frosinone,Italy,Serie BKT,65,45,28,39,40,68,62,-1
Sean Clare,Clare,RB++,Leyton Orient,England,EFL League One,65,73,50,58,62,62,72,-1
Yannis Clementia,Clementia,GK++,SM Caen,France,Ligue 2 BKT,65,66,64,63,66,38,65,-1
Alexandre Coeff,Coeff,RB++,Kerala Blasters,France,Hero ISL,65,48,52,61,62,64,78,-1
Reece Cole,Cole,CM++,Exeter City,England,EFL League One,65,68,65,66,67,57,68,-1
Diego Collado Raya,Collado,ST++,Gil Vicente,Spain,Liga Portugal,65,62,67,62,64,34,54,-1
Will Collar,Collar,CM++,Stockport,England,EFL League One,65,66,62,61,65,60,73,-1
Gabriel Compagnucci,Compagnucci,RB++,Belgrano,Argentina,Sudamericana,65,75,58,59,63,59,62,-1
Callum Connolly,Connolly,CB++,Stockport,England,EFL League One,65,57,56,62,63,63,74,-1
Andy Cook,Cook,ST++,Bradford City,England,EFL League Two,65,52,65,53,59,28,84,-1
Tommaso Corazza,Corazza,LB++,Bologna,Italy,Serie A TIM,65,66,56,61,67,65,58,-1
Kobe Corbanie,Corbanie,RB++,Royal Antwerp FC,Belgium,1A Pro League,65,74,53,62,66,60,49,-1
Miguel Cornejo,Cornejo,CAM++,Dep. Garcilaso,Peru,Sudamericana,65,65,64,59,66,61,54,-1
Valentin Costache,Costache,RM++,UTA Arad,Romania,SUPERLIGA,65,75,61,58,68,29,62,-1
Matthew Cox,Cox,GK++,Brentford,England,Premier League,65,67,63,65,66,30,65,-1
Valerio Crespi,Crespi,ST++,Südtirol,Italy,Serie BKT,65,78,63,57,63,34,68,-1
Valentin Crețu,Crețu,RB++,FCSB,Romania,SUPERLIGA,65,69,31,53,58,60,75,-1
Max Crocombe,Crocombe,GK++,Burton Albion,New Zealand,EFL League One,65,65,65,62,65,47,63,-1
Svenn Crone,Crone,RB++,SK Brann,Denmark,Eliteserien,65,75,41,58,64,59,66,-1
Héctor Cuellar,Cuellar,CM++,Always Ready,Bolivia,Sudamericana,65,63,60,64,61,56,71,-1
Brahian Cuello,Cuello,LM++,Instituto,Argentina,LPF,65,81,63,61,65,31,62,-1
Mladen Cvjetinovic,Cvjetinovic,CB++,FC Ingolstadt 04,Germany,3. Liga,65,63,25,40,45,65,70,-1
Lennart Czyborra,Czyborra,LB++,WSG Tirol,Germany,Ö. Bundesliga,65,73,46,59,64,60,69,-1
Pedro Manuel da Silva Moreira,Pedro Moreira,CM++,Arouca,Portugal,Liga Portugal,65,35,63,62,62,62,67,-1
Fredrik K. Dahl,Dahl,CB++,Strømsgodset IF,Norway,Eliteserien,65,67,41,54,60,65,66,-1
Pontus Dahlberg,Dahlberg,GK++,IFK Göteborg,Sweden,Allsvenskan,65,67,62,61,68,39,66,-1
Leon Dajaku,Dajaku,RM++,Hajduk Split,Germany,Liga Hrvatska,65,76,60,60,66,21,63,-1
Adriàn Dalmau Vaquer,Dalmau,ST++,Korona Kielce,Spain,PKO BP Ekstraklasa,65,67,67,52,65,40,57,-1
Bence Dárdai,Dárdai,CAM++,VfL Wolfsburg,Germany,Bundesliga,65,65,54,64,67,24,47,-1
Juan de Dios Rivas,Juande,CB++,CD Tenerife,Spain,LALIGA HYPERMOTION,65,65,35,51,50,65,65,-1
Kevin De La Hoz,De La Hoz,RB++,Metropolitanos,Venezuela,Sudamericana,65,65,42,50,54,65,67,-1
Nils De Wilde,De Wilde,CDM++,Cercle Brugge,Belgium,1A Pro League,65,70,54,59,66,60,64,-1
Robbie Deas,Deas,CB++,Kilmarnock,Scotland,cinch Prem,65,53,32,47,56,65,63,-1
Duccio Degli Innocenti,Degli Innocenti,CDM++,Spezia,Italy,Serie BKT,65,71,51,64,65,61,67,-1
Carlos Javier Delgado Rodríguez,Carlos Delgado,CB++,Odisha FC,Spain,Hero ISL,65,43,36,51,51,67,66,-1
Mickey Demetriou,Demetriou,CB++,Crewe Alexandra,England,EFL League Two,65,51,47,55,57,63,75,-1
Yohan Demoncy,Demoncy,CM++,AC Beauruelle,France,Ligue 2 BKT,65,63,48,64,65,60,75,-1
Kyle Dempsey,Dempsey,CM++,Bolton,England,EFL League One,65,72,60,63,65,60,70,-1
Đorđe Denić,Denić,CM++,Henan SSLM FC,Serbia,CSL,65,71,60,63,64,61,69,-1
Alfie Devine,Devine,CAM++,Spurs,England,Premier League,65,66,59,63,65,52,57,-1
Yadaly Diaby,Diaby,LM++,Clermont Foot 63,Guinea,Ligue 2 BKT,65,81,59,60,68,32,58,-1
Sory Ibrahim Diarra,Diarra,ST++,FK Haugesund,Mali,Eliteserien,65,78,64,49,57,26,73,-1
Vagner José Dias Goncalves,Vagner,ST++,Radomiak Radom,Cape Verde Islands,PKO BP Ekstraklasa,65,79,66,63,70,31,57,-1
Justin Diehl,Diehl,LM++,VfB Stuttgart,Germany,Bundesliga,65,81,66,55,70,22,45,-1
Lars Dietz,Dietz,CB++,Viktoria Köln,Germany,3. Liga,65,62,37,53,58,63,73,-1
Marko Divković,Divković,LB++,Brøndby IF,Croatia,3F Superliga,65,80,58,62,65,56,64,-1
Lewis Dobbin,Dobbin,LM++,West Brom,England,EFL Championship,65,79,62,57,68,41,52,-1
Christos Donis,Donis,CDM++,Radomiak Radom,Greece,PKO BP Ekstraklasa,65,69,63,64,66,60,71,-1
Nick Doodeman,Doodeman,RW++,Willem II,Netherlands,Eredivisie,65,73,61,59,67,29,51,-1
Daniel Dos Santos,Dos Santos,CAM++,FC Lugano,Switzerland,CSSL,65,65,58,65,65,39,50,-1
Diogo dos Santos Cabral,Diogo Calila,RB++,Santa Clara,Portugal,Liga Portugal,65,70,47,56,67,61,66,-1
Micael Dos Santos Silva,Micael,CB++,Houston Dynamo,Brazil,MLS,65,70,26,45,51,64,71,-1
Damion Downs,Downs,ST++,1. FC Köln,United States,Bundesliga 2,65,68,65,51,60,24,58,-1
Manuel Duarte,Duarte,CM++,Barracas Central,Argentina,LPF,65,72,64,65,67,46,57,-1
Edoardo Duca,Duca,CAM++,Modena,Italy,Serie BKT,65,66,61,65,67,58,60,-1
Michael Duffy,Duffy,LM++,Derry City,Republic of Ireland,SSE Airtricity PD,65,78,60,61,67,39,54,-1
Tomás Durso,Durso,GK++,Atlético Tucumán,Argentina,LPF,65,66,58,55,69,26,69,-1
Daniel Edelman,Edelman,CDM++,Red Bulls,United States,MLS,65,70,39,56,56,66,67,-1
Daniel Eid,Eid,RB++,Fredrikstad FK,Norway,Eliteserien,65,78,55,57,59,57,68,-1
Anouar El Azzouzi,El Azzouzi,CDM++,PEC Zwolle,Morocco,Eredivisie,65,57,43,55,63,60,71,-1
Agon Elezi,Elezi,CDM++,VfL Bochum,North Macedonia,Bundesliga,65,67,56,62,61,64,57,-1
Mikael Egill Ellertsson,Ellertsson,CM++,Venezia,Iceland,Serie A TIM,65,69,68,64,70,61,54,-1
Mario Engels,Engels,ST++,Heracles Almelo,Germany,Eredivisie,65,82,64,59,66,27,66,-1
Mads Enggård,Enggård,CM++,Molde FK,Denmark,Eliteserien,65,65,56,60,67,60,58,-1
Jusef Erabi,Erabi,ST++,Hammarby IF,Sweden,Allsvenskan,65,80,64,49,65,26,76,-1
Victor Eriksson,Eriksson,CB++,Hammarby IF,Sweden,Allsvenskan,65,62,36,49,48,63,76,-1
Ertuğrul Ersoy,Ersoy,CB++,Gaziantep,Türkiye,Trendyol Süper Lig,65,49,29,42,50,64,76,-1
José Luis Espinosa Arroyo,Tiri,CB++,Mumbai City FC,Spain,Hero ISL,65,50,38,54,49,66,72,-1
Santiago Etchebarne,Etchebarne,CB++,Danubio,Uruguay,Sudamericana,65,58,25,37,37,67,73,-1
Jean Lambert Evan's,Evan's,LB++,Pau FC,France,Ligue 2 BKT,65,70,45,57,64,61,63,-1
George Evans,Evans,CDM++,Wrexham AFC,England,EFL League One,65,61,60,62,61,64,69,-1
Will Evans,Evans,ST++,Mansfield Town,Wales,EFL League One,65,73,63,58,61,50,74,-1
Neil Farrugia,Farrugia,RM++,Shamrock Rovers,Republic of Ireland,SSE Airtricity PD,65,84,54,57,63,55,66,-1
Maryan Faryna,Faryna,CB++,Shakhtar Donetsk,Ukraine,Ukrayina Liha,65,68,34,51,60,66,65,-1
Gianlucca Fatecha,Fatecha,CAM++,Cerro Largo,Paraguay,Sudamericana,65,72,63,60,64,48,56,-1
Betim Fazliji,Fazliji,CDM++,FC St. Gallen,Kosovo,CSSL,65,68,41,56,59,64,73,-1
Gino Fechner,Fechner,CDM++,Wehen Wiesbaden,Germany,3. Liga,65,74,40,55,57,64,75,-1
Jin Feng,Feng Jin,RM++,Shanghai Port,China PR,CSL,65,81,55,58,65,50,71,-1
Rodrigo Fernández,Fernández,CM++,Newell's,Uruguay,LPF,65,42,59,66,61,60,70,-1
Juan Fernández Blanco,Juan Ibiza,CB++,Widzew Łódź,Spain,PKO BP Ekstraklasa,65,55,35,48,49,64,68,-1
Luis Fernández Teijeiro,Luis Fernández,CAM++,Lechia Gdańsk,Spain,PKO BP Ekstraklasa,65,69,67,57,67,30,60,-1
João Nuno Figueiredo Valido,João Valido,GK++,Arouca,Portugal,Liga Portugal,65,63,65,66,64,25,65,-1
Ethan Finlay,Finlay,RM++,Austin FC,United States,MLS,65,73,62,61,65,42,60,-1
Ashley Fletcher,Fletcher,ST++,Blackpool,England,EFL League One,65,71,64,44,63,28,69,-1
Alberto Flores López,Alberto Flores,GK++,Sevilla FC,Spain,LALIGA EA SPORTS,65,65,66,63,64,30,63,-1
Sadik Fofana,Fofana,CB++,Leverkusen,Germany,Bundesliga,65,69,45,57,58,62,73,-1
Boubacar Fofana,Fofana,ST++,FC Winterthur,France,CSSL,65,82,63,58,69,30,59,-1
Ben Folami,Folami,LW++,Melb. Victory,Australia,A-League,65,81,58,57,69,26,66,-1
Tyrese Fornah,Fornah,CM++,Salford City,Sierra Leone,EFL League Two,65,62,58,62,67,62,72,-1
Omari Forson,Forson,RM++,Monza,England,Serie A TIM,65,72,60,63,68,31,51,-1
Héctor Fort García,Héctor Fort,RB++,FC Barcelona,Spain,LALIGA EA SPORTS,65,73,35,60,59,62,61,-1
Ángel Fortuño Viñas,Fortuño,GK++,RCD Espanyol,Spain,LALIGA EA SPORTS,65,63,64,64,65,42,65,-1
Matías Fracchia,Fracchia,CB++,Danubio,Uruguay,Sudamericana,65,59,47,54,49,63,73,-1
Marcus Fraser,Fraser,CB++,St. Mirren,Scotland,cinch Prem,65,71,39,53,59,65,75,-1
Ulrik Fredriksen,Fredriksen,CB++,FK Haugesund,Norway,Eliteserien,65,49,31,51,51,63,77,-1
Macklin Freke,Freke,GK++,Brisbane Roar,Australia,A-League,65,66,61,67,67,40,60,-1
Juan Freytes,Freytes,CB++,Alianza Lima,Argentina,Libertadores,65,61,46,54,63,64,71,-1
Ludvig Fritzson,Fritzson,CM++,Brommapojkarna,Sweden,Allsvenskan,65,72,62,61,65,61,76,-1
Huan Fu,Fu Huan,RB++,Shanghai Port,China PR,CSL,65,76,35,57,61,62,61,-1
Marius Funk,Funk,GK++,FC Ingolstadt 04,Germany,3. Liga,65,65,65,62,65,39,63,-1
Borja Galán González,Borja Galán,LM++,GKS Katowice,Spain,PKO BP Ekstraklasa,65,61,65,62,64,33,62,-1
Sebastián Galani,Galani,CDM++,Coquimbo Unido,Chile,Sudamericana,65,68,46,60,60,61,64,-1
Nicolas Galazzi,Galazzi,CAM++,Brisigonza,Italy,Serie BKT,65,71,66,64,66,42,57,-1
Valerică Găman,Găman,CB++,FC Hermannstadt,Romania,SUPERLIGA,65,53,57,54,50,65,71,-1
Noah Ganaus,Ganaus,ST++,Jahn Regensburg,Germany,Bundesliga 2,65,54,64,49,60,25,70,-1
Tianyi Gao,Gao Tianyi,CM++,Shanghai Shenhua,China PR,CSL,65,72,49,66,67,56,71,-1
Gustavo Garcia dos Santos,Gustavo Garcia,RB++,Nacional,Brazil,Liga Portugal,65,77,39,55,68,60,55,-1
Jake Garrett,Garrett,CDM++,Bristol Rovers,England,EFL League One,65,65,53,60,63,61,67,-1
Paul Gartler,Gartler,GK++,SK Rapid Wien,Austria,Ö. Bundesliga,65,66,65,64,65,32,65,-1
Djeidi Gassama,Gassama,LM++,Sheffield Wed,France,EFL Championship,65,80,60,55,71,26,61,-1
Dieudonné Gaucho Debohi,Gaucho Debohi,CDM++,SM Caen,Côte d'Ivoire,Ligue 2 BKT,65,61,57,61,61,66,69,-1
Josep Gayà Martínez,Pep Gayà,CB++,CD Tenerife,Spain,LALIGA HYPERMOTION,65,47,32,49,51,65,71,-1
Max Geschwill,Geschwill,CB++,Holstein Kiel,Germany,Bundesliga,65,69,31,47,57,66,66,-1
Niklas Geyrhofer,Geyrhofer,CB++,SK Sturm Graz,Austria,Ö. Bundesliga,65,57,30,47,46,65,70,-1
Valentin Gheorghe,Gheorghe,LM++,Politehnica Iași,Romania,SUPERLIGA,65,82,62,59,67,44,64,-1
Andrea Ghion,Ghion,CM++,Sassuolo,Italy,Serie BKT,65,61,46,66,67,63,63,-1
Alaa Ghram,Ghram,CB++,Shakhtar Donetsk,Tunisia,Ukrayina Liha,65,71,36,50,59,64,69,-1
Alfie Gilchrist,Gilchrist,CB++,Sheffield Utd,England,EFL Championship,65,60,37,53,53,65,65,-1
Macaulay Gillesphey,Gillesphey,CB++,Charlton Ath,England,EFL League One,65,52,41,51,55,63,74,-1
Mark Gillespie,Gillespie,GK++,Newcastle Utd,England,Premier League,65,65,63,62,67,34,64,-1
Arnaldo Giménez,Giménez,GK++,Wilstermann,Paraguay,Sudamericana,65,62,64,66,68,45,62,-1
Diago Giménez,Giménez,CB++,Universitario,Argentina,Sudamericana,65,65,54,61,61,66,64,-1
Lars Gindorf,Gindorf,ST++,Hannover 96,Germany,Bundesliga 2,65,67,66,59,65,36,58,-1
Gvidas Gineitis,Gineitis,CM++,Torino,Lithuania,Serie A TIM,65,57,58,66,66,52,64,-1
Patrick Göbel,Göbel,RB++,B. Dortmund II,Germany,3. Liga,65,73,52,64,65,56,63,-1
José de Jesús Godínez,Godínez,ST++,Nantong Zhiyun FC,Mexico,CSL,65,68,62,54,64,30,71,-1
Robert Gojani,Gojani,CM++,Kalmar FF,Sweden,Allsvenskan,65,63,46,65,68,50,66,-1
Emmanuel Gómez Riga,Gómez Riga,GK++,Vélez Sarsfield,Argentina,LPF,65,68,62,64,68,54,61,-1
Maximiliano González,González,CDM++,Lanús,Argentina,Sudamericana,65,56,52,57,62,63,70,-1
Facundo González,González,CB++,Juventus,Uruguay,Serie A TIM,65,53,31,50,45,66,66,-1
Alfonso González Martínez,Alfon,RM++,RC Celta,Spain,LALIGA EA SPORTS,65,76,64,59,67,32,55,-1
Jacobo González Rodrigáñez,Jacobo,RM++,Córdoba CF,Spain,LALIGA HYPERMOTION,65,76,65,62,69,33,48,-1
Liam Gordon,Gordon,LB++,Walsall,Guyana,EFL League Two,65,80,47,54,61,57,70,-1
Daniel Graovac,Graovac,CB++,CFR 1907 Cluj,Bosnia and Herzegovina,SUPERLIGA,65,36,40,57,48,65,70,-1
Tayvon Gray,Gray,RB++,New York City FC,Jamaica,MLS,65,78,30,52,64,62,64,-1
Lee Gregory,Gregory,ST++,Mansfield Town,England,EFL League One,65,51,66,56,61,28,72,-1
Patrick Greil,Greil,CAM++,SV Sandhausen,Austria,3. Liga,65,68,62,65,65,51,63,-1
Jack Grimmer,Grimmer,RB++,Wycombe,Scotland,EFL League One,65,73,53,54,62,62,73,-1
Sebastian Grønning,Grønning,ST++,FC Ingolstadt 04,Denmark,3. Liga,65,68,63,53,62,27,72,-1
Darijo Grujčić,Grujčić,CB++,Fortuna Sittard,Austria,Eredivisie,65,64,23,42,46,65,74,-1
David Gugganig,Gugganig,CB++,WSG Tirol,Austria,Ö. Bundesliga,65,48,36,48,46,66,67,-1
John Guidetti,Guidetti,ST++,AIK,Sweden,Allsvenskan,65,42,67,61,63,37,71,-1
Gökhan Gül,Gül,CDM++,Kasımpaşa,Türkiye,Trendyol Süper Lig,65,61,29,53,60,65,68,-1
Muhammed Gümüşkaya,Gümüşkaya,LM++,KVC Westerlo,Türkiye,1A Pro League,65,72,61,64,66,53,58,-1
Santos Costa Gustavo,Gustavo Santos,ST++,SCR Altach,Brazil,Ö. Bundesliga,65,74,64,53,62,23,67,-1
Daniel Gutiérrez,Gutiérrez,CB++,Colo-Colo,Chile,Libertadores,65,63,22,46,60,65,70,-1
Maximiliano Gutiérrez,Gutiérrez,RB++,Huachipato,Chile,Libertadores,65,76,47,53,63,58,70,-1
Samuel Guzmán,Guzmán,LB++,Universitario,Bolivia,Sudamericana,65,71,56,61,64,56,55,-1
Gabriel Hachen,Hachen,CM++,Platense,Argentina,LPF,65,69,63,63,71,59,47,-1
Steffen Hagen,Hagen,CB++,Odds BK,Norway,Eliteserien,65,32,36,51,46,67,65,-1
Stefan Hajdin,Hajdin,LB++,Sepsi OSK,Serbia,SUPERLIGA,65,65,61,65,63,59,68,-1
Besar Halimi,Halimi,CAM++,SV Sandhausen,Kosovo,3. Liga,65,61,62,63,69,53,53,-1
Grant Hall,Hall,CB++,Swindon Town,England,EFL League Two,65,55,39,47,44,65,69,-1
Melker Hallberg,Hallberg,CM++,Kalmar FF,Sweden,Allsvenskan,65,65,64,66,66,61,68,-1
Andy Halliday,Halliday,CM++,Motherwell,Scotland,cinch Prem,65,58,61,64,65,64,71,-1
Brendan Hamill,Hamill,CB++,Melb. Victory,Australia,A-League,65,33,41,51,49,67,65,-1
Ethan Hamilton,Hamilton,CM++,Lincoln City,Scotland,EFL League One,65,60,64,63,65,60,78,-1
Sergiu Hanca,Hanca,RM++,FC Petrolul,Romania,SUPERLIGA,65,77,61,64,66,59,68,-1
Simon Handle,Handle,LM++,Viktoria Köln,Germany,3. Liga,65,83,58,56,69,55,60,-1
Ian Harkes,Harkes,CM++,New England,United States,MLS,65,66,61,62,64,60,72,-1
Luke Harris,Harris,CAM++,Birmingham City,Wales,EFL League One,65,66,63,63,68,43,58,-1
Denis Haruț,Haruț,CB++,FCSB,Romania,SUPERLIGA,65,72,41,60,58,64,71,-1
Chao He,He Chao,CDM++,Wuhan 3 Towns,China PR,CSL,65,74,55,62,62,62,76,-1
Nias Hefti,Hefti,LB++,FC Sion,Switzerland,CSSL,65,71,43,57,65,59,54,-1
Torbjørn L. Heggem,Heggem,CB++,West Brom,Norway,EFL Championship,65,70,39,57,58,64,69,-1
Anton Heinz,Heinz,LM++,Aleman. Aachen,Germany,3. Liga,65,71,64,65,62,51,66,-1
Thiago Helguera,Helguera,CDM++,SC Braga,Uruguay,Liga Portugal,65,71,44,57,63,60,64,-1
Lennard Hens,Hens,CAM++,FCV Dender EH,Belgium,1A Pro League,65,58,62,65,63,57,50,-1
Nicolás Hernández,Hernández,CB++,Banfield,Colombia,LPF,65,70,21,51,49,64,75,-1
Robert Hernández,Hernández,LM++,Carabobo FC,Venezuela,Sudamericana,65,71,64,60,67,41,64,-1
Javier Hernández Coarasa,Javi Hernández,RM++,SD Huesca,Spain,LALIGA HYPERMOTION,65,74,61,63,66,37,48,-1
José Manuel Hernando Riol,Manu Hernando,CB++,R. Racing Club,Spain,LALIGA HYPERMOTION,65,60,42,49,58,65,72,-1
Rodrigo Herrera,Herrera,CDM++,Barracas Central,Argentina,LPF,65,58,50,60,60,63,69,-1
Borja Herrera González,Borja Herrera,CAM++,FC Goa,Spain,Hero ISL,65,67,62,64,67,61,58,-1
Luca Herrmann,Herrmann,CM++,SC Paderborn 07,Germany,Bundesliga 2,65,68,54,69,69,53,67,-1
Jeredy Hilterman,Hilterman,ST++,Arminia Bielefeld,Suriname,3. Liga,65,70,65,52,63,22,71,-1
Yu Hirakawa,Hirakawa,RM++,Bristol City,Japan,EFL Championship,65,82,55,60,67,32,46,-1
Leo Hjelde,Hjelde,LB++,Sunderland,Norway,EFL Championship,65,67,32,54,60,64,67,-1
Niklas Hoffmann,Hoffmann,CB++,SV Waldhof,Germany,3. Liga,65,38,36,52,54,63,74,-1
Noah Jean Holm,Holm,ST++,Rosenborg BK,Norway,Eliteserien,65,70,65,52,65,27,77,-1
Jung Un Hong,Hong Jung Un,CB++,Daejeon Citizen,Korea Republic,K League 1,65,54,38,54,53,63,75,-1
Arttu Hoskonen,Hoskonen,CB++,Cracovia,Finland,PKO BP Ekstraklasa,65,60,36,49,49,65,72,-1
Ben House,House,ST++,Lincoln City,Scotland,EFL League One,65,67,65,48,61,45,76,-1
Diego Hoyos,Hoyos,CM++,Nacional Potosí,Bolivia,Sudamericana,65,66,62,63,64,61,60,-1
David Hrncar,Hrncar,RB++,FCV Dender EH,Slovakia,1A Pro League,65,70,48,56,58,60,61,-1
Ronal Huaccha,Huaccha,ST++,Sport Huancayo,Peru,Sudamericana,65,75,64,55,62,31,68,-1
Dean Huiberts,Huiberts,CM++,K. Beerschot VA,Netherlands,1A Pro League,65,72,49,62,71,60,68,-1
Johannes Andres Hummelvoll-Nuñez,Hummelvoll-Nuñez,ST++,KFUM-Kameratene,Norway,Eliteserien,65,74,66,52,62,19,67,-1
Abbas Hüseynov,Hüseynov,RB++,Qarabağ FK,Azerbaijan,Liga Azerbaijan,65,70,40,59,66,61,64,-1
Rommell Ibarra,Ibarra,CDM++,Dep. La Guaira,Venezuela,Sudamericana,65,70,55,61,63,63,63,-1
Sebastien Ibeagha,Ibeagha,CB++,FC Dallas,United States,MLS,65,66,26,46,45,64,69,-1
Merwan Ifnaoui,Ifnaoui,CAM++,Red Star FC,France,Ligue 2 BKT,65,69,54,65,68,36,47,-1
Luc Ihorst,Ihorst,ST++,Unterhaching,Germany,3. Liga,65,72,62,50,60,29,72,-1
Christopher Ikonomidis,Ikonomidis,RM++,Macarthur FC,Australia,A-League,65,79,62,61,64,51,70,-1
Matei Ilie,Ilie,CB++,CFR 1907 Cluj,Romania,SUPERLIGA,65,70,29,42,51,64,74,-1
Mikael Norø Ingebrigtsen,Ingebrigtsen,RM++,Odds BK,Norway,Eliteserien,65,80,64,57,67,42,59,-1
Daleho Irandust,Irandust,CAM++,Brommapojkarna,Syria,Allsvenskan,65,68,58,63,68,41,64,-1
John Iredale,Iredale,ST++,AaB,Australia,3F Superliga,65,74,65,48,63,22,68,-1
Rareș Ispas,Ispas,LB++,Politehnica Iași,Romania,SUPERLIGA,65,80,27,56,62,59,61,-1
Ayoub Jabbari,Jabbari,ST++,Paris FC,Morocco,Ligue 2 BKT,65,63,63,53,61,26,66,-1
Adam Jackson,Jackson,CB++,Lincoln City,England,EFL League One,65,49,30,42,50,64,70,-1
Tomás Jacob,Jacob,RB++,Newell's,Argentina,LPF,65,74,35,53,60,61,62,-1
Joey Jacobs,Jacobs,CB++,Almere City FC,Netherlands,Eredivisie,65,54,33,45,43,66,71,-1
Anders K. Jacobsen,Jacobsen,ST++,Vejle Boldklub,Denmark,3F Superliga,65,68,66,51,65,29,65,-1
Bjarke Jacobsen,Jacobsen,CDM++,Wehen Wiesbaden,Denmark,3. Liga,65,47,54,58,60,63,78,-1
Kilian Jakob,Jakob,LB++,FC Erzgebirge Aue,Germany,3. Liga,65,80,40,57,62,57,65,-1
Adam Jakobsen,Jakobsen,ST++,Brommapojkarna,Denmark,Allsvenskan,65,75,62,59,66,26,68,-1
Tom James,James,RB++,Leyton Orient,Wales,EFL League One,65,68,59,61,61,59,74,-1
Luther James-Wildin,James-Wildin,RB++,Stevenage,Antigua and Barbuda,EFL League One,65,80,49,53,60,59,74,-1
Jocelyn Janneh,Janneh,CDM++,SC Bastia,Sierra Leone,Ligue 2 BKT,65,68,46,55,61,65,67,-1
Luca Jaquez,Jaquez,CB++,FC Luzern,Switzerland,CSSL,65,57,41,52,58,63,75,-1
Alvis Jaunzems,Jaunzems,RB++,Stal Mielec,Latvia,PKO BP Ekstraklasa,65,75,60,59,63,59,64,-1
Eneko Jauregi Escobar,Jauregi,ST++,Racing de Ferrol,Spain,LALIGA HYPERMOTION,65,55,67,48,61,25,64,-1
Daniel Jebbison,Jebbison,ST++,AFC Bournemouth,England,Premier League,65,78,62,49,63,30,72,-1
Arkadiusz Jędrych,Jędrych,CB++,GKS Katowice,Poland,PKO BP Ekstraklasa,65,53,42,37,38,66,78,-1
Finn Jeltsch,Jeltsch,CB++,1. FC Nürnberg,Germany,Bundesliga 2,65,66,36,51,57,65,69,-1
Isak Jensen,Jensen,LW++,Viborg FF,Denmark,3F Superliga,65,66,59,61,68,35,68,-1
Alexander Jensen,Jensen,RB++,Brommapojkarna,Denmark,Allsvenskan,65,76,58,61,63,60,66,-1
Jonas Jensen-Abbew,Jensen-Abbew,CB++,AGF,Denmark,3F Superliga,65,66,26,45,53,65,64,-1
Juan Pedro Jiménez Melero,Juanpe,CM++,Málaga CF,Spain,LALIGA HYPERMOTION,65,71,62,66,64,59,72,-1
Lukas Jonsson,Jonsson,GK++,VfL Osnabrück,Sweden,3. Liga,65,66,63,64,64,37,66,-1
Patrick Joosten,Joosten,LW++,Willem II,Netherlands,Eredivisie,65,79,67,58,67,36,59,-1
Wilmar Jordán,Jordán,ST++,Chennaiyin FC,Colombia,Hero ISL,65,42,69,58,64,35,73,-1
Edisson Jordanov,Jordanov,RB++,KVC Westerlo,Bulgaria,1A Pro League,65,69,48,60,68,61,56,-1
Lukas Jutkiewicz,Jutkiewicz,ST++,Birmingham City,England,EFL League One,65,42,64,58,61,40,70,-1
Musa Juwara,Juwara,RM++,Vejle Boldklub,Gambia,3F Superliga,65,83,61,54,69,28,52,-1
Rami Kaib,Kaib,LB++,IF Elfsborg,Tunisia,Allsvenskan,65,74,46,63,63,57,69,-1
Jakub Kałuziński,Kałuziński,CDM++,Antalyaspor,Poland,Trendyol Süper Lig,65,65,55,64,65,58,61,-1
Willy Kambwala,Kambwala,CB++,Villarreal CF,France,LALIGA EA SPORTS,65,71,30,51,58,64,64,-1
Oliver Batista Meier,Batista Meier,CAM++,Dynamo Dresden,Germany,3. Liga,65,73,63,60,71,31,45,-1
Roko Baturina,Baturina,ST++,Málaga CF,Croatia,LALIGA HYPERMOTION,65,66,67,49,60,21,69,-1
Furkan Bayır,Bayır,CB++,Alanyaspor,Türkiye,Trendyol Süper Lig,65,61,31,43,56,64,71,-1
Tom Bayliss,Bayliss,CAM++,Lincoln City,England,EFL League One,65,72,59,65,66,59,68,-1
Luca Bazzoli,Bazzoli,CDM++,Preußen Münster,Germany,Bundesliga 2,65,62,41,51,60,66,74,-1
André Becker,Becker,ST++,Arminia Bielefeld,Brazil,3. Liga,65,55,64,41,59,28,76,-1
Omar Beckles,Beckles,CB++,Leyton Orient,Grenada,EFL League One,65,51,32,45,53,64,78,-1
Filip Bednarek,Bednarek,GK++,Lech Poznań,Poland,PKO BP Ekstraklasa,65,65,63,64,65,44,65,-1
Tjaš Begić,Begić,LM++,Frosinone,Slovenia,Serie BKT,65,78,54,60,67,29,45,-1
Morten Behrens,Behrens,GK++,Preußen Münster,Germany,Bundesliga 2,65,66,68,64,66,26,65,-1
Florin Bejan,Bejan,CB++,FC Hermannstadt,Romania,SUPERLIGA,65,42,32,41,44,63,76,-1
Reda Belahyane,Belahyane,CDM++,Hellas Verona,France,Serie A TIM,65,50,46,59,68,66,42,-1
Sam Bell,Bell,LM++,Bristol City,England,EFL Championship,65,79,62,55,67,23,60,-1
Darío Benavides Fuentes,Darío,RB++,Sevilla FC,Spain,LALIGA EA SPORTS,65,58,32,51,62,64,62,-1
Marcel Benger,Benger,CDM++,SC Verl,Germany,3. Liga,65,54,49,58,60,63,70,-1
César Benítez,Benítez,CB++,S. Trinidense,Paraguay,Sudamericana,65,70,44,55,62,65,71,-1
Edgar Benítez,Benítez,LW++,UCV,Paraguay,Sudamericana,65,66,63,66,64,27,59,-1
Hugo Benítez,Benítez,CB++,Olimpia,Paraguay,Sudamericana,65,63,32,42,44,64,76,-1
Mason Bennett,Bennett,ST++,Burton Albion,England,EFL League One,65,75,60,61,66,42,73,-1
Joe Bennett,Bennett,LB++,Oxford United,England,EFL Championship,65,61,46,63,63,63,65,-1
Léider Berdugo,Berdugo,CM++,Junior,Colombia,Libertadores,65,70,52,60,62,58,53,-1
Jo Inge Berget,Berget,ST++,Sarpsborg 08,Norway,Eliteserien,65,64,65,64,63,53,75,-1
Emilio Bernad Sánchez,Emilio Bernad,GK++,Racing de Ferrol,Spain,LALIGA HYPERMOTION,65,68,65,67,67,42,63,-1
Fernando Bersano,Bersano,LB++,ADT,Argentina,Sudamericana,65,68,31,56,63,63,49,-1
Adel Bettaieb,Bettaieb,ST++,FC Univ. Cluj,Tunisia,SUPERLIGA,65,72,65,53,65,22,63,-1
Ömer Beyaz,Beyaz,CAM++,VfB Stuttgart,Türkiye,Bundesliga,65,65,54,64,73,47,38,-1
Brian Beyer,Beyer,ST++,VfL Osnabrück,France,3. Liga,65,67,64,54,66,35,76,-1
Flavio Bianchi,Bianchi,ST++,Brisigonza,Italy,Serie BKT,65,73,67,48,63,27,57,-1
David Bingham,Bingham,GK++,Charlotte FC,United States,MLS,65,68,63,66,67,34,64,-1
Bjarki Steinn Bjarkason,Bjarkason,RM++,Venezia,Iceland,Serie A TIM,65,63,58,63,67,48,55,-1
Brynjar Ingi Bjarnason,Bjarnason,CB++,HamKam Fotball,Iceland,Eliteserien,65,69,26,49,47,63,77,-1
Andreas Bjelland,Bjelland,CB++,Lyngby BK,Denmark,3F Superliga,65,32,44,58,52,64,67,-1
Cristian Blanco,Blanco,LB++,Alianza FC,Colombia,Sudamericana,65,76,34,48,58,64,61,-1
Thijmen Blokzijl,Blokzijl,CB++,FC Groningen,Netherlands,Eredivisie,65,56,32,51,54,67,63,-1
Bror Blume,Blume,CM++,WSG Tirol,Denmark,Ö. Bundesliga,65,70,60,64,68,60,69,-1
Emmanuel Boateng,Boateng,CM++,Konyaspor,Ghana,Trendyol Süper Lig,65,69,53,67,63,56,64,-1
Radu Boboc,Boboc,RB++,FC Univ. Cluj,Romania,SUPERLIGA,65,72,51,61,62,61,67,-1
Benjamin Böckle,Böckle,LB++,SK Rapid Wien,Austria,Ö. Bundesliga,65,71,34,52,59,60,73,-1
Billy Bodin,Bodin,CAM++,Burton Albion,Wales,EFL League One,65,69,64,63,69,46,56,-1
Ștefan Bodișteanu,Bodișteanu,LW++,FC Botoșani,Romania,SUPERLIGA,65,81,55,60,68,37,59,-1
Florian Bohnert,Bohnert,RB++,SC Bastia,Luxembourg,Ligue 2 BKT,65,77,40,54,60,60,67,-1
Kévin Boma,Boma,CB++,Estoril Praia,Togo,Liga Portugal,65,40,37,45,46,66,69,-1
Jack Bonham,Bonham,GK++,Stoke City,Republic of Ireland,EFL Championship,65,66,62,65,65,43,64,-1
Alex Bono,Bono,GK++,D.C. United,United States,MLS,65,64,63,62,69,34,61,-1
Rivaldo Vítor Borba Ferreira Jr.,Rivaldinho,ST++,Farul Constanța,Brazil,SUPERLIGA,65,67,64,58,64,33,73,-1
Mihai Bordeianu,Bordeianu,CDM++,Politehnica Iași,Romania,SUPERLIGA,65,68,54,60,60,61,72,-1
Andrés Borge Martín,Andrés Borge,RB++,Real Zaragoza,Spain,LALIGA HYPERMOTION,65,68,33,50,55,66,69,-1
Leonardo Borges da Silva,Léo Borges,LB++,Pogoń Szczecin,Brazil,PKO BP Ekstraklasa,65,72,45,62,63,61,66,-1
Axel Borgmann,Borgmann,LB++,Energie Cottbus,Germany,3. Liga,65,69,53,63,65,59,70,-1
Tobias Børkeeiet,Børkeeiet,CDM++,Rosenborg BK,Norway,Eliteserien,65,53,51,58,60,63,74,-1
Alexandar Borković,Borković,CB++,SK Sturm Graz,Austria,Ö. Bundesliga,65,61,34,55,53,66,68,-1
Dylan Borrero,Borrero,LM++,New England,Colombia,MLS,65,73,55,55,75,22,58,-1
Torgeir Børven,Børven,ST++,Odds BK,Norway,Eliteserien,65,61,64,56,64,33,65,-1
Jesse Bosch,Bosch,CM++,Willem II,Netherlands,Eredivisie,65,72,51,61,66,61,75,-1
Zacharie Boucher,Boucher,GK++,ESTAC Troyes,France,Ligue 2 BKT,65,67,61,65,68,56,63,-1
Sofyane Bouzamoucha,Bouzamoucha,CB++,Servette FC,France,CSSL,65,65,26,39,45,67,64,-1
Iker Bravo Solanilla,Iker Bravo,ST++,Udinese,Spain,Serie A TIM,65,66,66,54,65,23,56,-1
Louis Breunig,Breunig,CB++,Jahn Regensburg,Germany,Bundesliga 2,65,70,26,50,50,67,66,-1
Paris Brunner,Brunner,ST++,Cercle Brugge,Germany,1A Pro League,65,68,66,51,67,27,59,-1
Andreas Bruus,Bruus,RB++,ESTAC Troyes,Denmark,Ligue 2 BKT,65,79,53,63,62,58,67,-1
Jesús Daniel Bueno Áñez,Jesús Bueno,CDM++,Philadelphia,Venezuela,MLS,65,58,50,62,60,64,65,-1
Manuel Bueno Sebastián,Manu Bueno,CM++,Sevilla FC,Spain,LALIGA EA SPORTS,65,60,60,58,65,61,57,-1
Matt Butcher,Butcher,CM++,Wycombe,England,EFL League One,65,56,60,63,62,62,74,-1
Dan Butler,Butler,LB++,Stevenage,England,EFL League One,65,73,45,57,62,59,71,-1
Alexandru Buzbuchi,Buzbuchi,GK++,Farul Constanța,Romania,SUPERLIGA,65,64,62,65,66,36,67,-1
Vitor Gabriel C. Rego Ferriera,Vitor Gabriel,ST++,Gangwon FC,Brazil,K League 1,65,74,64,43,63,21,69,-1
Walter Cabrera,Cabrera,CB++,S. Ameliano,Paraguay,Sudamericana,65,54,36,44,47,66,69,-1
Bruno Cabrera,Cabrera,CB++,Coquimbo Unido,Paraguay,Sudamericana,65,68,50,55,58,64,71,-1
Bailey Cadamarteri,Cadamarteri,ST++,Sheffield Wed,England,EFL Championship,65,76,63,47,62,32,61,-1
Aaron Calver,Calver,CB++,Daejeon Citizen,Australia,K League 1,65,62,33,51,52,62,77,-1
Pablo Camacho,Camacho,RB++,Dep. Táchira,Venezuela,Libertadores,65,65,43,58,54,65,67,-1
Etienne Camara,Camara,CDM++,Sp. Charleroi,France,1A Pro League,65,63,45,57,62,64,69,-1
Josh Campbell,Campbell,CAM++,Hibernian,Scotland,cinch Prem,65,70,60,62,67,60,73,-1
Simone Canestrelli,Canestrelli,CB++,Pisa,Italy,Serie BKT,65,65,39,48,46,65,73,-1
Leonardo Capezzi,Capezzi,CM++,Carrarese Calcio,Italy,Serie BKT,65,54,61,65,65,58,59,-1
Àlex Carbonell Vallés,Àlex Carbonell,CM++,Almere City FC,Spain,Eredivisie,65,49,59,63,67,64,67,-1
Rafael Lucas Cardoso dos Santos,Rafael Santos,LB++,Orlando City,Brazil,MLS,65,72,43,54,59,60,64,-1
Rudy Cardozo,Cardozo,CM++,Wilstermann,Bolivia,Sudamericana,65,71,62,66,66,54,51,-1
Sonny Carey,Carey,CM++,Blackpool,England,EFL League One,65,63,64,64,65,53,62,-1
Trevor Carson,Carson,GK++,Dundee FC,Northern Ireland,cinch Prem,65,65,64,65,63,49,65,-1
Florian Carstens,Carstens,CB++,Wehen Wiesbaden,Germany,3. Liga,65,54,27,43,43,64,75,-1
Vicente Emanuel Torres,Torres,CDM++,Técnico U.,Ecuador,Sudamericana,65,65,49,52,59,65,65,-1
Andrés Torrico,Torrico,RM++,Nacional Potosí,Bolivia,Sudamericana,65,71,62,61,67,46,58,-1
Saikou Touray,Touray,CM++,Grenoble Foot 38,Gambia,Ligue 2 BKT,65,65,53,63,68,56,67,-1
Yoann Touzghar,Touzghar,ST++,AC Ajaccio,Tunisia,Ligue 2 BKT,65,62,66,61,64,24,65,-1
Jacob Trenskow,Trenskow,RW++,sc Heerenveen,Denmark,Eredivisie,65,66,60,62,67,48,46,-1
Kai Trewin,Trewin,CB++,Melbourne City,Australia,A-League,65,66,43,56,58,64,77,-1
Nectarios Triantis,Triantis,CB++,Sunderland,Australia,EFL Championship,65,57,34,56,48,63,70,-1
Simone Trimboli,Trimboli,CDM++,Mantova,Italy,Serie BKT,65,61,52,63,63,60,58,-1
Miłosz Trojak,Trojak,CB++,Korona Kielce,Poland,PKO BP Ekstraklasa,65,54,48,59,59,64,74,-1
Connal Trueman,Trueman,GK++,Millwall,England,EFL Championship,65,66,64,60,68,46,63,-1
Ryotaro Tsunoda,Tsunoda,CB++,Cardiff City,Japan,EFL Championship,65,59,29,50,55,68,57,-1
Bill Tuiloma,Tuiloma,CB++,Charlotte FC,New Zealand,MLS,65,62,54,63,59,63,74,-1
Oliver Turton,Turton,RB++,Huddersfield,England,EFL League One,65,67,42,59,62,62,66,-1
Alexander Ruud Tveter,Tveter,ST++,Sandefjord,Norway,Eliteserien,65,50,68,59,60,32,74,-1
Chrisantus Uche,Uche,CDM++,Getafe CF,Nigeria,LALIGA EA SPORTS,65,66,49,51,61,63,77,-1
Daniel Udoh,Udoh,ST++,Wycombe,Nigeria,EFL League One,65,81,63,52,65,39,77,-1
Santeri Väänänen,Väänänen,CDM++,Rosenborg BK,Finland,Eliteserien,65,74,48,60,65,62,66,-1
Daniel Valdés,Valdés,GK++,Rayo Zuliano,Venezuela,Sudamericana,65,65,62,60,64,30,68,-1
Esteban Valencia,Valencia,CM++,Unión La Calera,Chile,Sudamericana,65,69,56,62,66,59,69,-1
Jhojan Valencia,Valencia,CDM++,Austin FC,Colombia,MLS,65,69,52,61,67,61,62,-1
Tito Valencia,Valencia,RB++,Técnico U.,Ecuador,Sudamericana,65,77,65,59,65,61,68,-1
Rúben Ismael Valente Ramos,Rúben Ismael,CDM++,Moreirense FC,Portugal,Liga Portugal,65,63,45,58,59,64,68,-1
Zarek Valentin,Valentin,RB++,Minnesota United,Puerto Rico,MLS,65,66,42,58,62,63,65,-1
Enrico Valentini,Valentini,RB++,1. FC Nürnberg,Germany,Bundesliga 2,65,52,57,64,63,64,69,-1
Gustavo Vallecilla,Vallecilla,CB++,U. Católica,Ecuador,Sudamericana,65,62,32,35,60,66,74,-1
Amourricho van Axel Dongen,van Axel Dongen,LW++,Ajax,Netherlands,Eredivisie,65,81,59,57,68,29,59,-1
Thom van Bergen,van Bergen,ST++,FC Groningen,Netherlands,Eredivisie,65,77,63,54,69,31,50,-1
Benjamin Van Durmen,Van Durmen,LM++,UTA Arad,Belgium,SUPERLIGA,65,62,60,63,62,61,73,-1
Syb van Ottele,van Ottele,CB++,Fortuna Sittard,Netherlands,Eredivisie,65,63,53,47,48,66,68,-1
Terence Vancooten,Vancooten,CB++,Burton Albion,Guyana,EFL League One,65,70,37,51,56,63,75,-1
Marco Varnier,Varnier,CB++,SS Juve Stabia,Italy,Serie BKT,65,64,38,52,56,66,68,-1
Nikola Vasic,Vasic,ST++,Brommapojkarna,Sweden,Allsvenskan,65,60,63,52,58,52,75,-1
Kyle Vassell,Vassell,ST++,Kilmarnock,Northern Ireland,cinch Prem,65,75,66,49,61,35,74,-1
Rocco Vata,Vata,RW++,Watford,Republic of Ireland,EFL Championship,65,85,59,54,70,32,52,-1
Niklas Vesterlund,Vesterlund,RB++,FC Utrecht,Denmark,Eredivisie,65,72,52,56,62,60,73,-1
Lawrence Vigouroux,Vigouroux,GK++,Swansea City,Chile,EFL Championship,65,65,64,63,65,46,63,-1
David Villalba,Villalba,CB++,S. Trinidense,Paraguay,Sudamericana,65,63,32,46,50,65,69,-1
Gabriel Villamíl,Villamíl,CM++,LDU Quito,Bolivia,Libertadores,65,71,60,64,68,55,49,-1
Ionuț Vînă,Vînă,CM++,Farul Constanța,Romania,SUPERLIGA,65,72,61,60,67,62,70,-1
Rémy Vita,Vita,LB++,Amiens SC,Madagascar,Ligue 2 BKT,65,68,44,62,68,60,51,-1
Janus Vivar,Vivar,LW++,U. Católica,Ecuador,Sudamericana,65,80,63,55,66,31,70,-1
Ștefan Vlădoiu,Vlădoiu,RB++,Univ. Craiova,Romania,SUPERLIGA,65,81,35,55,59,60,62,-1
Thibault Vlietinck,Vlietinck,RM++,OH Leuven,Belgium,1A Pro League,65,73,57,63,67,60,54,-1
Niko Vukancic,Vukancic,CB++,FC Erzgebirge Aue,Germany,3. Liga,65,54,34,50,49,65,69,-1
Dennis Waidner,Waidner,RB++,Unterhaching,Germany,3. Liga,65,68,26,50,61,62,61,-1
Tyler Walker,Walker,ST++,Lincoln City,England,EFL League One,65,75,65,56,66,36,59,-1
Leo Walta,Walta,CM++,IK Sirius,Finland,Allsvenskan,65,69,57,61,66,53,58,-1
Jinxian Wang,Wang Jinxian,LM++,Changchun Yatai,China PR,CSL,65,81,51,58,64,48,66,-1
Shenchao Wang,Wang Shenchao,RB++,Shanghai Port,China PR,CSL,65,70,32,54,58,61,71,-1
Zhen'ao Wang,Wang Zhen'ao,RB++,Shanghai Port,China PR,CSL,65,76,50,51,63,57,49,-1
Danny Ward,Ward,ST++,Huddersfield,England,EFL League One,65,62,66,62,64,39,67,-1
Lewis Warrington,Warrington,CDM++,Leyton Orient,England,EFL League One,65,66,51,62,66,61,65,-1
Conor Washington,Washington,ST++,Derby County,Northern Ireland,EFL Championship,65,74,65,58,64,34,71,-1
Kjell Wätjen,Wätjen,CM++,Borussia Dortmund,Germany,Bundesliga,65,72,52,66,67,54,55,-1
Marley Watkins,Watkins,ST++,Kilmarnock,Wales,cinch Prem,65,73,62,60,66,28,68,-1
David Watson,Watson,CM++,Kilmarnock,Scotland,cinch Prem,65,60,61,61,64,61,65,-1
Elliot Watt,Watt,CDM++,Burton Albion,Scotland,EFL League One,65,67,53,65,66,59,67,-1
Kelland Watts,Watts,CB++,Cambridge Utd,England,EFL League One,65,62,47,52,57,64,71,-1
Marcel Wędrychowski,Wędrychowski,RM++,Pogoń Szczecin,Poland,PKO BP Ekstraklasa,65,79,54,62,68,37,47,-1
Jonas Weik,Weik,LB++,SV Sandhausen,Germany,3. Liga,65,74,42,64,64,56,55,-1
Mallik Wilks,Wilks,RM++,Rotherham Utd,England,EFL League One,65,83,64,54,67,23,71,-1
Rhys Williams,Williams,CB++,Morecambe,England,EFL League Two,65,64,35,51,56,65,66,-1
Carl Winchester,Winchester,CM++,Shrewsbury,Northern Ireland,EFL League One,65,73,60,64,66,59,74,-1
Piotr Wlazło,Wlazło,CM++,Stal Mielec,Poland,PKO BP Ekstraklasa,65,44,61,66,64,61,70,-1
Maxwell Woledzi,Woledzi,CB++,Fredrikstad FK,Ghana,Eliteserien,65,68,36,51,52,63,72,-1
Tyler Wolff,Wolff,LM++,Atlanta United,United States,MLS,65,72,48,64,67,44,58,-1
Maximilian Wolfram,Wolfram,ST++,1860 München,Germany,3. Liga,65,73,64,61,65,37,68,-1
Marius Wörl,Wörl,CDM++,Arminia Bielefeld,Germany,3. Liga,65,64,46,60,63,63,64,-1
Joe Wright,Wright,CB++,Kilmarnock,Wales,cinch Prem,65,38,35,50,54,64,76,-1
Yake Wu,Wu Yake,GK++,Changchun Yatai,China PR,CSL,65,67,62,60,62,44,69,-1
Jannes Wulff,Wulff,CAM++,VfL Osnabrück,Germany,3. Liga,65,69,60,62,67,54,69,-1
Antal Yaakobishvili,Yaakobishvili,CB++,Girona FC,Hungary,LALIGA EA SPORTS,65,66,25,50,54,64,68,-1
Rihito Yamamoto,Yamamoto,CDM++,STVV,Japan,1A Pro League,65,65,50,58,64,62,61,-1
Chugui Ye,Ye Chugui,LM++,Meizhou Hakka,China PR,CSL,65,77,56,59,65,52,64,-1
Je Woon Yeon,Yeon Je Woon,CB++,Jeonbuk Hyundai,Korea Republic,K League 1,65,69,31,51,50,65,73,-1
Abdullah Yiğiter,Yiğiter,GK++,Antalyaspor,Türkiye,Trendyol Süper Lig,65,66,64,61,67,20,63,-1
José Luis Zalazar Martinez,Kuki Zalazar,RM++,Córdoba CF,Spain,LALIGA HYPERMOTION,65,58,65,66,71,32,36,-1
Kevin Zeroli,Zeroli,CM++,Milano FC,Italy,Serie A TIM,65,68,57,62,70,64,59,-1
Georgiy Zhukov,Zhukov,CM++,Cangzhou FC,Kazakhstan,CSL,65,75,57,63,69,58,71,-1
Bernhard Zimmermann,Zimmermann,ST++,SK Rapid Wien,Austria,Ö. Bundesliga,65,72,66,56,66,30,78,-1
Diego Živulić,Živulić,CDM++,SC Oțelul Galați,Croatia,SUPERLIGA,65,60,49,60,53,64,76,-1
Kévin Zohi,Zohi,ST++,Stade Lavallois,Mali,Ligue 2 BKT,65,79,62,61,70,25,59,-1
Adam Zreľák,Zreľák,ST++,GKS Katowice,Slovakia,PKO BP Ekstraklasa,65,51,67,49,62,29,75,-1
Dejan Zukić,Zukić,CAM++,Wolfsberger AC,Serbia,Ö. Bundesliga,65,71,60,67,65,35,57,-1
Joël Zwarts,Zwarts,ST++,VfL Osnabrück,Netherlands,3. Liga,65,76,64,51,65,24,73,-1
Mateusz Żyro,Żyro,CB++,Widzew Łódź,Poland,PKO BP Ekstraklasa,65,71,35,51,52,64,77,-1
Aly Abeid,Abeid,LB++,CFR 1907 Cluj,Mauritania,SUPERLIGA,65,74,42,53,62,59,71,-1
Dirk Abels,Abels,RB++,Grasshopper Club,Netherlands,CSSL,65,61,43,55,61,62,71,-1
Paulos Abraham,Abraham,LM++,IFK Göteborg,Sweden,Allsvenskan,65,81,61,56,68,28,57,-1
Amir Abrashi,Abrashi,CM++,Grasshopper Club,Albania,CSSL,65,43,51,59,67,59,72,-1
Miguel Acosta,Acosta,GK++,Argentinos Jrs.,Argentina,Sudamericana,65,68,62,65,64,46,62,-1
Rio Adebisi,Adebisi,LB++,Peterborough,England,EFL League One,65,81,44,54,62,58,69,-1
Victor Adeboyejo,Adeboyejo,ST++,Bolton,Nigeria,EFL League One,65,75,65,51,64,27,70,-1
Michel Ndary Adopo,Adopo,CM++,Cagliari,France,Serie A TIM,65,58,56,62,65,66,63,-1
Nikolas Agrafiotis,Agrafiotis,ST++,Wehen Wiesbaden,Serbia,3. Liga,65,72,65,47,61,26,73,-1
Brandon Aguilera,Aguilera,CAM++,Rio Ave FC,Costa Rica,Liga Portugal,65,60,55,63,65,46,49,-1
Patrick Agyemang,Agyemang,ST++,Charlotte FC,Ghana,MLS,65,55,68,46,61,21,62,-1
Gassan Ahadme,Ahadme,ST++,Charlton Ath,Morocco,EFL League One,65,67,63,51,61,30,70,-1
Erik Ahlstrand,Ahlstrand,RM++,FC St. Pauli,Sweden,Bundesliga,65,77,56,59,65,36,57,-1
Will Aimson,Aimson,CB++,Wigan Athletic,England,EFL League One,65,53,33,48,50,64,69,-1
Clément Akpa,Akpa,LB++,AJ Auxerre,Côte d'Ivoire,Ligue 1 Uber Eats,65,68,41,52,62,62,60,-1
Aksel Aktaş,Aktaş,CAM++,Adana Demirspor,Türkiye,Trendyol Süper Lig,65,67,59,60,66,44,60,-1
Hamdi Akujobi,Akujobi,RB++,Almere City FC,Nigeria,Eredivisie,65,74,46,61,63,58,70,-1
Abdulaziz Al Bishi,Al Bishi,RM++,Al Ittihad,Saudi Arabia,ROSHN Saudi League,65,85,57,60,69,28,63,-1
Mohammed Al Dawsari,Al Dawsari,RB++,Al Raed,Saudi Arabia,ROSHN Saudi League,65,78,33,53,61,59,66,-1
Ali Al Hassan,Al Hassan,CDM++,Al Nassr,Saudi Arabia,ROSHN Saudi League,65,67,51,60,63,60,69,-1
Abdullah Al Khatib,Al Khatib,LB++,Ettifaq FC,Saudi Arabia,ROSHN Saudi League,65,74,28,49,58,62,74,-1
Mohammed Al Majhad,Al Majhad,CDM++,Al Ahli,Saudi Arabia,ROSHN Saudi League,65,67,54,61,63,62,65,-1
Abdullah Al Mayoof,Al Mayoof,GK++,Al Ittihad,Saudi Arabia,ROSHN Saudi League,65,57,70,74,61,27,70,-1
Sumayhan Al Nabit,Al Nabit,LM++,Al Ahli,Saudi Arabia,ROSHN Saudi League,65,77,59,58,67,30,53,-1
Madallah Al Olayan,Al Olayan,RB++,Ettifaq FC,Saudi Arabia,ROSHN Saudi League,65,71,46,59,62,60,73,-1
Saeed Al Rubaie,Al Rubaie,CB++,Al Okhdood,Saudi Arabia,ROSHN Saudi League,65,63,25,44,43,63,75,-1
Yahia Al Shehri,Al Shehri,RM++,Al Riyadh,Saudi Arabia,ROSHN Saudi League,65,49,60,70,68,33,39,-1
Amir Al-Ammari,Al-Ammari,CM++,Cracovia,Iraq,PKO BP Ekstraklasa,65,68,57,65,65,60,74,-1
Agustín Alaniz,Alaniz,RW++,Racing Club,Uruguay,Sudamericana,65,73,65,54,68,37,57,-1
Carlos Albarrán Sanz,Carlos Albarrán,RB++,Córdoba CF,Spain,LALIGA HYPERMOTION,65,75,53,56,60,57,72,-1
Miiko Albornoz,Albornoz,LB++,Vejle Boldklub,Chile,3F Superliga,65,62,50,62,65,62,68,-1
Adrián Alcaraz,Alcaraz,ST++,Guaraní,Paraguay,Sudamericana,65,77,65,51,67,18,44,-1
Bobby Allain,Allain,GK++,Grenoble Foot 38,France,Ligue 2 BKT,65,66,63,65,63,38,63,-1
Kevin Amaro,Amaro,RB++,Liverpool,Uruguay,Libertadores,65,73,39,52,56,65,68,-1
Giuseppe Ambrosino,Ambrosino,ST++,Frosinone,Italy,Serie BKT,65,75,61,58,64,40,70,-1
Isak Helstad Amundsen,Amundsen,CB++,Molde FK,Norway,Eliteserien,65,67,37,48,59,65,72,-1
Hugo Ancajima,Ancajima,RB++,Universitario,Peru,Libertadores,65,63,49,53,63,61,66,-1
Danny Andrew,Andrew,LB++,Cambridge Utd,England,EFL League One,65,56,54,62,62,62,69,-1
Hugo Anglada Gutiérrez,Anglada,CB++,SD Huesca,Spain,LALIGA HYPERMOTION,65,63,35,50,55,65,68,-1
Marcus Antonsson,Antonsson,ST++,WS Wanderers,Sweden,A-League,65,77,63,53,64,38,74,-1
Apostolos Apostolopoulos,Apostolopoulos,LB++,Olympiacos FC,Greece,Hellas Liga,65,77,48,61,64,61,58,-1
Gabriel Aranda,Aranda,CB++,Banfield,Argentina,LPF,65,53,30,42,50,65,72,-1
Kelvin Arase,Arase,RM++,SV Waldhof,Austria,3. Liga,65,82,53,55,71,31,47,-1
Miguel Araujo,Araujo,CB++,Portland Timbers-Thorns,Peru,MLS,65,62,36,48,58,64,71,-1
Theo Archibald,Archibald,LM++,Leyton Orient,Scotland,EFL League One,65,79,60,61,64,54,67,-1
Taïryk Arconte,Arconte,ST++,Pau FC,France,Ligue 2 BKT,65,71,66,59,68,28,58,-1
Taye Ashby-Hammond,Ashby-Hammond,GK++,Stevenage,England,EFL League One,65,64,64,62,65,23,64,-1
Fisnik Asllani,Asllani,ST++,SV Elversberg,Germany,Bundesliga 2,65,59,66,49,65,25,61,-1
Mijaíl Avilés,Avilés,CM++,Real Tomayapo,Venezuela,Sudamericana,65,67,63,67,65,64,62,-1
Jonah Ayunga,Ayunga,ST++,St. Mirren,Kenya,cinch Prem,65,77,63,55,62,37,74,-1
Ayman Azhil,Azhil,CM++,B. Dortmund II,Germany,3. Liga,65,67,49,64,68,61,47,-1
Pedro Azogue,Azogue,CDM++,Nacional Potosí,Bolivia,Sudamericana,65,56,61,60,65,61,67,-1
Edgar Babayan,Babayan,LM++,Randers FC,Armenia,3F Superliga,65,79,58,60,66,42,65,-1
David Babunski,Babunski,CM++,Dundee United,North Macedonia,cinch Prem,65,66,61,65,67,55,63,-1
Mio Backhaus,Backhaus,GK++,SV Werder Bremen,Germany,Bundesliga,65,65,60,60,69,19,63,-1
Nikolai Baden Frederiksen,Baden Frederiksen,ST++,IFK Göteborg,Denmark,Allsvenskan,65,74,64,60,67,23,63,-1
Loïc Badiashile,Badiashile,GK++,Burgos CF,France,LALIGA HYPERMOTION,65,66,63,64,69,36,62,-1
Dominique Badji,Badji,ST++,D.C. United,Senegal,MLS,65,74,60,53,64,38,72,-1
Youssouph Badji,Badji,ST++,Sp. Charleroi,Senegal,1A Pro League,65,70,62,51,64,28,71,-1
Jong Beom Baek,Baek Jong Beom,GK++,FC Seoul,Korea Republic,K League 1,65,69,62,57,72,27,63,-1
Francisco Báez,Báez,CB++,S. Ameliano,Paraguay,Sudamericana,65,54,28,41,42,67,64,-1
Sofian Bahloul,Bahloul,RW++,SCR Altach,France,Ö. Bundesliga,65,77,68,59,67,27,63,-1
Bentley Baxter Bahn,Bahn,CAM++,Aleman. Aachen,Germany,3. Liga,65,71,62,66,67,53,64,-1
Stefan Bajic,Bajic,GK++,Bristol City,France,EFL Championship,65,66,65,65,65,25,64,-1
Waleed Bakhashwain,Bakhashwain,CDM++,Al Wehda,Saudi Arabia,ROSHN Saudi League,65,57,43,58,63,62,74,-1
Franco Baldassarra,Baldassarra,CM++,Platense,Argentina,LPF,65,67,59,63,65,60,63,-1
Óscar Baldomar,Baldomar,RB++,Nacional Potosí,Bolivia,Sudamericana,65,68,30,53,53,63,50,-1
Sacha Bansé,Bansé,CDM++,Fürth,Burkina Faso,Bundesliga 2,65,75,51,61,66,62,66,-1
Yusuf Barası,Barası,ST++,Adana Demirspor,Türkiye,Trendyol Süper Lig,65,75,65,52,67,21,61,-1
Enzo Bardeli,Bardeli,CAM++,USL Dunkerque,France,Ligue 2 BKT,65,64,59,60,68,47,48,-1
Norman Bassette,Bassette,ST++,Coventry City,Belgium,EFL Championship,65,73,64,45,60,31,65,-1
Lewis Bate,Bate,CM++,Stockport,England,EFL League One,65,70,55,65,69,57,50,-1
Mauricio Pineda,Pineda,CB++,Chicago Fire FC,United States,MLS,65,50,31,48,58,66,70,-1
Kenan Pirić,Pirić,GK++,Antalyaspor,Bosnia and Herzegovina,Trendyol Süper Lig,65,66,64,68,68,32,60,-1
Niccolò Pisilli,Pisilli,CM++,AS Roma,Italy,Serie A TIM,65,53,59,65,63,59,52,-1
Luca Plogmann,Plogmann,GK++,Go Ahead Eagles,Germany,Eredivisie,65,66,63,62,67,40,60,-1
André Anderson Pomilio Lima,André Anderson,CAM++,Latium,Italy,Serie A TIM,65,65,61,60,68,25,43,-1
Marco Pompetti,Pompetti,CM++,Catanzaro,Italy,Serie BKT,65,65,55,65,65,55,56,-1
Célio Antonio Pompeu,Célio Pompeu,LM++,St. Louis CITY SC,Brazil,MLS,65,75,58,55,74,29,45,-1
Simone Pontisso,Pontisso,CM++,Catanzaro,Italy,Serie BKT,65,65,58,64,65,63,73,-1
Rareș Pop,Pop,RM++,FC Rapid 1923,Romania,SUPERLIGA,65,77,58,60,66,24,44,-1
Tomás Porra,Porra,CAM++,San Lorenzo,Argentina,Libertadores,65,64,53,66,68,51,53,-1
Antonio Portales,Portales,CB++,Dundee FC,Mexico,cinch Prem,65,64,41,54,55,63,72,-1
Dmytro Pospelov,Pospelov,CB++,Unirea Slobozia,Ukraine,SUPERLIGA,65,58,36,46,53,65,68,-1
Jerónimo Pourtau,Pourtau,GK++,Sarmiento,Argentina,LPF,65,68,65,59,69,17,64,-1
Rico Preißinger,Preißinger,CDM++,Preußen Münster,Germany,Bundesliga 2,65,67,56,59,62,61,78,-1
Tim Prica,Prica,ST++,IFK Norrköping,Sweden,Allsvenskan,65,73,66,57,68,21,69,-1
Andrew Privett,Privett,CB++,Charlotte FC,United States,MLS,65,63,32,53,56,65,67,-1
Maximilian Pronichev,Pronichev,CAM++,Energie Cottbus,Russia,3. Liga,65,71,60,62,65,37,67,-1
Gustavo Puerta,Puerta,CM++,Leverkusen,Colombia,Bundesliga,65,65,58,62,66,59,60,-1
Rubén Pulido Peñas,Rubén Pulido,CB++,SD Huesca,Spain,LALIGA HYPERMOTION,65,65,37,52,55,64,69,-1
Teo Quintero León,Teo Quintero,CB++,Sparta Rotterdam,Venezuela,Eredivisie,65,63,30,45,43,66,69,-1
Jairo Quinteros,Quinteros,CB++,Bolívar,Bolivia,Libertadores,65,64,26,41,53,66,69,-1
Victorio Ramis,Ramis,ST++,Ind. Rivadavia,Argentina,LPF,65,69,63,57,67,38,69,-1
Calvin Ramsay,Ramsay,RB++,Wigan Athletic,Scotland,EFL League One,65,76,46,61,64,58,64,-1
Ryan Raposo,Raposo,LM++,Whitecaps FC,Canada,MLS,65,68,58,63,67,57,50,-1
Jonathan Rasheed,Rasheed,GK++,IFK Värnamo,Norway,Allsvenskan,65,65,64,63,64,33,66,-1
Mathias Hebo Rasmussen,Rasmussen,CM++,Lyngby BK,Denmark,3F Superliga,65,44,61,65,63,57,69,-1
Christian Rasmussen,Rasmussen,RW++,Ajax,Denmark,Eredivisie,65,84,63,55,67,21,59,-1
Louis Reed,Reed,CDM++,Mansfield Town,England,EFL League One,65,64,55,62,65,61,67,-1
Nikolai Rehnen,Rehnen,GK++,SV Sandhausen,Germany,3. Liga,65,68,60,60,69,35,64,-1
Eliano Reijnders,Reijnders,LM++,PEC Zwolle,Netherlands,Eredivisie,65,77,53,61,68,53,46,-1
Boyd Reith,Reith,RB++,Sparta Rotterdam,Netherlands,Eredivisie,65,69,37,59,56,61,61,-1
Hugo Rincón Lumbreras,Hugo Rincón,RB++,CD Mirandés,Spain,LALIGA HYPERMOTION,65,75,47,53,65,60,65,-1
Jonathan Ring,Ring,RW++,Kalmar FF,Sweden,Allsvenskan,65,76,60,64,66,46,68,-1
Daniel Ríos,Ríos,ST++,Atlanta United,Mexico,MLS,65,48,68,45,59,26,67,-1
Lautaro Ríos,Ríos,CM++,Ind. Rivadavia,Argentina,LPF,65,63,51,61,64,62,58,-1
Connor Ripley,Ripley,GK++,Port Vale,England,EFL League Two,65,65,65,62,68,27,64,-1
Renné Rivas,Rivas,LB++,Caracas F.C.,Venezuela,Libertadores,65,70,44,65,65,61,65,-1
Cristian Riveros,Riveros,CM++,Libertad,Paraguay,Libertadores,65,31,57,64,60,66,57,-1
Calogero Rizzuto,Rizzuto,RB++,Saarbrücken,Germany,3. Liga,65,72,55,61,66,57,73,-1
Clark Robertson,Robertson,CB++,Dundee FC,Scotland,cinch Prem,65,55,30,52,57,65,68,-1
Antoniu Roca Vives,Antoniu Roca,LM++,RCD Espanyol,Spain,LALIGA EA SPORTS,65,82,57,58,66,39,57,-1
Antônio Mikael Rodrigues Brito,Mikael Doka,RM++,Central Coast,Brazil,A-League,65,73,55,63,67,54,61,-1
Tiago Rodrigues dos Reis,Tiago Reis,ST++,Nacional,Brazil,Liga Portugal,65,66,63,51,63,29,56,-1
Ignacio Agustín Rodríguez,Rodríguez,CM++,Banfield,Argentina,LPF,65,64,56,66,65,53,52,-1
Derlis Rodríguez,Rodríguez,RM++,Cerro Porteño,Paraguay,Libertadores,65,73,63,58,67,26,65,-1
Gregorio Rodríguez,Rodríguez,RM++,Instituto,Argentina,LPF,65,68,65,59,70,33,53,-1
Martín Rodríguez,Rodríguez,GK++,Guaraní,Uruguay,Sudamericana,65,69,60,70,65,21,69,-1
Álvaro Daniel Rodríguez Muñoz,Álvaro,ST++,Real Madrid,Uruguay,LALIGA EA SPORTS,65,68,63,59,63,22,55,-1
Genaro Rodríguez Serrano,Genaro,CDM++,Córdoba CF,Spain,LALIGA HYPERMOTION,65,57,50,61,62,63,63,-1
Godfried Roemeratoe,Roemeratoe,CDM++,RKC Waalwijk,Curaçao,Eredivisie,65,63,45,59,62,64,72,-1
Franz Roggow,Roggow,CDM++,B. Dortmund II,Germany,3. Liga,65,61,52,61,61,62,68,-1
Matías Romero,Romero,CM++,Instituto,Argentina,LPF,65,71,57,60,68,61,64,-1
Ruben Roosken,Roosken,LB++,Heracles Almelo,Netherlands,Eredivisie,65,79,38,53,65,59,64,-1
Maurides Roque Junior,Maurides,ST++,FC St. Pauli,Brazil,Bundesliga,65,47,67,53,63,30,77,-1
Yilson Rosales,Rosales,RB++,Deportes Tolima,Colombia,Sudamericana,65,73,25,45,55,61,59,-1
Lasse Rosenboom,Rosenboom,RB++,Holstein Kiel,Germany,Bundesliga,65,67,36,57,58,63,65,-1
Otto Rosengren,Rosengren,CM++,Malmö FF,Sweden,Allsvenskan,65,68,60,62,69,50,62,-1
Jean Pierre Rosso,Rosso,CM++,Liverpool,Uruguay,Libertadores,65,71,56,65,65,60,60,-1
Paolo Rozzio,Rozzio,CB++,Reggiana,Italy,Serie BKT,65,60,32,42,43,66,65,-1
Thomas Sabitzer,Sabitzer,ST++,Wolfsberger AC,Austria,Ö. Bundesliga,65,76,63,60,68,27,68,-1
Daniel Saggiomo,Saggiomo,CAM++,Dep. Táchira,Venezuela,Libertadores,65,68,58,65,65,42,56,-1
Andrés Salazar,Salazar,LB++,Hearts,Colombia,cinch Prem,65,74,35,57,59,60,63,-1
Leonardo Saldaña,Saldaña,LB++,Alianza FC,Colombia,Sudamericana,65,75,49,58,60,62,57,-1
Oscar Salomón,Salomón,CB++,Platense,Argentina,LPF,65,55,33,47,50,65,71,-1
Cristian Salvador González,Cris Salvador,CM++,Elche CF,Spain,LALIGA HYPERMOTION,65,60,59,61,63,64,75,-1
Alejandro Samudio,Samudio,LM++,S. Ameliano,Paraguay,Sudamericana,65,71,62,61,67,23,52,-1
Lucas Sanabria,Sanabria,CM++,Libertad,Paraguay,Libertadores,65,67,53,65,66,51,58,-1
Renzo Sanchez,Sanchez,RW++,Nacional,Uruguay,Libertadores,65,77,61,58,65,36,53,-1
Luis Sánchez,Sánchez,CAM++,Central Córdoba,Colombia,LPF,65,67,61,59,69,43,64,-1
Manuel Sánchez García,Manu Sánchez,RB++,Górnik Zabrze,Spain,PKO BP Ekstraklasa,65,66,58,63,62,61,60,-1
Marcus Sandberg,Sandberg,GK++,HamKam Fotball,Sweden,Eliteserien,65,64,66,62,65,28,63,-1
Cisse Sandra,Sandra,CM++,Willem II,Belgium,Eredivisie,65,68,61,64,68,55,74,-1
Sadibou Sané,Sané,CB++,FC Metz,Senegal,Ligue 2 BKT,65,67,37,42,45,67,69,-1
Opa Sangante,Sangante,CB++,USL Dunkerque,Guinea-Bissau,Ligue 2 BKT,65,53,48,57,58,63,76,-1
Bruno Miguel Santos Leite,Bruno Leite,CM++,FK Haugesund,Cape Verde Islands,Eliteserien,65,68,52,62,66,62,66,-1
Álvaro Sanz Catalán,Álvaro Sanz,CM++,Racing de Ferrol,Spain,LALIGA HYPERMOTION,65,53,59,69,67,64,50,-1
Mamadou Sarr,Sarr,CB++,Strasbourg,France,Ligue 1 Uber Eats,65,62,30,51,54,65,68,-1
Mouhamadou Sarr,Sarr,GK++,Spezia,Senegal,Serie BKT,65,69,62,60,72,43,58,-1
Widen Saucedo,Saucedo,RB++,Wilstermann,Bolivia,Sudamericana,65,73,30,51,47,63,67,-1
Dominik Schad,Schad,RB++,Preußen Münster,Germany,Bundesliga 2,65,76,40,55,62,59,64,-1
Simon Scherder,Scherder,CB++,Preußen Münster,Germany,Bundesliga 2,65,52,39,47,42,64,72,-1
Derry Scherhant,Scherhant,LM++,Hertha Berlin,Germany,Bundesliga 2,65,78,63,55,69,23,61,-1
Patrick Schmidt,Schmidt,ST++,Saarbrücken,Germany,3. Liga,65,59,66,40,59,30,74,-1
Szabolcs Schön,Schön,LB++,Bolton,Hungary,EFL League One,65,81,61,62,68,55,57,-1
Tom Lowery,Lowery,CM++,Portsmouth,England,EFL Championship,65,73,56,64,70,59,51,-1
Alex Lowry,Lowry,CAM++,Rangers,Scotland,cinch Prem,65,65,59,64,68,34,56,-1
Leonardo Lukacevic,Lukacevic,LM++,SCR Altach,Austria,Ö. Bundesliga,65,69,53,65,64,60,68,-1
Jakub Łukowski,Łukowski,LM++,Widzew Łódź,Poland,PKO BP Ekstraklasa,65,80,63,59,67,34,60,-1
Julian Faye Lund,Lund,GK++,FK Bodø/Glimt,Norway,Eliteserien,65,66,64,65,68,45,64,-1
Brad Lyons,Lyons,CM++,Kilmarnock,Northern Ireland,cinch Prem,65,70,60,59,62,65,72,-1
Andy Lyons,Lyons,RB++,Blackpool,Republic of Ireland,EFL League One,65,72,58,60,62,61,61,-1
Isak Dybvik Määttä,Määttä,LB++,FK Bodø/Glimt,Norway,Eliteserien,65,80,52,58,65,58,64,-1
Angus MacDonald,MacDonald,CB++,Aberdeen,England,cinch Prem,65,32,33,51,50,65,62,-1
Niki Mäenpää,Mäenpää,GK++,HJK Helsinki,Finland,Finnliiga,65,65,65,60,61,36,64,-1
Kyle Magennis,Magennis,CM++,Kilmarnock,Scotland,cinch Prem,65,69,65,66,66,59,73,-1
Sævar Atli Magnússon,Magnússon,ST++,Lyngby BK,Iceland,3F Superliga,65,78,64,57,69,33,60,-1
Jack Maher,Maher,CB++,Nashville SC,United States,MLS,65,53,24,47,52,66,69,-1
Mohamed Belhadj Mahmoud,Mahmoud,CM++,FC Lugano,Tunisia,CSSL,65,67,58,62,66,64,69,-1
Connor Mahoney,Mahoney,RM++,Barrow,England,EFL League Two,65,74,61,60,67,38,50,-1
Hicham Mahou,Mahou,LM++,FC Lugano,France,CSSL,65,84,62,59,63,39,54,-1
Philipp Maier,Maier,CDM++,SSV Ulm 1846,Germany,Bundesliga 2,65,58,59,57,62,63,74,-1
Sebastian Maier,Maier,CAM++,Unterhaching,Germany,3. Liga,65,64,62,64,67,34,60,-1
Luka Majcen,Majcen,ST++,Punjab FC,Slovenia,Hero ISL,65,61,66,50,59,25,72,-1
Ali Majrashi,Majrashi,RB++,Al Ahli,Saudi Arabia,ROSHN Saudi League,65,81,44,52,62,58,73,-1
Tomasz Makowski,Makowski,CDM++,Zagłębie Lubin,Poland,PKO BP Ekstraklasa,65,70,55,59,63,60,72,-1
Patryk Makuch,Makuch,ST++,Raków,Poland,PKO BP Ekstraklasa,65,76,64,48,58,27,78,-1
Alessandro Mallamo,Mallamo,CM++,Südtirol,Italy,Serie BKT,65,61,64,63,68,55,58,-1
Stone Mambo,Mambo,CB++,Rodez AF,Congo DR,Ligue 2 BKT,65,64,30,56,62,64,70,-1
Ivo Mammini,Mammini,ST++,Gimnasia,Argentina,LPF,65,71,65,58,66,28,61,-1
Álvaro Mantilla Pérez,Mantilla,RB++,R. Racing Club,Spain,LALIGA HYPERMOTION,65,55,26,56,53,62,66,-1
Jhon Marchán,Marchán,CAM++,Metropolitanos,Venezuela,Sudamericana,65,79,59,57,72,27,33,-1
Leonardo Marchi,Marchi,LB++,Central Córdoba,Argentina,LPF,65,75,42,54,64,59,63,-1
Paul Marie,Marie,RB++,SJ Earthquakes,France,MLS,65,75,49,57,65,62,60,-1
Pablo Marín Tejada,Pablo Marín,CAM++,Real Sociedad,Spain,LALIGA EA SPORTS,65,62,58,62,65,37,47,-1
Dilan Markanday,Markanday,RM++,Chesterfield,England,EFL League Two,65,77,62,58,71,24,48,-1
Luis Miguel Marquines,Marquines,GK++,Atl. Nacional,Colombia,Liga Colombia,65,67,62,58,67,35,59,-1
Unai Marrero Larrañaga,Unai Marrero,GK++,Real Sociedad,Spain,LALIGA EA SPORTS,65,67,65,59,68,22,65,-1
Kevin Martin,Martin,GK++,Yverdon Sport FC,Switzerland,CSSL,65,63,63,62,67,46,61,-1
Mathías Martínez,Martínez,LM++,Guaraní,Paraguay,Sudamericana,65,74,53,60,66,39,56,-1
Jan Hendrik Marx,Marx,RB++,Dynamo Dresden,Germany,3. Liga,65,78,45,55,63,56,53,-1
Erik Marxen,Marxen,CB++,FC Nordsjælland,Denmark,3F Superliga,65,48,51,59,57,63,74,-1
John Mary,Mary,ST++,Meizhou Hakka,Cameroon,CSL,65,60,63,55,62,21,68,-1
Pelle Mattsson,Mattsson,CM++,Silkeborg IF,Denmark,3F Superliga,65,60,47,63,66,64,69,-1
Stefan Mauk,Mauk,CAM++,Adelaide United,Australia,A-League,65,69,60,63,66,54,70,-1
Lucas Mauragis,Mauragis,LB++,Central Coast,Australia,A-League,65,77,50,60,64,58,72,-1
José Mauri,Mauri,CM++,Cosenza,Italy,Serie BKT,65,59,55,68,71,63,46,-1
Senny Mayulu,Mayulu,CAM++,Paris SG,France,Ligue 1 Uber Eats,65,72,60,63,71,48,53,-1
Noah Mbamba,Mbamba,CDM++,Düsseldorf,Belgium,Bundesliga 2,65,73,37,54,65,64,70,-1
Dylan Mbayo,Mbayo,RM++,PEC Zwolle,Belgium,Eredivisie,65,78,61,58,71,29,44,-1
Pathé Mboup,Mboup,LM++,Pau FC,Senegal,Ligue 2 BKT,65,82,62,57,69,27,49,-1
Jamie McCart,McCart,CB++,Rotherham Utd,Scotland,EFL League One,65,65,32,43,55,64,74,-1
Robby McCrorie,McCrorie,GK++,Kilmarnock,Scotland,cinch Prem,65,64,65,63,65,32,66,-1
Sean McDermott,McDermott,GK++,Molde FK,Republic of Ireland,Eliteserien,65,66,64,61,66,40,64,-1
Josh McEachran,McEachran,CDM++,Oxford United,England,EFL Championship,65,51,51,67,67,61,55,-1
Jordan McGhee,McGhee,RB++,Dundee FC,Scotland,cinch Prem,65,53,54,58,58,65,71,-1
Paul McGinn,McGinn,CB++,Motherwell,Scotland,cinch Prem,65,66,53,57,61,64,74,-1
Ed McGinty,McGinty,GK++,Sligo Rovers,Republic of Ireland,SSE Airtricity PD,65,66,63,59,66,51,65,-1
David McGoldrick,McGoldrick,CAM++,Notts County,Republic of Ireland,EFL League Two,65,55,66,63,67,32,66,-1
Tobías Medina,Medina,CM++,Rio Ave FC,Argentina,Liga Portugal,65,62,56,65,67,46,51,-1
Jonathan Meier,Meier,LB++,SSV Ulm 1846,Germany,Bundesliga 2,65,73,44,58,62,60,65,-1
Jakob Meierhofer,Meierhofer,GK++,Grazer AK,Austria,Ö. Bundesliga,65,64,62,65,65,27,63,-1
Yair Mena,Mena,RM++,AVS Futebol SAD,Colombia,Liga Portugal,65,74,52,57,67,27,50,-1
Carlos Mendes Gomes,Carlos Mendes Gomes,LM++,Bolton,Guinea-Bissau,EFL League One,65,82,60,58,67,31,58,-1
Kevin Mensah,Mensah,RB++,Brøndby IF,Denmark,3F Superliga,65,76,57,59,67,58,69,-1
Cristopher Mesías,Mesías,CM++,Cobresal,Chile,Libertadores,65,65,54,60,64,61,71,-1
Falko Michel,Michel,LM++,1. FC Magdeburg,Germany,Bundesliga 2,65,66,56,60,66,58,72,-1
Tommaso Milanese,Milanese,CM++,Cremonese,Italy,Serie BKT,65,72,55,66,70,50,55,-1
Matko Miljevic,Miljevic,CAM++,Newell's,United States,LPF,65,58,60,63,71,44,57,-1
Juan Millán,Millán,CDM++,Danubio,Uruguay,Sudamericana,65,66,47,55,60,66,69,-1
Tyler Miller,Miller,GK++,D.C. United,United States,MLS,65,64,64,64,64,35,66,-1
Pablo Minissale,Minissale,CB++,Tigre,Argentina,LPF,65,52,30,42,48,67,62,-1
Alex Mitchell,Mitchell,CB++,Charlton Ath,England,EFL League One,65,52,35,45,46,63,76,-1
Kaito Mizuta,Mizuta,CAM++,Arminia Bielefeld,Japan,3. Liga,65,71,59,59,69,46,59,-1
Ilario Monterisi,Monterisi,CB++,Frosinone,Italy,Serie BKT,65,53,30,45,47,65,67,-1
Lautaro Montoya,Montoya,LB++,Central Córdoba,Argentina,LPF,65,72,56,63,69,59,59,-1
Lewis Montsma,Montsma,CB++,Lincoln City,Netherlands,EFL League One,65,52,34,48,56,64,71,-1
Florián Monzón,Monzón,ST++,Tigre,Argentina,LPF,65,66,67,50,59,28,63,-1
Simon Moore,Moore,GK++,Sunderland,England,EFL Championship,65,66,64,68,66,47,62,-1
Alex Moreno Paz,Moreno Paz,CB++,Millonarios,Colombia,Libertadores,65,53,28,42,50,65,69,-1
Albie Morgan,Morgan,CM++,Blackpool,England,EFL League One,65,71,57,67,64,55,65,-1
Aaron Morley,Morley,CM++,Wycombe,England,EFL League One,65,67,60,67,64,61,71,-1
Luca Moro,Moro,ST++,Sassuolo,Italy,Serie BKT,65,66,64,45,65,22,62,-1
Kevin Mouanga,Mouanga,CB++,Lausanne-Sport,France,CSSL,65,38,31,45,42,66,73,-1
Matías Moya,Moya,LW++,Colo-Colo,Argentina,Libertadores,65,74,59,62,67,45,48,-1
Sebastian Mrowca,Mrowca,CDM++,Preußen Münster,Poland,Bundesliga 2,65,73,47,58,62,62,73,-1
Jake Mulraney,Mulraney,LM++,St. Pats,Republic of Ireland,SSE Airtricity PD,65,83,57,61,67,44,58,-1
Alessandro Murgia,Murgia,CM++,FC Hermannstadt,Italy,SUPERLIGA,65,41,63,63,63,66,61,-1
Saidt Mustafá,Mustafá,GK++,Nacional Potosí,Bolivia,Sudamericana,65,65,64,62,63,26,66,-1
Taras Mykhavko,Mykhavko,CB++,Dynamo Kyiv,Ukraine,Ukrayina Liha,65,64,30,50,56,66,62,-1
Andrew Nabbout,Nabbout,RM++,Melbourne City,Australia,A-League,65,78,65,61,67,47,73,-1
Dylan Nandín,Nandín,ST++,Racing Club,Uruguay,Sudamericana,65,56,70,42,61,23,64,-1
Mohamed Nassoh,Nassoh,CAM++,Sparta Rotterdam,Morocco,Eredivisie,65,69,64,61,68,42,53,-1
Basilio Ndong Nchama,Basilio Ndong,LB++,Univ. Craiova,Equatorial Guinea,SUPERLIGA,65,79,38,59,64,60,70,-1
Logan Ndenbe,Ndenbe,LB++,Sporting KC,Belgium,MLS,65,78,29,58,66,60,67,-1
John Nelson,Nelson,LB++,LA Galaxy,United States,MLS,65,81,27,48,60,60,60,-1
András Németh,Németh,ST++,Preußen Münster,Hungary,Bundesliga 2,65,74,62,44,65,20,68,-1
Ruslan Neshcheret,Neshcheret,GK++,Dynamo Kyiv,Ukraine,Ukrayina Liha,65,65,62,66,66,27,64,-1
Steve Ngoura,Ngoura,ST++,Havre AC,France,Ligue 1 Uber Eats,65,63,65,48,65,19,53,-1
Babacar Niasse,Niasse,GK++,En Avant Guingamp,Mauritania,Ligue 2 BKT,65,73,64,59,68,29,55,-1
Sam Nicholson,Nicholson,RM++,Motherwell,Scotland,cinch Prem,65,83,57,57,65,44,61,-1
Marc Nielsen,Nielsen,LB++,AaB,Denmark,3F Superliga,65,67,36,54,59,62,60,-1
Reuven Niemeijer,Niemeijer,CAM++,RKC Waalwijk,Netherlands,Eredivisie,65,52,65,60,65,48,65,-1
Georgios Nikas,Nikas,CM++,Panathinaikos,Greece,Hellas Liga,65,73,60,61,65,62,76,-1
Đorđe Nikolić,Nikolić,GK++,Sivasspor,Serbia,Trendyol Süper Lig,65,65,66,63,67,28,62,-1
Claus Niyukuri,Niyukuri,CB++,FK Haugesund,Burundi,Eliteserien,65,80,35,54,60,62,75,-1
David Noboa,Noboa,CDM++,Dep. Cuenca,Ecuador,Sudamericana,65,72,61,62,65,60,72,-1
André Nogueira Gomes,André Gomes,GK++,SL Benfica,Portugal,Liga Portugal,65,66,62,61,67,41,64,-1
John Olav Norheim,Norheim,CB++,HamKam Fotball,Norway,Eliteserien,65,33,43,55,53,63,77,-1
Toto Nsiala,Nsiala,CB++,Shrewsbury,Congo DR,EFL League One,65,62,38,48,48,63,80,-1
Maximiliano Núñez,Núñez,RW++,Universitario,Argentina,Sudamericana,65,79,59,62,65,49,53,-1
Mardochee Nzita,Nzita,LM++,Sp. Charleroi,Belgium,1A Pro League,65,64,46,60,67,60,50,-1
Ollie O'Neill,O'Neill,LM++,Leyton Orient,Republic of Ireland,EFL League One,65,79,58,60,65,46,59,-1
Răzvan Oaidă,Oaidă,CM++,FC Rapid 1923,Romania,SUPERLIGA,65,75,63,62,65,66,73,-1
Rafael Obrador Burguera,Obrador,LB++,RC Deportivo,Spain,LALIGA HYPERMOTION,65,78,31,48,57,61,63,-1
Nico Ochojski,Ochojski,RB++,Jahn Regensburg,Germany,Bundesliga 2,65,78,53,58,60,58,67,-1
Akin Odimayo,Odimayo,RB++,Northampton,England,EFL League One,65,75,34,49,61,63,74,-1
Rodrigo Odriozola,Odriozola,GK++,Racing Club,Uruguay,Sudamericana,65,64,64,65,65,47,67,-1
Nnamdi Ofoborh,Ofoborh,CDM++,Swindon Town,Nigeria,EFL League Two,65,71,54,57,64,62,70,-1
Sebastian Ohlsson,Ohlsson,RB++,IFK Göteborg,Sweden,Allsvenskan,65,61,61,56,63,63,69,-1
Osarenren Okungbowa,Okungbowa,CB++,WSG Tirol,Austria,Ö. Bundesliga,65,66,46,56,55,61,76,-1
Davíð Kristján Ólafsson,Ólafsson,LB++,Cracovia,Iceland,PKO BP Ekstraklasa,65,76,48,63,62,58,71,-1
Christopher Olivares,Olivares,ST++,Universitario,Peru,Libertadores,65,68,64,54,67,34,61,-1
Afonso Oliveira Rodrigues,Afonso Rodrigues,LM++,FC Famalicão,Portugal,Liga Portugal,65,73,67,61,65,31,53,-1
Wenderson Oliviera,Wenderson,CM++,IFK Värnamo,Brazil,Allsvenskan,65,83,55,62,70,52,65,-1
Tuomas Ollila,Ollila,LB++,Paris FC,Finland,Ligue 2 BKT,65,79,57,60,62,58,57,-1
Ervin Omić,Omić,CDM++,Wolfsberger AC,Austria,Ö. Bundesliga,65,64,51,62,63,61,71,-1
Răzvan Onea,Onea,RB++,FC Rapid 1923,Romania,SUPERLIGA,65,82,58,55,62,58,69,-1
Sakarias Opsahl,Opsahl,CM++,SK Brann,Norway,Eliteserien,65,68,57,65,65,61,65,-1
Joel Filipe Organista da Silva,Joel Silva,CM++,Boavista FC,Portugal,Liga Portugal,65,73,60,60,66,56,65,-1
Jacob Ortmark,Ortmark,CM++,IFK Norrköping,Sweden,Allsvenskan,65,67,58,64,68,59,66,-1
Moritz Oswald,Oswald,CM++,SK Rapid Wien,Austria,Ö. Bundesliga,65,68,60,62,67,61,67,-1
Filip Ottosson,Ottosson,CDM++,Sandefjord,Sweden,Eliteserien,65,64,51,65,62,59,66,-1
Zié Mohamed Ouattara,Ouattara,RB++,Radomiak Radom,Côte d'Ivoire,PKO BP Ekstraklasa,65,74,49,59,66,59,65,-1
Kolja Oudenne,Oudenne,CAM++,Hannover 96,Sweden,Bundesliga 2,65,69,58,62,68,29,57,-1
Prince Owusu,Owusu,ST++,Toronto FC,Germany,MLS,65,70,64,47,58,36,74,-1
Yusuf Özdemir,Özdemir,LM++,Alanyaspor,Türkiye,Trendyol Süper Lig,65,83,43,59,65,57,67,-1
Bahadır Öztürk,Öztürk,CB++,Antalyaspor,Türkiye,Trendyol Süper Lig,65,36,31,43,46,66,71,-1
Steven Pabón,Pabón,CB++,Metropolitanos,Venezuela,Sudamericana,65,67,42,46,57,65,68,-1
Fabrizio Paghera,Paghera,CM++,Brisigonza,Italy,Serie BKT,65,75,50,62,66,54,51,-1
Pablo Pagis,Pagis,ST++,FC Lorient,France,Ligue 2 BKT,65,61,66,47,64,21,56,-1
Byron Palacios,Palacios,ST++,U. Católica,Ecuador,Sudamericana,65,76,65,56,64,30,62,-1
James Pantemis,Pantemis,GK++,Portland Timbers-Thorns,Canada,MLS,65,65,63,54,66,36,65,-1
Eduard Pap,Pap,GK++,FC Botoșani,Romania,SUPERLIGA,65,68,65,59,68,35,62,-1
Paul Papp,Papp,CB++,FC Petrolul,Romania,SUPERLIGA,65,52,50,55,53,64,69,-1
Luis Paradela,Paradela,LW++,Univ. Craiova,Cuba,SUPERLIGA,65,81,61,61,67,25,53,-1
Luis Paredes,Paredes,RM++,Millonarios,Colombia,Libertadores,65,67,63,59,65,30,55,-1
Jung In Park,Park Jung In,ST++,Daejeon Citizen,Korea Republic,K League 1,65,75,65,59,63,36,62,-1
Jorge Pascual Medina,Jorge Pascual,ST++,SD Eibar,Spain,LALIGA HYPERMOTION,65,65,65,62,66,34,59,-1
Raul Paula,Paula,CAM++,NAC Breda,Germany,Eredivisie,65,70,64,63,66,40,60,-1
Branko Pavić,Pavić,CDM++,Dinamo Zagreb,Croatia,Liga Hrvatska,65,65,41,66,66,57,66,-1
Jack Payne,Payne,CM++,Colchester,England,EFL League Two,65,73,62,63,71,51,46,-1
Nehuén Paz,Paz,CB++,Tigre,Argentina,LPF,65,33,41,53,50,65,70,-1
Tom Pearce,Pearce,LB++,CF Montréal,England,MLS,65,69,52,60,62,61,62,-1
Halil İbrahim Pehlivan,Pehlivan,LB++,Çaykur Rizespor,Türkiye,Trendyol Süper Lig,65,70,48,55,61,62,68,-1
Andrés Perea,Perea,CDM++,New York City FC,United States,MLS,65,72,50,59,64,63,68,-1
Gabriel Roberto Pereira,Gabriel Pereira,GK++,Apoel FC,Brazil,Liga Cyprus,65,64,66,64,67,27,66,-1
Romário Pereira Sipião,Romário,CM++,Kalmar FF,Brazil,Allsvenskan,65,45,60,65,74,46,67,-1
Juan Daniel Pérez,Pérez,RB++,Guaraní,Paraguay,Sudamericana,65,66,34,59,57,61,70,-1
Erick Perleche,Perleche,RB++,Dep. Garcilaso,Peru,Sudamericana,65,72,48,54,61,60,62,-1
Noah Persson,Persson,LB++,BSC Young Boys,Sweden,CSSL,65,76,52,58,65,58,54,-1
Kamil Pestka,Pestka,CB++,Raków,Poland,PKO BP Ekstraklasa,65,77,40,60,63,65,72,-1
Stefano Pettinari,Pettinari,ST++,Reggiana,Italy,Serie BKT,65,77,63,55,68,27,73,-1
Luca Philipp,Philipp,GK++,TSG Hoffenheim,Germany,Bundesliga,65,63,62,59,67,26,67,-1
Lebogang Phiri,Phiri,CDM++,En Avant Guingamp,South Africa,Ligue 2 BKT,65,73,51,61,68,65,58,-1
Fabian Piasecki,Piasecki,ST++,Piast Gliwice,Poland,PKO BP Ekstraklasa,65,76,66,57,63,35,77,-1
Arthur Piedfort,Piedfort,CDM++,KVC Westerlo,Belgium,1A Pro League,65,65,32,48,53,63,68,-1
Tomasz Pieńko,Pieńko,LM++,Zagłębie Lubin,Poland,PKO BP Ekstraklasa,65,68,59,56,67,18,60,-1
Juan Pablo Pignani,Pignani,CB++,Platense,Argentina,LPF,65,55,37,54,62,65,72,-1
Freddie Ladapo,Ladapo,ST++,Ipswich,England,Premier League,65,75,64,47,62,25,71,-1
Giovanni Leoni,Leoni,CB++,Parma,Italy,Serie A TIM,65,55,27,41,47,66,64,-1
Freddie Ladapo,Ladapo,ST++,Huddersfield,England,EFL League One,65,75,64,47,62,25,71,-1
Abdullah Al Mayoof,Al Mayoof,GK++,Al Shabab,Saudi Arabia,ROSHN Saudi League,65,57,70,74,61,27,70,-1
Tobias Børkeeiet,Børkeeiet,CDM++,SK Rapid Wien,Norway,Ö. Bundesliga,65,53,51,58,60,63,74,-1
Andreas Bruus,Bruus,RB++,AaB,Denmark,3F Superliga,65,79,53,63,62,58,67,-1
Adam Ståhl,Ståhl,LB++,Djurgårdens IF,Finland,Allsvenskan,65,75,60,61,64,59,71,-1
Gavin Kilkenny,Kilkenny,CM++,Swindon Town,Republic of Ireland,EFL League Two,65,60,53,64,67,60,55,-1
Eliano Reijnders,Reijnders,LM++,PEC Zwolle,Indonesia,Eredivisie,65,77,53,61,68,53,46,-1
Youssouph Badji,Badji,ST++,AGF,Senegal,3F Superliga,65,70,62,51,64,28,71,-1
Francesco Lo Celso,Lo Celso,LM++,Instituto,Argentina,LPF,65,68,56,67,65,56,57,-1
Renné Rivas,Rivas,LB++,Al Taawoun,Venezuela,ROSHN Saudi League,65,70,44,65,65,61,65,-1
Ömer Beyaz,Beyaz,CAM++,Başakşehir,Türkiye,Trendyol Süper Lig,65,65,54,64,73,47,38,-1
Jonas Sterner,Sterner,RB++,Dynamo Dresden,Germany,3. Liga,65,80,43,61,64,60,62,-1
Samson Okikiola Tijani,Tijani,CM++,Fredrikstad FK,Nigeria,Eliteserien,65,72,51,62,65,64,68,-1
Ayoub Jabbari,Jabbari,ST++,Grenoble Foot 38,Morocco,Ligue 2 BKT,65,63,63,53,61,26,66,-1
Noah Persson,Persson,LB++,Grasshopper Club,Sweden,CSSL,65,76,52,58,65,58,54,-1
Daniel Jebbison,Jebbison,ST++,Watford,England,EFL Championship,65,78,62,49,63,30,72,-1
Karol Knap,Knap,CM++,Stal Mielec,Poland,PKO BP Ekstraklasa,65,63,57,63,63,61,73,-1
Sadik Fofana,Fofana,CB++,Leverkusen,Togo,Bundesliga,65,69,45,57,58,62,73,-1
Alfie Devine,Devine,CAM++,KVC Westerlo,England,1A Pro League,65,66,59,63,65,52,57,-1
Maximiliano González,González,CDM++,Defensa,Argentina,Sudamericana,65,56,52,57,62,63,70,-1
Bailey Cadamarteri,Cadamarteri,ST++,Lincoln City,England,EFL League One,65,76,63,47,62,32,61,-1
Nectarios Triantis,Triantis,CB++,Hibernian,Australia,cinch Prem,65,57,34,56,48,63,70,-1
Álvaro Daniel Rodríguez Muñoz,Álvaro,ST++,Getafe CF,Uruguay,LALIGA EA SPORTS,65,68,63,59,63,22,55,-1
Soichiro Kozuki,Kozuki,RM++,1860 München,Japan,3. Liga,65,76,52,60,70,43,51,-1
Gustavo Puerta,Puerta,CM++,Hull City,Colombia,EFL Championship,65,65,58,62,66,59,60,-1
Ayanda Sishuba,Sishuba,CAM++,Hellas Verona,Belgium,Serie A TIM,65,71,60,60,73,32,40,-1
Facundo González,González,CB++,Feyenoord,Uruguay,Eredivisie,65,53,31,50,45,66,66,-1
Razvan Oaida,Oaida,CM++,FC Univ. Cluj,Romania,SUPERLIGA,65,75,63,62,65,66,73,-1
Ben Folami,Folami,LW++,Adelaide United,Australia,A-League,65,81,58,57,69,26,66,-1
Blaž Kramer,Kramer,ST++,Konyaspor,Slovenia,Trendyol Süper Lig,65,73,64,54,63,36,69,-1
Denis Haru?,Haru?,CB++,Sepsi OSK,Romania,SUPERLIGA,65,72,41,60,58,64,71,-1
Liam Shaw,Shaw,CM++,Fleetwood Town,England,EFL League Two,65,68,57,60,67,60,72,-1
Rémy Vita,Vita,LB++,Amiens SC,Comoros,Ligue 2 BKT,65,68,44,62,68,60,51,-1
Reda Belahyane,Belahyane,CDM++,Hellas Verona,Morocco,Serie A TIM,65,50,46,59,68,66,42,-1
Fisnik Asllani,Asllani,ST++,SV Elversberg,Kosovo,Bundesliga 2,65,59,66,49,65,25,61,-1
Damion Downs,Downs,ST++,1. FC Köln,Germany,Bundesliga 2,65,68,65,51,60,24,58,-1
Ed McGinty,McGinty,GK++,Oxford United,Republic of Ireland,EFL Championship,65,66,63,59,66,51,65,-1
Jake Garrett,Garrett,CDM++,Blackburn Rovers,England,EFL Championship,65,65,53,60,63,61,67,-1
Lewis Dobbin,Dobbin,LM++,Norwich,England,EFL Championship,65,79,62,57,68,41,52,-1
Paulos Abraham,Abraham,LM++,FC Groningen,Sweden,Eredivisie,65,81,61,56,68,28,57,-1
Jong Eun Lim,Lim Jong Eun,CB++,Daejeon Citizen,Korea Republic,K League 1,65,49,38,52,51,64,69,-1
Ed McGinty,McGinty,GK++,Shamrock Rovers,Republic of Ireland,SSE Airtricity PD,65,66,63,59,66,51,65,-1
Diego Collado Raya,Collado,ST++,CD Eldense,Spain,LALIGA HYPERMOTION,65,62,67,62,64,34,54,-1
Andrés Salazar,Salazar,LB++,Atl. Nacional,Colombia,Liga Colombia,65,74,35,57,59,60,63,-1
Dylan Nandín,Nandín,ST++,Arouca,Uruguay,Liga Portugal,65,56,70,42,61,23,64,-1
Alex Bono,Bono,GK++,New England,United States,MLS,65,64,63,62,69,34,61,-1
Jamie McCart,McCart,CB++,Hearts,Scotland,cinch Prem,65,65,32,43,55,64,74,-1
Yilson Rosales,Rosales,RB++,Alianza FC,Colombia,Sudamericana,65,73,25,45,55,61,59,-1
Ke Li,Li Ke,CM++,Shanghai Shenhua,China PR,CSL,65,75,61,62,66,62,69,-1
Ruben Roosken,Roosken,LB++,Huddersfield,Netherlands,EFL League One,65,79,38,53,65,59,64,-1
Nohan Kenneh,Kenneh,CDM++,Ross County,Liberia,cinch Prem,65,53,51,59,60,62,71,-1
Neil Farrugia,Farrugia,RM++,Barnsley,Republic of Ireland,EFL League One,65,84,54,57,63,55,66,-1
Calvin Ramsay,Ramsay,RB++,Liverpool,Scotland,Premier League,65,76,46,61,64,58,64,-1
Steve Ngoura,Ngoura,ST++,Cercle Brugge,France,1A Pro League,65,63,65,48,65,19,53,-1
Ariel Lassiter,Lassiter,LM++,Portland Timbers-Thorns,Costa Rica,MLS,65,81,63,57,65,38,57,-1
Tyler Wolff,Wolff,LM++,Real Salt Lake,United States,MLS,65,72,48,64,67,44,58,-1
Jhojan Valencia,Valencia,CDM++,Uni. Católica,Colombia,Sudamericana,65,69,52,61,67,61,62,-1
Aaron Morley,Morley,CM++,Bolton,England,EFL League One,65,67,60,67,64,61,71,-1
Ryotaro Tsunoda,Tsunoda,CB++,KV Kortrijk,Japan,1A Pro League,65,59,29,50,55,68,57,-1
Kevin Kelsy,Kelsy,ST++,Shakhtar Donetsk,Venezuela,Ukrayina Liha,65,77,66,47,61,27,55,-1
Alexandru Cîmpanu,Cîmpanu,RM++,FC Botoșani,Romania,SUPERLIGA,65,78,60,59,67,35,59,-1
Liam Shaw,Shaw,CM++,Northampton,England,EFL League One,65,68,57,60,67,60,72,-1
Rodrigo Fernández,Fernández,CM++,Independiente,Uruguay,LPF,65,42,59,66,61,60,70,-1
Lewis Warrington,Warrington,CDM++,Salford City,England,EFL League Two,65,66,51,62,66,61,65,-1
Rodrigo Herrera,Herrera,CDM++,Platense,Argentina,LPF,65,58,50,60,60,63,69,-1
André Becker,Becker,ST++,SV Waldhof,Brazil,3. Liga,65,55,64,41,59,28,76,-1
Samuel Silvera,Silvera,LM++,Blackpool,Australia,EFL League One,65,73,59,58,69,36,60,-1
Dilan Markanday,Markanday,RM++,Leyton Orient,England,EFL League One,65,77,62,58,71,24,48,-1
Jack Sparkes,Sparkes,LB++,Chesterfield,England,EFL League Two,65,70,46,62,63,59,64,-1
Tommaso Corazza,Corazza,LB++,Salernitana,Italy,Serie BKT,65,66,56,61,67,65,58,-1
Matthew Cox,Cox,GK++,Crawley Town,England,EFL League One,65,67,63,65,66,30,65,-1
Matt Butcher,Butcher,CM++,Bristol Rovers,England,EFL League One,65,56,60,63,62,62,74,-1
Terry Taylor,Taylor,CDM++,Northampton,Wales,EFL League One,65,58,55,64,62,62,67,-1
Elliot Watt,Watt,CDM++,St. Johnstone,Scotland,cinch Prem,65,67,53,65,66,59,67,-1
Muhammed Gümüskaya,Gümüskaya,LM++,Gaziantep,Türkiye,Trendyol Süper Lig,65,72,61,64,66,53,58,-1
Tom Lowery,Lowery,CM++,Crewe Alexandra,England,EFL League Two,65,73,56,64,70,59,51,-1
Calvin Ramsay,Ramsay,RB++,Kilmarnock,Scotland,cinch Prem,65,76,46,61,64,58,64,-1
Prince Owusu,Owusu,ST++,CF Montréal,Germany,MLS,65,70,64,47,58,36,74,-1
Oliver Batista Meier,Batista Meier,CAM++,SSV Ulm 1846,Germany,Bundesliga 2,65,73,63,60,71,31,45,-1
Florián Monzón,Monzón,ST++,Vélez Sarsfield,Argentina,LPF,65,66,67,50,59,28,63,-1
Jinxian Wang,Wang Jinxian,LM++,Wuhan 3 Towns,China PR,CSL,65,81,51,58,64,48,66,-1
Agustín Alaniz,Alaniz,RW++,Banfield,Uruguay,LPF,65,73,65,54,68,37,57,-1
Chao He,He Chao,CDM++,Henan SSLM FC,China PR,CSL,65,74,55,62,62,62,76,-1
Kevin Kelsy,Kelsy,ST++,Portland Timbers-Thorns,Venezuela,MLS,65,77,66,47,61,27,55,-1
Alexander Jensen,Jensen,RB++,Aberdeen,Denmark,cinch Prem,65,76,58,61,63,60,66,-1
Ludvig Fritzson,Fritzson,CM++,Zagłębie Lubin,Sweden,PKO BP Ekstraklasa,65,72,62,61,65,61,76,-1
Lautaro Ríos,Ríos,CM++,Banfield,Argentina,LPF,65,63,51,61,64,62,58,-1
Nkosi Tafari,Tafari,CB++,LAFC,United States,MLS,65,57,36,47,54,65,75,-1
Philipp Maier,Maier,CDM++,1860 München,Germany,3. Liga,65,58,59,57,62,63,74,-1
Carl Winchester,Winchester,CM++,Derry City,Northern Ireland,SSE Airtricity PD,65,73,60,64,66,59,74,-1
Matko Miljevic,Miljevic,CAM++,Huracán,United States,LPF,65,58,60,63,71,44,57,-1
Jung In Park,Park Jung In,ST++,GwangJu FC,Korea Republic,K League 1,65,75,65,59,63,36,62,-1
Tomás Porra,Porra,CAM++,Barracas Central,Argentina,LPF,65,64,53,66,68,51,53,-1
Alex Lowry,Lowry,CAM++,Wycombe,Scotland,EFL League One,65,65,59,64,68,34,56,-1
Sadik Fofana,Fofana,CB++,Grazer AK,Togo,Ö. Bundesliga,65,69,45,57,58,62,73,-1
