Nombre,Alias,Posición,Club,Nación,Liga,OVR,PAC,SHO,PAS,DRI,DEF,PHY,Precio
Daizen Maeda,Maeda,LW++,Celtic,Japan,cinch Prem,74,93,71,65,75,60,74,3510
James Forrest,Forrest,RW++,Celtic,Scotland,cinch Prem,74,77,72,70,74,49,54,3240
Greg Taylor,Taylor,LB++,Celtic,Scotland,cinch Prem,74,72,55,73,73,71,73,3510
Mohammed Diomande,Diomande,CDM++,Rangers,Côte d'Ivoire,cinch Prem,74,76,68,72,79,68,71,3510
Danilo Pereira Da Silva,Danilo,ST++,Rangers,Brazil,cinch Prem,74,74,74,61,74,25,70,3240
Rıdvan Yılmaz,Yılmaz,LB++,Rangers,Türkiye,cinch Prem,74,86,56,67,78,68,62,3510
Nedim Bajrami,Bajrami,CAM++,Sassuolo,Albania,Serie BKT,74,75,68,73,77,58,65,3510
John Souttar,Souttar,CB++,Rangers,Scotland,cinch Prem,74,73,48,63,70,73,77,3510
Alexander Schlager,Schlager,GK++,RB Salzburg,Austria,Ö. Bundesliga,74,73,72,66,76,46,73,3510
Viktor Claesson,Claesson,CM++,F.C. København,Sweden,3F Superliga,74,72,71,72,76,63,76,3510
Rasmus Falk,Falk,CM++,F.C. København,Denmark,3F Superliga,74,75,55,70,81,66,69,3510
Carl Starfelt,Starfelt,CB++,RC Celta,Sweden,LALIGA EA SPORTS,74,75,31,53,68,74,76,3240
Niklas Stark,Stark,CB++,SV Werder Bremen,Germany,Bundesliga,74,74,50,62,66,74,76,3510
Thomas Strakosha,Strakosha,GK++,AEK Athens,Albania,Hellas Liga,74,74,73,72,75,43,71,3510
Pascal Struijk,Struijk,CB++,Leeds United,Netherlands,EFL Championship,74,56,46,59,64,74,78,3240
Luka Sučić,Sučić,CAM++,Real Sociedad,Croatia,LALIGA EA SPORTS,74,79,73,74,74,49,69,3510
Stoppila Sunzu,Sunzu,CB++,Changchun Yatai,Zambia,CSL,74,43,41,49,51,74,83,3240
Tomáš Suslov,Suslov,RM++,Hellas Verona,Slovakia,Serie A TIM,74,78,71,72,76,52,71,3510
Attila Szalai,Szalai,CB++,TSG Hoffenheim,Hungary,Bundesliga,74,72,45,62,63,74,79,3240
Damian Szymański,Szymański,CDM++,AEK Athens,Poland,Hellas Liga,74,70,64,65,68,73,81,3510
Flavien Tait,Tait,CM++,Samsunspor,France,Trendyol Süper Lig,74,68,71,74,75,67,71,3510
Matt Targett,Targett,LB++,Newcastle Utd,England,Premier League,74,65,47,71,70,73,66,3240
Kenneth Taylor,Taylor,CM++,Ajax,Netherlands,Eredivisie,74,74,68,76,74,60,69,3510
Nahuel Tenaglia,Tenaglia,RB++,D. Alavés,Argentina,LALIGA EA SPORTS,74,71,43,65,72,74,79,3510
Arnau Tenas Ureña,Arnau Tenas,GK++,Paris SG,Spain,Ligue 1 Uber Eats,74,73,70,80,77,52,72,3510
William Tesillo,Tesillo,CB++,Atl. Nacional,Colombia,Liga Colombia,74,64,29,62,67,76,74,3240
Phillip Tietz,Tietz,ST++,FC Augsburg,Germany,Bundesliga,74,65,74,56,68,33,79,3240
Karl Toko Ekambi,Toko Ekambi,LW++,Ettifaq FC,Cameroon,ROSHN Saudi League,74,83,74,69,75,24,70,3240
Luis Henrique Tomaz de Lima,Luis Henrique,LM++,OM,Brazil,Ligue 1 Uber Eats,74,82,67,71,73,45,72,3510
Pablo Torre Carral,Pablo Torre,CAM++,FC Barcelona,Spain,LALIGA EA SPORTS,74,72,64,76,76,45,53,3240
Facundo Torres,Torres,RM++,Orlando City,Uruguay,MLS,74,81,70,69,74,38,54,3240
Jordan Torunarigha,Torunarigha,CB++,KAA Gent,Nigeria,1A Pro League,74,82,41,63,63,74,76,3240
Cenk Tosun,Tosun,ST++,Fenerbahçe,Türkiye,Trendyol Süper Lig,74,66,75,67,71,36,72,3240
Adama Traoré,Traoré,RW++,Ferencvárosi TC,Mali,Magyar Liga,74,87,71,65,75,23,60,3240
Stefano Turati,Turati,GK++,Monza,Italy,Serie A TIM,74,75,71,71,78,35,74,3510
Matt Turner,Turner,GK++,Nott'm Forest,United States,Premier League,74,74,72,67,74,40,73,3510
Gennaro Tutino,Tutino,ST++,Sampdoria,Italy,Serie BKT,74,81,76,68,74,38,66,3510
Ayase Ueda,Ueda,ST++,Feyenoord,Japan,Eredivisie,74,75,75,57,68,28,70,3240
Filip Ugrinic,Ugrinic,CAM++,BSC Young Boys,Switzerland,CSSL,74,77,72,74,75,68,84,3780
Sven Ulreich,Ulreich,GK++,FC Bayern München,Germany,Bundesliga,74,75,69,62,79,41,73,3240
Nicolai Vallys,Vallys,CAM++,Brøndby IF,Denmark,3F Superliga,74,81,68,71,75,35,75,3510
Milan van Ewijk,van Ewijk,RB++,Coventry City,Netherlands,EFL Championship,74,92,57,64,71,69,71,3510
Ricky van Wolfswinkel,van Wolfswinkel,ST++,FC Twente,Netherlands,Eredivisie,74,66,74,69,70,48,73,3510
Vladyslav Vanat,Vanat,ST++,Dynamo Kyiv,Ukraine,Ukrayina Liha,74,79,74,59,73,26,64,3240
Nuno Albertino Varela Tavares,Nuno Tavares,LB++,Latium,Portugal,Serie A TIM,74,84,65,69,72,68,76,3510
Johan Vásquez,Vásquez,CB++,Genoa,Mexico,Serie A TIM,74,61,32,58,57,74,75,3240
Unai Vencedor Paris,Unai Vencedor,CM++,R. Racing Club,Spain,LALIGA HYPERMOTION,74,62,68,73,74,74,73,3510
Yorbe Vertessen,Vertessen,ST++,Union Berlin,Belgium,Bundesliga,74,89,73,66,74,34,70,3510
Arturo Vidal,Vidal,CM++,Colo-Colo,Chile,Libertadores,74,55,74,76,72,76,75,3510
Tonny Vilhena,Vilhena,CM++,Panathinaikos,Netherlands,Hellas Liga,74,70,72,75,74,73,76,3510
Antonio Villa Suárez,Toni Villa,LM++,Girona FC,Spain,LALIGA EA SPORTS,74,74,65,73,76,53,48,3240
Iván Villar Martínez,Iván Villar,GK++,RC Celta,Spain,LALIGA EA SPORTS,74,73,72,71,76,32,74,3240
Odysseas Vlachodimos,Vlachodimos,GK++,Newcastle Utd,Greece,Premier League,74,75,73,66,74,43,74,3510
Jed Wallace,Wallace,RM++,West Brom,England,EFL Championship,74,76,68,71,73,45,66,3240
Tsuyoshi Watanabe,Watanabe,CB++,KAA Gent,Japan,1A Pro League,74,77,29,47,55,75,76,3240
Timothy Weah,Weah,RM++,Juventus,United States,Serie A TIM,74,85,70,67,75,63,69,3510
Ashley Westwood,Westwood,CDM++,Charlotte FC,England,MLS,74,54,64,75,71,70,73,3510
Ben Whiteman,Whiteman,CDM++,Preston,England,EFL Championship,74,64,65,74,69,68,77,3510
Morgan Whittaker,Whittaker,RW++,Plymouth Argyle,England,EFL Championship,74,78,73,67,74,38,65,3240
Silvan Widmer,Widmer,RB++,1. FSV Mainz 05,Switzerland,Bundesliga,74,72,62,70,72,71,77,3510
Christopher Wooh,Wooh,CB++,Stade Rennais FC,Cameroon,Ligue 1 Uber Eats,74,68,45,57,62,73,76,3240
Joe Worrall,Worrall,CB++,Burnley,England,EFL Championship,74,50,25,51,45,75,76,3240
Roman Yaremchuk,Yaremchuk,ST++,Olympiacos FC,Ukraine,Hellas Liga,74,73,72,68,69,44,75,3510
Okay Yokuşlu,Yokuşlu,CDM++,Trabzonspor,Türkiye,Trendyol Süper Lig,74,56,70,70,68,72,81,3510
Christos Zafeiris,Zafeiris,CM++,Slavia Praha,Norway,Česká Liga,74,77,68,72,78,66,75,3510
Arsen Zakharyan,Zakharyan,LM++,Real Sociedad,Russia,LALIGA EA SPORTS,74,79,70,74,72,53,60,3510
Joseba Zaldúa Bengoetxea,Zaldúa,RB++,Cádiz CF,Spain,LALIGA HYPERMOTION,74,66,37,66,67,73,75,3240
Fernando Zampedri,Zampedri,ST++,Uni. Católica,Argentina,Sudamericana,74,58,78,56,68,29,75,3240
Cédric Zesiger,Zesiger,CB++,VfL Wolfsburg,Switzerland,Bundesliga,74,67,43,57,61,73,80,3240
Liel Abada,Abada,RW++,Charlotte FC,Israel,MLS,74,87,72,67,73,41,59,3240
Akor Jerome Adams,Adams,ST++,Montpellier,Nigeria,Ligue 1 Uber Eats,74,81,73,56,70,29,76,3240
Anel Ahmedhodžić,Ahmedhodžić,CB++,Sheffield Utd,Bosnia and Herzegovina,EFL Championship,74,74,41,59,61,74,78,3240
Ludovic Ajorque,Ajorque,ST++,Stade Brestois 29,France,Ligue 1 Uber Eats,74,52,75,62,66,45,84,3240
Kevin Akpoguma,Akpoguma,CB++,TSG Hoffenheim,Nigeria,Bundesliga,74,74,48,59,70,75,74,3510
Ali Al Bulayhi,Al Bulayhi,CB++,Al Hilal,Saudi Arabia,ROSHN Saudi League,74,51,38,43,46,73,85,3240
Sultan Al Ghannam,Al Ghannam,RB++,Al Nassr,Saudi Arabia,ROSHN Saudi League,74,81,60,73,75,66,68,3510
Rubén Alcaraz Jiménez,Rubén Alcaraz,CM++,Cádiz CF,Spain,LALIGA HYPERMOTION,74,51,71,76,71,73,81,3510
Samuel Almeida Costa,Samú Costa,CDM++,RCD Mallorca,Portugal,LALIGA EA SPORTS,74,62,63,67,68,70,73,3510
Sergio Álvarez Díaz,Sergio Álvarez,CDM++,SD Eibar,Spain,LALIGA HYPERMOTION,74,56,65,67,67,70,82,3510
Carlos Vinícius Alves Morais,Vinícius,ST++,Fulham,Brazil,Premier League,74,70,75,60,69,41,79,3240
Julian Araujo,Araujo,RB++,AFC Bournemouth,Mexico,Premier League,74,90,33,62,69,70,75,3240
Sergio Arribas Calvo,Arribas,CAM++,UD Almería,Spain,LALIGA HYPERMOTION,74,69,76,70,76,32,51,3240
Takuma Asano,Asano,RM++,RCD Mallorca,Japan,LALIGA EA SPORTS,74,86,68,63,77,33,70,3240
Lorenz Assignon,Assignon,RB++,Stade Rennais FC,France,Ligue 1 Uber Eats,74,74,51,63,72,70,67,3240
Eduard Atuesta,Atuesta,CM++,LAFC,Colombia,MLS,74,63,57,75,76,67,70,3510
Ludwig Augustinsson,Augustinsson,LB++,RSC Anderlecht,Sweden,1A Pro League,74,66,59,74,67,73,71,3510
Gabriel Ávalos,Ávalos,ST++,Independiente,Paraguay,LPF,74,67,74,61,73,46,82,3510
Ousseynou Ba,Ba,CB++,Başakşehir,Senegal,Trendyol Süper Lig,74,69,31,46,55,74,80,3240
Patrick Bamford,Bamford,ST++,Leeds United,England,EFL Championship,74,74,72,68,71,41,74,3510
Keidi Bare,Bare,CDM++,Real Zaragoza,Albania,LALIGA HYPERMOTION,74,72,55,67,72,71,77,3510
Vasilios Barkas,Barkas,GK++,FC Utrecht,Greece,Eredivisie,74,74,72,73,75,42,72,3510
Nahuel Barrios,Barrios,LW++,San Lorenzo,Argentina,Libertadores,74,90,66,67,79,37,46,3240
Toma Bašić,Bašić,CM++,Latium,Croatia,Serie A TIM,74,43,65,75,72,72,74,3510
Gelson Dany Batalha Martins,Gelson Martins,RM++,Olympiacos FC,Portugal,Hellas Liga,74,86,67,67,81,51,54,3510
Jan Bednarek,Bednarek,CB++,Southampton,Poland,Premier League,74,43,22,55,55,75,77,3240
Armel Bella Kotchap,Bella Kotchap,CB++,Southampton,Germany,Premier League,74,76,25,50,50,74,77,3240
László Bénes,Bénes,CM++,Union Berlin,Slovakia,Bundesliga,74,57,76,76,75,49,66,3240
Manuel Benson,Benson,RM++,Burnley,Angola,EFL Championship,74,82,70,69,78,35,44,3240
Christian Benteke,Benteke,ST++,D.C. United,Belgium,MLS,74,46,75,62,67,32,77,3240
Samuele Birindelli,Birindelli,RB++,Monza,Italy,Serie A TIM,74,83,52,65,71,70,63,3510
Antonio Blanco Conde,Antonio Blanco,CDM++,D. Alavés,Spain,LALIGA EA SPORTS,74,52,57,68,67,70,62,3240
Rubén Blanco Veiga,Rubén Blanco,GK++,OM,Spain,Ligue 1 Uber Eats,74,79,72,73,74,53,70,3510
Arnaud Bodart,Bodart,GK++,Standard Liège,Belgium,1A Pro League,74,77,71,69,74,55,74,3510
Valeriy Bondar,Bondar,CB++,Shakhtar Donetsk,Ukraine,Ukrayina Liha,74,71,32,63,65,75,74,3240
Sebastiaan Bornauw,Bornauw,CB++,VfL Wolfsburg,Belgium,Bundesliga,74,74,45,59,55,74,77,3240
Rubén Botta,Botta,CAM++,Talleres,Argentina,Libertadores,74,81,72,74,76,40,69,3510
Edoardo Bove,Bove,CM++,AS Roma,Italy,Serie A TIM,74,66,68,67,74,74,70,3510
David Brooks,Brooks,RM++,AFC Bournemouth,Wales,Premier League,74,65,69,73,77,48,58,3240
Josh Brownhill,Brownhill,CM++,Burnley,England,EFL Championship,74,66,70,72,73,72,77,3510
Matteo Brunori,Brunori,ST++,Palermo,Italy,Serie BKT,74,79,73,63,75,42,74,3510
Pavel Bucha,Bucha,CDM++,FC Cincinnati,Czechia,MLS,74,71,68,74,75,69,71,3510
Tajon Buchanan,Buchanan,RM++,Lombardia FC,Canada,Serie A TIM,74,92,65,66,74,67,73,3510
Adam Buksa,Buksa,ST++,FC Midtjylland,Poland,3F Superliga,74,63,74,57,68,32,77,3240
Wouter Burger,Burger,CDM++,Stoke City,Netherlands,EFL Championship,74,75,63,69,68,69,80,3510
Juan David Cabal,Cabal,LB++,Juventus,Colombia,Serie A TIM,74,71,38,68,65,74,73,3240
Leandro Cabrera,Cabrera,CB++,RCD Espanyol,Uruguay,LALIGA EA SPORTS,74,54,45,57,53,74,79,3240
Anthony Caci,Caci,LB++,1. FSV Mainz 05,France,Bundesliga,74,69,54,70,70,72,74,3510
Nicolò Cambiaghi,Cambiaghi,LW++,Bologna,Italy,Serie A TIM,74,77,72,65,77,38,68,3240
Todd Cantwell,Cantwell,CAM++,Rangers,England,cinch Prem,74,71,67,71,76,43,52,3240
Elia Caprile,Caprile,GK++,SSC Napoli,Italy,Serie A TIM,74,72,72,72,77,48,74,3510
Daniel Cárdenas Líndez,Dani Cárdenas,GK++,Rayo Vallecano,Spain,LALIGA EA SPORTS,74,74,71,73,77,44,68,3510
José Antonio Caro Díaz,Caro,GK++,Cádiz CF,Spain,LALIGA HYPERMOTION,74,74,70,69,75,38,76,3510
Ramiro Carrera,Carrera,CM++,Lanús,Argentina,Sudamericana,74,79,71,73,73,64,76,3510
Leonardo Carrilho Baptistão,Léo Baptistão,RM++,UD Almería,Brazil,LALIGA HYPERMOTION,74,76,73,69,74,33,69,3240
Fábio Leandro Carvalho,Fábio Carvalho,CAM++,Brentford,Portugal,Premier League,74,77,68,68,77,45,51,3240
Vitor Carvalho Vieira,Vitor Carvalho,CDM++,SC Braga,Brazil,Liga Portugal,74,75,62,64,71,72,75,3510
Milton Casco,Casco,LB++,River Plate,Argentina,Libertadores,74,75,68,74,78,67,76,3510
Daniele Casiraghi,Casiraghi,LM++,Südtirol,Italy,Serie BKT,74,76,70,72,73,50,73,3510
Leonardo Castro,Castro,ST++,Millonarios,Colombia,Libertadores,74,80,76,62,71,32,64,3240
Jonathan Castro Otto,Jonny,RB++,PAOK FC,Spain,Hellas Liga,74,68,54,69,74,74,66,3510
Matías Catalán,Catalán,CB++,Talleres,Chile,Libertadores,74,82,58,66,65,74,78,3510
Daniel Cataño,Cataño,CAM++,Millonarios,Colombia,Libertadores,74,69,69,70,73,46,59,3240
Václav Černý,Černý,RM++,Rangers,Czechia,cinch Prem,74,83,70,66,76,38,64,3240
Enrique García Martínez,Kike García,ST++,D. Alavés,Spain,LALIGA EA SPORTS,74,52,75,64,72,44,72,3240
Johan Gastien,Gastien,CDM++,Clermont Foot 63,France,Ligue 2 BKT,74,42,63,66,69,71,74,3240
Dennis Geiger,Geiger,CDM++,TSG Hoffenheim,Germany,Bundesliga,74,45,53,76,79,64,58,3240
Andreas Gianniotis,Gianniotis,GK++,Kasımpaşa,Greece,Trendyol Süper Lig,74,77,71,66,77,38,71,3510
Robert Glatzel,Glatzel,ST++,Hamburger SV,Germany,Bundesliga 2,74,63,74,48,66,30,79,3240
Wilfried Gnonto,Gnonto,RM++,Leeds United,Italy,EFL Championship,74,87,72,65,79,30,66,3240
Yeimar Gómez Andrade,Gómez Andrade,CB++,Sounders FC,Colombia,MLS,74,66,33,49,57,73,86,3240
Sergio Gómez Martín,Sergio Gómez,LB++,Real Sociedad,Spain,LALIGA EA SPORTS,74,69,70,75,77,69,65,3510
Craig Goodwin,Goodwin,LM++,Al Wehda,Australia,ROSHN Saudi League,74,84,73,72,71,59,76,3510
Jon Gorenc Stanković,Gorenc Stanković,CDM++,SK Sturm Graz,Slovenia,Ö. Bundesliga,74,44,46,59,66,75,82,3240
Andreaw Gravillon,Gravillon,CB++,Adana Demirspor,France,Trendyol Süper Lig,74,70,56,49,55,74,77,3240
Florian Grillitsch,Grillitsch,CB++,TSG Hoffenheim,Austria,Bundesliga,74,66,60,76,75,76,68,3510
Kamil Grosicki,Grosicki,LM++,Pogoń Szczecin,Poland,PKO BP Ekstraklasa,74,84,70,73,75,37,60,3240
Brajan Gruda,Gruda,CAM++,Brighton,Germany,Premier League,74,78,71,69,81,30,67,3240
Gabriel Gudmundsson,Gudmundsson,LB++,LOSC Lille,Sweden,Ligue 1 Uber Eats,74,85,64,69,72,67,72,3510
Evann Guessand,Guessand,ST++,OGC Nice,Côte d'Ivoire,Ligue 1 Uber Eats,74,80,72,56,70,27,70,3240
Rafik Guitane,Guitane,RW++,Estoril Praia,Algeria,Liga Portugal,74,76,66,68,80,31,53,3240
Angus Gunn,Gunn,GK++,Norwich,Scotland,EFL Championship,74,75,71,72,76,48,71,3510
Jon Guridi Aldalur,Guridi,CAM++,D. Alavés,Spain,LALIGA EA SPORTS,74,63,66,70,76,62,56,3240
Emmanuel Gyasi,Gyasi,RM++,Empoli,Ghana,Serie A TIM,74,79,64,67,74,48,70,3510
Janik Haberer,Haberer,CM++,Union Berlin,Germany,Bundesliga,74,58,67,71,74,63,71,3510
Amir Hadžiahmetović,Hadžiahmetović,CDM++,Çaykur Rizespor,Bosnia and Herzegovina,Trendyol Süper Lig,74,71,60,73,72,71,76,3510
Ianis Hagi,Hagi,CAM++,Rangers,Romania,cinch Prem,74,63,72,74,75,36,62,3240
Massadio Haïdara,Haïdara,CB++,RC Lens,Mali,Ligue 1 Uber Eats,74,76,60,64,71,73,78,3510
Haris Hajradinović,Hajradinović,CM++,Kasımpaşa,Bosnia and Herzegovina,Trendyol Süper Lig,74,73,68,77,75,55,68,3510
Hákon Arnar Haraldsson,Haraldsson,LM++,LOSC Lille,Iceland,Ligue 1 Uber Eats,74,76,64,71,77,57,68,3510
Gauthier Hein,Hein,CAM++,FC Metz,France,Ligue 2 BKT,74,78,72,73,79,35,57,3240
Mees Hilgers,Hilgers,CB++,FC Twente,Netherlands,Eredivisie,74,74,43,54,59,75,76,3240
Marwin Hitz,Hitz,GK++,FC Basel 1893,Switzerland,CSSL,74,72,73,75,73,42,79,3510
Emil Holm,Holm,RM++,Bologna,Sweden,Serie A TIM,74,82,61,67,71,66,84,3510
Lewis Holtby,Holtby,CM++,Holstein Kiel,Germany,Bundesliga,74,61,66,75,76,63,67,3510
Robin Hranáč,Hranáč,CB++,TSG Hoffenheim,Czechia,Bundesliga,74,69,39,51,53,73,78,3240
Patrik Hrošovský,Hrošovský,CDM++,KRC Genk,Slovakia,1A Pro League,74,61,71,74,74,70,68,3510
Will Hughes,Hughes,CDM++,Crystal Palace,England,Premier League,74,43,63,75,73,71,63,3240
Omari Hutchinson,Hutchinson,RM++,Ipswich,Jamaica,Premier League,74,80,72,68,77,53,62,3510
Elseid Hysaj,Hysaj,LB++,Latium,Albania,Serie A TIM,74,73,51,66,72,72,69,3510
Vicente Iborra de la Fuente,Iborra,CDM++,Levante UD,Spain,LALIGA HYPERMOTION,74,50,66,72,63,73,79,3510
Juan Antonio Iglesias Sánchez,Juan Iglesias,RB++,Getafe CF,Spain,LALIGA EA SPORTS,74,81,39,61,66,71,70,3240
Kelechi Iheanacho,Iheanacho,ST++,Sevilla FC,Nigeria,LALIGA EA SPORTS,74,71,74,69,75,38,71,3240
Danny Ings,Ings,ST++,West Ham,England,Premier League,74,59,77,69,73,45,61,3240
Jackson Irvine,Irvine,CM++,FC St. Pauli,Australia,Bundesliga,74,64,68,70,70,72,79,3510
Carlos Izquierdoz,Izquierdoz,CB++,Lanús,Argentina,Sudamericana,74,48,53,52,53,73,83,3240
Armando Izzo,Izzo,CB++,Monza,Italy,Serie A TIM,74,45,33,47,64,75,73,3240
Iván Jaime Pajuelo,Iván Jaime,LM++,FC Porto,Spain,Liga Portugal,74,74,73,71,76,51,64,3510
Ismail Jakobs,Jakobs,LB++,AS Monaco,Senegal,Ligue 1 Uber Eats,74,84,60,64,73,67,69,3510
Lucas Janson,Janson,LM++,Boca Juniors,Argentina,Sudamericana,74,85,70,66,77,41,65,3510
Martin Jedlička,Jedlička,GK++,Viktoria Plzeň,Czechia,Česká Liga,74,73,74,70,75,35,72,3240
Tin Jedvaj,Jedvaj,CB++,Panathinaikos,Croatia,Hellas Liga,74,70,51,57,64,74,76,3240
Fredrik Jensen,Jensen,CAM++,FC Augsburg,Finland,Bundesliga,74,68,69,71,74,55,73,3510
Moritz Jenz,Jenz,CB++,VfL Wolfsburg,Germany,Bundesliga,74,63,29,50,55,73,80,3240
Raúl Jiménez,Jiménez,ST++,Fulham,Mexico,Premier League,74,54,76,73,73,45,78,3240
Viktor Johansson,Johansson,GK++,Stoke City,Sweden,EFL Championship,74,75,71,70,77,40,73,3510
Jens Jønsson,Jønsson,CDM++,AEK Athens,Denmark,Hellas Liga,74,72,56,65,70,73,75,3510
Min Kyu Joo,Joo Min Kyu,ST++,Ulsan Hyundai,Korea Republic,K League 1,74,69,76,56,69,44,81,3240
Jesse Joronen,Joronen,GK++,Venezia,Finland,Serie A TIM,74,73,73,69,75,47,74,3510
Václav Jurečka,Jurečka,ST++,Slavia Praha,Czechia,Česká Liga,74,74,74,66,71,49,76,3510
Ferran Jutglà Blanch,Jutglà,ST++,Club Brugge,Spain,1A Pro League,74,76,74,65,77,29,76,3240
Lukáš Kalvach,Kalvach,CM++,Viktoria Plzeň,Czechia,Česká Liga,74,64,64,74,73,72,78,3510
Glen Kamara,Kamara,CDM++,Stade Rennais FC,Finland,Ligue 1 Uber Eats,74,74,58,69,77,69,75,3510
Efecan Karaca,Karaca,CAM++,Alanyaspor,Türkiye,Trendyol Süper Lig,74,79,65,72,77,44,50,3240
Oleksandr Karavaiev,Karavaiev,RB++,Dynamo Kyiv,Ukraine,Ukrayina Liha,74,77,57,70,72,68,65,3510
Naby Keïta,Keïta,CM++,SV Werder Bremen,Guinea,Bundesliga,74,60,71,72,81,67,59,3510
Otar Kiteishvili,Kiteishvili,CAM++,SK Sturm Graz,Georgia,Ö. Bundesliga,74,72,71,71,77,67,58,3510
João Klauss de Mello,Klauss,ST++,St. Louis CITY SC,Brazil,MLS,74,64,74,62,66,36,85,3240
Mateusz Klich,Klich,CM++,D.C. United,Poland,MLS,74,64,70,74,72,65,74,3510
Robin Knoche,Knoche,CB++,1. FC Nürnberg,Germany,Bundesliga 2,74,45,42,54,49,76,72,3240
Konstantinos Koulierakis,Koulierakis,CB++,PAOK FC,Greece,Hellas Liga,74,69,43,56,63,74,75,3240
Alex Král,Král,CDM++,RCD Espanyol,Czechia,LALIGA EA SPORTS,74,70,70,69,74,73,76,3510
Lukas Kübler,Kübler,RB++,SC Freiburg,Germany,Bundesliga,74,82,47,60,67,71,73,3510
Marash Kumbulla,Kumbulla,CB++,RCD Espanyol,Albania,LALIGA EA SPORTS,74,39,32,53,56,77,73,3240
Sven Kums,Kums,CM++,KAA Gent,Belgium,1A Pro League,74,39,69,77,72,72,67,3240
Daler Kuzyaev,Kuzyaev,CM++,Havre AC,Russia,Ligue 1 Uber Eats,74,75,68,73,75,71,70,3510
Adam Lallana,Lallana,CAM++,Southampton,England,Premier League,74,52,70,76,76,63,61,3240
Sam Lammers,Lammers,ST++,FC Twente,Netherlands,Eredivisie,74,66,74,65,76,36,69,3240
Loïc Lapoussin,Lapoussin,LM++,R. Union St.-G.,Madagascar,1A Pro League,74,75,67,70,77,66,72,3510
Gautier Larsonneur,Larsonneur,GK++,AS Saint-Étienne,France,Ligue 1 Uber Eats,74,72,72,72,75,52,73,3510
Hugo Larsson,Larsson,CM++,Frankfurt,Sweden,Bundesliga,74,73,63,67,75,65,73,3510
Antonio Latorre Grueso,Toni Lato,LB++,RCD Mallorca,Spain,LALIGA EA SPORTS,74,77,56,71,71,68,62,3510
Darko Lazović,Lazović,LM++,Hellas Verona,Serbia,Serie A TIM,74,71,72,74,75,65,56,3510
Ivan Ordets,Ordets,CB++,VfL Bochum,Ukraine,Bundesliga,74,54,53,49,46,75,80,3240
Mislav Oršić,Oršić,LM++,Trabzonspor,Croatia,Trendyol Süper Lig,74,78,79,71,74,59,60,3510
Patrick Osterhage,Osterhage,CDM++,SC Freiburg,Germany,Bundesliga,74,76,60,68,73,72,75,3510
Juan Ferney Otero,Otero,ST++,R. Sporting,Colombia,LALIGA HYPERMOTION,74,91,73,67,75,31,75,3510
Dango Ouattara,Ouattara,LM++,AFC Bournemouth,Burkina Faso,Premier League,74,85,68,65,77,47,57,3240
Magomed Ozdoev,Ozdoev,CM++,PAOK FC,Russia,Hellas Liga,74,69,71,74,72,72,71,3510
Luis Palma,Palma,LW++,Celtic,Honduras,cinch Prem,74,77,74,75,75,32,63,3240
Amahl Pellegrino,Pellegrino,LW++,SJ Earthquakes,Norway,MLS,74,84,74,68,73,40,60,3240
Patrick Pentz,Pentz,GK++,Brøndby IF,Austria,3F Superliga,74,73,71,71,76,53,72,3510
Rubén Salvador Pérez del Mármol,Rubén Pérez,CDM++,Panathinaikos,Spain,Hellas Liga,74,46,63,70,65,71,70,3240
Romain Perraud,Perraud,LB++,Real Betis,France,LALIGA EA SPORTS,74,69,72,73,74,71,71,3510
Lucas Perrin,Perrin,CB++,Strasbourg,France,Ligue 1 Uber Eats,74,44,35,55,59,76,73,3240
Krzysztof Piątek,Piątek,ST++,Başakşehir,Poland,Trendyol Süper Lig,74,70,75,56,72,36,71,3240
Amos Pieper,Pieper,CB++,SV Werder Bremen,Germany,Bundesliga,74,63,32,52,52,77,75,3240
Joël Piroe,Piroe,ST++,Leeds United,Netherlands,EFL Championship,74,64,75,63,71,29,71,3240
Tommaso Pobega,Pobega,CM++,Bologna,Italy,Serie A TIM,74,74,76,71,75,75,78,3510
Julien Ponceau,Ponceau,CAM++,FC Lorient,France,Ligue 2 BKT,74,76,64,72,78,55,59,3510
Alexander Prass,Prass,CM++,TSG Hoffenheim,Austria,Bundesliga,74,82,65,73,75,69,76,3510
Lukáš Provod,Provod,CM++,Slavia Praha,Czechia,Česká Liga,74,76,73,74,74,67,82,3510
Teemu Pukki,Pukki,ST++,Minnesota United,Finland,MLS,74,75,75,63,72,36,72,3240
Baba Rahman,Rahman,LB++,PAOK FC,Ghana,Hellas Liga,74,75,60,68,69,70,74,3510
Cristian Ramírez,Ramírez,LB++,Ferencvárosi TC,Ecuador,Magyar Liga,74,83,48,72,76,66,70,3510
Moisés Ramírez,Ramírez,GK++,Independiente DV,Ecuador,Libertadores,74,74,71,68,75,33,72,3240
Aaron Ramsey,Ramsey,CM++,Cardiff City,Wales,EFL Championship,74,45,68,77,77,65,61,3240
Luca Ranieri,Ranieri,CB++,Fiorentina,Italy,Serie A TIM,74,70,41,59,68,77,63,3240
Federico Rasmussen,Rasmussen,CB++,Godoy Cruz,Argentina,LPF,74,53,34,64,59,73,85,3240
Federico Redondo,Redondo,CM++,Inter Miami CF,Argentina,MLS,74,72,62,70,74,71,77,3510
Rocco Reitz,Reitz,CM++,M'gladbach,Germany,Bundesliga,74,73,68,70,76,71,65,3510
Elvis Rexhbeçaj,Rexhbeçaj,CM++,FC Augsburg,Kosovo,Bundesliga,74,59,66,71,74,68,74,3510
Fabian Rieder,Rieder,CAM++,VfB Stuttgart,Switzerland,Bundesliga,74,73,69,71,75,51,63,3510
Dmytro Riznyk,Riznyk,GK++,Shakhtar Donetsk,Ukraine,Ukrayina Liha,74,74,66,76,75,48,77,3510
Diogo Filipe Rocha Costa,Rochinha,LW++,FC Famalicão,Portugal,Liga Portugal,74,84,65,67,78,40,53,3240
Marek Rodák,Rodák,GK++,Ettifaq FC,Slovakia,ROSHN Saudi League,74,74,71,72,75,47,72,3510
Óscar Rodríguez Arnaiz,Óscar,CM++,CD Leganés,Spain,LALIGA EA SPORTS,74,56,76,76,74,58,54,3240
Manuel Roffo,Roffo,GK++,Instituto,Argentina,LPF,74,75,72,72,75,23,72,3240
Valentin Rosier,Rosier,RB++,CD Leganés,France,LALIGA EA SPORTS,74,83,52,67,73,70,76,3510
Jérôme Roussillon,Roussillon,LB++,Union Berlin,France,Bundesliga,74,80,65,69,74,71,74,3510
Raúl Ruidíaz,Ruidíaz,ST++,Sounders FC,Peru,MLS,74,71,77,65,76,32,65,3240
Mikkel Rygaard,Rygaard,CM++,BK Häcken,Denmark,Allsvenskan,74,64,72,77,76,61,67,3510
Lukáš Sadílek,Sadílek,CM++,Sparta Praha,Czechia,Česká Liga,74,69,63,72,73,68,70,3510
Osame Sahraoui,Sahraoui,LM++,LOSC Lille,Norway,Ligue 1 Uber Eats,74,81,60,66,80,45,54,3240
Samuel Sáiz Alonso,Samu Sáiz,CAM++,Eyüpspor,Spain,Trendyol Süper Lig,74,76,74,74,76,31,69,3510
Diadié Samassékou,Samassékou,CDM++,TSG Hoffenheim,Mali,Bundesliga,74,59,49,61,71,74,72,3240
Francisco Sampaio Moura,Francisco Moura,LB++,FC Famalicão,Portugal,Liga Portugal,74,76,55,72,74,70,70,3510
Javier Sánchez de Felipe,Javi Sánchez,CB++,R. Valladolid CF,Spain,LALIGA EA SPORTS,74,68,56,55,61,74,76,3240
Manuel Sánchez de la Peña,Manu Sánchez,LB++,D. Alavés,Spain,LALIGA EA SPORTS,74,73,44,62,68,72,60,3240
Nicola Sansone,Sansone,CAM++,Lecce,Italy,Serie A TIM,74,71,71,70,78,44,54,3240
Josh Sargent,Sargent,ST++,Norwich,United States,EFL Championship,74,72,73,63,69,48,79,3510
Amir Sâyoud,Sâyoud,RM++,Al Raed,Algeria,ROSHN Saudi League,74,74,71,73,77,32,65,3240
Saba Sazonov,Sazonov,CB++,Torino,Georgia,Serie A TIM,74,63,40,58,61,74,75,3240
Joe Scally,Scally,RB++,M'gladbach,United States,Bundesliga,74,74,49,64,71,71,72,3510
András Schäfer,Schäfer,CM++,Union Berlin,Hungary,Bundesliga,74,74,62,69,75,65,66,3510
Bart Schenkeveld,Schenkeveld,CB++,Panathinaikos,Netherlands,Hellas Liga,74,68,40,61,65,74,77,3240
Ivan Schranz,Schranz,LM++,Slavia Praha,Slovakia,Česká Liga,74,81,75,68,72,63,75,3510
Marcel Schuhen,Schuhen,GK++,SV Darmstadt 98,Germany,Bundesliga 2,74,74,71,70,76,53,72,3510
Stefan Schwab,Schwab,CM++,PAOK FC,Austria,Hellas Liga,74,63,71,75,72,70,75,3510
Alex Scott,Scott,CM++,AFC Bournemouth,England,Premier League,74,73,62,73,79,65,68,3510
Ibrahim Šehić,Šehić,GK++,Al Khaleej,Bosnia and Herzegovina,ROSHN Saudi League,74,70,74,63,74,32,77,3240
Alidu Seidu,Seidu,CB++,Stade Rennais FC,Ghana,Ligue 1 Uber Eats,74,58,43,61,70,75,67,3240
Ryan Sessegnon,Sessegnon,LB++,Fulham,England,Premier League,74,77,64,72,76,71,64,3510
Petr Ševčík,Ševčík,CDM++,Slavia Praha,Czechia,Česká Liga,74,69,69,76,76,68,70,3510
Ahmed Sharahili,Sharahili,CB++,Al Ittihad,Saudi Arabia,ROSHN Saudi League,74,75,33,61,64,74,77,3240
Leonardo Sigali,Sigali,CB++,Racing Club,Argentina,Sudamericana,74,59,51,60,61,74,75,3240
Danylo Sikan,Sikan,ST++,Shakhtar Donetsk,Ukraine,Ukrayina Liha,74,79,72,56,69,28,67,3240
Martín Silva,Silva,GK++,Libertad,Uruguay,Libertadores,74,77,73,73,75,31,74,3510
Cesar Fernando Silva Melo,Cesinha,ST++,Daegu FC,Brazil,K League 1,74,82,75,71,75,31,74,3510
Abdallah Sima,Sima,LM++,Stade Brestois 29,Senegal,Ligue 1 Uber Eats,74,89,73,66,72,41,72,3510
David Martins Simão,David Simão,CM++,Arouca,Portugal,Liga Portugal,74,65,70,75,72,69,70,3510
Ibrahima Sissoko,Sissoko,CM++,VfL Bochum,Mali,Bundesliga,74,56,60,70,68,71,85,3510
Antonio Sivera Salvá,Sivera,GK++,D. Alavés,Spain,LALIGA EA SPORTS,74,74,72,75,76,57,73,3510
Gijs Smal,Smal,LM++,Feyenoord,Netherlands,Eredivisie,74,70,61,76,70,70,72,3510
Rubén Sobrino Pozuelo,Rubén Sobrino,LM++,Cádiz CF,Spain,LALIGA HYPERMOTION,74,77,73,70,75,37,64,3240
Pablo Solari,Solari,ST++,River Plate,Argentina,Libertadores,74,86,75,65,76,36,69,3510
Juan Soriano Oropesa,Juan Soriano,GK++,CD Leganés,Spain,LALIGA EA SPORTS,74,74,70,68,76,37,73,3240
José Sosa,Sosa,CM++,Estudiantes,Argentina,Libertadores,74,48,66,79,77,66,64,3510
Ricardo Sousa Esgaio,Ricardo Esgaio,RB++,Sporting CP,Portugal,Liga Portugal,74,68,66,74,76,69,66,3510
Ilias Chair,Chair,LM++,QPR,Morocco,EFL Championship,74,79,66,71,78,32,53,3240
Muhammed Cham,Cham,CAM++,Clermont Foot 63,Austria,Ligue 2 BKT,74,76,68,71,75,25,51,3240
Calum Chambers,Chambers,CB++,Cardiff City,England,EFL Championship,74,52,56,70,68,75,67,3240
Walid Cheddira,Cheddira,ST++,SSC Napoli,Morocco,Serie A TIM,74,80,73,64,68,41,76,3510
Mohamed-Ali Cho,Cho,RW++,OGC Nice,France,Ligue 1 Uber Eats,74,80,69,64,76,26,56,3240
Tomáš Chorý,Chorý,ST++,Slavia Praha,Czechia,Česká Liga,74,50,74,60,63,32,87,3240
Mojmír Chytil,Chytil,ST++,Slavia Praha,Czechia,Česká Liga,74,73,72,55,68,29,81,3240
Pathé Ciss,Ciss,CDM++,Rayo Vallecano,Senegal,LALIGA EA SPORTS,74,62,56,61,63,72,84,3240
Nathaniel Clyne,Clyne,RB++,Crystal Palace,England,Premier League,74,70,60,68,72,74,67,3510
Conor Coady,Coady,CB++,Leicester City,England,Premier League,74,45,56,72,64,76,71,3240
Timothé Cognat,Cognat,CM++,Servette FC,France,CSSL,74,78,66,73,76,62,70,3510
Séamus Coleman,Coleman,RB++,Everton,Republic of Ireland,Premier League,74,53,65,71,73,76,70,3510
Facundo Colidio,Colidio,ST++,River Plate,Argentina,Libertadores,74,80,71,67,79,43,69,3510
Tomás Conechny,Conechny,LW++,D. Alavés,Argentina,LALIGA EA SPORTS,74,90,73,65,76,33,65,3510
Joaquín Correa,Correa,ST++,Lombardia FC,Argentina,Serie A TIM,74,65,73,73,78,40,64,3240
Brayan Cortés,Cortés,GK++,Colo-Colo,Chile,Libertadores,74,73,73,74,76,48,71,3510
Logan Costa,Costa,CB++,Villarreal CF,Cape Verde Islands,LALIGA EA SPORTS,74,48,38,55,61,75,75,3240
Lassana Coulibaly,Coulibaly,CDM++,Lecce,Mali,Serie A TIM,74,69,58,69,72,72,75,3510
Alessio Cragno,Cragno,GK++,Monza,Italy,Serie A TIM,74,74,72,70,75,39,74,3510
Aaron Cresswell,Cresswell,LB++,West Ham,England,Premier League,74,59,59,74,74,75,62,3510
Andrés Cubas,Cubas,CDM++,Whitecaps FC,Paraguay,MLS,74,69,50,66,71,73,56,3240
Jorge Cuenca Barreno,Jorge Cuenca,CB++,Fulham,Spain,Premier League,74,60,37,60,53,76,67,3240
Lucas Da Cunha,Da Cunha,LM++,Como,France,Serie A TIM,74,79,69,69,78,39,56,3240
Finn Dahmen,Dahmen,GK++,FC Augsburg,Germany,Bundesliga,74,74,68,76,78,45,72,3510
Patson Daka,Daka,ST++,Leicester City,Zambia,Premier League,74,89,73,58,74,26,69,3240
Flavius Daniliuc,Daniliuc,CB++,Salernitana,Austria,Serie BKT,74,52,42,61,60,74,77,3240
Mohamed Daramy,Daramy,LM++,Stade de Reims,Denmark,Ligue 1 Uber Eats,74,86,66,65,78,28,70,3240
Pablo De Blasis,De Blasis,CM++,Gimnasia,Argentina,LPF,74,67,69,73,79,67,52,3510
Jobson de Brito Gonzaga,Maracás,CB++,Moreirense FC,Brazil,Liga Portugal,74,76,30,50,59,75,75,3240
Pedro De la Vega,De la Vega,RW++,Sounders FC,Argentina,MLS,74,82,73,69,75,50,72,3510
Bernardo de Souza,Natan,CB++,Real Betis,Brazil,LALIGA EA SPORTS,74,59,33,48,50,77,74,3240
Vinicius de Souza Costa,Vinicius Souza,CDM++,Sheffield Utd,Brazil,EFL Championship,74,65,56,64,67,74,80,3510
Dani de Wit,de Wit,CAM++,VfL Bochum,Netherlands,Bundesliga,74,54,77,70,70,72,87,3510
Brecht Dejaegere,Dejaegere,CM++,KV Kortrijk,Belgium,1A Pro League,74,67,69,74,74,67,70,3510
Pedro Victor Delmino da Silva,Pedrinho,RM++,Shakhtar Donetsk,Brazil,Ukrayina Liha,74,82,64,72,79,42,53,3240
Stefano Denswil,Denswil,CB++,Trabzonspor,Suriname,Trendyol Süper Lig,74,57,56,67,65,75,75,3240
Habib Diallo,Diallo,ST++,Damac FC,Senegal,ROSHN Saudi League,74,70,74,59,71,22,74,3240
Damián Díaz,Díaz,CAM++,Banfield,Ecuador,LPF,74,64,71,76,74,44,66,3240
Ismael Díaz,Díaz,LW++,U. Católica,Panama,Sudamericana,74,87,70,62,75,34,75,3510
Leandro Díaz,Díaz,ST++,Lanús,Argentina,Sudamericana,74,64,75,63,69,27,76,3240
Andy Diouf,Diouf,CM++,RC Lens,France,Ligue 1 Uber Eats,74,75,68,71,75,67,75,3510
Alberto Dossena,Dossena,CB++,Como,Italy,Serie A TIM,74,43,43,52,59,76,75,3240
David Douděra,Douděra,RM++,Slavia Praha,Czechia,Česká Liga,74,89,66,65,72,65,67,3510
Tasos Douvikas,Douvikas,ST++,RC Celta,Greece,LALIGA EA SPORTS,74,81,72,62,73,34,73,3240
Tommy Doyle,Doyle,CM++,Wolves,England,Premier League,74,67,65,74,75,65,67,3510
Ondrej Duda,Duda,CM++,Hellas Verona,Slovakia,Serie A TIM,74,65,71,73,78,64,63,3510
Alfred Duncan,Duncan,CM++,Venezia,Ghana,Serie A TIM,74,67,64,72,74,76,80,3510
Maxime Dupé,Dupé,GK++,OGC Nice,France,Ligue 1 Uber Eats,74,76,73,72,74,46,71,3510
Jhon Durán,Durán,ST++,Aston Villa,Colombia,Premier League,74,78,75,58,71,32,77,3240
Filip Đuričić,Đuričić,CAM++,Panathinaikos,Serbia,Hellas Liga,74,69,69,73,76,42,59,3240
Rafiu Durosinmi,Durosinmi,ST++,Viktoria Plzeň,Nigeria,Česká Liga,74,76,71,60,71,27,76,3240
Tyronne Ebuehi,Ebuehi,RB++,Empoli,Nigeria,Serie A TIM,74,85,51,60,70,69,71,3510
Rodrigo Echeverría,Echeverría,CM++,Huracán,Chile,LPF,74,72,65,70,72,74,83,3510
Anwar El Ghazi,El Ghazi,LM++,Cardiff City,Netherlands,EFL Championship,74,72,76,70,75,35,68,3240
Meschack Elia,Elia,ST++,BSC Young Boys,Congo DR,CSSL,74,92,72,67,78,26,71,3510
Gonzalo Escalante,Escalante,CM++,Cádiz CF,Argentina,LALIGA HYPERMOTION,74,60,70,72,71,73,75,3510
Aarón Escandell,Aarón,GK++,R. Oviedo,Spain,LALIGA HYPERMOTION,74,72,74,71,74,37,72,3510
Sergio Escudero Palomo,Escudero,LB++,RC Deportivo,Spain,LALIGA HYPERMOTION,74,65,62,72,70,74,67,3510
Mateus Gonçalo Espanha Fernandes,Mateus Fernandes,CM++,Southampton,Portugal,Premier League,74,75,65,73,79,58,62,3510
Maxime Estève,Estève,CB++,Burnley,France,EFL Championship,74,61,33,52,54,74,77,3240
Eduardo Expósito Jaén,Edu Expósito,CM++,RCD Espanyol,Spain,LALIGA EA SPORTS,74,65,74,72,75,70,69,3510
Abdessamad Ezzalzouli,Ezzalzouli,LM++,Real Betis,Morocco,LALIGA EA SPORTS,74,83,70,66,78,27,53,3240
Facundo Farías,Farías,ST++,Inter Miami CF,Argentina,MLS,74,85,72,68,80,39,70,3510
Federico Fattori,Fattori,CDM++,Huracán,Argentina,LPF,74,63,54,68,72,70,76,3510
Gerard Fdez. Castellano,Peque,CAM++,Sevilla FC,Spain,LALIGA EA SPORTS,74,81,72,69,75,35,51,3240
Evan Ferguson,Ferguson,ST++,Brighton,Republic of Ireland,Premier League,74,72,76,60,71,20,70,3240
Jean Paulo Fernandes Filho,Jean,GK++,Cerro Porteño,Brazil,Libertadores,74,74,73,68,78,29,74,3240
Nicolás Fernández,Fernández,ST++,Belgrano,Argentina,Sudamericana,74,86,74,63,77,39,66,3510
Zian Flemming,Flemming,ST++,Millwall,Netherlands,EFL Championship,74,70,75,72,73,57,79,3510
Gabriel Fortes Chaves,Gabriel Pec,RW++,LA Galaxy,Brazil,MLS,74,85,69,65,77,34,70,3510
Dimitri Foulquier,Foulquier,RB++,Valencia CF,France,LALIGA EA SPORTS,74,75,59,66,68,72,74,3510
Mohamed Fouzair,Fouzair,RM++,Al Raed,Morocco,ROSHN Saudi League,74,78,64,70,77,50,71,3510
Roberto Gagliardini,Gagliardini,CDM++,Monza,Italy,Serie A TIM,74,42,63,70,71,75,69,3240
Hernán Galíndez,Galíndez,GK++,Huracán,Ecuador,LPF,74,74,73,70,74,32,76,3240
Agustín García Basso,García Basso,CB++,Racing Club,Argentina,Sudamericana,74,65,52,60,63,75,77,3240
Raúl García de Haro,Raúl García,ST++,CA Osasuna,Spain,LALIGA EA SPORTS,74,70,74,62,71,25,68,3240
Unai García Lugea,Unai García,CB++,CA Osasuna,Spain,LALIGA EA SPORTS,74,57,42,62,57,76,75,3240
Dong Kyeong Lee,Lee Dong Kyeong,CAM++,Gimcheon Sangmu,Korea Republic,K League 1,74,75,74,72,75,57,69,3510
Chang Geun Lee,Lee Chang Geun,GK++,Daejeon Citizen,Korea Republic,K League 1,74,73,74,67,77,45,72,3510
Jamie Leweling,Leweling,RM++,VfB Stuttgart,Germany,Bundesliga,74,85,69,64,76,42,73,3510
Karol Linetty,Linetty,CM++,Torino,Poland,Serie A TIM,74,56,63,71,74,72,66,3510
Jesse Lingard,Lingard,CAM++,FC Seoul,England,K League 1,74,73,71,72,77,58,61,3510
Ondřej Lingr,Lingr,CAM++,Feyenoord,Czechia,Eredivisie,74,71,74,70,76,53,79,3510
Dejan Ljubičić,Ljubičić,CM++,1. FC Köln,Austria,Bundesliga 2,74,73,69,70,73,70,78,3510
Andrés Llinás,Llinás,CB++,Millonarios,Colombia,Libertadores,74,64,29,50,55,75,75,3240
Gautier Lloris,Lloris,CB++,Havre AC,France,Ligue 1 Uber Eats,74,40,36,54,56,74,77,3240
Gastón Lódico,Lódico,LM++,Instituto,Argentina,LPF,74,80,58,72,79,56,58,3510
Yury Lodygin,Lodygin,GK++,Panathinaikos,Russia,Hellas Liga,74,76,70,73,78,45,71,3510
Joe Lolley,Lolley,RM++,Sydney FC,England,A-League,74,73,70,70,76,49,63,3510
Carlos Eduardo Lopes Cruz,Cadu,LM++,Viktoria Plzeň,Brazil,Česká Liga,74,75,67,73,76,67,62,3510
Unai López Cabrera,Unai López,CDM++,Rayo Vallecano,Spain,LALIGA EA SPORTS,74,70,70,77,76,67,68,3510
Hernán López Muñoz,López Muñoz,CAM++,SJ Earthquakes,Argentina,MLS,74,87,67,67,80,36,59,3240
Anthony Losilla,Losilla,CDM++,VfL Bochum,France,Bundesliga,74,42,59,66,71,72,74,3240
Dejan Lovren,Lovren,CB++,OL,Croatia,Ligue 1 Uber Eats,74,50,40,58,58,74,74,3240
John Lundstram,Lundstram,CDM++,Trabzonspor,England,Trendyol Süper Lig,74,65,72,71,70,69,77,3510
Kevin Mac Allister,Mac Allister,CB++,R. Union St.-G.,Argentina,1A Pro League,74,75,55,60,72,74,79,3510
Koki Machida,Machida,CB++,R. Union St.-G.,Japan,1A Pro League,74,78,42,59,52,73,80,3240
Giulio Maggiore,Maggiore,CM++,Salernitana,Italy,Serie BKT,74,69,61,69,70,72,71,3510
Hörður Magnússon,Magnússon,CB++,Panathinaikos,Iceland,Hellas Liga,74,69,50,68,60,75,75,3240
Ryan Manning,Manning,LB++,Southampton,Republic of Ireland,Premier League,74,69,60,72,73,68,71,3510
Tomás Marchiori,Marchiori,GK++,Vélez Sarsfield,Argentina,LPF,74,74,73,71,74,40,74,3510
Iván Marcone,Marcone,CDM++,Independiente,Argentina,LPF,74,40,62,71,68,72,77,3240
Pep Biel Mas Jaume,Pep Biel,CAM++,Charlotte FC,Spain,MLS,74,70,72,72,77,48,59,3240
Neal Maupay,Maupay,ST++,Everton,France,Premier League,74,69,75,67,72,41,72,3240
Mark McKenzie,McKenzie,CB++,Toulouse FC,United States,Ligue 1 Uber Eats,74,81,36,50,64,73,78,3240
Marvin Mehlem,Mehlem,CAM++,Hull City,Germany,EFL Championship,74,68,67,70,77,54,64,3510
Nicolás Melamed Ribaudo,Nico Melamed,CAM++,UD Almería,Spain,LALIGA HYPERMOTION,74,80,68,75,78,40,60,3510
Domingos Sousa Menezes Duarte,Domingos Duarte,CB++,Getafe CF,Portugal,LALIGA EA SPORTS,74,47,36,57,52,75,75,3240
Teden Mengi,Mengi,CB++,Luton Town,England,EFL Championship,74,78,39,55,64,74,74,3240
Illan Meslier,Meslier,GK++,Leeds United,France,EFL Championship,74,75,73,70,76,38,70,3510
Marcos Paulo Mesquita Lopes,Rony Lopes,RM++,Alanyaspor,Portugal,Trendyol Süper Lig,74,73,72,73,76,30,56,3240
Djordje Mihailovic,Mihailovic,CAM++,Colorado Rapids,United States,MLS,74,71,70,74,74,60,67,3510
Sven Mijnans,Mijnans,CM++,AZ,Netherlands,Eredivisie,74,65,71,71,75,63,70,3510
Yankuba Minteh,Minteh,RM++,Brighton,Gambia,Premier League,74,95,65,61,79,45,56,3510
Bojan Miovski,Miovski,ST++,Girona FC,North Macedonia,LALIGA EA SPORTS,74,73,76,58,71,29,73,3240
Fabio Miretti,Miretti,CM++,Genoa,Italy,Serie A TIM,74,75,60,75,76,66,70,3510
Josip Mišić,Mišić,CDM++,Dinamo Zagreb,Croatia,Liga Hrvatska,74,68,68,77,65,67,76,3510
Stefan Mitrović,Mitrović,CB++,KAA Gent,Serbia,1A Pro League,74,32,34,53,51,75,81,3240
Juan Diego Molina Martínez,Stoichkov,LM++,D. Alavés,Spain,LALIGA EA SPORTS,74,73,76,69,75,46,71,3510
César Montes,Montes,CB++,UD Almería,Mexico,LALIGA HYPERMOTION,74,57,46,60,63,73,79,3240
Jonathan Montiel Caballero,Joni Montiel,CAM++,Rayo Vallecano,Spain,LALIGA EA SPORTS,74,70,76,75,77,50,60,3510
Alfredo Morelos,Morelos,ST++,Atl. Nacional,Colombia,Liga Colombia,74,70,73,66,71,43,81,3510
Manuel Morlanes Ariño,Manu Morlanes,CM++,RCD Mallorca,Spain,LALIGA EA SPORTS,74,67,64,75,73,69,68,3510
Carlton Morris,Morris,ST++,Luton Town,England,EFL Championship,74,73,74,58,69,34,77,3240
Faris Pemi Moumbagna,Moumbagna,ST++,OM,Cameroon,Ligue 1 Uber Eats,74,89,72,57,68,29,81,3240
Ernest Muçi,Muçi,CAM++,Beşiktaş,Albania,Trendyol Süper Lig,74,79,71,69,75,28,57,3240
Mert Müldür,Müldür,RB++,Fenerbahçe,Türkiye,Trendyol Süper Lig,74,74,53,65,74,71,74,3510
Marius Müller,Müller,GK++,VfL Wolfsburg,Germany,Bundesliga,74,75,71,59,78,30,75,3240
Aihen Muñoz Capellán,Aihen Muñoz,LB++,Real Sociedad,Spain,LALIGA EA SPORTS,74,77,54,69,73,72,70,3510
Javier Muñoz Jiménez,Javi Muñoz,CM++,UD Las Palmas,Spain,LALIGA EA SPORTS,74,72,65,71,73,65,78,3510
Alejandro José Muñoz Miguel,Alex Muñoz,CB++,UD Las Palmas,Spain,LALIGA EA SPORTS,74,78,67,63,63,74,81,3510
Thomas Murg,Murg,CAM++,PAOK FC,Austria,Hellas Liga,74,79,72,73,76,44,64,3510
Amir Murillo,Murillo,RB++,OM,Panama,Ligue 1 Uber Eats,74,82,57,68,71,69,73,3510
Phillipp Mwene,Mwene,LB++,1. FSV Mainz 05,Austria,Bundesliga,74,80,54,66,75,68,69,3510
Marvelous Nakamba,Nakamba,CDM++,Luton Town,Zimbabwe,EFL Championship,74,58,49,62,71,74,74,3240
Keito Nakamura,Nakamura,LM++,Stade de Reims,Japan,Ligue 1 Uber Eats,74,77,72,70,76,41,69,3510
Khaled Narey,Narey,RM++,Al Khaleej,Germany,ROSHN Saudi League,74,82,68,67,75,62,73,3510
Luca Netz,Netz,LB++,M'gladbach,Germany,Bundesliga,74,77,48,69,72,71,66,3510
Gabriel Neves,Neves,CM++,Estudiantes,Uruguay,Libertadores,74,70,64,75,72,66,59,3510
Perry Ng,Ng,RB++,Cardiff City,England,EFL Championship,74,72,60,66,67,72,75,3510
Michael Ngadeu,Ngadeu,CB++,Beijing Guoan,Cameroon,CSL,74,64,43,55,55,74,83,3240
Arnaud Nordin,Nordin,RM++,Montpellier,France,Ligue 1 Uber Eats,74,81,71,70,76,37,56,3240
Ernest Nuamah,Nuamah,RW++,OL,Ghana,Ligue 1 Uber Eats,74,85,67,63,79,24,62,3240
Juan Guilherme Nunes Jesus,Juan Jesus,CB++,SSC Napoli,Brazil,Serie A TIM,74,60,33,51,60,76,71,3240
Callum O'Hare,O'Hare,CAM++,Sheffield Utd,England,EFL Championship,74,77,66,70,78,62,68,3510
Dara O'Shea,O'Shea,CB++,Ipswich,Republic of Ireland,Premier League,74,67,33,55,58,75,76,3240
Igoh Ogbu,Ogbu,CB++,Slavia Praha,Nigeria,Česká Liga,74,75,39,55,59,72,82,3240
David Okereke,Okereke,ST++,Cremonese,Nigeria,Serie BKT,74,83,71,56,76,26,65,3240
Maduka Okoye,Okoye,GK++,Udinese,Nigeria,Serie A TIM,74,73,72,68,78,24,74,3240
Joseph Okumu,Okumu,CB++,Stade de Reims,Kenya,Ligue 1 Uber Eats,74,78,41,56,63,73,77,3240
Rogério Oliveira da Silva,Rogério,LB++,VfL Wolfsburg,Brazil,Bundesliga,74,75,53,68,76,70,59,3510
Robin Olsen,Olsen,GK++,Aston Villa,Sweden,Premier League,74,74,70,76,74,35,76,3510
Kristoffer Olsson,Olsson,CM++,FC Midtjylland,Sweden,3F Superliga,74,69,64,74,75,68,64,3510
Christopher Operi,Operi,LB++,Havre AC,Côte d'Ivoire,Ligue 1 Uber Eats,74,77,61,69,72,68,71,3510
Gift Orban,Orban,ST++,OL,Nigeria,Ligue 1 Uber Eats,74,77,79,62,73,18,62,3240
Massadio Haïdara,Haïdara,CB++,Stade Brestois 29,Mali,Ligue 1 Uber Eats,74,76,60,64,71,73,78,3510
Neal Maupay,Maupay,ST++,OM,France,Ligue 1 Uber Eats,74,69,75,67,72,41,72,3240
Todd Cantwell,Cantwell,CAM++,Blackburn Rovers,England,EFL Championship,74,71,67,71,76,43,52,3240
Antonio Villa Suárez,Toni Villa,LM++,SD Eibar,Spain,LALIGA HYPERMOTION,74,74,65,73,76,53,48,3240
Matt Turner,Turner,GK++,Crystal Palace,United States,Premier League,74,74,72,67,74,40,73,3510
David Okereke,Okereke,ST++,Gaziantep,Nigeria,Trendyol Süper Lig,74,83,71,56,76,26,65,3240
Rafik Guitane,Guitane,RW++,SC Braga,Algeria,Liga Portugal,74,76,66,68,80,31,53,3240
Nedim Bajrami,Bajrami,CAM++,Rangers,Albania,cinch Prem,74,75,68,73,77,58,65,3510
Zian Flemming,Flemming,ST++,Burnley,Netherlands,EFL Championship,74,70,75,72,73,57,79,3510
Moritz Jenz,Jenz,CB++,1. FSV Mainz 05,Germany,Bundesliga,74,63,29,50,55,73,80,3240
Lucas Perrin,Perrin,CB++,Hamburger SV,France,Bundesliga 2,74,44,35,55,59,76,73,3240
Osame Sahraoui,Sahraoui,LM++,LOSC Lille,Morocco,Ligue 1 Uber Eats,74,81,60,66,80,45,54,3240
Francisco Sampaio Moura,Francisco Moura,LB++,FC Porto,Portugal,Liga Portugal,74,76,55,72,74,70,70,3510
Flavius Daniliuc,Daniliuc,CB++,Hellas Verona,Austria,Serie A TIM,74,52,42,61,60,74,77,3240
Ismail Jakobs,Jakobs,LB++,Galatasaray,Senegal,Trendyol Süper Lig,74,84,60,64,73,67,69,3510
Ondřej Lingr,Lingr,CAM++,Slavia Praha,Czechia,Česká Liga,74,71,74,70,76,53,79,3510
Mees Hilgers,Hilgers,CB++,FC Twente,Indonesia,Eredivisie,74,74,43,54,59,75,76,3240
Omari Hutchinson,Hutchinson,RM++,Ipswich,England,Premier League,74,80,72,68,77,53,62,3510
Edoardo Bove,Bove,CM++,Fiorentina,Italy,Serie A TIM,74,66,68,67,74,74,70,3510
Walid Cheddira,Cheddira,ST++,RCD Espanyol,Morocco,LALIGA EA SPORTS,74,80,73,64,68,41,76,3510
Muhammed Cham,Cham,CAM++,Trabzonspor,Austria,Trendyol Süper Lig,74,76,68,71,75,25,51,3240
Konstantinos Koulierakis,Koulierakis,CB++,VfL Wolfsburg,Greece,Bundesliga,74,69,43,56,63,74,75,3240
Saba Sazonov,Sazonov,CB++,Empoli,Georgia,Serie A TIM,74,63,40,58,61,74,75,3240
Dejan Lovren,Lovren,CB++,PAOK FC,Croatia,Hellas Liga,74,50,40,58,58,74,74,3240
Václav Jurecka,Jurecka,ST++,Çaykur Rizespor,Czechia,Trendyol Süper Lig,74,74,74,66,71,49,76,3510
Christos Zafeiris,Zafeiris,CM++,Slavia Praha,Greece,Česká Liga,74,77,68,72,78,66,75,3510
Brooks,Brooks,CB++,Hertha Berlin,United States,Bundesliga 2,74,55,40,55,58,75,71,3240
Ogbonna,Ogbonna,CB++,Watford,Italy,EFL Championship,74,33,40,59,58,76,67,3240
Claude-Maurice,Claude-Maurice,CM++,FC Augsburg,France,Bundesliga,74,76,70,72,80,68,65,3510
López,López,ST++,Nacional,Uruguay,Libertadores,74,70,77,71,75,25,65,3240
Nahuel Barrios,Barrios,LW++,Barracas Central,Argentina,LPF,74,90,66,67,79,37,46,3240
Attila Szalai,Szalai,CB++,Standard Liège,Hungary,1A Pro League,74,72,45,62,63,74,79,3240
Lima Silva,Adryelson,CB++,RSC Anderlecht,Brazil,1A Pro League,74,73,46,59,61,75,73,3240
Cédric Zesiger,Zesiger,CB++,FC Augsburg,Switzerland,Bundesliga,74,67,43,57,61,73,80,3240
Marcos Paulo Mesquita Lopes,Rony Lopes,RM++,Farense,Portugal,Liga Portugal,74,73,72,73,76,30,56,3240
Tajon Buchanan,Buchanan,RM++,Villarreal CF,Canada,LALIGA EA SPORTS,74,92,65,66,74,67,73,3510
Lucas Perrin,Perrin,CB++,Cercle Brugge,France,1A Pro League,74,44,35,55,59,76,73,3240
Thomas Murg,Murg,CAM++,Al Khaleej,Austria,ROSHN Saudi League,74,79,72,73,76,44,64,3510
Kelechi Iheanacho,Iheanacho,ST++,Middlesbrough,Nigeria,EFL Championship,74,71,74,69,75,38,71,3240
Meschack Elia,Elia,ST++,FC Nantes,Congo DR,Ligue 1 Uber Eats,74,92,72,67,78,26,71,3510
Luis Palma,Palma,LW++,Olympiacos FC,Honduras,Hellas Liga,74,77,74,75,75,32,63,3240
Evan Ferguson,Ferguson,ST++,West Ham,Republic of Ireland,Premier League,74,72,76,60,71,20,70,3240
Glen Kamara,Kamara,CDM++,Al Shabab,Finland,ROSHN Saudi League,74,74,58,69,77,69,75,3510
Christopher Operi,Operi,LB++,Başakşehir,Côte d'Ivoire,Trendyol Süper Lig,74,77,61,69,72,68,71,3510
Morgan Whittaker,Whittaker,RW++,Middlesbrough,England,EFL Championship,74,78,73,67,74,38,65,3240
Akor Jerome Adams,Adams,ST++,Sevilla FC,Nigeria,LALIGA EA SPORTS,74,81,73,56,70,29,76,3240
Juan Diego Molina Martínez,Stoichkov,LM++,Granada CF,Spain,LALIGA HYPERMOTION,74,73,76,69,75,46,71,3510
Naby Keïta,Keïta,CM++,Ferencvárosi TC,Guinea,Magyar Liga,74,60,71,72,81,67,59,3510
Danylo Sikan,Sikan,ST++,Trabzonspor,Ukraine,Trendyol Süper Lig,74,79,72,56,69,28,67,3240
Magnus Mattsson,Mattsson,CAM++,F.C. København,Denmark,3F Superliga,73,67,70,70,76,39,62,2880
Cyriel Dessers,Dessers,ST++,Rangers,Nigeria,cinch Prem,73,69,73,56,68,29,74,2880
Karim Konaté,Konaté,ST++,RB Salzburg,Côte d'Ivoire,Ö. Bundesliga,73,86,70,56,75,40,65,2880
Maurits Kjaergaard,Kjaergaard,CM++,RB Salzburg,Denmark,Ö. Bundesliga,73,75,71,72,73,64,77,3120
Nicolás Capaldo,Capaldo,CM++,RB Salzburg,Argentina,Ö. Bundesliga,73,76,69,70,73,69,78,3120
Kamil Piątkowski,Piątkowski,CB++,RB Salzburg,Poland,Ö. Bundesliga,73,80,47,64,68,70,82,3120
Amar Dedić,Dedić,RB++,RB Salzburg,Bosnia and Herzegovina,Ö. Bundesliga,73,83,58,68,71,66,74,3120
Lucas Gourna-Douath,Gourna-Douath,CDM++,RB Salzburg,France,Ö. Bundesliga,73,76,52,65,71,70,77,3120
Fernando Dos Santos Pedro,Fernando,ST++,RB Salzburg,Brazil,Ö. Bundesliga,73,89,74,66,78,37,64,3120
Elias Achouri,Achouri,LW++,F.C. København,Tunisia,3F Superliga,73,86,66,66,75,30,56,2880
Mohamed Elyounoussi,Elyounoussi,LW++,F.C. København,Norway,3F Superliga,73,72,70,70,75,60,72,3120
Lukas Lerager,Lerager,CM++,F.C. København,Denmark,3F Superliga,73,68,69,69,69,71,84,3120
Gastón Olveira,Olveira,GK++,Olimpia,Uruguay,Sudamericana,73,72,75,57,73,19,70,2880
Samuel Omorodion Aghehowa,Samu,ST++,FC Porto,Spain,Liga Portugal,73,70,73,52,68,22,68,2880
Karim Onisiwo,Onisiwo,ST++,1. FSV Mainz 05,Austria,Bundesliga,73,75,71,63,71,50,83,3120
Luca Orellano,Orellano,LM++,FC Cincinnati,Argentina,MLS,73,90,70,64,78,37,60,2880
Nicolás Oroz,Oroz,CM++,Argentinos Jrs.,Argentina,Sudamericana,73,73,63,74,75,66,69,3120
Richard Ortiz,Ortiz,CDM++,Olimpia,Paraguay,Sudamericana,73,73,68,68,71,70,83,3120
Alexandre Oukidja,Oukidja,GK++,FC Metz,Algeria,Ligue 2 BKT,73,72,70,70,73,47,74,3120
Reece Oxford,Oxford,CB++,FC Augsburg,England,Bundesliga,73,57,33,54,61,74,67,2880
Fernando Pacheco Flores,Pacheco,GK++,RCD Espanyol,Spain,LALIGA EA SPORTS,73,73,72,68,73,44,72,3120
Nicolas Pallois,Pallois,CB++,FC Nantes,France,Ligue 1 Uber Eats,73,34,54,58,57,73,78,2880
Kevin Paredes,Paredes,LM++,VfL Wolfsburg,United States,Bundesliga,73,78,59,66,78,58,49,2880
Anthony Partipilo,Partipilo,RM++,Parma,Italy,Serie A TIM,73,85,70,68,72,43,69,3120
Aleksandar Pavlović,Pavlović,CDM++,FC Bayern München,Germany,Bundesliga,73,69,60,75,72,68,65,3120
Martín Payero,Payero,CM++,Udinese,Argentina,Serie A TIM,73,70,65,73,76,63,73,3120
Marcus Holmgren Pedersen,Pedersen,RM++,Torino,Norway,Serie A TIM,73,89,49,68,72,65,68,3120
Mads Pedersen,Pedersen,LB++,FC Augsburg,Denmark,Bundesliga,73,82,52,65,73,67,67,3120
Ignacio Peña Sotorres,Iñaki Peña,GK++,FC Barcelona,Spain,LALIGA EA SPORTS,73,72,68,77,73,35,72,2880
Ricardo Pepi,Pepi,ST++,PSV,United States,Eredivisie,73,70,74,57,70,41,71,2880
João Pedro Pereira dos Santos,João Pedro,ST++,Al Taawoun,Brazil,ROSHN Saudi League,73,65,75,53,67,25,80,2880
Gonçalo Rosa Pereira Rodrigues,Guga Rodrigues,CM++,Beijing Guoan,Portugal,CSL,73,76,66,74,74,66,64,3120
Joaquín Pereyra,Pereyra,LM++,Minnesota United,Argentina,MLS,73,67,66,74,72,59,66,3120
Mauricio Pereyra,Pereyra,CAM++,Nacional,Uruguay,Libertadores,73,67,65,74,75,53,66,3120
Rafael Pérez,Pérez,CB++,Junior,Colombia,Libertadores,73,59,45,51,61,71,85,2880
Luis Jesús Pérez Maqueda,Luis Pérez,RB++,R. Valladolid CF,Spain,LALIGA EA SPORTS,73,87,47,60,66,67,76,3120
Enrique Pérez Muñoz,Kike Pérez,CM++,R. Valladolid CF,Spain,LALIGA EA SPORTS,73,60,64,71,77,59,54,2880
Pavao Pervan,Pervan,GK++,VfL Wolfsburg,Austria,Bundesliga,73,72,73,69,75,30,70,2880
Aleksandar Pešić,Pešić,ST++,Ferencvárosi TC,Serbia,Magyar Liga,73,68,73,62,67,45,78,2880
Andrea Petagna,Petagna,ST++,Monza,Italy,Serie A TIM,73,47,73,67,72,35,78,2880
Franco Petroli,Petroli,GK++,Godoy Cruz,Argentina,LPF,73,71,72,70,74,46,73,3120
Oleksandr Pikhalyonok,Pikhalyonok,CM++,Dynamo Kyiv,Ukraine,Ukrayina Liha,73,66,66,74,72,62,64,3120
Andrea Pinamonti,Pinamonti,ST++,Genoa,Italy,Serie A TIM,73,70,75,53,71,27,71,2880
Marko Pjaca,Pjaca,LW++,Dinamo Zagreb,Croatia,Liga Hrvatska,73,75,70,70,78,38,67,2880
Óscar Plano Pedreño,Óscar Plano,LM++,Elche CF,Spain,LALIGA HYPERMOTION,73,82,70,69,72,56,76,3120
Abdón Prats Bastidas,Abdón Prats,ST++,RCD Mallorca,Spain,LALIGA EA SPORTS,73,68,75,61,73,29,67,2880
Leopold Querfeld,Querfeld,CB++,Union Berlin,Austria,Bundesliga,73,61,40,55,51,72,82,2880
Carlos Quintana,Quintana,CB++,Rosario Central,Argentina,Libertadores,73,44,37,48,49,75,79,2880
Jordi Quintillà Guasch,Jordi Quintillà,CDM++,FC St. Gallen,Spain,CSSL,73,65,66,74,74,66,73,3120
Daniel Raba Antolin,Dani Raba,RM++,CD Leganés,Spain,LALIGA EA SPORTS,73,64,72,73,72,40,65,2880
Diant Ramaj,Ramaj,GK++,Ajax,Germany,Eredivisie,73,74,69,81,76,24,72,2880
Andrei Rațiu,Rațiu,RB++,Rayo Vallecano,Romania,LALIGA EA SPORTS,73,88,56,65,67,69,66,3120
Tim Ream,Ream,CB++,Charlotte FC,United States,MLS,73,36,44,69,66,76,70,2880
Arkadiusz Reca,Reca,LM++,Spezia,Poland,Serie BKT,73,78,56,67,70,68,68,3120
Ludovit Reis,Reis,CM++,Hamburger SV,Netherlands,Bundesliga 2,73,73,63,68,76,67,72,3120
David Jason Remeseiro Salgueiro,Jason,RM++,Arouca,Spain,Liga Portugal,73,73,73,71,75,49,64,3120
Devyne Rensch,Rensch,RB++,Ajax,Netherlands,Eredivisie,73,74,56,66,70,72,67,3120
Amir Richardson,Richardson,CM++,Fiorentina,Morocco,Serie A TIM,73,73,64,69,72,67,74,3120
Marco Richter,Richter,RM++,1. FSV Mainz 05,Germany,Bundesliga,73,73,73,68,77,48,63,3120
Jacob Rinne,Rinne,GK++,Djurgårdens IF,Sweden,Allsvenskan,73,73,71,73,75,46,71,3120
Santiago Rodríguez,Rodríguez,CAM++,New York City FC,Uruguay,MLS,73,77,67,68,74,38,52,2880
Mads Roerslev,Roerslev,RB++,Brentford,Denmark,Premier League,73,68,45,69,70,70,70,2880
Gabriel Rojas,Rojas,LB++,Racing Club,Argentina,Sudamericana,73,83,60,69,73,66,71,3120
Cristian Roldan,Roldan,RM++,Sounders FC,United States,MLS,73,77,65,68,72,72,79,3120
Leo Román Riquelme,Leo Román,GK++,RCD Mallorca,Spain,LALIGA EA SPORTS,73,71,72,69,75,49,70,3120
Silvio Romero,Romero,ST++,Instituto,Argentina,LPF,73,63,74,71,74,46,74,3120
Isaac Romero Bernal,Isaac,ST++,Sevilla FC,Spain,LALIGA EA SPORTS,73,71,73,69,70,23,62,2880
Matteo Ruggeri,Ruggeri,LM++,Bergamo Calcio,Italy,Serie A TIM,73,67,57,70,70,70,72,3120
Alan Ruiz,Ruiz,CAM++,Estrela Amadora,Argentina,Liga Portugal,73,54,75,76,76,44,67,2880
Albert Rusnák,Rusnák,CAM++,Sounders FC,Slovakia,MLS,73,73,72,72,75,51,64,3120
André Filipe Russo Franco,André Franco,RM++,FC Porto,Portugal,Liga Portugal,73,74,70,72,73,41,63,2880
Serdar Saatçı,Saatçı,CB++,SC Braga,Türkiye,Liga Portugal,73,69,30,49,61,73,76,2880
Abdelhamid Sabiri,Sabiri,CAM++,Fiorentina,Morocco,Serie A TIM,73,59,71,71,75,59,74,3120
Modibo Sagnan,Sagnan,CB++,Montpellier,Mali,Ligue 1 Uber Eats,73,66,32,58,56,73,76,2880
Hiroki Sakai,Sakai,RB++,Auckland FC,Japan,A-League,73,72,53,65,64,72,73,2880
Enrique Jesús Salas Valiente,Kike Salas,CB++,Sevilla FC,Spain,LALIGA EA SPORTS,73,63,26,46,52,74,74,2880
Federico San Emeterio Díaz,San Emeterio,CM++,Cádiz CF,Spain,LALIGA HYPERMOTION,73,52,67,69,67,72,76,3120
Ulises Sanchez,Sanchez,RM++,Belgrano,Argentina,Sudamericana,73,77,65,74,71,59,59,3120
Iván Sánchez Aguayo,Iván Sánchez,RM++,R. Valladolid CF,Spain,LALIGA EA SPORTS,73,69,66,74,78,39,42,2880
Antonio Sánchez Navarro,Antonio Sánchez,RM++,RCD Mallorca,Spain,LALIGA EA SPORTS,73,74,66,73,73,65,75,3120
Ricard Sánchez Sendra,Ricard,RB++,Granada CF,Spain,LALIGA HYPERMOTION,73,82,57,61,69,68,60,2880
Arouna Sangante,Sangante,CB++,Havre AC,Senegal,Ligue 1 Uber Eats,73,58,34,59,59,73,75,2880
Agustín Sant'Anna,Sant'Anna,RB++,River Plate,Uruguay,Libertadores,73,76,59,69,71,71,67,3120
Brenden Aaronson,Aaronson,CAM++,Leeds United,United States,EFL Championship,73,79,65,69,77,55,59,3120
Rodrigo Abascal,Abascal,CB++,Boavista FC,Uruguay,Liga Portugal,73,63,44,54,58,73,78,2880
Oliver Abildgaard,Abildgaard,CDM++,Como,Denmark,Serie A TIM,73,55,64,68,70,70,81,3120
Ragnar Ache,Ache,ST++,Kaiserslautern,Germany,Bundesliga 2,73,84,70,52,69,29,76,2880
Álvaro Aguado Méndez,Aguado,CM++,RCD Espanyol,Spain,LALIGA EA SPORTS,73,74,63,73,74,64,65,3120
Emre Akbaba,Akbaba,CAM++,Eyüpspor,Türkiye,Trendyol Süper Lig,73,66,73,74,73,58,63,3120
Chadrac Akolo,Akolo,ST++,FC St. Gallen,Congo DR,CSSL,73,89,73,63,77,29,71,3120
Jean-Daniel Akpa Akpro,Akpa Akpro,CM++,Latium,Côte d'Ivoire,Serie A TIM,73,70,67,70,74,72,75,3120
Carles Aleñá Castillo,Aleñá,CM++,Getafe CF,Spain,LALIGA EA SPORTS,73,67,69,72,75,58,60,3120
Luís Carlos Almeida da Cunha,Nani,LM++,Estrela Amadora,Portugal,Liga Portugal,73,66,73,75,77,34,70,2880
Cristian Álvarez,Álvarez,GK++,Real Zaragoza,Argentina,LALIGA HYPERMOTION,73,75,70,69,72,45,73,3120
Maximilian Wittek,Wittek,LB++,VfL Bochum,Germany,Bundesliga,73,74,67,68,72,67,72,3120
Haji Wright,Wright,ST++,Coventry City,United States,EFL Championship,73,82,73,57,69,33,78,2880
Gregory Wüthrich,Wüthrich,CB++,SK Sturm Graz,Switzerland,Ö. Bundesliga,73,47,35,51,54,72,82,2880
Ashley Young,Young,RB++,Everton,England,Premier League,73,60,64,75,74,72,70,3120
Miha Zajc,Zajc,CM++,Fenerbahçe,Slovenia,Trendyol Süper Lig,73,66,75,74,74,64,64,3120
Carlos Zambrano,Zambrano,CB++,Alianza Lima,Peru,Libertadores,73,53,48,57,65,73,77,2880
Anass Zaroury,Zaroury,LM++,RC Lens,Morocco,Ligue 1 Uber Eats,73,84,66,68,76,27,61,2880
Exequiel Zeballos,Zeballos,RM++,Boca Juniors,Argentina,Sudamericana,73,85,63,66,78,31,49,2880
Jaroslav Zelený,Zelený,CB++,Sparta Praha,Czechia,Česká Liga,73,74,63,70,72,71,75,3120
Ron-Robert Zieler,Zieler,GK++,Hannover 96,Germany,Bundesliga 2,73,71,69,69,74,48,75,3120
Lawrence Ati Zigi,Zigi,GK++,FC St. Gallen,Ghana,CSSL,73,74,69,65,75,40,72,2880
David Zima,Zima,CB++,Slavia Praha,Czechia,Česká Liga,73,73,38,54,63,75,75,2880
Peter Žulj,Žulj,CM++,Changchun Yatai,Austria,CSL,73,53,69,73,72,66,75,3120
Jan Schöppner,Schöppner,CDM++,Heidenheim,Germany,Bundesliga,73,60,57,63,62,75,79,2880
Simone Scuffet,Scuffet,GK++,Cagliari,Italy,Serie A TIM,73,73,71,65,76,50,72,3120
Zito André Sebastião Luvumbo,Zito Luvumbo,ST++,Cagliari,Angola,Serie A TIM,73,87,70,66,78,46,66,3120
Luigi Sepe,Sepe,GK++,Salernitana,Italy,Serie BKT,73,72,71,70,76,44,70,3120
Leonardo Sernicola,Sernicola,RB++,Cremonese,Italy,Serie BKT,73,70,58,70,71,68,71,3120
Xherdan Shaqiri,Shaqiri,CAM++,FC Basel 1893,Switzerland,CSSL,73,67,74,76,76,40,62,2880
Kiliann Sildillia,Sildillia,RB++,SC Freiburg,France,Bundesliga,73,68,30,61,68,74,71,2880
Mário Ricardo Silva Velho,Ricardo Velho,GK++,Farense,Portugal,Liga Portugal,73,74,71,66,75,21,73,2880
Manolis Siopis,Siopis,CDM++,Cardiff City,Greece,EFL Championship,73,73,45,64,70,71,73,2880
Moussa Sissoko,Sissoko,CM++,Watford,France,EFL Championship,73,56,62,72,72,70,78,3120
Tim Skarke,Skarke,ST++,Union Berlin,Germany,Bundesliga,73,85,74,63,75,47,68,3120
Will Smallbone,Smallbone,CM++,Southampton,Republic of Ireland,Premier League,73,63,64,68,75,67,66,3120
Eric Smith,Smith,CB++,FC St. Pauli,Sweden,Bundesliga,73,65,57,66,66,72,78,3120
Adam Smith,Smith,RB++,AFC Bournemouth,England,Premier League,73,65,59,70,70,72,70,3120
Fábio Daniel Soares Silva,Fábio Silva,ST++,Wolves,Portugal,Premier League,73,74,73,58,74,31,72,2880
Ola Solbakken,Solbakken,RM++,Empoli,Norway,Serie A TIM,73,81,69,66,73,37,69,2880
Thibo Somers,Somers,RM++,Cercle Brugge,Belgium,1A Pro League,73,80,69,65,71,55,78,3120
Oliver Sørensen,Sørensen,CM++,FC Midtjylland,Denmark,3F Superliga,73,73,67,68,71,69,80,3120
Cican Stanković,Stanković,GK++,AEK Athens,Austria,Hellas Liga,73,75,73,62,76,42,72,3120
Zack Steffen,Steffen,GK++,Colorado Rapids,United States,MLS,73,75,72,71,75,53,69,3120
Jack Stephens,Stephens,CB++,Southampton,England,Premier League,73,42,42,62,66,74,73,2880
Dujon Sterling,Sterling,LB++,Rangers,England,cinch Prem,73,75,51,67,70,71,74,3120
Erik Sviatchenko,Sviatchenko,CB++,Houston Dynamo,Denmark,MLS,73,58,51,60,61,71,83,2880
Karol Świderski,Świderski,ST++,Charlotte FC,Poland,MLS,73,64,74,62,71,32,71,2880
Haris Tabaković,Tabaković,ST++,TSG Hoffenheim,Bosnia and Herzegovina,Bundesliga,73,63,73,52,65,29,80,2880
Yohei Takaoka,Takaoka,GK++,Whitecaps FC,Japan,MLS,73,76,72,67,74,29,70,2880
Montassar Talbi,Talbi,CB++,FC Lorient,Tunisia,Ligue 2 BKT,73,60,30,42,57,73,76,2880
Ao Tanaka,Tanaka,CDM++,Düsseldorf,Japan,Bundesliga 2,73,68,67,69,72,70,70,3120
Jackson Tchatchoua,Tchatchoua,RB++,Hellas Verona,Cameroon,Serie A TIM,73,88,56,62,72,66,79,3120
Álvaro Tejero Sacristán,Álvaro Tejero,RB++,RCD Espanyol,Spain,LALIGA EA SPORTS,73,82,64,69,71,65,69,3120
Mailson Tenório dos Santos,Mailson,GK++,Al Taawoun,Brazil,ROSHN Saudi League,73,73,73,78,71,36,73,3120
Brandon Thomas Llamas,Brandon Thomas,ST++,PAOK FC,Spain,Hellas Liga,73,78,74,64,74,41,72,3120
Kristian Thorstvedt,Thorstvedt,CM++,Sassuolo,Norway,Serie BKT,73,57,71,73,72,67,79,3120
Frederik Tingager,Tingager,CB++,AGF,Denmark,3F Superliga,73,53,33,52,54,71,83,2880
Dorukhan Toköz,Toköz,CM++,Eyüpspor,Türkiye,Trendyol Süper Lig,73,71,68,70,73,73,73,3120
Hassan Tombakti,Tombakti,CB++,Al Hilal,Saudi Arabia,ROSHN Saudi League,73,83,34,58,64,73,75,2880
James Trafford,Trafford,GK++,Burnley,England,EFL Championship,73,73,71,69,75,40,71,2880
Omar Haktab Traoré,Traoré,RB++,Heidenheim,Germany,Bundesliga,73,81,51,61,70,69,71,3120
Mark Travers,Travers,GK++,AFC Bournemouth,Republic of Ireland,Premier League,73,73,69,70,76,40,73,3120
Zlatko Tripić,Tripić,LW++,Viking FK,Norway,Eliteserien,73,84,75,68,73,49,79,3120
Axel Tuanzebe,Tuanzebe,CB++,Ipswich,England,Premier League,73,80,36,62,68,72,70,2880
Ozan Tufan,Tufan,CAM++,Trabzonspor,Türkiye,Trendyol Süper Lig,73,74,75,71,74,70,78,3120
Deniz Türüç,Türüç,RM++,Başakşehir,Türkiye,Trendyol Süper Lig,73,75,71,73,74,57,71,3120
Konstantinos Tzolakis,Tzolakis,GK++,Olympiacos FC,Greece,Hellas Liga,73,73,71,70,75,49,70,3120
Salih Uçan,Uçan,CM++,Beşiktaş,Türkiye,Trendyol Süper Lig,73,57,70,75,74,66,70,3120
Matthieu Udol,Udol,LB++,FC Metz,France,Ligue 2 BKT,73,72,51,65,72,71,74,3120
Lesley Ugochukwu,Ugochukwu,CDM++,Southampton,France,Premier League,73,64,57,68,68,72,75,3120
Mikael Uhre,Uhre,ST++,Philadelphia,Denmark,MLS,73,85,71,52,68,37,77,2880
Won Sang Um,Um Won Sang,RM++,Ulsan Hyundai,Korea Republic,K League 1,73,93,67,61,75,37,68,3120
Jonas Urbig,Urbig,GK++,1. FC Köln,Germany,Bundesliga 2,73,75,71,68,76,32,75,2880
Mark Uth,Uth,CAM++,1. FC Köln,Germany,Bundesliga 2,73,60,75,73,74,40,62,2880
Jesús Vallejo Lázaro,Vallejo,CB++,Real Madrid,Spain,LALIGA EA SPORTS,73,66,42,56,64,74,63,2880
Siebe Van der Heyden,Van der Heyden,CB++,RCD Mallorca,Belgium,LALIGA EA SPORTS,73,59,34,57,53,74,74,2880
Mike van der Hoorn,van der Hoorn,CB++,FC Utrecht,Netherlands,Eredivisie,73,54,45,51,47,73,79,2880
Matías Vargas,Vargas,LM++,Shanghai Port,Argentina,CSL,73,86,68,68,75,40,72,3120
Gustavo Velázquez,Velázquez,CB++,Newell's,Paraguay,LPF,73,74,31,47,55,72,78,2880
Miloš Veljković,Veljković,CB++,SV Werder Bremen,Serbia,Bundesliga,73,34,33,53,59,74,74,2880
Yari Verschaeren,Verschaeren,CAM++,RSC Anderlecht,Belgium,1A Pro League,73,69,68,73,79,44,47,2880
Hugo Vetlesen,Vetlesen,CDM++,Club Brugge,Norway,1A Pro League,73,81,68,71,77,69,69,3120
Bruno Alexandre Vieira Almeida,Bruno Xadas,CAM++,Tianjin JMT FC,Portugal,CSL,73,76,70,75,74,43,64,3120
Diego Viera,Viera,CB++,Libertad,Paraguay,Libertadores,73,31,27,44,49,74,83,2880
Sebastián Villa,Villa,LW++,Ind. Rivadavia,Colombia,LPF,73,86,71,68,74,32,64,2880
Héctor Villalba,Villalba,LM++,Libertad,Paraguay,Libertadores,73,87,71,65,76,45,64,3120
Asier Villalibre Molina,Villalibre,ST++,D. Alavés,Spain,LALIGA EA SPORTS,73,74,74,56,70,39,81,2880
Diego Villares Yáñez,Villares,CM++,RC Deportivo,Spain,LALIGA HYPERMOTION,73,72,67,69,71,70,74,3120
Nicolas Viola,Viola,CAM++,Cagliari,Italy,Serie A TIM,73,47,72,78,75,58,61,2880
Michel Vlap,Vlap,LM++,FC Twente,Netherlands,Eredivisie,73,66,69,72,73,49,69,2880
Tomáš Vlček,Vlček,CB++,Slavia Praha,Czechia,Česká Liga,73,75,39,60,68,73,75,2880
David von Ballmoos,von Ballmoos,GK++,BSC Young Boys,Switzerland,CSSL,73,73,73,74,72,50,72,3120
Marvin Wanitzek,Wanitzek,CM++,Karlsruher SC,Germany,Bundesliga 2,73,65,68,76,73,59,69,3120
Joel Ward,Ward,RB++,Crystal Palace,England,Premier League,73,51,52,68,65,77,68,2880
Luciano Lollo,Lollo,CB++,Estudiantes,Argentina,Libertadores,73,35,49,53,57,75,71,2880
Iván López Álvarez,Ivi López,CAM++,Raków,Spain,PKO BP Ekstraklasa,73,73,73,71,74,39,65,2880
Nahuel Losada,Losada,GK++,Lanús,Argentina,Sudamericana,73,74,74,72,69,41,70,3120
Iker Losada Aragunde,Iker Losada,RM++,Real Betis,Spain,LALIGA EA SPORTS,73,76,73,73,71,34,55,2880
Jonas Lössl,Lössl,GK++,FC Midtjylland,Denmark,3F Superliga,73,73,74,70,72,37,73,2880
Fabio Lucioni,Lucioni,CB++,Palermo,Italy,Serie BKT,73,59,42,50,52,75,78,2880
Gustav Ludwigson,Ludwigson,LM++,Ulsan Hyundai,Sweden,K League 1,73,88,69,63,70,30,80,3120
Massimo Luongo,Luongo,CDM++,Ipswich,Australia,Premier League,73,59,67,67,71,70,77,3120
Charalampos Lykogiannis,Lykogiannis,LB++,Bologna,Greece,Serie A TIM,73,77,70,71,66,69,71,3120
Antoine Makoumbou,Makoumbou,CDM++,Cagliari,Congo,Serie A TIM,73,72,59,67,76,68,78,3120
Lennard Maloney,Maloney,CDM++,Heidenheim,United States,Bundesliga,73,64,44,56,60,75,86,2880
Aleš Mandous,Mandous,GK++,Slavia Praha,Czechia,Česká Liga,73,72,72,77,74,19,73,2880
Matías Mansilla,Mansilla,GK++,Estudiantes,Argentina,Libertadores,73,70,71,68,75,25,76,2880
Braydon Manu,Manu,RM++,PEC Zwolle,Ghana,Eredivisie,73,86,66,63,76,37,70,2880
Faitout Maouassa,Maouassa,LB++,Club Brugge,France,1A Pro League,73,76,64,71,74,70,74,3120
Roger Martí Salvador,Roger Martí,ST++,Cádiz CF,Spain,LALIGA HYPERMOTION,73,72,73,62,73,42,70,2880
Juan Carlos Martín Corral,Juan Carlos,GK++,Girona FC,Spain,LALIGA EA SPORTS,73,72,73,72,73,59,71,3120
Emiliano Martínez,Martínez,CDM++,FC Midtjylland,Uruguay,3F Superliga,73,73,56,63,71,71,70,3120
Roger Martínez,Martínez,ST++,Racing Club,Colombia,Sudamericana,73,73,73,66,76,41,78,3120
Erhan Mašović,Mašović,CB++,VfL Bochum,Serbia,Bundesliga,73,61,33,49,56,75,69,2880
Luca Mazzitelli,Mazzitelli,CM++,Como,Italy,Serie A TIM,73,40,62,75,71,64,68,2880
Oli McBurnie,McBurnie,ST++,UD Las Palmas,Scotland,LALIGA EA SPORTS,73,54,72,58,68,34,81,2880
Björn Meijer,Meijer,LB++,Club Brugge,Netherlands,1A Pro League,73,70,62,68,67,70,82,3120
Bamo Meïté,Meïté,CB++,OM,Côte d'Ivoire,Ligue 1 Uber Eats,73,54,33,47,58,75,70,2880
Santiago Mele,Mele,GK++,Junior,Uruguay,Libertadores,73,75,70,68,76,50,68,3120
Gonzalo Melero Manzanares,Melero,CM++,UD Almería,Spain,LALIGA HYPERMOTION,73,51,71,72,69,70,73,3120
Lorenzo Melgarejo,Melgarejo,ST++,Libertad,Paraguay,Libertadores,73,83,72,65,76,56,69,3120
Jubal Rocha Mendes Júnior,Jubal,CB++,AJ Auxerre,Brazil,Ligue 1 Uber Eats,73,46,39,46,56,73,76,2880
João Sabino Mendes Neto Saraiva,João Mendes,LW++,Vitória SC,Portugal,Liga Portugal,73,70,72,72,73,57,70,3120
Batista Mendy,Mendy,CDM++,Trabzonspor,France,Trendyol Süper Lig,73,62,58,66,68,73,80,3120
Alexandre Mendy,Mendy,ST++,SM Caen,Guinea-Bissau,Ligue 2 BKT,73,72,73,52,66,25,82,2880
Max Meyer,Meyer,CAM++,Apoel FC,Germany,Liga Cyprus,73,62,66,75,75,62,63,3120
Matt Miazga,Miazga,CB++,FC Cincinnati,United States,MLS,73,46,26,47,57,73,78,2880
Fredrik Midtsjø,Midtsjø,CM++,Eyüpspor,Norway,Trendyol Süper Lig,73,76,59,72,71,68,78,3120
Salvador José Milhazes Agra,Salvador Agra,RM++,Boavista FC,Portugal,Liga Portugal,73,85,69,69,74,58,68,3120
Pere Milla Peña,Pere Milla,ST++,RCD Espanyol,Spain,LALIGA EA SPORTS,73,73,73,70,73,51,66,3120
Alexandru Mitriță,Mitriță,LM++,Univ. Craiova,Romania,SUPERLIGA,73,86,72,68,77,26,60,2880
Filip Mladenović,Mladenović,LB++,Panathinaikos,Serbia,Hellas Liga,73,85,67,70,69,65,66,3120
Jakub Moder,Moder,CM++,Brighton,Poland,Premier League,73,61,70,74,72,70,71,3120
Florent Mollet,Mollet,CAM++,FC Nantes,France,Ligue 1 Uber Eats,73,66,72,77,75,51,63,3120
Santiago Montiel,Montiel,LM++,Independiente,Argentina,LPF,73,88,62,70,74,65,66,3120
Emre Mor,Mor,RM++,Fenerbahçe,Türkiye,Trendyol Süper Lig,73,88,65,65,81,38,57,2880
Maxi Moralez,Moralez,CAM++,New York City FC,Argentina,MLS,73,59,68,73,76,52,49,2880
José Antonio Morente Oliva,Tete Morente,LM++,Lecce,Spain,Serie A TIM,73,80,70,72,72,44,69,3120
Lewis Morgan,Morgan,ST++,Red Bulls,Scotland,MLS,73,82,74,71,75,55,68,3120
Anthony Moris,Moris,GK++,R. Union St.-G.,Luxembourg,1A Pro League,73,74,70,79,75,47,71,3120
Aidan Morris,Morris,CDM++,Middlesbrough,United States,EFL Championship,73,73,53,61,69,69,81,3120
Gabriel Silva Moscardo de Salles,Gabriel Moscardo,CDM++,Stade de Reims,Brazil,Ligue 1 Uber Eats,73,70,52,62,70,71,78,3120
Andrés Mosquera,Mosquera,CB++,América de Cali,Colombia,Sudamericana,73,70,42,59,55,74,74,2880
Alex Mowatt,Mowatt,CDM++,West Brom,England,EFL Championship,73,54,69,74,70,66,72,3120
Stefan Mugoša,Mugoša,ST++,Incheon United,Montenegro,K League 1,73,64,75,53,67,24,78,2880
Florent Muslija,Muslija,CAM++,SC Freiburg,Kosovo,Bundesliga,73,78,67,71,77,30,49,2880
Knowledge Musona,Musona,CAM++,Al Okhdood,Zimbabwe,ROSHN Saudi League,73,71,71,73,73,42,76,3120
Andrey N. dos Santos,Andrey Santos,CM++,Strasbourg,Brazil,Ligue 1 Uber Eats,73,74,65,70,75,70,69,3120
Sebastian Nanasi,Nanasi,LM++,Strasbourg,Sweden,Ligue 1 Uber Eats,73,70,64,71,77,32,65,2880
Paul Nardi,Nardi,GK++,QPR,France,EFL Championship,73,74,67,68,76,50,72,3120
Vivaldo Neto,Neto Borges,LB++,Clermont Foot 63,Brazil,Ligue 2 BKT,73,70,50,66,72,69,80,3120
Cyril Ngonge,Ngonge,RM++,SSC Napoli,Belgium,Serie A TIM,73,83,72,67,75,35,64,2880
Moritz Nicolas,Nicolas,GK++,M'gladbach,Germany,Bundesliga,73,76,74,68,77,21,70,2880
Casper Nielsen,Nielsen,CM++,Club Brugge,Denmark,1A Pro League,73,71,70,73,74,70,76,3120
Gustaf Nilsson,Nilsson,ST++,Club Brugge,Sweden,1A Pro League,73,70,75,57,62,32,76,2880
Justin Njinmah,Njinmah,ST++,SV Werder Bremen,Germany,Bundesliga,73,90,75,62,73,30,59,2880
Niels Nkounkou,Nkounkou,LB++,Frankfurt,France,Bundesliga,73,78,49,69,75,66,73,3120
Andries Noppert,Noppert,GK++,sc Heerenveen,Netherlands,Eredivisie,73,74,71,67,73,35,72,2880
Obinna Nwobodo,Nwobodo,CDM++,FC Cincinnati,Nigeria,MLS,73,82,61,64,70,73,74,3120
Armando Obispo,Obispo,CB++,PSV,Netherlands,Eredivisie,73,72,42,60,66,72,75,2880
Jens Odgaard,Odgaard,ST++,Bologna,Denmark,Serie A TIM,73,73,73,68,72,42,77,3120
Wilson Odobert,Odobert,LM++,Spurs,France,Premier League,73,86,67,64,75,30,49,2880
Chiedozie Ogbene,Ogbene,RB++,Luton Town,Republic of Ireland,EFL Championship,73,91,65,66,74,64,78,3120
Darius Olaru,Olaru,CM++,FCSB,Romania,SUPERLIGA,73,83,73,72,74,64,82,3120
Jorge Filipe Oliveira Fernandes,Jorge Fernandes,CB++,Vitória SC,Portugal,Liga Portugal,73,34,34,48,57,74,80,2880
Ibrahim Amadou,Amadou,CDM++,Shanghai Shenhua,France,CSL,73,66,58,65,68,72,80,3120
Selim Amallah,Amallah,CAM++,R. Valladolid CF,Morocco,LALIGA EA SPORTS,73,67,73,73,71,64,74,3120
Lazare Amani,Amani,CM++,R. Union St.-G.,Côte d'Ivoire,1A Pro League,73,77,65,70,79,66,70,3120
Zeki Amdouni,Amdouni,ST++,Burnley,Switzerland,EFL Championship,73,69,74,69,75,46,70,3120
Anaitz Arbilla Zabala,Arbilla,CB++,SD Eibar,Spain,LALIGA HYPERMOTION,73,49,57,70,65,71,79,2880
Alex Arce,Arce,ST++,LDU Quito,Paraguay,Libertadores,73,59,77,48,69,22,64,2880
Joe Aribo,Aribo,CM++,Southampton,Nigeria,Premier League,73,74,64,72,76,66,77,3120
Adrián Arregui,Arregui,CM++,Alianza Lima,Argentina,Libertadores,73,70,66,72,71,71,78,3120
Tiago B. de Melo Tomás,Tiago Tomás,ST++,VfL Wolfsburg,Portugal,Bundesliga,73,83,70,58,76,39,69,2880
Milan Badelj,Badelj,CDM++,Genoa,Croatia,Serie A TIM,73,44,61,71,71,70,70,2880
Mama Samba Baldé,Mama Baldé,ST++,OL,Guinea-Bissau,Ligue 1 Uber Eats,73,85,71,65,72,49,76,3120
Carlos Baleba,Baleba,CDM++,Brighton,Cameroon,Premier League,73,77,50,65,74,68,77,3120
Daniel Ballard,Ballard,CB++,Sunderland,Northern Ireland,EFL Championship,73,60,30,53,57,72,81,2880
Mohamed Bamba,Bamba,ST++,FC Lorient,Côte d'Ivoire,Ligue 2 BKT,73,79,74,56,72,28,72,2880
Valentín Barco,Barco,LB++,Sevilla FC,Argentina,LALIGA EA SPORTS,73,76,50,75,77,65,60,3120
Francesco Bardi,Bardi,GK++,Reggiana,Italy,Serie BKT,73,74,71,70,74,49,71,3120
Pier Barrios,Barrios,CB++,Godoy Cruz,Argentina,LPF,73,70,47,64,60,72,81,2880
Jelle Bataille,Bataille,RB++,Royal Antwerp FC,Belgium,1A Pro League,73,81,61,71,73,63,75,3120
Mohamed Bayo,Bayo,ST++,LOSC Lille,Guinea,Ligue 1 Uber Eats,73,67,75,60,72,26,65,2880
Gavin Bazunu,Bazunu,GK++,Southampton,Republic of Ireland,Premier League,73,74,72,74,76,47,69,3120
Thomas Beelen,Beelen,CB++,Feyenoord,Netherlands,Eredivisie,73,74,44,64,68,74,75,2880
Kevin Behrens,Behrens,ST++,VfL Wolfsburg,Germany,Bundesliga,73,67,72,51,66,42,85,2880
Vid Belec,Belec,GK++,Apoel FC,Slovenia,Liga Cyprus,73,72,71,68,76,48,73,3120
Eliesse Ben Seghir,Ben Seghir,CAM++,AS Monaco,Morocco,Ligue 1 Uber Eats,73,77,73,65,77,28,54,2880
Gastón Benavídez,Benavídez,RB++,Talleres,Argentina,Libertadores,73,67,36,62,62,72,65,2880
Dimitry Bertaud,Bertaud,GK++,Montpellier,Congo DR,Ligue 1 Uber Eats,73,73,69,72,75,53,72,3120
Bruno Bianchi,Bianchi,CB++,Ind. Rivadavia,Argentina,LPF,73,52,35,57,57,74,78,2880
Pedro Bigas Rigo,Bigas,CB++,Elche CF,Spain,LALIGA HYPERMOTION,73,61,52,63,60,73,74,2880
Leonardo Bittencourt,Bittencourt,CAM++,SV Werder Bremen,Germany,Bundesliga,73,65,67,71,80,57,59,2880
Darijan Bojanić,Bojanić,CM++,Ulsan Hyundai,Sweden,K League 1,73,47,63,75,72,62,71,2880
Yoan Bonny,Bonny,ST++,Parma,France,Serie A TIM,73,87,73,67,76,32,70,3120
Ângelo Gabriel Borges Damaceno,Ângelo,RM++,Chelsea,Brazil,Premier League,73,84,60,69,80,30,45,2880
Jan Bořil,Bořil,CB++,Slavia Praha,Czechia,Česká Liga,73,67,62,69,69,70,79,3120
Darko Brašanac,Brašanac,CM++,CD Leganés,Serbia,LALIGA EA SPORTS,73,50,69,72,70,72,71,3120
Ben Brereton Díaz,Brereton Díaz,LW++,Southampton,Chile,Premier League,73,80,73,66,73,41,78,3120
Armando Broja,Broja,ST++,Chelsea,Albania,Premier League,73,74,73,53,72,30,75,2880
Jorge Broun,Broun,GK++,Rosario Central,Argentina,Libertadores,73,71,71,70,73,41,75,3120
Facundo Buonanotte,Buonanotte,RM++,Leicester City,Argentina,Premier League,73,75,67,70,76,30,52,2880
Gianluca Busio,Busio,CM++,Venezia,United States,Serie A TIM,73,73,64,72,76,63,65,3120
Nahuel Bustos,Bustos,ST++,San Lorenzo,Argentina,Libertadores,73,83,73,67,76,33,69,3120
Juan José Cáceres,Cáceres,RB++,Lanús,Paraguay,Sudamericana,73,84,45,62,66,70,70,2880
Luca Caldirola,Caldirola,CB++,Monza,Italy,Serie A TIM,73,32,42,63,59,76,65,2880
Fernando Calero Villa,Calero,CB++,RCD Espanyol,Spain,LALIGA EA SPORTS,73,62,42,65,65,73,69,2880
Alexander Callens,Callens,CB++,AEK Athens,Peru,Hellas Liga,73,72,53,50,57,72,78,2880
Daniel Pedro Calvo Sanromán,Dani Calvo,CB++,R. Oviedo,Spain,LALIGA HYPERMOTION,73,52,46,55,55,73,80,2880
Lamine Camara,Camara,CM++,AS Monaco,Senegal,Ligue 1 Uber Eats,73,79,65,73,74,57,59,3120
Mohamed Ali Camara,Camara,CB++,BSC Young Boys,Guinea,CSSL,73,69,35,51,45,71,84,2880
Sergio Camello Pérez,Sergio Camello,ST++,Rayo Vallecano,Spain,LALIGA EA SPORTS,73,70,74,65,75,28,56,2880
Jorman Campuzano,Campuzano,CDM++,Atl. Nacional,Colombia,Liga Colombia,73,72,40,60,65,71,72,2880
Alexis Canelo,Canelo,LM++,Independiente,Argentina,LPF,73,86,74,68,72,28,73,3120
Sergi Canós Tenés,Sergi Canós,LM++,Valencia CF,Spain,LALIGA EA SPORTS,73,71,73,71,74,60,72,3120
Gabriel Carabajal,Carabajal,CAM++,Newell's,Argentina,LPF,73,72,71,71,76,42,65,2880
Edwin Cardona,Cardona,CAM++,Atl. Nacional,Colombia,Liga Colombia,73,47,73,76,73,33,67,2880
Irvin Cardona,Cardona,ST++,RCD Espanyol,France,LALIGA EA SPORTS,73,84,72,66,72,28,64,2880
Julián Carranza,Carranza,ST++,Feyenoord,Argentina,Eredivisie,73,71,73,60,71,42,76,2880
Guido Carrillo,Carrillo,ST++,Estudiantes,Argentina,Libertadores,73,42,75,56,70,45,78,2880
Federico Carrizo,Carrizo,CAM++,Cerro Porteño,Argentina,Libertadores,73,83,71,70,75,46,64,3120
Wanderson Carvalho Oliveira,Wanderson,LB++,Pohang Steelers,Brazil,K League 1,73,87,64,67,73,65,73,3120
Cristian Cásseres Jr,Cásseres Jr,CDM++,Toulouse FC,Venezuela,Ligue 1 Uber Eats,73,77,64,67,71,72,74,3120
Santiago Castro,Castro,ST++,Bologna,Argentina,Serie A TIM,73,79,73,59,73,40,65,2880
Federico Ceccherini,Ceccherini,CB++,Hellas Verona,Italy,Serie A TIM,73,62,48,57,63,74,72,2880
Farouk Chafaï,Chafaï,CB++,Damac FC,Algeria,ROSHN Saudi League,73,41,57,49,49,75,82,2880
Tjaronn Chery,Chery,CAM++,Royal Antwerp FC,Suriname,1A Pro League,73,59,75,71,75,29,68,2880
Alessandro Circati,Circati,CB++,Parma,Australia,Serie A TIM,73,61,35,53,49,74,74,2880
Elias Cobbaut,Cobbaut,CB++,Parma,Belgium,Serie A TIM,73,68,41,68,68,71,78,2880
Lorenzo Colombo,Colombo,ST++,Empoli,Italy,Serie A TIM,73,68,75,51,70,29,72,2880
Nazareno Colombo,Colombo,CB++,Racing Club,Argentina,Sudamericana,73,63,39,52,54,74,79,2880
Derlis González,González,ST++,Olimpia,Paraguay,Sudamericana,73,81,75,71,76,44,64,3120
José Gragera Amado,José Gragera,CDM++,RCD Espanyol,Spain,LALIGA EA SPORTS,73,59,50,66,66,74,75,2880
Archie Gray,Gray,CDM++,Spurs,England,Premier League,73,75,60,70,74,70,72,3120
Ivo Grbić,Grbić,GK++,Sheffield Utd,Croatia,EFL Championship,73,74,70,73,73,32,72,2880
Ilia Gruev,Gruev,CDM++,Leeds United,Bulgaria,EFL Championship,73,67,48,69,71,70,68,2880
Hugo Guillamón Sammartín,Hugo Guillamón,CDM++,Valencia CF,Spain,LALIGA EA SPORTS,73,57,53,67,64,74,71,2880
Manuel Gulde,Gulde,CB++,SC Freiburg,Germany,Bundesliga,73,57,40,51,56,75,69,2880
Gerard Gumbau Garriga,Gumbau,CM++,Rayo Vallecano,Spain,LALIGA EA SPORTS,73,53,66,76,69,72,68,3120
Günay Güvenç,Güvenç,GK++,Galatasaray,Türkiye,Trendyol Süper Lig,73,72,71,71,75,55,70,3120
Lewis Hall,Hall,LB++,Newcastle Utd,England,Premier League,73,74,62,74,75,68,59,3120
Tarek Hamed,Hamed,CDM++,Damac FC,Egypt,ROSHN Saudi League,73,64,58,65,66,72,83,3120
Jorrel Hato,Hato,CB++,Ajax,Netherlands,Eredivisie,73,86,39,66,72,74,70,3120
Lukáš Hejda,Hejda,CB++,Viktoria Plzeň,Czechia,Česká Liga,73,54,35,54,62,73,79,2880
Wesley Hoedt,Hoedt,CB++,Al Shabab,Netherlands,ROSHN Saudi League,73,56,46,69,60,74,75,2880
Casper Højer,Højer,LB++,Çaykur Rizespor,Denmark,Trendyol Süper Lig,73,74,69,75,70,67,73,3120
Rob Holding,Holding,CB++,Crystal Palace,England,Premier League,73,47,34,58,63,75,69,2880
Lucas Höler,Höler,ST++,SC Freiburg,Germany,Bundesliga,73,69,73,54,63,51,79,2880
Tomi Horvat,Horvat,CAM++,SK Sturm Graz,Slovenia,Ö. Bundesliga,73,75,70,71,76,53,68,3120
Trai Hume,Hume,RB++,Sunderland,Northern Ireland,EFL Championship,73,81,37,61,67,70,79,2880
Samuel Iling-Junior,Iling-Junior,LM++,Aston Villa,England,Premier League,73,81,61,69,78,37,55,2880
Marcus Ingvartsen,Ingvartsen,ST++,FC Nordsjælland,Denmark,3F Superliga,73,62,77,67,73,38,72,2880
Cedric Itten,Itten,ST++,BSC Young Boys,Switzerland,CSSL,73,69,73,62,67,36,80,2880
Pontus Jansson,Jansson,CB++,Malmö FF,Sweden,Allsvenskan,73,49,45,51,59,73,81,2880
Ardon Jashari,Jashari,CDM++,Club Brugge,Switzerland,1A Pro League,73,68,64,71,72,68,80,3120
Rafael Jiménez Jarque,Fali,CB++,Cádiz CF,Spain,LALIGA HYPERMOTION,73,43,53,67,57,70,87,2880
Ben Johnson,Johnson,RB++,Ipswich,England,Premier League,73,72,40,63,68,73,71,2880
Paul Joly,Joly,RB++,AJ Auxerre,France,Ligue 1 Uber Eats,73,66,34,60,58,73,72,2880
Erik Jorgens de Menezes,Erik,LB++,Al Ain FC,Brazil,United Emirates League,73,85,51,69,74,65,74,3120
Christopher Jullien,Jullien,CB++,Montpellier,France,Ligue 1 Uber Eats,73,54,50,62,56,72,77,2880
Anthony Jung,Jung,CB++,SV Werder Bremen,Germany,Bundesliga,73,63,62,65,66,74,74,3120
Matěj Jurásek,Jurásek,RW++,Slavia Praha,Czechia,Česká Liga,73,81,71,67,74,54,70,3120
David Jurásek,Jurásek,LB++,TSG Hoffenheim,Czechia,Bundesliga,73,82,61,68,72,67,75,3120
Julian Justvan,Justvan,RM++,1. FC Nürnberg,Germany,Bundesliga 2,73,83,60,71,75,53,53,2880
Issa Kaboré,Kaboré,RB++,Manchester City,Burkina Faso,Premier League,73,87,39,63,72,65,74,3120
Hassane Kamara,Kamara,LB++,Udinese,Côte d'Ivoire,Serie A TIM,73,82,59,67,73,67,74,3120
Jakub Kamiński,Kamiński,LM++,VfL Wolfsburg,Poland,Bundesliga,73,82,64,66,77,48,58,2880
Kenan Karaman,Karaman,CAM++,FC Schalke 04,Türkiye,Bundesliga 2,73,76,71,67,74,28,72,2880
Grigoris Kastanos,Kastanos,CAM++,Hellas Verona,Cyprus,Serie A TIM,73,76,70,72,75,55,65,3120
Ilan Kebbal,Kebbal,CAM++,Paris FC,Algeria,Ligue 2 BKT,73,77,66,71,78,24,53,2880
Tomasz Kędziora,Kędziora,CB++,PAOK FC,Poland,Hellas Liga,73,76,45,65,65,72,75,2880
Reda Khadra,Khadra,CAM++,Stade de Reims,Germany,Ligue 1 Uber Eats,73,85,67,68,77,48,67,3120
Seung Gyu Kim,Kim Seung Gyu,GK++,Al Shabab,Korea Republic,ROSHN Saudi League,73,75,65,70,76,36,71,2880
Hervé Koffi,Koffi,GK++,RC Lens,Burkina Faso,Ligue 1 Uber Eats,73,75,69,68,76,56,67,3120
Luca Warrick Koleosho,Koleosho,LM++,Burnley,Italy,EFL Championship,73,90,63,64,76,30,50,2880
Rominigue Kouamé,Kouamé,CM++,Cádiz CF,Mali,LALIGA HYPERMOTION,73,68,56,69,73,70,79,3120
Boubakar Kouyaté,Kouyaté,CB++,Montpellier,Mali,Ligue 1 Uber Eats,73,61,36,50,58,73,76,2880
Vladan Kovacević,Kovacević,GK++,Sporting CP,Serbia,Liga Portugal,73,74,70,75,76,37,77,3120
Emil Krafth,Krafth,RB++,Newcastle Utd,Sweden,Premier League,73,53,58,68,70,75,70,2880
Elias Jelert Kristensen,Elias Jelert,RB++,Galatasaray,Denmark,Trendyol Süper Lig,73,85,57,68,73,66,73,3120
Tim Krul,Krul,GK++,Luton Town,Netherlands,EFL Championship,73,73,72,71,76,37,71,3120
Nicolas Kühn,Kühn,RW++,Celtic,Germany,cinch Prem,73,88,67,66,76,25,66,2880
Bas Kuipers,Kuipers,LB++,FC Twente,Netherlands,Eredivisie,73,67,44,65,68,70,75,2880
Daniel-Kofi Kyereh,Kyereh,CAM++,SC Freiburg,Ghana,Bundesliga,73,74,70,66,78,31,56,2880
Nediljko Labrović,Labrović,GK++,FC Augsburg,Croatia,Bundesliga,73,76,70,63,74,40,73,2880
Stefan Lainer,Lainer,RB++,M'gladbach,Austria,Bundesliga,73,70,62,65,67,73,75,3120
Carlos Lampe,Lampe,GK++,Bolívar,Bolivia,Libertadores,73,72,71,69,74,34,75,2880
Gianluca Lapadula,Lapadula,ST++,Cagliari,Peru,Serie A TIM,73,68,73,61,72,39,71,2880
Julien Laporte,Laporte,CB++,FC Lorient,France,Ligue 2 BKT,73,37,29,46,50,74,81,2880
Jacob Bruun Larsen,Larsen,LM++,TSG Hoffenheim,Denmark,Bundesliga,73,81,72,70,73,55,66,3120
Jens Stryger Larsen,Larsen,RB++,Malmö FF,Denmark,Allsvenskan,73,76,60,66,69,69,79,3120
Juan Miguel Latasa Fernández,Latasa,ST++,R. Valladolid CF,Spain,LALIGA EA SPORTS,73,69,73,55,67,22,68,2880
Valentino Lazaro,Lazaro,LM++,Torino,Austria,Serie A TIM,73,71,69,73,74,64,65,3120
Mathew Leckie,Leckie,LM++,Melbourne City,Australia,A-League,73,82,68,68,75,63,78,3120
Tomás Lemos Araújo,Tomás Araújo,CB++,SL Benfica,Portugal,Liga Portugal,73,79,29,65,66,72,79,2880
Théo Leoni,Leoni,CM++,RSC Anderlecht,Belgium,1A Pro League,73,70,67,73,71,64,63,3120
Mateusz Lis,Lis,GK++,Göztepe,Poland,Trendyol Süper Lig,73,75,73,68,74,27,75,2880
Tom Lockyer,Lockyer,CB++,Luton Town,Wales,EFL Championship,73,53,36,54,61,74,78,2880
Nicolás Lodeiro,Lodeiro,CAM++,Orlando City,Uruguay,MLS,73,57,71,76,74,49,66,2880
Eray Cömert,Cömert,CB++,R. Valladolid CF,Switzerland,LALIGA EA SPORTS,73,71,49,62,56,73,77,2880
Diego José Conde Alcolado,Diego Conde,GK++,Villarreal CF,Spain,LALIGA EA SPORTS,73,73,73,64,74,43,73,3120
Jake Cooper,Cooper,CB++,Millwall,England,EFL Championship,73,51,32,48,53,72,83,2880
Claudio Corvalán,Corvalán,CB++,Unión,Argentina,LPF,73,60,54,66,63,71,80,2880
Nicolas Cozza,Cozza,LB++,VfL Wolfsburg,France,Bundesliga,73,73,41,61,70,74,68,2880
Maxime Crépeau,Crépeau,GK++,Portland Timbers-Thorns,Canada,MLS,73,74,71,70,75,49,71,3120
Miguel Crespo da Silva,Miguel Crespo,CM++,Başakşehir,Portugal,Trendyol Süper Lig,73,70,64,72,74,72,76,3120
Francisco Jesús Crespo García,Pejiño,RM++,UD Las Palmas,Spain,LALIGA EA SPORTS,73,92,74,68,74,36,60,3120
Leonardo Filipe Cruz Lelo,Leonardo Lelo,LM++,Casa Pia AC,Portugal,Liga Portugal,73,82,57,64,73,67,70,3120
Danny da Costa,da Costa,RB++,1. FSV Mainz 05,Germany,Bundesliga,73,75,56,64,69,70,79,3120
Abner Vinícius da Silva Santos,Abner Vinícius,LB++,OL,Brazil,Ligue 1 Uber Eats,73,82,52,72,73,66,63,3120
Gustavo da Silva Sousa,Gustavo,ST++,Shanghai Port,Brazil,CSL,73,75,73,51,66,24,80,2880
Gabriel Dal Toé Busanello,Busanello,LB++,Malmö FF,Brazil,Allsvenskan,73,75,57,71,70,67,81,3120
Mikkel Damsgaard,Damsgaard,CM++,Brentford,Denmark,Premier League,73,81,69,71,78,61,65,3120
Marcus Danielson,Danielson,CB++,Djurgårdens IF,Sweden,Allsvenskan,73,43,37,48,52,74,77,2880
Josh Dasilva,Dasilva,CM++,Brentford,England,Premier League,73,71,71,72,74,64,74,3120
Paweł Dawidowicz,Dawidowicz,CB++,Hellas Verona,Poland,Serie A TIM,73,50,48,62,63,74,74,2880
Miguel de la Fuente,Miguel,ST++,CD Leganés,Spain,LALIGA EA SPORTS,73,71,73,54,73,31,77,2880
Jeffrey de Lange,de Lange,GK++,OM,Netherlands,Ligue 1 Uber Eats,73,73,69,74,73,56,73,3120
Cláudio Pires de Morais Ramos,Cláudio Ramos,GK++,FC Porto,Portugal,Liga Portugal,73,78,72,64,72,55,72,3120
Felipe de Sousa Silva,Felipe Silva,ST++,Rongcheng FC,Brazil,CSL,73,75,71,59,68,28,85,2880
Jason Denayer,Denayer,CB++,Al Fateh,Belgium,ROSHN Saudi League,73,69,42,64,65,73,75,2880
Ersin Destanoğlu,Destanoğlu,GK++,Beşiktaş,Türkiye,Trendyol Süper Lig,73,73,74,68,73,38,74,3120
Tiago Manuel Dias Correia,Bebé,LM++,Rayo Vallecano,Cape Verde Islands,LALIGA EA SPORTS,73,81,76,70,71,41,83,3120
Sinaly Diomandé,Diomandé,CB++,OL,Côte d'Ivoire,Ligue 1 Uber Eats,73,65,46,61,58,73,76,2880
Matt Doherty,Doherty,RB++,Wolves,Republic of Ireland,Premier League,73,67,65,69,69,72,73,3120
Nery Domínguez,Domínguez,CB++,Lanús,Argentina,Sudamericana,73,51,61,70,68,73,72,2880
Cecilio Domínguez,Domínguez,LM++,Cerro Porteño,Paraguay,Libertadores,73,79,72,69,73,44,70,3120
Olávio Vieira dos Santos Júnior,Juninho Vieira,ST++,Qarabağ FK,Brazil,Liga Azerbaijan,73,86,74,61,70,30,63,2880
Carlos Miguel dos Santos Pereira,Carlos Miguel,GK++,Nott'm Forest,Brazil,Premier League,73,71,74,69,71,17,73,2880
Kamory Doumbia,Doumbia,CAM++,Stade de Reims,Mali,Ligue 1 Uber Eats,73,69,67,70,76,57,59,2880
Patrick Drewes,Drewes,GK++,VfL Bochum,Germany,Bundesliga,73,74,71,67,75,30,71,2880
Joël Drommel,Drommel,GK++,PSV,Netherlands,Eredivisie,73,74,72,76,75,51,71,3120
Shane Duffy,Duffy,CB++,Norwich,Republic of Ireland,EFL Championship,73,34,47,50,48,74,77,2880
Noë Dussenne,Dussenne,CB++,Lausanne-Sport,Belgium,CSSL,73,32,40,52,52,75,77,2880
Sampson Dweh,Dweh,CB++,Viktoria Plzeň,Liberia,Česká Liga,73,72,32,59,66,73,75,2880
Youssef El Arabi,El Arabi,ST++,Apoel FC,Morocco,Liga Cyprus,73,59,76,65,72,37,64,2880
Omar El Hilali,El Hilali,RB++,RCD Espanyol,Morocco,LALIGA EA SPORTS,73,82,41,63,67,70,73,2880
Emanuel Emegha,Emegha,ST++,Strasbourg,Netherlands,Ligue 1 Uber Eats,73,81,71,56,69,30,74,2880
Julio César Enciso,Enciso,CAM++,Brighton,Paraguay,Premier League,73,77,72,68,78,32,50,2880
Samuel Essende,Essende,ST++,FC Augsburg,France,Bundesliga,73,74,71,49,67,26,82,2880
Francisco Femenía Far,Kiko Femenía,RB++,Villarreal CF,Spain,LALIGA EA SPORTS,73,69,56,69,67,71,65,2880
Edimilson Fernandes,Fernandes,CB++,1. FSV Mainz 05,Switzerland,Bundesliga,73,69,65,70,72,76,68,3120
Federico Fernández,Fernández,CB++,Estudiantes,Argentina,Libertadores,73,36,34,58,57,75,76,2880
Nicolás Fernández,Fernández,CM++,Godoy Cruz,Uruguay,LPF,73,81,61,71,75,64,80,3120
Carlos Fernández Luna,Carlos Fernández,ST++,Real Sociedad,Spain,LALIGA EA SPORTS,73,67,75,64,73,27,67,2880
Andrés Eduardo Fernández Moreno,Andrés Fernández,GK++,Levante UD,Spain,LALIGA HYPERMOTION,73,71,70,70,75,57,76,3120
Héctor Junior Firpo Adamés,Junior Firpo,LB++,Leeds United,Dominican Republic,EFL Championship,73,73,60,67,69,70,73,3120
Wes Foderingham,Foderingham,GK++,West Ham,England,Premier League,73,74,71,72,75,44,72,3120
Thomas Foket,Foket,RB++,RSC Anderlecht,Belgium,1A Pro League,73,69,57,68,71,71,71,3120
Alejandro Francés Torrijo,Francés,CB++,Girona FC,Spain,LALIGA EA SPORTS,73,78,45,64,63,73,76,2880
Nicolás Freire,Freire,CB++,Inter Miami CF,Argentina,MLS,73,67,29,45,54,72,81,2880
Iván Fresneda Corraliza,Fresneda,RB++,Sporting CP,Spain,Liga Portugal,73,75,41,60,74,72,69,2880
Marvin Friedrich,Friedrich,CB++,M'gladbach,Germany,Bundesliga,73,62,41,57,50,75,71,2880
Kanya Fujimoto,Fujimoto,CAM++,Gil Vicente,Japan,Liga Portugal,73,79,67,72,74,52,51,2880
Manuel Fuster Lázaro,Manu Fuster,LM++,UD Las Palmas,Spain,LALIGA EA SPORTS,73,78,68,73,71,52,48,2880
Gianluca Gaetano,Gaetano,CAM++,SSC Napoli,Italy,Serie A TIM,73,63,70,71,75,51,61,2880
Gauthier Gallon,Gallon,GK++,Stade Rennais FC,France,Ligue 1 Uber Eats,73,74,71,72,75,40,73,3120
Javier García,García,GK++,Boca Juniors,Argentina,Sudamericana,73,75,68,75,74,37,72,3120
Federico Gattoni,Gattoni,CB++,River Plate,Argentina,Libertadores,73,71,60,59,64,74,75,3120
Abdulrahman Ghareeb,Ghareeb,LM++,Al Nassr,Saudi Arabia,ROSHN Saudi League,73,84,62,67,77,25,57,2880
Faouzi Ghoulam,Ghoulam,LB++,Hatayspor,Algeria,Trendyol Süper Lig,73,62,65,72,70,72,68,3120
Benedikt Gimber,Gimber,CB++,Heidenheim,Germany,Bundesliga,73,64,48,59,57,74,77,2880
Sergi Gómez Solà,Sergi Gómez,CB++,RCD Espanyol,Spain,LALIGA EA SPORTS,73,61,46,61,59,73,72,2880
Fábio Gonçalves Abreu,Fábio Abreu,ST++,Beijing Guoan,Angola,CSL,73,78,73,55,69,26,76,2880
Tiago Manuel Dias Correia,Bebé,LM++,Racing de Ferrol,Cape Verde Islands,LALIGA HYPERMOTION,73,81,76,70,71,41,83,3120
Anthony Partipilo,Partipilo,RM++,Frosinone,Italy,Serie BKT,73,85,70,68,72,43,69,3120
Federico Ceccherini,Ceccherini,CB++,Cremonese,Italy,Serie BKT,73,62,48,57,63,74,72,2880
Edimilson Fernandes,Fernandes,CB++,Stade Brestois 29,Switzerland,Ligue 1 Uber Eats,73,69,65,70,72,76,68,3120
Carlos Fernández Luna,Carlos Fernández,ST++,Cádiz CF,Spain,LALIGA HYPERMOTION,73,67,75,64,73,27,67,2880
Oliver Abildgaard,Abildgaard,CDM++,Pisa,Denmark,Serie BKT,73,55,64,68,70,70,81,3120
Chiedozie Ogbene,Ogbene,RB++,Ipswich,Republic of Ireland,Premier League,73,91,65,66,74,64,78,3120
Elias Cobbaut,Cobbaut,CB++,Sparta Praha,Belgium,Česká Liga,73,68,41,68,68,71,78,2880
Miha Zajc,Zajc,CM++,Toulouse FC,Slovenia,Ligue 1 Uber Eats,73,66,75,74,74,64,64,3120
Ao Tanaka,Tanaka,CDM++,Leeds United,Japan,EFL Championship,73,68,67,69,72,70,70,3120
Mama Samba Baldé,Mama Baldé,ST++,Stade Brestois 29,Guinea-Bissau,Ligue 1 Uber Eats,73,85,71,65,72,49,76,3120
Marco Richter,Richter,RM++,Hamburger SV,Germany,Bundesliga 2,73,73,73,68,77,48,63,3120
Nicolas Cozza,Cozza,LB++,FC Nantes,France,Ligue 1 Uber Eats,73,73,41,61,70,74,68,2880
Vivaldo Neto,Neto Borges,LB++,Middlesbrough,Brazil,EFL Championship,73,70,50,66,72,69,80,3120
Gianluca Gaetano,Gaetano,CAM++,Cagliari,Italy,Serie A TIM,73,63,70,71,75,51,61,2880
Fábio Daniel Soares Silva,Fábio Silva,ST++,UD Las Palmas,Portugal,LALIGA EA SPORTS,73,74,73,58,74,31,72,2880
Issa Kaboré,Kaboré,RB++,SL Benfica,Burkina Faso,Liga Portugal,73,87,39,63,72,65,74,3120
Armando Broja,Broja,ST++,Everton,Albania,Premier League,73,74,73,53,72,30,75,2880
Erik Jorgens de Menezes,Erik,LB++,Al Ain FC,United Arab Emirates,United Emirates League,73,85,51,69,74,65,74,3120
Sinaly Diomandé,Diomandé,CB++,AJ Auxerre,Côte d'Ivoire,Ligue 1 Uber Eats,73,65,46,61,58,73,76,2880
Ivo Grbić,Grbić,GK++,Çaykur Rizespor,Croatia,Trendyol Süper Lig,73,74,70,73,73,32,72,2880
Zeki Amdouni,Amdouni,ST++,SL Benfica,Switzerland,Liga Portugal,73,69,74,69,75,46,70,3120
Serdar Saatçı,Saatçı,CB++,Trabzonspor,Türkiye,Trendyol Süper Lig,73,69,30,49,61,73,76,2880
Kamory Doumbia,Doumbia,CAM++,Stade Brestois 29,Mali,Ligue 1 Uber Eats,73,69,67,70,76,57,59,2880
Samuel Iling-Junior,Iling-Junior,LM++,Bologna,England,Serie A TIM,73,81,61,69,78,37,55,2880
Ângelo Gabriel Borges Damaceno,Ângelo,RM++,Al Nassr,Brazil,ROSHN Saudi League,73,84,60,69,80,30,45,2880
Emre Mor,Mor,RM++,Eyüpspor,Türkiye,Trendyol Süper Lig,73,88,65,65,81,38,57,2880
Axel Tuanzebe,Tuanzebe,CB++,Ipswich,Congo DR,Premier League,73,80,36,62,68,72,70,2880
Samuel Essende,Essende,ST++,FC Augsburg,Congo DR,Bundesliga,73,74,71,49,67,26,82,2880
Mads Roerslev,Roerslev,RB++,VfL Wolfsburg,Denmark,Bundesliga,73,68,45,69,70,70,70,2880
Julio César Enciso,Enciso,CAM++,Ipswich,Paraguay,Premier League,73,77,72,68,78,32,50,2880
Ben Brereton Díaz,Brereton Díaz,LW++,Sheffield Utd,Chile,EFL Championship,73,80,73,66,73,41,78,3120
Rominigue Kouamé,Kouamé,CM++,Chicago Fire FC,Mali,MLS,73,68,56,69,73,70,79,3120
Leonardo Sernicola,Sernicola,RB++,Pisa,Italy,Serie BKT,73,70,58,70,71,68,71,3120
Nicolás Freire,Freire,CB++,Independiente,Argentina,LPF,73,67,29,45,54,72,81,2880
Lazare Amani,Amani,CM++,Standard Liège,Côte d'Ivoire,1A Pro League,73,77,65,70,79,66,70,3120
Bamo Meïté,Meïté,CB++,Montpellier,Côte d'Ivoire,Ligue 1 Uber Eats,73,54,33,47,58,75,70,2880
Valentín Barco,Barco,LB++,Strasbourg,Argentina,Ligue 1 Uber Eats,73,76,50,75,77,65,60,3120
Siebe Van der Heyden,Van der Heyden,CB++,FC St. Pauli,Belgium,Bundesliga,73,59,34,57,53,74,74,2880
Mohamed Bayo,Bayo,ST++,Royal Antwerp FC,Guinea,1A Pro League,73,67,75,60,72,26,65,2880
Samuel Iling-Junior,Iling-Junior,LM++,Middlesbrough,England,EFL Championship,73,81,61,69,78,37,55,2880
Kamil Piatkowski,Piatkowski,CB++,Kasımpaşa,Poland,Trendyol Süper Lig,73,80,47,64,68,70,82,3120
Mark Travers,Travers,GK++,Middlesbrough,Republic of Ireland,EFL Championship,73,73,69,70,76,40,73,3120
Francisco Jesús Crespo García,Pejiño,RM++,Elche CF,Spain,LALIGA HYPERMOTION,73,92,74,68,74,36,60,3120
Carles Aleñá Castillo,Aleñá,CM++,D. Alavés,Spain,LALIGA EA SPORTS,73,67,69,72,75,58,60,3120
Rob Holding,Holding,CB++,Sheffield Utd,England,EFL Championship,73,47,34,58,63,75,69,2880
Abdelhamid Sabiri,Sabiri,CAM++,Al Taawoun,Morocco,ROSHN Saudi League,73,59,71,71,75,59,74,3120
Irvin Cardona,Cardona,ST++,AS Saint-Étienne,France,Ligue 1 Uber Eats,73,84,72,66,72,28,64,2880
Iker Losada Aragunde,Iker Losada,RM++,RC Celta,Spain,LALIGA EA SPORTS,73,76,73,73,71,34,55,2880
Roger Martínez,Martínez,ST++,Al Taawoun,Colombia,ROSHN Saudi League,73,73,73,66,76,41,78,3120
Matej Jurásek,Jurásek,RW++,Norwich,Czechia,EFL Championship,73,81,71,67,74,54,70,3120
Devyne Rensch,Rensch,RB++,AS Roma,Netherlands,Serie A TIM,73,74,56,66,70,72,67,3120
Jakub Moder,Moder,CM++,Feyenoord,Poland,Eredivisie,73,61,70,74,72,70,71,3120
Jonas Urbig,Urbig,GK++,FC Bayern München,Germany,Bundesliga,73,75,71,68,76,32,75,2880
Lennard Maloney,Maloney,CDM++,1. FSV Mainz 05,United States,Bundesliga,73,64,44,56,60,75,86,2880
Gabriel Carabajal,Carabajal,CAM++,Sarmiento,Argentina,LPF,73,72,71,71,76,42,65,2880
Luciano Lollo,Lollo,CB++,Newell's,Argentina,LPF,73,35,49,53,57,75,71,2880
Kevin Diks,Diks,CB++,F.C. København,Netherlands,3F Superliga,72,74,56,65,68,71,77,2730
Abdelkabir Abqar,Abqar,CB++,D. Alavés,Morocco,LALIGA EA SPORTS,72,46,31,49,53,74,67,2520
Gonzalo Abrego,Abrego,CM++,Godoy Cruz,Argentina,LPF,72,64,60,70,72,65,80,2730
Frank Acheampong,Acheampong,ST++,Henan SSLM FC,Ghana,CSL,72,91,72,67,78,44,77,2730
Lautaro Acosta,Acosta,CAM++,Lanús,Argentina,Sudamericana,72,82,68,70,75,53,60,2730
Felix Agu,Agu,LB++,SV Werder Bremen,Germany,Bundesliga,72,85,47,60,75,66,62,2520
Kesen Ai,Ai Kesen,LW++,Rongcheng FC,China PR,CSL,72,80,75,67,74,48,79,2730
Carlos Akapo Martínez,Akapo,RB++,SJ Earthquakes,Equatorial Guinea,MLS,72,83,55,61,70,70,74,2730
Yunus Akgün,Akgün,RM++,Galatasaray,Türkiye,Trendyol Süper Lig,72,88,65,64,76,30,59,2520
Marvin Olawale Akinlabi Park,Marvin,RM++,UD Las Palmas,Spain,LALIGA EA SPORTS,72,88,61,68,71,60,71,2730
Paul Akouokou,Akouokou,CDM++,OL,Côte d'Ivoire,Ligue 1 Uber Eats,72,54,56,68,70,71,63,2520
Bandar Al Ahbabi,Al Ahbabi,RB++,Al Ain FC,United Arab Emirates,United Emirates League,72,83,55,71,71,65,53,2520
Danijel Aleksić,Aleksić,CM++,Konyaspor,Serbia,Trendyol Süper Lig,72,68,76,72,75,51,74,2730
Tadeo Allende,Allende,RM++,RC Celta,Argentina,LALIGA EA SPORTS,72,80,74,65,69,36,73,2520
Francisco Álvarez,Álvarez,CB++,Argentinos Jrs.,Argentina,Sudamericana,72,64,31,46,57,73,74,2520
Robson Alves de Barros,Robson Bambu,CB++,SC Braga,Brazil,Liga Portugal,72,73,40,54,61,74,67,2520
Kelvin Amian,Amian,RB++,FC Nantes,France,Ligue 1 Uber Eats,72,78,48,61,67,70,79,2730
Francis Amuzu,Amuzu,LW++,RSC Anderlecht,Belgium,1A Pro League,72,92,65,65,75,37,60,2520
Mikael Anderson,Anderson,CAM++,AGF,Iceland,3F Superliga,72,79,65,69,75,64,73,2730
Shinta Appelkamp,Appelkamp,CAM++,Düsseldorf,Germany,Bundesliga 2,72,66,61,70,77,37,47,2520
Dennis Appiah,Appiah,RB++,AS Saint-Étienne,France,Ligue 1 Uber Eats,72,70,39,59,65,72,74,2520
Lucas Arce,Arce,RB++,Godoy Cruz,Argentina,LPF,72,88,43,63,71,63,61,2520
Toluwalase Arokodare,Arokodare,ST++,KRC Genk,Nigeria,1A Pro League,72,73,69,50,64,30,80,2520
Kouame Autonne,Autonne,CB++,Al Ain FC,United Arab Emirates,United Emirates League,72,72,29,52,51,72,80,2520
Gustavo Filipe Azevedo Sá,Gustavo Sá,CAM++,FC Famalicão,Portugal,Liga Portugal,72,74,68,72,73,70,68,2730
Tiemoué Bakayoko,Bakayoko,CDM++,FC Lorient,France,Ligue 2 BKT,72,51,50,65,67,71,77,2520
Mitchel Bakker,Bakker,LM++,Bergamo Calcio,Netherlands,Serie A TIM,72,79,59,67,71,71,75,2730
Lameck Banda,Banda,LW++,Lecce,Zambia,Serie A TIM,72,88,66,60,77,30,43,2520
Federico Barba,Barba,CB++,Como,Italy,Serie A TIM,72,68,31,60,62,73,74,2520
David Barbona,Barbona,CAM++,Defensa,Argentina,Sudamericana,72,76,66,73,72,38,65,2520
Hernán Barcos,Barcos,ST++,Alianza Lima,Argentina,Libertadores,72,49,74,66,65,46,76,2520
Borna Barišić,Barišić,LB++,Trabzonspor,Croatia,Trendyol Süper Lig,72,68,63,75,69,67,69,2730
Kyle Bartley,Bartley,CB++,West Brom,England,EFL Championship,72,48,29,49,48,71,82,2520
Maximilian Bauer,Bauer,CB++,FC Augsburg,Germany,Bundesliga,72,54,26,48,52,74,73,2520
Timo Becker,Becker,RB++,Holstein Kiel,Germany,Bundesliga,72,79,49,60,65,69,77,2520
Felix Beijmo,Beijmo,RB++,AGF,Sweden,3F Superliga,72,85,51,64,68,64,76,2730
Kristijan Belić,Belić,CDM++,AZ,Serbia,Eredivisie,72,65,54,67,66,72,74,2520
Stefan Bell,Bell,CB++,1. FSV Mainz 05,Germany,Bundesliga,72,34,38,52,48,74,71,2520
Mohamed Ali Ben Romdhane,Ben Romdhane,CAM++,Ferencvárosi TC,Tunisia,Magyar Liga,72,70,71,71,70,63,70,2730
Adrian Benedyczak,Benedyczak,LM++,Parma,Poland,Serie A TIM,72,88,71,65,69,32,76,2730
Jessy Benet,Benet,CM++,Grenoble Foot 38,France,Ligue 2 BKT,72,59,66,73,70,61,78,2730
Matúš Bero,Bero,CM++,VfL Bochum,Slovakia,Bundesliga,72,70,71,69,71,70,81,2730
Andrea Bertolacci,Bertolacci,CM++,Cremonese,Italy,Serie BKT,72,55,69,73,73,71,64,2730
Krystian Bielik,Bielik,CDM++,Birmingham City,Poland,EFL League One,72,55,46,63,66,71,79,2520
Joe Rothwell,Rothwell,CM++,Leeds United,England,EFL Championship,72,75,65,72,74,62,68,2730
Albion Rrahmani,Rrahmani,ST++,Sparta Praha,Kosovo,Česká Liga,72,72,73,56,68,28,70,2520
Johnny Russell,Russell,RW++,Sporting KC,Scotland,MLS,72,75,72,70,74,50,78,2730
Matěj Ryneš,Ryneš,LB++,Sparta Praha,Czechia,Česká Liga,72,77,66,71,71,66,75,2730
Falaye Sacko,Sacko,RB++,Montpellier,Mali,Ligue 1 Uber Eats,72,87,45,62,71,66,72,2730
Maximiliano Salas,Salas,ST++,Racing Club,Argentina,Sudamericana,72,72,74,67,73,27,66,2520
Alan Saldivia,Saldivia,CB++,Colo-Colo,Uruguay,Libertadores,72,73,25,47,57,71,79,2520
Dániel Sallói,Sallói,LW++,Sporting KC,Hungary,MLS,72,75,72,69,72,35,70,2520
Mario Sampirisi,Sampirisi,CB++,Reggiana,Italy,Serie BKT,72,68,41,61,61,71,78,2520
Ivo Tiago Santos Rodrigues,Ivo Rodrigues,CM++,Arouca,Portugal,Liga Portugal,72,72,70,72,77,51,66,2730
Manprit Sarkaria,Sarkaria,ST++,SK Sturm Graz,Austria,Ö. Bundesliga,72,82,72,71,74,36,71,2730
Kevin Schade,Schade,LW++,Brentford,Germany,Premier League,72,94,65,59,73,29,64,2520
Kjell Scherpen,Scherpen,GK++,SK Sturm Graz,Netherlands,Ö. Bundesliga,72,76,67,70,73,41,72,2520
Andreas Schjelderup,Schjelderup,LW++,SL Benfica,Norway,Liga Portugal,72,78,66,65,77,35,54,2520
Niklas Schmidt,Schmidt,CM++,Toulouse FC,Germany,Ligue 1 Uber Eats,72,61,70,74,74,60,68,2730
Lasse Schøne,Schøne,CM++,N.E.C. Nijmegen,Denmark,Eredivisie,72,34,72,77,71,61,60,2520
Sebastian Schonlau,Schonlau,CB++,Hamburger SV,Germany,Bundesliga 2,72,61,41,54,58,74,72,2520
Siebe Schrijvers,Schrijvers,CM++,OH Leuven,Belgium,1A Pro League,72,69,73,72,73,68,65,2730
Jaime Seoane Valenciano,Jaime Seoane,CM++,R. Oviedo,Spain,LALIGA HYPERMOTION,72,76,71,71,74,66,74,2730
Jean Michaël Seri,Seri,CDM++,Al Orobah,Côte d'Ivoire,ROSHN Saudi League,72,56,65,76,73,66,64,2730
Djibril Sidibé,Sidibé,RB++,Toulouse FC,France,Ligue 1 Uber Eats,72,66,58,67,67,71,73,2730
Óscar Sielva Moreno,Óscar Sielva,CM++,SD Huesca,Spain,LALIGA HYPERMOTION,72,62,71,72,69,66,75,2730
Maximiliano Silvera,Silvera,ST++,Peñarol,Uruguay,Libertadores,72,69,73,56,70,27,70,2520
Giuliano Simeone,Simeone,ST++,Atlético de Madrid,Argentina,LALIGA EA SPORTS,72,82,69,58,70,26,79,2520
Daley Sinkgraven,Sinkgraven,LB++,UD Las Palmas,Netherlands,LALIGA EA SPORTS,72,73,60,72,74,68,61,2730
Hugo Siquet,Siquet,RM++,Club Brugge,Belgium,1A Pro League,72,75,59,75,71,65,67,2730
Ibrahim Sissoko,Sissoko,ST++,AS Saint-Étienne,Mali,Ligue 1 Uber Eats,72,73,74,55,66,32,74,2520
Michał Skóraś,Skóraś,RM++,Club Brugge,Poland,1A Pro League,72,85,64,67,73,40,63,2520
Mile Škorić,Škorić,CB++,Tianjin JMT FC,Croatia,CSL,72,55,42,49,49,73,78,2520
Steven Skrzybski,Skrzybski,ST++,Holstein Kiel,Germany,Bundesliga,72,77,74,65,73,37,66,2520
Sérgio Antônio Soler Oliveira Jr,Serginho,CM++,Changchun Yatai,Brazil,CSL,72,70,74,73,72,47,79,2730
Min Kyu Song,Song Min Kyu,CAM++,Jeonbuk Hyundai,Korea Republic,K League 1,72,83,70,67,72,38,76,2730
Mads Bech Sørensen,Sørensen,CB++,FC Midtjylland,Denmark,3F Superliga,72,53,43,56,61,73,75,2520
Mario Soriano Carreño,Mario Soriano,CAM++,RC Deportivo,Spain,LALIGA HYPERMOTION,72,76,70,67,76,32,66,2520
Brenner Souza da Silva,Brenner,ST++,Udinese,Brazil,Serie A TIM,72,77,71,63,76,32,54,2520
Djed Spence,Spence,RB++,Spurs,England,Premier League,72,86,43,60,74,67,60,2520
Jarne Steuckers,Steuckers,CAM++,KRC Genk,Belgium,1A Pro League,72,71,71,73,72,40,62,2520
John Swift,Swift,CAM++,West Brom,England,EFL Championship,72,62,73,73,75,58,59,2730
Serhiy Sydorchuk,Sydorchuk,CDM++,KVC Westerlo,Ukraine,1A Pro League,72,64,65,65,65,70,73,2730
Abakar Sylla,Sylla,CB++,Strasbourg,Côte d'Ivoire,Ligue 1 Uber Eats,72,70,30,56,68,70,76,2520
Shogo Taniguchi,Taniguchi,CB++,STVV,Japan,1A Pro League,72,62,45,60,60,75,73,2520
Francisco Jorge Tavares Oliveira,Chiquinho,LW++,Wolves,Portugal,Premier League,72,87,66,65,75,34,58,2520
Charlie Taylor,Taylor,LB++,Southampton,England,Premier League,72,58,52,68,69,72,77,2520
Casper Tengstedt,Tengstedt,ST++,Hellas Verona,Denmark,Serie A TIM,72,83,70,63,68,36,71,2520
Florian Thauvin,Thauvin,ST++,Udinese,France,Serie A TIM,72,64,75,73,77,45,65,2520
Morten Thorsby,Thorsby,CM++,Genoa,Norway,Serie A TIM,72,55,62,69,71,72,78,2730
Marcel Tisserand,Tisserand,CB++,Al Khaleej,Congo DR,ROSHN Saudi League,72,72,58,67,67,70,80,2730
Harry Toffolo,Toffolo,LB++,Nott'm Forest,England,Premier League,72,70,53,67,66,70,70,2520
Raúl Torrente Navarro,Torrente,CB++,Dinamo Zagreb,Spain,Liga Hrvatska,72,58,31,54,48,73,69,2520
Isaak Touré,Touré,CB++,FC Lorient,France,Ligue 2 BKT,72,66,30,51,55,69,84,2520
Abdoulaye Touré,Touré,CDM++,Havre AC,Guinea,Ligue 1 Uber Eats,72,43,58,62,61,71,78,2520
Andros Townsend,Townsend,CAM++,Luton Town,England,EFL Championship,72,66,73,74,74,38,59,2520
Ismaël Traoré,Traoré,CB++,FC Metz,Côte d'Ivoire,Ligue 2 BKT,72,35,45,58,50,72,82,2520
Auston Trusty,Trusty,CB++,Sheffield Utd,United States,EFL Championship,72,76,47,56,61,70,80,2520
Jeppe Tverskov,Tverskov,CDM++,FC Nordsjælland,Denmark,3F Superliga,72,49,44,57,62,72,77,2520
Oleksandr Tymchyk,Tymchyk,RB++,Dynamo Kyiv,Ukraine,Ukrayina Liha,72,87,45,64,67,68,58,2520
Filip Uremović,Uremović,CB++,Hajduk Split,Croatia,Liga Hrvatska,72,76,30,47,53,72,74,2520
Agustín Urzi,Urzi,LM++,Racing Club,Argentina,Sudamericana,72,86,63,64,74,36,60,2520
Can Uzun,Uzun,CAM++,Frankfurt,Türkiye,Bundesliga,72,70,72,65,75,24,63,2520
Nicolás Valentini,Valentini,CB++,Boca Juniors,Argentina,Sudamericana,72,73,32,54,62,72,74,2520
Mattia Valoti,Valoti,CM++,Monza,Italy,Serie A TIM,72,55,69,73,74,54,64,2520
Hendrik Van Crombrugge,Van Crombrugge,GK++,KRC Genk,Belgium,1A Pro League,72,71,72,76,69,37,76,2730
Dante Vanzeir,Vanzeir,ST++,Red Bulls,Belgium,MLS,72,84,70,69,73,38,72,2730
Denis Vavro,Vavro,CB++,F.C. København,Slovakia,3F Superliga,72,67,58,58,59,70,81,2520
Guillermo Viscarra,Viscarra,GK++,The Strongest,Bolivia,Libertadores,72,74,70,65,72,25,73,2520
Lukáš Vorlický,Vorlický,CAM++,Slavia Praha,Czechia,Česká Liga,72,58,70,77,73,39,59,2520
Matěj Vydra,Vydra,ST++,Viktoria Plzeň,Czechia,Česká Liga,72,76,73,65,71,36,63,2520
Hauke Wahl,Wahl,CB++,FC St. Pauli,Germany,Bundesliga,72,54,32,55,63,73,74,2520
Luca Waldschmidt,Waldschmidt,ST++,1. FC Köln,Germany,Bundesliga 2,72,73,76,70,76,29,61,2520
Dalei Wang,Wang Dalei,GK++,Shandong Taishan,China PR,CSL,72,73,69,66,74,60,70,2730
Victor Wanyama,Wanyama,CDM++,CF Montréal,Kenya,MLS,72,47,63,64,67,69,87,2520
Tomáš Wiesner,Wiesner,RB++,Sparta Praha,Czechia,Česká Liga,72,82,64,68,73,65,63,2730
Lei Wu,Wu Lei,RM++,Shanghai Port,China PR,CSL,72,84,73,64,72,37,69,2520
Bit Garam Yoon,Yoon Bit Garam,CM++,Suwon FC,Korea Republic,K League 1,72,67,66,74,71,58,68,2730
Alhassan Yusuf,Yusuf,CDM++,New England,Nigeria,MLS,72,76,59,67,73,67,76,2730
Diego Zabala,Zabala,RW++,Nacional,Uruguay,Libertadores,72,69,72,73,74,39,58,2520
Francesco Zampano,Zampano,LB++,Venezia,Italy,Serie A TIM,72,83,50,65,72,64,74,2730
Giovanni Zaro,Zaro,CB++,Modena,Italy,Serie BKT,72,47,46,51,50,73,77,2520
Arbër Zeneli,Zeneli,LW++,IF Elfsborg,Kosovo,Allsvenskan,72,69,70,72,75,35,57,2520
Kevin Zenón,Zenón,LM++,Boca Juniors,Argentina,Sudamericana,72,83,64,72,73,63,65,2730
Christoph Zimmermann,Zimmermann,CB++,SV Darmstadt 98,Germany,Bundesliga 2,72,44,30,44,46,73,77,2520
Szymon Żurkowski,Żurkowski,CM++,Empoli,Poland,Serie A TIM,72,73,72,70,74,67,77,2730
Myron Boadu,Boadu,ST++,VfL Bochum,Netherlands,Bundesliga,72,81,72,61,74,28,64,2520
Oscar Bobb,Bobb,RW++,Manchester City,Norway,Premier League,72,80,62,71,79,33,41,2520
Bruno Miguel Boialvo Gaspar,Bruno Gaspar,RM++,Vitória SC,Angola,Liga Portugal,72,79,58,68,73,68,68,2730
Daniel Boloca,Boloca,CDM++,Sassuolo,Romania,Serie BKT,72,59,59,70,74,63,72,2520
Toni Borevković,Borevković,CB++,Vitória SC,Croatia,Liga Portugal,72,45,30,46,49,73,77,2520
Sebastián Boselli,Boselli,CB++,River Plate,Uruguay,Libertadores,72,75,50,66,66,70,77,2730
Eric Fernando Botteghin,Eric Botteghin,CB++,Modena,Brazil,Serie BKT,72,31,35,46,49,72,82,2520
Walter Bou,Bou,ST++,Lanús,Argentina,Sudamericana,72,68,74,62,72,49,70,2520
Matthias Braunöder,Braunöder,CM++,Como,Austria,Serie A TIM,72,80,58,71,76,65,62,2730
Yanick Brecher,Brecher,GK++,FC Zürich,Switzerland,CSSL,72,71,71,69,73,40,73,2520
Gianni Bruno,Bruno,ST++,Eyüpspor,Belgium,Trendyol Süper Lig,72,70,74,66,71,39,66,2520
Hugo Bueno López,Hugo Bueno,LB++,Feyenoord,Spain,Eredivisie,72,75,53,71,77,65,65,2730
Guido Burgstaller,Burgstaller,ST++,SK Rapid Wien,Austria,Ö. Bundesliga,72,53,74,66,69,39,81,2520
Wes Burns,Burns,RM++,Ipswich,Wales,Premier League,72,91,67,63,73,60,74,2730
Sam Byram,Byram,LB++,Leeds United,England,EFL Championship,72,71,57,65,71,71,69,2730
Jimmy Cabot,Cabot,RB++,RC Lens,France,Ligue 1 Uber Eats,72,84,66,67,76,64,58,2730
Liberato Cacace,Cacace,LB++,Empoli,New Zealand,Serie A TIM,72,71,60,66,69,68,76,2730
Déiber Caicedo,Caicedo,LM++,Whitecaps FC,Colombia,MLS,72,84,65,64,77,41,53,2520
Mady Camara,Camara,CM++,PAOK FC,Guinea,Hellas Liga,72,70,71,71,71,74,83,2730
Antonio Candela,Candela,RB++,Venezia,Italy,Serie A TIM,72,84,54,64,67,66,75,2730
Johan Carbonero,Carbonero,LW++,Racing Club,Colombia,Sudamericana,72,85,65,63,78,37,60,2520
Valentín Carboni,Carboni,CAM++,OM,Argentina,Ligue 1 Uber Eats,72,61,70,73,73,46,49,2520
Carlos Manuel Cardoso Mané,Carlos Mané,LM++,Kayserispor,Guinea-Bissau,Trendyol Süper Lig,72,90,67,64,77,41,62,2730
Bernardo Maria Cardoso Vital,Bernardo Vital,CB++,Real Zaragoza,Portugal,LALIGA HYPERMOTION,72,65,33,45,49,75,71,2520
Óscar Cardozo,Cardozo,ST++,Libertad,Paraguay,Libertadores,72,39,78,64,63,27,67,2520
Yago Cariello Ribeiro,Yago Cariello,ST++,Ulsan Hyundai,Brazil,K League 1,72,70,74,53,65,24,80,2520
José Ángel Carmona Navarro,Carmona,RM++,Sevilla FC,Spain,LALIGA EA SPORTS,72,73,65,68,70,68,66,2730
Dário Cassia Luís Essugo,Dário Essugo,CDM++,Sporting CP,Portugal,Liga Portugal,72,73,56,63,71,71,78,2730
Byron Castillo,Castillo,RB++,Barcelona SC,Ecuador,Libertadores,72,89,56,65,68,64,65,2730
Jhoanner Chávez,Chávez,LB++,RC Lens,Ecuador,Ligue 1 Uber Eats,72,85,58,63,70,65,67,2730
Hamza Choudhury,Choudhury,RB++,Leicester City,England,Premier League,72,64,50,66,67,73,74,2520
Tim Chow,Chow Tim,CM++,Rongcheng FC,Chinese Taipei,CSL,72,73,65,70,71,67,75,2730
Anders Christiansen,Christiansen,CM++,Malmö FF,Denmark,Allsvenskan,72,69,71,70,74,65,72,2730
Carney Chukwuemeka,Chukwuemeka,CAM++,Chelsea,England,Premier League,72,65,65,68,76,50,63,2520
Ibrahim Cissé,Cissé,CB++,Ferencvárosi TC,France,Magyar Liga,72,68,38,64,64,72,75,2520
Zander Clark,Clark,GK++,Hearts,Scotland,cinch Prem,72,73,68,70,77,31,72,2520
Jake Clarke-Salter,Clarke-Salter,CB++,QPR,England,EFL Championship,72,64,33,53,51,74,75,2520
Germán Conti,Conti,CB++,Racing Club,Argentina,Sudamericana,72,55,38,52,48,73,75,2520
Rodrigo Contreras,Contreras,ST++,Everton,Argentina,Sudamericana,72,71,73,61,69,34,79,2520
Steve Cook,Cook,CB++,QPR,England,EFL Championship,72,35,34,55,57,73,75,2520
Derek Cornelius,Cornelius,CB++,OM,Canada,Ligue 1 Uber Eats,72,68,45,51,57,68,85,2520
José Corpas Serna,Corpas,RM++,SD Eibar,Spain,LALIGA HYPERMOTION,72,89,66,69,72,36,62,2520
Ayrton Costa,Costa,LB++,Royal Antwerp FC,Argentina,1A Pro League,72,71,46,62,64,72,72,2520
David Costas Cordal,David Costas,CB++,R. Oviedo,Spain,LALIGA HYPERMOTION,72,73,46,64,68,71,74,2520
Luis Miguel Cruz Hernández,Luismi Cruz,RM++,CD Tenerife,Spain,LALIGA HYPERMOTION,72,85,61,66,78,48,58,2520
Pau Cubarsí Paredes,Pau Cubarsí,CB++,FC Barcelona,Spain,LALIGA EA SPORTS,72,67,25,58,69,74,63,2520
Carlos Cuesta,Cuesta,CB++,KRC Genk,Colombia,1A Pro League,72,76,28,52,62,71,74,2520
Marco D'Alessandro,D'Alessandro,LW++,Monza,Italy,Serie A TIM,72,84,58,68,79,44,43,2520
Nuno Miguel da Costa Jóia,Nuno da Costa,ST++,Kasımpaşa,Cape Verde Islands,Trendyol Süper Lig,72,82,69,63,72,27,65,2520
Riccieli da Silva Júnior,Riccieli,CB++,FC Famalicão,Brazil,Liga Portugal,72,53,33,50,56,73,77,2520
Karl Darlow,Darlow,GK++,Leeds United,England,EFL Championship,72,73,70,66,75,58,72,2730
Lorenzo De Silvestri,De Silvestri,RB++,Bologna,Italy,Serie A TIM,72,63,67,71,68,71,73,2730
Tiago Alexandre de Sousa Esgaio,Tiago Esgaio,RB++,Arouca,Portugal,Liga Portugal,72,70,55,68,71,69,63,2520
Daniel de Souza Brito,Daniel,GK++,SJ Earthquakes,Brazil,MLS,72,73,71,70,76,23,74,2520
Alan de Souza Guimarães,Alan,CAM++,Moreirense FC,Brazil,Liga Portugal,72,75,65,69,75,50,45,2520
Koni De Winter,De Winter,CB++,Genoa,Belgium,Serie A TIM,72,67,39,57,66,73,71,2520
Rafael Delgado,Delgado,LB++,Belgrano,Argentina,Sudamericana,72,78,64,69,69,69,81,2730
Marcelino Núñez,Núñez,CM++,Norwich,Chile,EFL Championship,72,63,67,73,74,63,67,2730
Antonio Nusa,Nusa,LM++,RB Leipzig,Norway,Bundesliga,72,89,64,65,79,41,59,2520
Bram Nuytinck,Nuytinck,CB++,N.E.C. Nijmegen,Netherlands,Eredivisie,72,46,40,53,57,74,73,2520
Lewis O'Brien,O'Brien,CM++,LAFC,England,MLS,72,67,62,66,75,69,71,2730
Martín Ojeda,Ojeda,CAM++,Orlando City,Argentina,MLS,72,83,72,70,73,35,63,2520
João Pedro Oliveira Gonçalves,João Gonçalves,GK++,Boavista FC,Portugal,Liga Portugal,72,71,69,68,72,28,73,2520
Kewin Oliveira Silva,Kewin,GK++,Moreirense FC,Brazil,Liga Portugal,72,75,67,66,75,29,74,2520
Abdülkadir Ömür,Ömür,CAM++,Hull City,Türkiye,EFL Championship,72,82,65,70,77,53,56,2730
Jean Onana,Onana,CM++,Beşiktaş,Cameroon,Trendyol Süper Lig,72,54,66,69,70,71,82,2730
Gabriel Osho,Osho,CB++,AJ Auxerre,Nigeria,Ligue 1 Uber Eats,72,70,30,54,63,72,74,2520
Yordan Osorio,Osorio,CB++,Parma,Venezuela,Serie A TIM,72,51,31,45,51,72,81,2520
Berkay Özcan,Özcan,CM++,Başakşehir,Türkiye,Trendyol Süper Lig,72,70,64,72,75,55,69,2730
Kendry Páez,Páez,CAM++,Independiente DV,Ecuador,Libertadores,72,79,67,69,72,43,52,2520
Renato Palma Veiga,Renato Veiga,CDM++,Chelsea,Portugal,Premier League,72,73,60,70,70,70,72,2730
Alex Palmer,Palmer,GK++,West Brom,England,EFL Championship,72,73,72,71,72,30,71,2520
Jin Seob Park,Park Jin Seob,CB++,Jeonbuk Hyundai,Korea Republic,K League 1,72,69,54,59,63,71,83,2520
Lucas Passerini,Passerini,ST++,Belgrano,Argentina,Sudamericana,72,44,75,48,63,28,79,2520
Remko Pasveer,Pasveer,GK++,Ajax,Netherlands,Eredivisie,72,70,75,77,68,33,77,2730
Anthony Patterson,Patterson,GK++,Sunderland,England,EFL Championship,72,71,69,72,75,24,68,2520
Dimitrios Pelkas,Pelkas,CAM++,Başakşehir,Greece,Trendyol Süper Lig,72,74,68,72,75,44,60,2520
Sergio Peña,Peña,CM++,Malmö FF,Peru,Allsvenskan,72,53,66,76,76,58,71,2730
Alexandre Penetra Correia,Alexandre Penetra,CB++,AZ,Portugal,Eredivisie,72,67,36,53,51,74,72,2520
Gabriel Pereira Magalhães,Gabriel Pereira,CB++,F.C. København,Brazil,3F Superliga,72,59,35,47,52,73,79,2520
Daniel Peretz,Peretz,GK++,FC Bayern München,Israel,Bundesliga,72,74,74,69,73,35,63,2520
Marco Pérez,Pérez,ST++,Junior,Colombia,Libertadores,72,78,75,61,64,31,75,2520
Baldomero Perlaza,Perlaza,CDM++,Indep. Medellín,Colombia,Sudamericana,72,57,54,60,61,73,84,2520
Jakub Pešek,Pešek,RW++,Sparta Praha,Czechia,Česká Liga,72,86,66,68,73,28,46,2520
Patric Pfeiffer,Pfeiffer,CB++,BSC Young Boys,Germany,CSSL,72,71,35,47,57,70,77,2520
Ronaël Pierre-Gabriel,Pierre-Gabriel,RB++,Dinamo Zagreb,France,Liga Hrvatska,72,74,48,61,69,72,74,2520
Mirko Pigliacelli,Pigliacelli,GK++,Catanzaro,Italy,Serie BKT,72,72,71,83,72,48,70,2730
Carlo Pinsoglio,Pinsoglio,GK++,Juventus,Italy,Serie A TIM,72,72,71,62,74,42,73,2520
Lukas Podolski,Podolski,CAM++,Górnik Zabrze,Germany,PKO BP Ekstraklasa,72,49,78,73,71,36,68,2520
Diego Polenta,Polenta,CB++,Nacional,Uruguay,Libertadores,72,66,42,61,58,69,83,2520
Andy Polo,Polo,RM++,Universitario,Peru,Libertadores,72,89,58,67,72,59,63,2730
Juan Portillo,Portillo,LB++,Talleres,Argentina,Libertadores,72,79,57,65,68,69,79,2730
Samuel Portugal Lima,Samuel Portugal,GK++,FC Porto,Brazil,Liga Portugal,72,73,67,76,75,43,71,2730
Jorge Pulido Mayoral,Pulido,CB++,SD Huesca,Spain,LALIGA HYPERMOTION,72,41,43,54,53,72,81,2520
José Quintero,Quintero,RB++,LDU Quito,Ecuador,Libertadores,72,83,59,67,69,67,73,2730
Uroš Račić,Račić,CM++,West Brom,Serbia,EFL Championship,72,57,68,72,71,70,79,2730
Ionuț Andrei Radu,Radu,GK++,Lombardia FC,Romania,Serie A TIM,72,76,68,70,76,40,70,2730
Gastón Ramírez,Ramírez,CAM++,Peñarol,Uruguay,Libertadores,72,61,70,74,74,43,61,2520
Filippo Ranocchia,Ranocchia,CM++,Palermo,Italy,Serie BKT,72,74,69,73,74,62,74,2730
Omar Richards,Richards,LB++,Rio Ave FC,England,Liga Portugal,72,70,46,61,72,70,58,2520
Miles Robinson,Robinson,CB++,FC Cincinnati,United States,MLS,72,82,35,54,67,70,78,2520
Luis Miguel Rodríguez,Rodríguez,ST++,Atlético Tucumán,Argentina,LPF,72,58,76,73,76,43,63,2520
Ángel Luís Rodríguez Díaz,Ángel,ST++,CD Tenerife,Spain,LALIGA HYPERMOTION,72,75,72,60,72,36,67,2520
Felipe Román,Román,RB++,Atl. Nacional,Colombia,Liga Colombia,72,82,52,65,64,65,73,2730
Philippe Rommens,Rommens,CDM++,Ferencvárosi TC,Belgium,Magyar Liga,72,55,70,78,69,65,67,2730
Rafael Romo,Romo,GK++,U. Católica,Venezuela,Sudamericana,72,75,68,68,74,36,70,2520
Facundo Roncaglia,Roncaglia,CB++,Sarmiento,Argentina,LPF,72,57,51,63,60,73,72,2520
Fabricio Rosario Dos Santos,Fabricio,ST++,Levante UD,Brazil,LALIGA HYPERMOTION,72,81,71,63,72,36,68,2520
Tom Rothe,Rothe,LB++,Union Berlin,Germany,Bundesliga,72,69,45,68,68,69,76,2520
Timo Letschert,Letschert,CB++,Rongcheng FC,Netherlands,CSL,72,57,54,62,59,70,81,2520
Martin Linnes,Linnes,RB++,Molde FK,Norway,Eliteserien,72,84,58,64,70,65,68,2730
Warleson Lisboa Oliveira,Warleson,GK++,Cercle Brugge,Brazil,1A Pro League,72,72,70,75,76,27,69,2520
Robert Ljubičić,Ljubičić,CM++,AEK Athens,Croatia,Hellas Liga,72,77,62,69,72,64,73,2730
Roberto López Alcaide,Roberto López,CAM++,CD Leganés,Spain,LALIGA EA SPORTS,72,55,73,74,74,48,62,2520
Lorenzo Lucca,Lucca,ST++,Udinese,Italy,Serie A TIM,72,57,73,59,64,32,80,2520
Abel Luciatti,Luciatti,CB++,Lanús,Argentina,Sudamericana,72,63,50,45,54,73,78,2520
Nélson Macedo Monte,Nélson Monte,CB++,Málaga CF,Portugal,LALIGA HYPERMOTION,72,54,37,59,59,73,77,2520
Álvaro Madrid,Madrid,CM++,Everton,Chile,Sudamericana,72,68,64,72,75,58,68,2730
Nicolas Madsen,Madsen,CM++,QPR,Denmark,EFL Championship,72,58,67,73,69,67,70,2730
Linton Maina,Maina,LM++,1. FC Köln,Germany,Bundesliga 2,72,91,62,64,73,29,55,2520
Gaius Makouta,Makouta,CDM++,Alanyaspor,Congo,Trendyol Süper Lig,72,67,66,68,73,67,81,2730
Youssef Maleh,Maleh,CM++,Empoli,Morocco,Serie A TIM,72,61,65,73,72,66,64,2730
Emanuel Mammana,Mammana,CB++,Vélez Sarsfield,Argentina,LPF,72,76,43,64,71,72,72,2520
Wilson Miguéis Manafá Jancó,Wilson Manafá,RB++,Shanghai Shenhua,Portugal,CSL,72,84,58,65,72,67,67,2730
Christos Mandas,Mandas,GK++,Latium,Greece,Serie A TIM,72,75,70,71,78,23,69,2520
Million Manhoef,Manhoef,RM++,Stoke City,Netherlands,EFL Championship,72,85,65,63,73,56,76,2730
Vito Mannone,Mannone,GK++,LOSC Lille,Italy,Ligue 1 Uber Eats,72,70,69,68,71,55,74,2730
Oscar Taty Maritu,Maritu,ST++,Cangzhou FC,Congo DR,CSL,72,85,71,55,71,26,66,2520
Jonas Martin,Martin,CDM++,Stade Brestois 29,France,Ligue 1 Uber Eats,72,44,64,72,67,70,63,2520
Alexis Martín Arias,Martín Arias,GK++,Cerro Porteño,Argentina,Libertadores,72,72,68,69,75,54,71,2730
Aarón Martín Caricol,Aarón,LB++,Genoa,Spain,Serie A TIM,72,52,54,72,75,71,64,2520
Mauricio Martínez,Martínez,CDM++,Rosario Central,Argentina,Libertadores,72,53,59,67,69,66,79,2520
David Martínez,Martínez,CB++,Inter Miami CF,Paraguay,MLS,72,75,54,68,66,70,74,2730
Adam Masina,Masina,CB++,Torino,Morocco,Serie A TIM,72,64,42,66,67,73,61,2520
Lukáš Masopust,Masopust,RM++,Slavia Praha,Czechia,Česká Liga,72,72,66,70,73,69,74,2730
Eliot Matazo,Matazo,CDM++,AS Monaco,Belgium,Ligue 1 Uber Eats,72,68,60,69,75,67,76,2730
Christian Mawissa,Mawissa,CB++,AS Monaco,France,Ligue 1 Uber Eats,72,65,31,54,62,73,73,2520
Youssef Maziz,Maziz,CAM++,OH Leuven,France,1A Pro League,72,62,69,72,75,34,61,2520
Riley McGree,McGree,LM++,Middlesbrough,Australia,EFL Championship,72,78,67,69,73,63,74,2730
Paddy McNair,McNair,CB++,West Brom,Northern Ireland,EFL Championship,72,62,62,67,68,73,76,2730
David Mella Boullón,David Mella,LM++,RC Deportivo,Spain,LALIGA HYPERMOTION,72,91,68,68,70,25,51,2520
Kevin Méndez,Méndez,RM++,Everton,Uruguay,Sudamericana,72,77,59,71,72,54,74,2730
Edgar Antonio Méndez Ortega,Edgar Méndez,RM++,Bengaluru FC,Spain,Hero ISL,72,73,70,67,71,43,76,2730
Benjamin Mendy,Mendy,LB++,FC Lorient,France,Ligue 2 BKT,72,69,53,73,73,71,67,2730
Bautista Merlini,Merlini,CAM++,Libertad,Argentina,Libertadores,72,85,66,70,77,41,56,2520
Fernando Meza,Meza,RB++,Argentinos Jrs.,Argentina,Sudamericana,72,67,38,60,68,73,71,2520
Omenuke Mfulu,Mfulu,CDM++,RC Deportivo,Congo DR,LALIGA HYPERMOTION,72,76,54,62,69,70,79,2730
Valentin Mihăilă,Mihăilă,LM++,Parma,Romania,Serie A TIM,72,92,65,65,72,33,59,2520
Samy Mmaee,Mmaee,CB++,Dinamo Zagreb,Morocco,Liga Hrvatska,72,63,40,51,57,73,74,2520
Horațiu Moldovan,Moldovan,GK++,Sassuolo,Romania,Serie BKT,72,73,70,66,74,43,70,2520
Tobias Mølgaard,Mølgaard,CB++,AGF,Denmark,3F Superliga,72,83,44,61,66,71,81,2730
Aaron Molinas,Molinas,CAM++,Defensa,Argentina,Sudamericana,72,73,57,72,76,51,63,2520
Joël Monteiro Almada,Joël Monteiro,LM++,BSC Young Boys,Portugal,CSSL,72,81,68,64,72,47,78,2730
Patrick Mortensen,Mortensen,ST++,AGF,Denmark,3F Superliga,72,57,73,60,69,33,84,2520
Tyler Morton,Morton,CDM++,Liverpool,England,Premier League,72,64,59,74,73,66,66,2730
Jhon Mosquera,Mosquera,LM++,Viktoria Plzeň,Colombia,Česká Liga,72,73,69,70,71,61,75,2730
Franco Moyano,Moyano,CDM++,Talleres,Argentina,Libertadores,72,68,56,71,70,70,68,2730
Paul-José Mpoku,Mpoku,CM++,Incheon United,Congo DR,K League 1,72,74,71,73,75,49,70,2730
Florian Müller,Müller,GK++,SC Freiburg,Germany,Bundesliga,72,72,67,71,79,43,68,2730
Junior Mwanga,Mwanga,CDM++,Strasbourg,France,Ligue 1 Uber Eats,72,68,50,62,68,71,72,2520
Juan Ignacio Nardoni,Nardoni,CM++,Racing Club,Argentina,Sudamericana,72,74,60,70,73,63,80,2730
Joaquín Navarro Jiménez,Ximo Navarro,RB++,RC Deportivo,Spain,LALIGA HYPERMOTION,72,71,47,62,66,71,73,2520
Phil Neumann,Neumann,CB++,Hannover 96,Germany,Bundesliga 2,72,87,33,61,67,71,79,2520
Nathan Ngoumou,Ngoumou,RM++,M'gladbach,France,Bundesliga,72,86,71,64,71,33,65,2520
Cheikh Niasse,Niasse,CDM++,BSC Young Boys,Senegal,CSSL,72,61,44,61,67,71,75,2520
Joakim Nilsson,Nilsson,CB++,St. Louis CITY SC,Sweden,MLS,72,59,32,54,54,73,71,2520
Andrés Desábato,Desábato,GK++,Platense,Argentina,LPF,72,72,69,66,72,20,74,2520
Bamba Dieng,Dieng,ST++,FC Lorient,Senegal,Ligue 2 BKT,72,79,73,60,70,33,60,2520
Loïs Diony,Diony,ST++,Angers SCO,France,Ligue 1 Uber Eats,72,66,73,64,70,26,73,2520
Jaume Doménech Sánchez,Jaume,GK++,Valencia CF,Spain,LALIGA EA SPORTS,72,70,72,73,74,58,70,2730
Aron Dønnum,Dønnum,RM++,Toulouse FC,Norway,Ligue 1 Uber Eats,72,82,62,65,76,52,71,2730
Guéla Doué,Doué,RB++,Strasbourg,Côte d'Ivoire,Ligue 1 Uber Eats,72,71,40,63,70,72,71,2520
Ismaël Doukouré,Doukouré,CDM++,Strasbourg,France,Ligue 1 Uber Eats,72,66,42,60,64,72,71,2520
Carel Eiting,Eiting,CM++,FC Twente,Netherlands,Eredivisie,72,45,58,79,70,58,61,2520
Jack Elliott,Elliott,CB++,Philadelphia,England,MLS,72,49,24,48,52,73,80,2520
José Enamorado,Enamorado,LM++,Junior,Colombia,Libertadores,72,81,63,66,78,25,45,2520
Arne Engels,Engels,CM++,FC Augsburg,Belgium,Bundesliga,72,71,64,73,74,63,72,2730
Martin Erlić,Erlić,CB++,Bologna,Croatia,Serie A TIM,72,55,34,46,53,73,71,2520
Juan Espínola,Espínola,GK++,Belgrano,Paraguay,Sudamericana,72,76,73,72,70,40,71,2730
Sebastiano Esposito,Esposito,ST++,Empoli,Italy,Serie A TIM,72,73,73,72,74,35,63,2520
Nahuel Estévez,Estévez,CDM++,Parma,Argentina,Serie A TIM,72,68,70,74,73,67,67,2730
Håkon Evjen,Evjen,RW++,FK Bodø/Glimt,Norway,Eliteserien,72,86,62,67,75,56,64,2730
Jokin Ezkieta Mendiburu,Ezkieta,GK++,R. Racing Club,Spain,LALIGA HYPERMOTION,72,71,70,67,75,44,69,2520
Paulo Vítor Fagundes dos Anjos,Paulo Vítor,GK++,Al Okhdood,Brazil,ROSHN Saudi League,72,74,71,70,73,24,70,2520
Cláudio Falcão Santos,Cláudio Falcão,CDM++,Farense,Brazil,Liga Portugal,72,66,67,64,68,73,77,2730
César Falletti,Falletti,CAM++,Cremonese,Uruguay,Serie BKT,72,86,66,70,77,33,66,2520
Gerso Fernandes,Gerso,LW++,Incheon United,Guinea-Bissau,K League 1,72,90,65,62,75,41,64,2520
Nicolás Fernández,Fernández,RM++,Elche CF,Argentina,LALIGA HYPERMOTION,72,82,63,67,74,62,64,2730
Álvaro Fernández Carreras,Álvaro Carreras,LB++,SL Benfica,Spain,Liga Portugal,72,80,56,73,75,64,70,2730
Kilian Fischer,Fischer,RB++,VfL Wolfsburg,Germany,Bundesliga,72,85,38,64,68,67,70,2520
Malick Fofana,Fofana,LW++,OL,Belgium,Ligue 1 Uber Eats,72,87,62,64,79,35,42,2520
David Datro Fofana,Fofana,ST++,Chelsea,Côte d'Ivoire,Premier League,72,83,70,60,75,25,73,2520
Yahia Fofana,Fofana,GK++,Angers SCO,Côte d'Ivoire,Ligue 1 Uber Eats,72,74,69,69,74,41,71,2520
Stefan Frei,Frei,GK++,Sounders FC,United States,MLS,72,72,68,67,74,33,74,2520
Dael Fry,Fry,CB++,Middlesbrough,England,EFL Championship,72,63,29,56,59,73,72,2520
Darnell Furlong,Furlong,RB++,West Brom,England,EFL Championship,72,73,36,60,69,68,75,2520
Ignatius Ganago,Ganago,ST++,FC Nantes,Cameroon,Ligue 1 Uber Eats,72,80,71,61,74,34,65,2520
Joaquín García,García,RB++,Vélez Sarsfield,Argentina,LPF,72,82,46,65,72,65,73,2730
Luca Garritano,Garritano,CAM++,Frosinone,Italy,Serie BKT,72,81,67,69,74,55,55,2730
Kialonda Gaspar,Kialonda Gaspar,CB++,Lecce,Angola,Serie A TIM,72,64,30,40,54,72,81,2520
Rafał Gikiewicz,Gikiewicz,GK++,Widzew Łódź,Poland,PKO BP Ekstraklasa,72,73,68,64,71,28,74,2520
Matías Giménez,Giménez,ST++,Independiente,Argentina,LPF,72,73,70,65,74,31,67,2520
Jakob Glesnes,Glesnes,CB++,Philadelphia,Norway,MLS,72,52,55,55,60,73,83,2520
Edoardo Goldaniga,Goldaniga,CB++,Como,Italy,Serie A TIM,72,53,34,50,56,73,76,2520
Claudio Gomes,Gomes,CDM++,Palermo,France,Serie BKT,72,79,57,67,75,68,75,2730
Jonatan Gómez,Gómez,CM++,Rosario Central,Argentina,Libertadores,72,66,67,72,76,63,62,2730
Valentín Gómez,Gómez,CB++,Vélez Sarsfield,Argentina,LPF,72,79,32,57,67,72,76,2520
Elías Gómez,Gómez,LB++,Vélez Sarsfield,Argentina,LPF,72,83,61,70,73,64,80,2730
Sergio González Poirrier,Sergio,CB++,CD Leganés,Spain,LALIGA EA SPORTS,72,51,40,53,51,74,68,2520
Lukas Görtler,Görtler,CM++,FC St. Gallen,Germany,CSSL,72,69,69,75,68,59,79,2730
Stian Gregersen,Gregersen,CB++,Atlanta United,Norway,MLS,72,76,44,52,46,69,84,2520
Julian Gressel,Gressel,RM++,Inter Miami CF,United States,MLS,72,66,63,71,70,61,76,2730
Matt Grimes,Grimes,CM++,Swansea City,England,EFL Championship,72,59,58,74,71,66,69,2520
Jóhann Berg Guðmundsson,Guðmundsson,RM++,Al Orobah,Iceland,ROSHN Saudi League,72,63,71,74,72,61,67,2730
Yeison Guzmán,Guzmán,CAM++,Deportes Tolima,Colombia,Sudamericana,72,78,67,69,75,33,48,2520
Andreas Hansen,Hansen,GK++,FC Nordsjælland,Denmark,3F Superliga,72,72,71,74,73,47,72,2730
Silvan Hefti,Hefti,RB++,Hamburger SV,Switzerland,Bundesliga 2,72,77,49,63,65,67,80,2730
Javier Hernández Carrera,Javi Hernández,LB++,CD Leganés,Spain,LALIGA EA SPORTS,72,71,56,67,67,70,72,2730
Andrés Herrera,Herrera,RB++,Columbus Crew,Argentina,MLS,72,85,67,63,72,68,70,2730
Daniel Heuer Fernandes,Heuer Fernandes,GK++,Hamburger SV,Portugal,Bundesliga 2,72,71,68,74,75,41,71,2730
Fabian Holland,Holland,CDM++,SV Darmstadt 98,Germany,Bundesliga 2,72,62,49,67,72,72,70,2520
Benedict Hollerbach,Hollerbach,ST++,Union Berlin,Germany,Bundesliga,72,84,72,62,74,27,72,2520
Martin Hongla,Hongla,CM++,Granada CF,Cameroon,LALIGA HYPERMOTION,72,74,67,69,74,70,75,2730
Timo Horn,Horn,GK++,VfL Bochum,Germany,Bundesliga,72,73,74,58,72,47,67,2520
Sascha Horvath,Horvath,CM++,LASK,Austria,Ö. Bundesliga,72,82,68,72,77,57,62,2730
Ethan Horvath,Horvath,GK++,Cardiff City,United States,EFL Championship,72,77,68,66,76,48,67,2730
Lucas Hoyos,Hoyos,GK++,Newell's,Argentina,LPF,72,74,69,68,75,61,66,2730
Branimir Hrgota,Hrgota,CAM++,Fürth,Sweden,Bundesliga 2,72,73,74,65,75,25,67,2520
Rodrigo Huescas,Huescas,RB++,F.C. København,Mexico,3F Superliga,72,85,66,68,70,66,57,2730
Ui Jo Hwang,Hwang Ui Jo,ST++,Nott'm Forest,Korea Republic,Premier League,72,77,73,64,73,42,71,2730
Jesús Imaz Ballesté,Jesús Imaz,CAM++,Jagiellonia,Spain,PKO BP Ekstraklasa,72,80,71,67,74,31,63,2520
Juan Iturbe,Iturbe,RM++,Cerro Porteño,Paraguay,Libertadores,72,89,64,66,76,29,52,2520
Paul Jaeckel,Jaeckel,CB++,Union Berlin,Germany,Bundesliga,72,64,33,54,51,73,71,2520
Woo Yeong Jeong,Jeong Woo Yeong,CAM++,VfB Stuttgart,Korea Republic,Bundesliga,72,78,62,67,78,36,61,2520
Lasse Berg Johnsen,Johnsen,CDM++,Malmö FF,Norway,Allsvenskan,72,67,55,65,68,67,82,2730
DeJuan Jones,Jones,LB++,Columbus Crew,United States,MLS,72,82,56,65,70,67,75,2730
Abdelkahar Kadri,Kadri,CAM++,KV Kortrijk,Algeria,1A Pro League,72,72,67,68,78,61,62,2730
Wilfried Kanga,Kanga,ST++,Cardiff City,Côte d'Ivoire,EFL Championship,72,71,69,57,65,25,84,2520
David Moberg Karlsson,Karlsson,CAM++,IFK Norrköping,Sweden,Allsvenskan,72,87,69,69,75,30,58,2520
Olivier Kemen,Kemen,CM++,Başakşehir,Cameroon,Trendyol Süper Lig,72,77,69,67,74,68,81,2730
Marc-Oliver Kempf,Kempf,CB++,Hertha Berlin,Germany,Bundesliga 2,72,72,41,56,61,72,77,2520
Jonjoe Kenny,Kenny,RB++,Hertha Berlin,England,Bundesliga 2,72,69,54,65,69,70,71,2520
Wahbi Khazri,Khazri,ST++,Montpellier,Tunisia,Ligue 1 Uber Eats,72,63,75,73,75,43,70,2520
Semih Kılıçsoy,Kılıçsoy,ST++,Beşiktaş,Türkiye,Trendyol Süper Lig,72,78,74,60,75,31,71,2520
Antonín Kinský,Kinský,GK++,Slavia Praha,Czechia,Česká Liga,72,73,72,74,74,25,72,2520
Joshua Kitolano,Kitolano,CM++,Sparta Rotterdam,Norway,Eredivisie,72,79,58,65,76,68,75,2730
Sean Klaiber,Klaiber,RB++,Brøndby IF,Suriname,3F Superliga,72,79,62,68,66,67,78,2730
Christoph Klarer,Klarer,CB++,Birmingham City,Austria,EFL League One,72,67,37,49,54,73,76,2520
Mats Köhlert,Köhlert,LB++,sc Heerenveen,Germany,Eredivisie,72,79,63,72,72,63,68,2730
Ismaël Koné,Koné,CM++,OM,Canada,Ligue 1 Uber Eats,72,78,63,68,71,64,69,2730
Jean Evrard Kouassi,Kouassi,LM++,Zhejiang Pro,Côte d'Ivoire,CSL,72,90,69,59,77,31,70,2520
Damir Kreilach,Kreilach,ST++,Whitecaps FC,Croatia,MLS,72,42,72,70,72,64,80,2730
Filip Krovinović,Krovinović,CAM++,Hajduk Split,Croatia,Liga Hrvatska,72,65,67,74,72,60,60,2520
Luca Langoni,Langoni,RM++,New England,Argentina,MLS,72,90,67,62,73,34,67,2520
Tobias Lawal,Lawal,GK++,LASK,Austria,Ö. Bundesliga,72,77,68,64,74,30,70,2520
Tom Lawrence,Lawrence,CAM++,Rangers,Wales,cinch Prem,72,73,73,71,73,43,70,2730
Amor Layouni,Layouni,RW++,BK Häcken,Tunisia,Allsvenskan,72,92,71,64,70,41,77,2730
Seung Woo Lee,Lee Seung Woo,CAM++,Jeonbuk Hyundai,Korea Republic,K League 1,72,82,70,66,74,41,63,2520
Maxim Leitsch,Leitsch,CB++,1. FSV Mainz 05,Germany,Bundesliga,72,76,37,57,58,74,67,2520
Marco D'Alessandro,D'Alessandro,LW++,Catanzaro,Italy,Serie BKT,72,84,58,68,79,44,43,2520
Karl Darlow,Darlow,GK++,Leeds United,Wales,EFL Championship,72,73,70,66,75,58,72,2730
Marc-Oliver Kempf,Kempf,CB++,Como,Germany,Serie A TIM,72,72,41,56,61,72,77,2520
Tiemoué Bakayoko,Bakayoko,CDM++,PAOK FC,France,Hellas Liga,72,51,50,65,67,71,77,2520
César Falletti,Falletti,CAM++,Bari,Uruguay,Serie BKT,72,86,66,70,77,33,66,2520
Auston Trusty,Trusty,CB++,Celtic,United States,cinch Prem,72,76,47,56,61,70,80,2520
Woo Yeong Jeong,Jeong Woo Yeong,CAM++,Union Berlin,Korea Republic,Bundesliga,72,78,62,67,78,36,61,2520
Mitchel Bakker,Bakker,LM++,LOSC Lille,Netherlands,Ligue 1 Uber Eats,72,79,59,67,71,71,75,2730
Denis Vavro,Vavro,CB++,VfL Wolfsburg,Slovakia,Bundesliga,72,67,58,58,59,70,81,2520
Paul Jaeckel,Jaeckel,CB++,Braunschweig,Germany,Bundesliga 2,72,64,33,54,51,73,71,2520
Isaiah Jones,Jones,RM++,Middlesbrough,Guyana,EFL Championship,72,85,55,65,73,64,61,2730
Isaak Touré,Touré,CB++,Udinese,France,Serie A TIM,72,66,30,51,55,69,84,2520
Bamba Dieng,Dieng,ST++,Angers SCO,Senegal,Ligue 1 Uber Eats,72,79,73,60,70,33,60,2520
Dário Cassia Luís Essugo,Dário Essugo,CDM++,UD Las Palmas,Portugal,LALIGA EA SPORTS,72,73,56,63,71,71,78,2730
Francisco Jorge Tavares Oliveira,Chiquinho,LW++,RCD Mallorca,Portugal,LALIGA EA SPORTS,72,87,66,65,75,34,58,2520
Arne Engels,Engels,CM++,Celtic,Belgium,cinch Prem,72,71,64,73,74,63,72,2730
Andros Townsend,Townsend,CAM++,Antalyaspor,England,Trendyol Süper Lig,72,66,73,74,74,38,59,2520
Ui Jo Hwang,Hwang Ui Jo,ST++,Alanyaspor,Korea Republic,Trendyol Süper Lig,72,77,73,64,73,42,71,2730
David Datro Fofana,Fofana,ST++,Göztepe,Côte d'Ivoire,Trendyol Süper Lig,72,83,70,60,75,25,73,2520
Kevin Diks,Diks,CB++,F.C. København,Indonesia,3F Superliga,72,74,56,65,68,71,77,2730
Joël Monteiro Almada,Joël Monteiro,LM++,BSC Young Boys,Switzerland,CSSL,72,81,68,64,72,47,78,2730
Carel Eiting,Eiting,CM++,Sparta Rotterdam,Netherlands,Eredivisie,72,45,58,79,70,58,61,2520
Hamza Choudhury,Choudhury,RB++,Sheffield Utd,England,EFL Championship,72,64,50,66,67,73,74,2520
Agustín Urzi,Urzi,LM++,Huracán,Argentina,LPF,72,86,63,64,74,36,60,2520
Tadeo Allende,Allende,RM++,Inter Miami CF,Argentina,MLS,72,80,74,65,69,36,73,2520
Renato Palma Veiga,Renato Veiga,CDM++,Juventus,Portugal,Serie A TIM,72,73,60,70,70,70,72,2730
Mauricio Martínez,Martínez,CDM++,Unión,Argentina,LPF,72,53,59,67,69,66,79,2520
Ignatius Ganago,Ganago,ST++,New England,Cameroon,MLS,72,80,71,61,74,34,65,2520
Cheikh Niasse,Niasse,CDM++,Hellas Verona,Senegal,Serie A TIM,72,61,44,61,67,71,75,2520
Ismaël Koné,Koné,CM++,Stade Rennais FC,Canada,Ligue 1 Uber Eats,72,78,63,68,71,64,69,2730
Borna Barišic,Barišic,LB++,CD Leganés,Croatia,LALIGA EA SPORTS,72,68,63,75,69,67,69,2730
Uroš Racic,Racic,CM++,SC Braga,Serbia,Liga Portugal,72,57,68,72,71,70,79,2730
Jean Onana,Onana,CM++,Genoa,Cameroon,Serie A TIM,72,54,66,69,70,71,82,2730
Junior Mwanga,Mwanga,CDM++,Havre AC,France,Ligue 1 Uber Eats,72,68,50,62,68,71,72,2520
Maximilian Bauer,Bauer,CB++,Kaiserslautern,Germany,Bundesliga 2,72,54,26,48,52,74,73,2520
Patric Pfeiffer,Pfeiffer,CB++,1. FC Magdeburg,Germany,Bundesliga 2,72,71,35,47,57,70,77,2520
Carney Chukwuemeka,Chukwuemeka,CAM++,Borussia Dortmund,England,Bundesliga,72,65,65,68,76,50,63,2520
Sergio Peña,Peña,CM++,PAOK FC,Peru,Hellas Liga,72,53,66,76,76,58,71,2730
Dante Vanzeir,Vanzeir,ST++,KAA Gent,Belgium,1A Pro League,72,84,70,69,73,38,72,2730
Bautista Merlini,Merlini,CAM++,Gimnasia,Argentina,LPF,72,85,66,70,77,41,56,2520
Wilfried Kanga,Kanga,ST++,Dinamo Zagreb,Côte d'Ivoire,Liga Hrvatska,72,71,69,57,65,25,84,2520
Isaiah Jones,Jones,RM++,Luton Town,Guyana,EFL Championship,72,85,55,65,73,64,61,2730
Ivo Tiago Santos Rodrigues,Ivo Rodrigues,CM++,Moreirense FC,Portugal,Liga Portugal,72,72,70,72,77,51,66,2730
Federico Barba,Barba,CB++,FC Sion,Italy,CSSL,72,68,31,60,62,73,74,2520
Eliot Matazo,Matazo,CDM++,Hull City,Belgium,EFL Championship,72,68,60,69,75,67,76,2730
Hamza Choudhury,Choudhury,RB++,Sheffield Utd,Bangladesh,EFL Championship,72,64,50,66,67,73,74,2520
Mads Bidstrup,Bidstrup,CM++,RB Salzburg,Denmark,Ö. Bundesliga,71,70,55,69,72,72,75,2340
Jérémy Mellot,Mellot,RB++,CD Tenerife,France,LALIGA HYPERMOTION,71,82,42,57,69,66,78,2160
Yorleys Mena,Mena,ST++,UCV,Colombia,Sudamericana,71,66,73,50,67,35,67,2160
Joe Mendes,Mendes,RB++,SC Braga,Sweden,Liga Portugal,71,85,40,60,73,65,62,2160
Armando Méndez,Méndez,RB++,Newell's,Uruguay,LPF,71,80,37,52,60,66,86,2160
Formose Mendy,Mendy,CB++,FC Lorient,Senegal,Ligue 2 BKT,71,75,37,56,60,70,75,2160
Maikel Mesa Piñero,Maikel Mesa,CAM++,CD Tenerife,Spain,LALIGA HYPERMOTION,71,69,73,67,71,65,83,2340
Alessandro Micai,Micai,GK++,Cosenza,Italy,Serie BKT,71,69,72,67,75,47,66,2160
Sven Michel,Michel,ST++,SC Paderborn 07,Germany,Bundesliga 2,71,69,73,66,74,34,72,2160
Kamal Miller,Miller,CB++,Portland Timbers-Thorns,Canada,MLS,71,76,48,60,63,69,80,2160
Martin Minchev,Minchev,ST++,Çaykur Rizespor,Bulgaria,Trendyol Süper Lig,71,82,69,63,69,34,74,2160
Pedro Manuel Mineiro Mendes,Pedro Mendes,ST++,Modena,Portugal,Serie BKT,71,72,74,56,68,34,76,2160
Leonel Miranda,Miranda,CM++,Tigre,Argentina,LPF,71,71,64,74,72,67,67,2340
Tomás Molina,Molina,ST++,Argentinos Jrs.,Argentina,Sudamericana,71,81,70,56,67,24,68,2160
Santiago Moreno,Moreno,RM++,Portland Timbers-Thorns,Colombia,MLS,71,83,66,61,76,51,56,2160
Mateu Jaume Morey Bauzá,Mateu Morey,RB++,RCD Mallorca,Spain,LALIGA EA SPORTS,71,70,46,67,75,68,56,2160
Raúl Moro Prescoli,Raúl Moro,LM++,R. Valladolid CF,Spain,LALIGA EA SPORTS,71,82,61,66,77,27,35,2160
Jordan Morris,Morris,ST++,Sounders FC,United States,MLS,71,82,66,61,66,38,78,2160
Pelly-Ruddock Mpanzu,Mpanzu,CM++,Luton Town,Congo DR,EFL Championship,71,77,63,66,73,69,81,2340
Arbnor Muja,Muja,RM++,Samsunspor,Albania,Trendyol Süper Lig,71,89,67,64,72,46,66,2340
Bali Mumba,Mumba,LB++,Plymouth Argyle,England,EFL Championship,71,84,61,66,73,64,62,2340
Facundo Mura,Mura,RB++,Racing Club,Argentina,Sudamericana,71,83,54,65,70,65,71,2340
Jesús Murillo,Murillo,CB++,LAFC,Colombia,MLS,71,81,38,54,62,71,79,2160
Sei Muroya,Muroya,RB++,Hannover 96,Japan,Bundesliga 2,71,79,59,60,70,64,67,2160
Mickaël Nadé,Nadé,CB++,AS Saint-Étienne,France,Ligue 1 Uber Eats,71,35,30,44,51,70,83,2160
Tsiy-William Ndenge,Ndenge,CDM++,Grasshopper Club,Cameroon,CSSL,71,68,69,64,69,67,80,2340
Paul Nebel,Nebel,CAM++,1. FSV Mainz 05,Germany,Bundesliga,71,76,62,66,76,38,59,2160
João Manuel Neves Virgínia,João Virgínia,GK++,Everton,Portugal,Premier League,71,73,72,66,73,52,67,2340
Ivan Nevistić,Nevistić,GK++,Dinamo Zagreb,Croatia,Liga Hrvatska,71,71,68,69,75,38,70,2160
Yvan Neyou,Neyou,CDM++,CD Leganés,Cameroon,LALIGA EA SPORTS,71,65,60,64,75,69,70,2340
Jessic Ngankam,Ngankam,ST++,Hannover 96,Germany,Bundesliga 2,71,82,70,61,72,27,73,2160
Tokmac Chol Nguen,Nguen,CAM++,Djurgårdens IF,Norway,Allsvenskan,71,81,69,65,75,45,62,2160
Kevin Nisbet,Nisbet,ST++,Aberdeen,Scotland,cinch Prem,71,65,73,62,69,37,71,2160
Olivier Ntcham,Ntcham,CM++,Samsunspor,Cameroon,Trendyol Süper Lig,71,67,69,73,75,63,73,2340
Randy Nteka,Nteka,ST++,Rayo Vallecano,France,LALIGA EA SPORTS,71,72,70,64,71,54,83,2340
Tim Oberdorf,Oberdorf,CB++,Düsseldorf,Germany,Bundesliga 2,71,68,46,58,61,71,72,2160
Raphael Obermair,Obermair,RM++,SC Paderborn 07,Philippines,Bundesliga 2,71,83,64,66,70,65,72,2340
Pedro Mba Obiang Avomo,Pedro Obiang,CDM++,Sassuolo,Equatorial Guinea,Serie BKT,71,43,61,70,70,70,64,2160
Lawrence Ofori,Ofori,CM++,Moreirense FC,Ghana,Liga Portugal,71,72,66,67,76,64,63,2340
Andrew Omobamidele,Omobamidele,CB++,Nott'm Forest,Republic of Ireland,Premier League,71,71,27,52,56,71,75,2160
Gaetano Oristanio,Oristanio,CAM++,Venezia,Italy,Serie A TIM,71,85,65,67,76,49,55,2160
Aiham Ousou,Ousou,CB++,Sp. Charleroi,Syria,1A Pro League,71,76,31,59,67,70,74,2160
Alberto Paleari,Paleari,GK++,Torino,Italy,Serie A TIM,71,69,67,69,71,32,74,2160
Esteban Pavez,Pavez,CDM++,Colo-Colo,Chile,Libertadores,71,77,62,66,71,66,81,2340
Andy Pelmard,Pelmard,CB++,Lecce,France,Serie A TIM,71,85,34,60,70,70,76,2160
Matheus Pereira da Silva,Matheus Pereira,CDM++,SD Eibar,Brazil,LALIGA HYPERMOTION,71,67,64,69,75,66,70,2340
Martín Pérez Guedes,Pérez Guedes,CM++,Universitario,Argentina,Libertadores,71,80,66,71,68,64,69,2340
Immanuel Pherai,Pherai,CAM++,Hamburger SV,Suriname,Bundesliga 2,71,79,59,66,76,38,55,2160
Maximilian Philipp,Philipp,ST++,SC Freiburg,Germany,Bundesliga,71,72,73,69,76,42,58,2160
Rodrigo Piñeiro,Piñeiro,LM++,Vélez Sarsfield,Uruguay,LPF,71,89,62,64,73,46,64,2160
Juan Pintado,Pintado,RB++,Gimnasia,Uruguay,LPF,71,86,42,60,71,64,60,2160
Giacomo Poluzzi,Poluzzi,GK++,Südtirol,Italy,Serie BKT,71,70,69,64,73,44,73,2160
Anthony Ralston,Ralston,RB++,Celtic,Scotland,cinch Prem,71,76,59,69,69,64,78,2340
Benito Raman,Raman,ST++,KV Mechelen,Belgium,1A Pro League,71,88,70,66,72,33,62,2160
Largie Ramazani,Ramazani,RM++,Leeds United,Belgium,EFL Championship,71,87,64,62,75,33,57,2160
Juan Ramírez,Ramírez,CM++,Boca Juniors,Argentina,Sudamericana,71,81,64,68,78,64,67,2340
Luca Ravanelli,Ravanelli,CB++,Cremonese,Italy,Serie BKT,71,60,38,46,52,73,68,2160
Rayan Raveloson,Raveloson,CDM++,AJ Auxerre,Madagascar,Ligue 1 Uber Eats,71,73,66,65,72,69,76,2340
Nathan Redmond,Redmond,RM++,Burnley,England,EFL Championship,71,75,70,68,76,30,51,2160
Federico Ricca,Ricca,CB++,OH Leuven,Uruguay,1A Pro League,71,64,50,60,66,73,69,2160
Emil Riis,Riis,ST++,Preston,Denmark,EFL Championship,71,73,73,54,67,28,71,2160
Alexander Ring,Ring,CDM++,Austin FC,Finland,MLS,71,67,66,67,69,68,74,2340
Marlon Ritter,Ritter,CAM++,Kaiserslautern,Germany,Bundesliga 2,71,66,67,70,74,65,69,2340
Patrick Roberts,Roberts,RM++,Sunderland,England,EFL Championship,71,81,65,66,77,28,44,2160
Facundo Rodríguez,Rodríguez,CB++,Estudiantes,Argentina,Libertadores,71,66,29,43,52,73,75,2160
Alan Rodríguez,Rodríguez,CM++,Argentinos Jrs.,Uruguay,Sudamericana,71,73,62,67,77,58,48,2160
Marko Rog,Rog,CM++,Dinamo Zagreb,Croatia,Liga Hrvatska,71,69,68,70,75,66,68,2340
Braian Romero,Romero,ST++,Vélez Sarsfield,Argentina,LPF,71,84,69,63,75,54,75,2340
Waldo Rubio Martin,Waldo,LM++,CD Tenerife,Spain,LALIGA HYPERMOTION,71,90,70,63,75,37,66,2340
John Ruddy,Ruddy,GK++,Newcastle Utd,England,Premier League,71,68,72,68,69,37,70,2160
Elias Saad,Saad,LW++,FC St. Pauli,Tunisia,Bundesliga,71,74,65,65,77,33,56,2160
Pablo Sabbag,Sabbag,ST++,Alianza Lima,Syria,Libertadores,71,61,76,50,64,32,70,2160
Emmanuel Sabbi,Sabbi,LM++,Havre AC,United States,Ligue 1 Uber Eats,71,90,65,62,73,38,59,2160
Ramzi Safuri,Safuri,CAM++,Antalyaspor,Israel,Trendyol Süper Lig,71,68,67,73,73,36,66,2160
Ulrik Saltnes,Saltnes,CM++,FK Bodø/Glimt,Norway,Eliteserien,71,74,64,68,69,68,81,2340
Luis Miguel Sánchez Benítez,Luismi,CDM++,Málaga CF,Spain,LALIGA HYPERMOTION,71,55,59,61,65,70,77,2160
Francisco José Sánchez Rodríguez,Curro Sánchez,ST++,Burgos CF,Spain,LALIGA HYPERMOTION,71,77,74,70,72,41,51,2160
Isaac Schmidt,Schmidt,LB++,FC St. Gallen,Switzerland,CSSL,71,86,54,59,74,66,66,2340
Benno Schmitz,Schmitz,RB++,Grasshopper Club,Germany,CSSL,71,60,50,69,69,71,72,2160
Nicolás Serrano Galdeano,Nico Serrano,LM++,Athletic Club,Spain,LALIGA EA SPORTS,71,82,65,64,76,24,51,2160
Kevin Sessa,Sessa,RM++,Hertha Berlin,Germany,Bundesliga 2,71,87,63,67,72,61,58,2340
Armindo Sieb,Sieb,ST++,1. FSV Mainz 05,Germany,Bundesliga,71,82,71,57,77,26,68,2160
Tim Siersleben,Siersleben,CB++,Heidenheim,Germany,Bundesliga,71,52,33,48,56,73,72,2160
Matte Smets,Smets,CB++,KRC Genk,Belgium,1A Pro League,71,67,33,64,65,73,73,2160
Michael Kayode,Kayode,RB++,Fiorentina,Italy,Serie A TIM,71,65,35,56,71,72,58,2160
Tobias Kempe,Kempe,CM++,SV Darmstadt 98,Germany,Bundesliga 2,71,59,73,76,72,55,68,2340
Dong Joon Kim,Kim Dong Joon,GK++,Jeju United,Korea Republic,K League 1,71,73,72,66,72,43,68,2160
Dae Won Kim,Kim Dae Won,LM++,Gimcheon Sangmu,Korea Republic,K League 1,71,87,68,66,72,29,70,2160
Saël Kumbedi,Kumbedi,RB++,OL,France,Ligue 1 Uber Eats,71,82,42,62,72,65,62,2160
Fabian Kunze,Kunze,CDM++,Hannover 96,Germany,Bundesliga 2,71,67,40,57,58,73,79,2160
Berkan Kutlu,Kutlu,CM++,Galatasaray,Türkiye,Trendyol Süper Lig,71,78,63,62,68,71,77,2340
Giorgos Kyriakopoulos,Kyriakopoulos,LB++,Monza,Greece,Serie A TIM,71,61,49,64,71,71,66,2160
Richie Laryea,Laryea,RB++,Toronto FC,Canada,MLS,71,83,61,65,74,65,72,2340
Emmanuel Latte Lath,Latte Lath,ST++,Middlesbrough,Côte d'Ivoire,EFL Championship,71,91,69,59,73,37,65,2160
Sandro Lauper,Lauper,CDM++,BSC Young Boys,Switzerland,CSSL,71,73,65,65,69,70,72,2340
Yeong Jae Lee,Lee Yeong Jae,CM++,Jeonbuk Hyundai,Korea Republic,K League 1,71,75,62,69,73,58,69,2340
Toni Leistner,Leistner,CB++,Hertha Berlin,Germany,Bundesliga 2,71,47,40,54,49,71,81,2160
Félix Lemaréchal,Lemaréchal,CAM++,Strasbourg,France,Ligue 1 Uber Eats,71,65,57,73,72,61,68,2160
Heinz Lindner,Lindner,GK++,FC Sion,Austria,CSSL,71,72,70,65,71,42,73,2160
Liam Lindsay,Lindsay,CB++,Preston,Scotland,EFL Championship,71,39,35,52,50,71,81,2160
Danny Loader,Loader,ST++,FC Porto,England,Liga Portugal,71,79,70,61,75,23,68,2160
Marius Lode,Lode,CB++,BK Häcken,Norway,Allsvenskan,71,76,42,59,65,70,76,2160
Maximiliano Lovera,Lovera,LM++,Rosario Central,Argentina,Libertadores,71,84,61,62,77,31,60,2160
Sergio Lozano Lluch,Sergio Lozano,CM++,Levante UD,Spain,LALIGA HYPERMOTION,71,60,73,74,70,58,49,2160
Kristoffer Lund Hansen,Lund Hansen,LB++,Palermo,United States,Serie BKT,71,84,54,65,66,63,73,2340
Ramiro Macagno,Macagno,GK++,Newell's,Argentina,LPF,71,73,70,67,71,30,69,2160
Yvann Maçon,Maçon,RB++,AS Saint-Étienne,France,Ligue 1 Uber Eats,71,84,51,61,72,65,72,2340
Mathieu Maertens,Maertens,CAM++,OH Leuven,Belgium,1A Pro League,71,69,71,69,70,64,67,2340
Matej Maglica,Maglica,CB++,SV Darmstadt 98,Croatia,Bundesliga 2,71,53,50,46,44,69,82,2160
Habib Maïga,Maïga,CDM++,Ferencvárosi TC,Côte d'Ivoire,Magyar Liga,71,59,56,65,68,68,81,2160
Jean-Victor Makengo,Makengo,CM++,FC Lorient,France,Ligue 2 BKT,71,63,66,71,71,71,68,2340
Javier Manquillo Gaitán,Manquillo,RB++,RC Celta,Spain,LALIGA EA SPORTS,71,63,45,63,71,73,60,2160
Myziane Maolida,Maolida,LM++,Al Kholood,Comoros,ROSHN Saudi League,71,74,67,64,74,24,58,2160
Antonio Marchesano,Marchesano,ST++,FC Zürich,Switzerland,CSSL,71,69,74,70,76,45,60,2160
Federico Martínez,Martínez,ST++,Everton,Uruguay,Sudamericana,71,76,68,68,75,41,73,2340
Thiago Martins Bueno,Thiago Martins,CB++,New York City FC,Brazil,MLS,71,73,41,56,58,71,74,2160
Gastón Martirena,Martirena,RB++,Racing Club,Uruguay,Sudamericana,71,82,64,67,68,65,60,2340
Rabbi Matondo,Matondo,LM++,Rangers,Wales,cinch Prem,71,92,66,63,72,38,52,2160
Isaac Mbenza,Mbenza,LM++,Sp. Charleroi,Belgium,1A Pro League,71,83,67,69,70,38,67,2160
Danovis Banguero,Banguero,LB++,Millonarios,Colombia,Libertadores,71,80,59,62,62,66,78,2340
Mattia Bani,Bani,CB++,Genoa,Italy,Serie A TIM,71,46,20,42,53,74,70,2160
Italo Moreira Barcelos,Italo,CM++,Jeju United,Brazil,K League 1,71,70,65,67,70,68,82,2340
Aymen Barkok,Barkok,CAM++,1. FSV Mainz 05,Morocco,Bundesliga,71,68,67,67,76,54,66,2160
João Pedro Barradas Novais,João Novais,CM++,Rio Ave FC,Portugal,Liga Portugal,71,66,74,75,72,51,68,2340
Daniel Batz,Batz,GK++,1. FSV Mainz 05,Germany,Bundesliga,71,71,69,67,74,35,71,2160
Finn Ole Becker,Becker,CM++,TSG Hoffenheim,Germany,Bundesliga,71,69,55,68,76,58,60,2160
Amari'i Bell,Bell,CB++,Luton Town,Jamaica,EFL Championship,71,75,50,60,67,71,73,2160
Carlos Benavídez,Benavídez,CDM++,D. Alavés,Uruguay,LALIGA EA SPORTS,71,67,44,63,66,71,72,2160
Loris Benito,Benito,CB++,BSC Young Boys,Switzerland,CSSL,71,66,51,63,64,71,77,2160
Antoine Bernede,Bernede,CM++,Lausanne-Sport,France,CSSL,71,66,60,66,71,68,72,2340
Nahir Besara,Besara,CAM++,Hammarby IF,Sweden,Allsvenskan,71,66,70,72,68,44,69,2160
Aylton Filipe Boa Morte,Aylton Boa Morte,RM++,Kayserispor,Portugal,Trendyol Süper Lig,71,76,64,64,73,28,74,2160
Daniel Bocanegra,Bocanegra,CB++,América de Cali,Colombia,Sudamericana,71,64,55,68,64,70,77,2160
Agustín Bouzat,Bouzat,CDM++,Vélez Sarsfield,Argentina,LPF,71,84,64,67,73,64,72,2340
Martin Boyle,Boyle,RM++,Hibernian,Australia,cinch Prem,71,88,69,62,71,44,60,2160
Flavien-Enzo Boyomo,Boyomo,CB++,R. Valladolid CF,Cameroon,LALIGA EA SPORTS,71,73,30,47,46,72,74,2160
Anthony Briançon,Briançon,CB++,AS Saint-Étienne,France,Ligue 1 Uber Eats,71,46,47,56,53,70,82,2160
Ezequiel Bullaude,Bullaude,CAM++,Feyenoord,Argentina,Eredivisie,71,78,69,64,73,32,67,2160
Facundo Cambeses,Cambeses,GK++,Racing Club,Argentina,Sudamericana,71,73,67,62,75,52,69,2160
Gaspar Campos-Ansó,Gaspar Campos,LM++,R. Sporting,Spain,LALIGA HYPERMOTION,71,80,79,65,70,33,72,2160
Fali Candé,Fali Candé,CB++,FC Metz,Guinea-Bissau,Ligue 2 BKT,71,80,50,62,65,72,75,2340
Pierrick Capelle,Capelle,CDM++,Angers SCO,France,Ligue 1 Uber Eats,71,53,71,73,71,67,64,2160
Adalberto Carrasquilla,Carrasquilla,CM++,Houston Dynamo,Panama,MLS,71,73,63,66,78,60,69,2340
Eíran Cashin,Cashin,CB++,Derby County,Republic of Ireland,EFL Championship,71,58,35,56,60,69,81,2160
Alexis Castro,Castro,CM++,Nacional,Argentina,Libertadores,71,77,71,72,74,66,69,2340
Ricardo Luís Chaby Mangas,Ricardo Mangas,LM++,Vitória SC,Portugal,Liga Portugal,71,77,60,64,72,65,74,2340
Timmy Chandler,Chandler,RB++,Frankfurt,United States,Bundesliga,71,45,68,72,68,72,76,2340
Yimmi Chará,Chará,LM++,Junior,Colombia,Libertadores,71,86,65,61,73,49,68,2340
Tahith Chong,Chong,CAM++,Luton Town,Netherlands,EFL Championship,71,77,66,70,72,54,63,2340
Ali Abdi,Abdi,LB++,SM Caen,Tunisia,Ligue 2 BKT,71,89,60,66,71,62,76,2340
Lucas Acosta,Acosta,GK++,Sarmiento,Argentina,LPF,71,70,71,70,73,60,72,2340
Kellyn Acosta,Acosta,CM++,Chicago Fire FC,United States,MLS,71,74,67,71,71,66,76,2340
Samuel Adegbenro,Adegbenro,LM++,Beijing Guoan,Nigeria,CSL,71,90,68,61,74,39,74,2340
Jean-Eudes Aholou,Aholou,CM++,Angers SCO,Côte d'Ivoire,Ligue 1 Uber Eats,71,56,62,69,69,70,74,2340
José Aja,Aja,CB++,Indep. Medellín,Uruguay,Sudamericana,71,38,41,43,40,73,81,2160
Gabriel Alanís,Alanís,RM++,Defensa,Argentina,Sudamericana,71,76,63,66,69,57,71,2340
Fernando Alarcón,Alarcón,CB++,Instituto,Argentina,LPF,71,52,33,45,37,73,73,2160
Bruno Alberto Langa,Bruno Langa,LB++,UD Almería,Mozambique,LALIGA HYPERMOTION,71,82,46,54,76,67,65,2160
Sotiris Alexandropoulos,Alexandropoulos,CDM++,Standard Liège,Greece,1A Pro League,71,76,60,64,69,68,72,2340
Javier Altamirano,Altamirano,CM++,Estudiantes,Chile,Libertadores,71,76,66,70,74,64,63,2340
Carlos Álvarez Rivera,Carlos Álvarez,RM++,Levante UD,Spain,LALIGA HYPERMOTION,71,69,69,67,76,36,56,2160
Tiago Filipe Alves Araújo,Tiago Araújo,LM++,KAA Gent,Portugal,1A Pro League,71,84,63,67,72,59,69,2340
Andrés Andrade,Andrade,CB++,LASK,Panama,Ö. Bundesliga,71,74,51,61,65,71,79,2340
Franko Andrijašević,Andrijašević,CAM++,Zhejiang Pro,Croatia,CSL,71,70,71,67,69,56,80,2340
Santiago Arzamendia,Arzamendia,LB++,Estudiantes,Paraguay,Libertadores,71,75,68,66,73,66,71,2340
Luke Ayling,Ayling,RB++,Middlesbrough,England,EFL Championship,71,53,58,63,69,71,72,2160
Adrián Balboa,Balboa,ST++,Unión,Uruguay,LPF,71,57,73,52,65,28,76,2160
Antonio Čolak,Čolak,ST++,Parma,Croatia,Serie A TIM,71,66,73,57,69,34,78,2160
Cheick Conde,Conde,CDM++,FC Zürich,Guinea,CSSL,71,68,64,62,67,69,79,2340
Alexandre Corredera Alardi,Àlex Corredera,CM++,CD Tenerife,Spain,LALIGA HYPERMOTION,71,65,63,73,70,60,75,2340
Soumaila Coulibaly,Coulibaly,CB++,Borussia Dortmund,France,Bundesliga,71,86,36,54,65,68,79,2160
Woyo Coulibaly,Coulibaly,RB++,Parma,France,Serie A TIM,71,76,50,65,68,66,81,2340
Enzo Crivelli,Crivelli,ST++,Servette FC,France,CSSL,71,64,70,61,65,35,84,2160
Diogo António Cupido Gonçalves,Diogo Gonçalves,CM++,Real Salt Lake,Portugal,MLS,71,82,71,72,74,61,69,2340
Marco Curto,Curto,CB++,Cesena,Italy,Serie BKT,71,63,37,48,50,71,79,2160
Wylan Cyprien,Cyprien,CDM++,Parma,France,Serie A TIM,71,62,69,71,72,68,75,2340
Henrik Dalsgaard,Dalsgaard,RB++,AGF,Denmark,3F Superliga,71,69,58,62,63,70,78,2340
Keinan Davis,Davis,ST++,Udinese,England,Serie A TIM,71,64,69,54,71,43,81,2160
Fabiano Josué de Souza Silva,Fabiano Souza,RB++,Moreirense FC,Brazil,Liga Portugal,71,84,52,63,69,65,73,2340
Jordy de Wijs,de Wijs,CB++,Düsseldorf,Netherlands,Bundesliga 2,71,52,51,49,50,70,83,2160
Marco Di Cesare,Di Cesare,CB++,Racing Club,Argentina,Sudamericana,71,52,31,44,43,74,75,2160
Matteo Di Giusto,Di Giusto,CAM++,FC Winterthur,Switzerland,CSSL,71,78,65,69,75,30,53,2160
Dimitris Diamantakos,Diamantakos,ST++,East Bengal,Greece,Hero ISL,71,74,73,59,66,29,76,2160
Assane Diao Diaoune,Diao Diaoune,RM++,Real Betis,Spain,LALIGA EA SPORTS,71,90,69,60,73,30,56,2160
Moussa Diarra,Diarra,LB++,D. Alavés,Mali,LALIGA EA SPORTS,71,65,32,57,62,71,72,2160
Pedro Díaz Fanjul,Pedro Díaz,CM++,Rayo Vallecano,Spain,LALIGA EA SPORTS,71,68,73,73,71,65,72,2340
Moussa Djenepo,Djenepo,LM++,Antalyaspor,Mali,Trendyol Süper Lig,71,79,67,64,78,39,63,2160
Lucas Domingues Piazón,Lucas Piazón,CAM++,AVS Futebol SAD,Brazil,Liga Portugal,71,68,71,71,72,34,57,2160
Denis Drăguș,Drăguș,ST++,Trabzonspor,Romania,Trendyol Süper Lig,71,80,70,56,75,19,71,2160
Jean-Kévin Duverne,Duverne,LB++,FC Nantes,Haiti,Ligue 1 Uber Eats,71,60,38,62,67,72,73,2160
Josh Eccles,Eccles,CDM++,Coventry City,England,EFL Championship,71,71,53,67,67,70,69,2160
Claudio Echeverri,Echeverri,CAM++,River Plate,Argentina,Libertadores,71,87,62,67,79,35,44,2160
Zakaria El Ouahdi,El Ouahdi,RB++,KRC Genk,Morocco,1A Pro League,71,73,55,67,75,62,58,2160
Maximilian Entrup,Entrup,ST++,LASK,Austria,Ö. Bundesliga,71,71,73,55,67,28,71,2160
Mamadou Fall,Fall,ST++,Kasımpaşa,Senegal,Trendyol Süper Lig,71,88,67,61,69,37,74,2160
Jorge Samuel Fernandes,Joca,RW++,Wuhan 3 Towns,Portugal,CSL,71,77,70,66,76,54,46,2160
Paolo Fernándes Cantin,Paolo Fernandes,RW++,AEK Athens,Spain,Hellas Liga,71,77,68,64,78,36,59,2160
Clayton Fernandes Silva,Clayton,ST++,Rio Ave FC,Brazil,Liga Portugal,71,71,74,61,65,24,70,2160
Damián Fernández,Fernández,CB++,Vélez Sarsfield,Argentina,LPF,71,78,33,52,59,70,78,2160
Sam Field,Field,CDM++,QPR,England,EFL Championship,71,56,54,62,64,72,67,2160
Dominik Fitz,Fitz,CAM++,FK Austria Wien,Austria,Ö. Bundesliga,71,76,68,73,70,33,58,2160
Edison Flores,Flores,LW++,Universitario,Peru,Libertadores,71,77,69,67,72,37,59,2160
Franco Fragapane,Fragapane,LM++,Minnesota United,Argentina,MLS,71,88,65,67,74,40,53,2160
Marcel Franke,Franke,CB++,Karlsruher SC,Germany,Bundesliga 2,71,55,31,44,46,70,81,2160
Fabian Frei,Frei,CB++,FC Basel 1893,Switzerland,CSSL,71,48,68,71,67,72,71,2160
Marcel Sobottka,Sobottka,CDM++,Düsseldorf,Germany,Bundesliga 2,71,70,57,63,66,71,75,2340
Simon Sohm,Sohm,CAM++,Parma,Switzerland,Serie A TIM,71,76,66,66,69,65,81,2340
Alejandro Sola López-Ocaña,Álex Sola,RM++,Getafe CF,Spain,LALIGA EA SPORTS,71,78,59,64,71,63,74,2340
Alan Soñora,Soñora,CM++,Huracán,United States,LPF,71,72,65,73,75,61,67,2340
Yira Sor,Sor,ST++,KRC Genk,Nigeria,1A Pro League,71,90,70,63,75,37,58,2160
Harry Souttar,Souttar,CB++,Sheffield Utd,Australia,EFL Championship,71,46,28,51,55,70,78,2160
Leonai Souza de Almeida,Leonai,CDM++,Barcelona SC,Brazil,Libertadores,71,64,62,63,68,72,73,2340
Dayne St. Clair,St. Clair,GK++,Minnesota United,Canada,MLS,71,71,66,56,76,27,70,2160
Pascal Stenzel,Stenzel,RB++,VfB Stuttgart,Germany,Bundesliga,71,59,60,69,68,71,69,2160
Leonidas Stergiou,Stergiou,CB++,VfB Stuttgart,Switzerland,Bundesliga,71,76,42,60,67,70,75,2160
Filip Stojković,Stojković,RB++,LASK,Montenegro,Ö. Bundesliga,71,70,42,67,66,68,79,2160
Carlos Strandberg,Strandberg,ST++,Hatayspor,Sweden,Trendyol Süper Lig,71,82,72,54,63,25,80,2160
Cristián Suárez,Suárez,CB++,Palestino,Chile,Libertadores,71,66,41,61,61,72,71,2160
Kamaldeen Sulemana,Sulemana,LW++,Southampton,Ghana,Premier League,71,93,65,63,75,28,60,2160
Zion Suzuki,Suzuki,GK++,Parma,Japan,Serie A TIM,71,71,68,71,76,56,67,2340
Iván Tapia,Tapia,CAM++,Barracas Central,Argentina,LPF,71,69,68,74,70,53,72,2340
Filippo Terracciano,Terracciano,RM++,Milano FC,Italy,Serie A TIM,71,79,60,71,70,67,67,2340
Isaac Kiese Thelin,Thelin,ST++,Malmö FF,Sweden,Allsvenskan,71,59,72,59,65,37,82,2160
Norman Theuerkauf,Theuerkauf,CDM++,Heidenheim,Germany,Bundesliga,71,48,56,64,63,72,76,2160
Sorba Thomas,Thomas,RM++,FC Nantes,Wales,Ligue 1 Uber Eats,71,87,62,66,71,48,70,2340
Timothy Tillman,Tillman,CM++,LAFC,United States,MLS,71,75,56,67,75,54,68,2160
Nouhou Tolo,Nouhou,LB++,Sounders FC,Cameroon,MLS,71,87,36,52,60,68,82,2160
Boris Tomiak,Tomiak,CB++,Kaiserslautern,Germany,Bundesliga 2,71,72,43,46,41,71,81,2160
Jens Toornstra,Toornstra,CAM++,FC Utrecht,Netherlands,Eredivisie,71,47,72,75,69,68,71,2340
Aiyegun Tosin,Tosin,ST++,FC Lorient,Benin,Ligue 2 BKT,71,89,71,61,72,38,75,2340
Mattéo Tramoni,Tramoni,LW++,Pisa,France,Serie BKT,71,87,64,66,73,48,64,2340
Fran Tudor,Tudor,RM++,Raków,Croatia,PKO BP Ekstraklasa,71,90,60,65,71,67,75,2340
David Turnbull,Turnbull,CM++,Cardiff City,Scotland,EFL Championship,71,56,71,75,70,60,64,2160
Rodrigo Ureña,Ureña,CDM++,Universitario,Chile,Libertadores,71,58,60,61,64,70,70,2160
Moses Usor,Usor,RM++,LASK,Nigeria,Ö. Bundesliga,71,90,65,64,73,38,67,2160
Etienne Vaessen,Vaessen,GK++,FC Groningen,Suriname,Eredivisie,71,71,69,66,75,63,71,2340
Bruno Ricardo Valdez Wilson,Bruno Wilson,CB++,SJ Earthquakes,Portugal,MLS,71,50,30,45,49,73,79,2160
Nuno Miguel Valente Santos,Nuno Santos,CM++,Vitória SC,Portugal,Liga Portugal,71,76,68,68,72,66,67,2340
Yan Valery,Valery,RB++,Sheffield Wed,Tunisia,EFL Championship,71,64,52,63,67,70,72,2160
Théo Valls,Valls,CM++,Grenoble Foot 38,France,Ligue 2 BKT,71,65,66,73,72,63,69,2340
Arno Verschueren,Verschueren,CAM++,Sparta Rotterdam,Belgium,Eredivisie,71,77,68,64,67,67,74,2340
Paulo Victor da Silva,Paulinho,LB++,FC Midtjylland,Brazil,3F Superliga,71,83,65,67,71,64,67,2340
Emanuel Vignato,Vignato,CAM++,Pisa,Italy,Serie BKT,71,67,62,71,75,39,47,2160
Mërgim Vojvoda,Vojvoda,LM++,Torino,Kosovo,Serie A TIM,71,68,54,72,72,68,69,2340
Bart Vriends,Vriends,CB++,Adelaide United,Netherlands,A-League,71,51,32,48,48,71,80,2160
Timon Weiner,Weiner,GK++,Holstein Kiel,Germany,Bundesliga,71,74,67,66,72,50,70,2160
Rubén Yáñez Alabart,Rubén Yáñez,GK++,R. Sporting,Spain,LALIGA HYPERMOTION,71,70,69,64,75,44,69,2160
Kelvin Yeboah,Yeboah,ST++,Minnesota United,Italy,MLS,71,88,69,57,71,24,69,2160
DeAndre Yedlin,Yedlin,RB++,FC Cincinnati,United States,MLS,71,85,50,59,65,66,73,2160
Darlin Yongwa,Yongwa,LB++,FC Lorient,Cameroon,Ligue 2 BKT,71,85,40,60,68,66,72,2160
Élie Youan,Youan,LM++,Hibernian,France,cinch Prem,71,86,67,62,75,40,62,2160
Amin Younes,Younes,CAM++,FC Schalke 04,Germany,Bundesliga 2,71,69,65,68,78,34,57,2160
Jacob Widell Zetterström,Zetterström,GK++,Derby County,Sweden,EFL Championship,71,78,70,67,75,20,67,2160
Jeroen Zoet,Zoet,GK++,AZ,Netherlands,Eredivisie,71,70,73,74,70,51,71,2340
César Fuentes,Fuentes,CDM++,Colo-Colo,Chile,Libertadores,71,60,58,63,64,70,76,2160
Nicolás Gaitán,Gaitán,CAM++,Sarmiento,Argentina,LPF,71,54,68,74,74,41,45,2160
Omri Gandelman,Gandelman,CDM++,KAA Gent,Israel,1A Pro League,71,63,65,62,67,72,74,2340
David Gil Mohedano,David Gil,GK++,Cádiz CF,Spain,LALIGA HYPERMOTION,71,72,72,71,71,47,69,2340
Nicholas Gioacchini,Gioacchini,ST++,FC Cincinnati,United States,MLS,71,81,71,57,71,29,72,2160
Saviour Godwin,Godwin,LM++,Al Okhdood,Nigeria,ROSHN Saudi League,71,92,67,58,74,40,65,2160
Mauro Goicoechea,Goicoechea,GK++,Danubio,Uruguay,Sudamericana,71,71,73,67,64,50,74,2160
Jay Gorter,Gorter,GK++,Ajax,Netherlands,Eredivisie,71,72,65,67,76,50,71,2340
Joel Graterol,Graterol,GK++,América de Cali,Venezuela,Sudamericana,71,71,68,66,72,24,72,2160
Julian Green,Green,CAM++,Fürth,United States,Bundesliga 2,71,71,68,68,75,33,62,2160
Andreas Gruber,Gruber,RM++,FK Austria Wien,Austria,Ö. Bundesliga,71,81,72,67,70,34,68,2160
Ehsan Haji Safi,Haji Safi,LB++,AEK Athens,Iran,Hellas Liga,71,70,64,72,71,68,73,2340
Alen Halilović,Halilović,CAM++,Fortuna Sittard,Croatia,Eredivisie,71,60,62,73,76,44,42,2160
Johannes Handl,Handl,CB++,FK Austria Wien,Austria,Ö. Bundesliga,71,55,30,44,45,70,82,2160
Isaac Hayden,Hayden,CDM++,Newcastle Utd,England,Premier League,71,51,58,61,67,71,77,2160
Leonardo Henriques Coelho,Leo Coelho,CB++,Peñarol,Brazil,Libertadores,71,61,44,47,52,76,68,2160
Thomas Henry,Henry,ST++,Palermo,France,Serie BKT,71,47,73,64,64,39,79,2160
Edwin Herrera,Herrera,LB++,Junior,Colombia,Libertadores,71,83,48,60,66,66,63,2160
Ron-Thorben Hoffmann,Hoffmann,GK++,FC Schalke 04,Germany,Bundesliga 2,71,64,71,68,74,25,74,2160
Chul Hong,Hong Chul,LB++,Daegu FC,Korea Republic,K League 1,71,83,51,66,69,64,72,2340
In Jae Hwang,Hwang In Jae,GK++,Pohang Steelers,Korea Republic,K League 1,71,72,68,63,75,26,66,2160
Renato Ibarra,Ibarra,RM++,Independiente DV,Ecuador,Libertadores,71,87,68,66,70,54,70,2340
Pietro Iemmello,Iemmello,ST++,Catanzaro,Italy,Serie BKT,71,82,70,55,71,22,68,2160
Nikolas Ioannou,Ioannou,LB++,Sampdoria,Cyprus,Serie BKT,71,75,54,61,68,66,78,2340
Andy Irving,Irving,CM++,West Ham,Scotland,Premier League,71,57,71,71,71,63,77,2340
Ardian Ismajli,Ismajli,CB++,Empoli,Albania,Serie A TIM,71,67,30,49,61,75,63,2160
Ryotaro Ito,Ito,CM++,STVV,Japan,1A Pro League,71,81,71,66,72,56,63,2340
Franco Jara,Jara,ST++,Belgrano,Argentina,Sudamericana,71,61,74,64,69,30,67,2160
Bakery Jatta,Jatta,RW++,Hamburger SV,Gambia,Bundesliga 2,71,83,68,66,67,46,77,2340
Guangtai Jiang,Jiang Guangtai,CB++,Shanghai Port,China PR,CSL,71,81,36,48,63,70,80,2160
Dennis Johnsen,Johnsen,ST++,Cremonese,Norway,Serie BKT,71,92,70,67,73,39,69,2340
Tomáš Kalas,Kalas,CB++,FC Schalke 04,Czechia,Bundesliga 2,71,75,47,54,60,70,77,2160
Aytaç Kara,Kara,CM++,Kasımpaşa,Türkiye,Trendyol Süper Lig,71,51,73,71,67,63,79,2340
Sinan Karweina,Karweina,ST++,FC Luzern,Germany,CSSL,71,81,72,65,71,41,69,2160
Fabian Frei,Frei,CB++,FC Winterthur,Switzerland,CSSL,71,48,68,71,67,72,71,2160
Koray Günter,Günter,CB++,Göztepe,Türkiye,Trendyol Süper Lig,71,60,46,60,62,72,68,2160
Antonio Čolak,Čolak,ST++,Spezia,Croatia,Serie BKT,71,66,73,57,69,34,78,2160
Maarten Paes,Paes,GK++,FC Dallas,Indonesia,MLS,71,72,66,68,74,31,70,2160
Ezequiel Bullaude,Bullaude,CAM++,Fortuna Sittard,Argentina,Eredivisie,71,78,69,64,73,32,67,2160
Fabian Nürnberger,Nürnberger,LM++,SV Darmstadt 98,Bulgaria,Bundesliga 2,71,74,61,69,73,66,64,2340
Ali Abdi,Abdi,LB++,OGC Nice,Tunisia,Ligue 1 Uber Eats,71,89,60,66,71,62,76,2340
Isaac Schmidt,Schmidt,LB++,Leeds United,Switzerland,EFL Championship,71,86,54,59,74,66,66,2340
Flavien-Enzo Boyomo,Boyomo,CB++,CA Osasuna,Cameroon,LALIGA EA SPORTS,71,73,30,47,46,72,74,2160
Igor Matanović,Matanović,ST++,Frankfurt,Croatia,Bundesliga,71,63,69,53,67,34,77,2160
Soumaila Coulibaly,Coulibaly,CB++,Stade Brestois 29,France,Ligue 1 Uber Eats,71,86,36,54,65,68,79,2160
Joe Mendes,Mendes,RB++,FC Basel 1893,Sweden,CSSL,71,85,40,60,73,65,62,2160
Kasey McAteer,McAteer,RW++,Leicester City,Republic of Ireland,Premier League,71,81,67,66,71,53,64,2340
Mata García,Juan Mata,CAM++,WS Wanderers,Spain,A-League,71,38,66,76,75,35,34,2160
Marko Rog,Rog,CM++,Cagliari,Croatia,Serie A TIM,71,69,68,70,75,66,68,2340
Jordy de Wijs,de Wijs,CB++,sc Heerenveen,Netherlands,Eredivisie,71,52,51,49,50,70,83,2160
Chul Hong,Hong Chul,LB++,Gangwon FC,Korea Republic,K League 1,71,83,51,66,69,64,72,2340
Andrew Omobamidele,Omobamidele,CB++,Strasbourg,Republic of Ireland,Ligue 1 Uber Eats,71,71,27,52,56,71,75,2160
Fali Candé,Fali Candé,CB++,Venezia,Guinea-Bissau,Serie A TIM,71,80,50,62,65,72,75,2340
Andy Pelmard,Pelmard,CB++,UD Las Palmas,France,LALIGA EA SPORTS,71,85,34,60,70,70,76,2160
Marco Curto,Curto,CB++,Sampdoria,Italy,Serie BKT,71,63,37,48,50,71,79,2160
Isaac Hayden,Hayden,CDM++,Portsmouth,England,EFL Championship,71,51,58,61,67,71,77,2160
Michael Kayode,Kayode,RB++,Brentford,Italy,Premier League,71,65,35,56,71,72,58,2160
Antoine Bernede,Bernede,CM++,Hellas Verona,France,Serie A TIM,71,66,60,66,71,68,72,2340
Jean-Kévin Duverne,Duverne,LB++,KV Kortrijk,Haiti,1A Pro League,71,60,38,62,67,72,73,2160
Nicolás Serrano Galdeano,Nico Serrano,LM++,R. Sporting,Spain,LALIGA HYPERMOTION,71,82,65,64,76,24,51,2160
Pelly-Ruddock Mpanzu,Mpanzu,CM++,Rotherham Utd,Congo DR,EFL League One,71,77,63,66,73,69,81,2340
Rabbi Matondo,Matondo,LM++,Hannover 96,Wales,Bundesliga 2,71,92,66,63,72,38,52,2160
Ron-Thorben Hoffmann,Hoffmann,GK++,Braunschweig,Germany,Bundesliga 2,71,64,71,68,74,25,74,2160
Rayan Raveloson,Raveloson,CDM++,BSC Young Boys,Madagascar,CSSL,71,73,66,65,72,69,76,2340
Franco Fragapane,Fragapane,LM++,Unión,Argentina,LPF,71,88,65,67,74,40,53,2160
Woyo Coulibaly,Coulibaly,RB++,Leicester City,France,Premier League,71,76,50,65,68,66,81,2340
Claudio Echeverri,Echeverri,CAM++,Manchester City,Argentina,Premier League,71,87,62,67,79,35,44,2160
Boris Tomiak,Tomiak,CB++,Hannover 96,Germany,Bundesliga 2,71,72,43,46,41,71,81,2160
Gabriel Alanís,Alanís,RM++,Huracán,Argentina,LPF,71,76,63,66,69,57,71,2340
Isaac Hayden,Hayden,CDM++,Portsmouth,Jamaica,EFL Championship,71,51,58,61,67,71,77,2160
Chidozie Awaziem,Awaziem,CB++,FC Cincinnati,Nigeria,MLS,70,72,39,48,60,69,76,1800
Volkan Babacan,Babacan,GK++,Başakşehir,Türkiye,Trendyol Süper Lig,70,70,68,67,67,50,76,1800
Michael Baidoo,Baidoo,CAM++,IF Elfsborg,Ghana,Allsvenskan,70,81,64,63,71,52,63,1800
Lewis Baker,Baker,CM++,Stoke City,England,EFL Championship,70,65,71,73,70,64,71,1950
Jure Balkovec,Balkovec,CB++,Alanyaspor,Slovenia,Trendyol Süper Lig,70,67,55,68,66,70,72,1800
Thierno Ballo,Ballo,LW++,Wolfsberger AC,Austria,Ö. Bundesliga,70,86,62,62,76,50,49,1800
Nicușor Bancu,Bancu,LB++,Univ. Craiova,Romania,SUPERLIGA,70,81,66,66,70,62,76,1950
Cristian Barrios,Barrios,LM++,América de Cali,Colombia,Sudamericana,70,81,66,61,74,32,49,1800
Gabriel Batista de Souza,Gabriel Batista,GK++,Santa Clara,Brazil,Liga Portugal,70,69,67,78,71,36,70,1800
Emin Bayram,Bayram,CB++,KVC Westerlo,Türkiye,1A Pro League,70,63,40,59,69,71,70,1800
Jobe Bellingham,Bellingham,CM++,Sunderland,England,EFL Championship,70,67,67,67,72,64,65,1950
Luis Benítes,Benítes,LM++,Sport Huancayo,Peru,Sudamericana,70,80,76,64,70,25,51,1800
Yassine Benrahou,Benrahou,CAM++,Hajduk Split,Morocco,Liga Hrvatska,70,70,65,71,75,41,54,1800
Brian Blasi,Blasi,CB++,Gimnasia,Argentina,LPF,70,68,41,56,60,69,76,1800
Lewin Blum,Blum,RB++,BSC Young Boys,Switzerland,CSSL,70,74,27,64,69,65,66,1800
Mateusz Bogusz,Bogusz,ST++,LAFC,Poland,MLS,70,71,74,67,70,57,65,1950
Endre Botka,Botka,RB++,Ferencvárosi TC,Hungary,Magyar Liga,70,71,41,59,61,70,72,1800
Hugo Boumous,Boumous,CAM++,Odisha FC,Morocco,Hero ISL,70,78,64,68,74,40,71,1800
David Brekalo,Brekalo,CB++,Orlando City,Slovenia,MLS,70,73,27,48,61,69,81,1800
Abel Bretones Cruz,Abel Bretones,LB++,CA Osasuna,Spain,LALIGA EA SPORTS,70,75,64,66,66,64,78,1950
Archie Brown,Brown,LM++,KAA Gent,England,1A Pro League,70,83,47,64,70,61,77,1950
Roger Brugué Ayguade,Brugui,RM++,Levante UD,Spain,LALIGA HYPERMOTION,70,88,64,61,73,41,65,1800
Drake Callender,Callender,GK++,Inter Miami CF,United States,MLS,70,71,68,63,76,25,66,1800
Hayden Carter,Carter,CB++,Blackburn Rovers,England,EFL Championship,70,71,40,57,59,69,78,1800
Martim Carvalho Neto,Martim Neto,CM++,SL Benfica,Portugal,Liga Portugal,70,76,65,67,74,56,63,1950
José Carvallo,Carvallo,GK++,UCV,Peru,Sudamericana,70,69,72,70,63,53,76,1950
Jens Castrop,Castrop,CM++,1. FC Nürnberg,Germany,Bundesliga 2,70,81,53,66,74,62,69,1950
Josep María Chavarría Pérez,Pep Chavarría,LB++,Rayo Vallecano,Spain,LALIGA EA SPORTS,70,82,49,64,67,64,74,1950
Álex Collado Gutiérrez,Álex Collado,RM++,Al Kholood,Spain,ROSHN Saudi League,70,56,68,73,72,58,57,1800
Matteo Cotali,Cotali,LB++,Modena,Italy,Serie BKT,70,74,52,65,68,65,67,1800
Tanguy Coulibaly,Coulibaly,LM++,Montpellier,France,Ligue 1 Uber Eats,70,79,59,62,76,42,61,1800
Matt Crooks,Crooks,CAM++,Real Salt Lake,England,MLS,70,65,67,64,68,68,82,1950
Michaël Cuisance,Cuisance,CM++,Hertha Berlin,France,Bundesliga 2,70,66,65,74,75,52,65,1800
Damian Dąbrowski,Dąbrowski,CDM++,Zagłębie Lubin,Poland,PKO BP Ekstraklasa,70,70,55,66,66,66,81,1950
Mats Møller Dæhli,Dæhli,CAM++,Molde FK,Norway,Eliteserien,70,63,55,65,78,46,61,1800
Johan Dahlin,Dahlin,GK++,Malmö FF,Sweden,Allsvenskan,70,65,71,64,64,38,77,1800
Bradley Danger,Danger,CB++,Red Star FC,France,Ligue 2 BKT,70,75,53,63,67,69,76,1950
Hernán De La Fuente,De La Fuente,RB++,Huracán,Argentina,LPF,70,85,60,60,71,62,75,1950
Fisayo Dele-Bashiru,Dele-Bashiru,CAM++,Latium,Nigeria,Serie A TIM,70,77,69,62,74,57,78,1950
Davide Diaw,Diaw,ST++,Monza,Italy,Serie A TIM,70,84,67,55,70,27,73,1800
Hyun Seok Doo,Doo Hyun Seok,RB++,GwangJu FC,Korea Republic,K League 1,70,82,60,60,71,62,66,1950
Bruno dos Santos Nazario,Bruno Nazario,ST++,Henan SSLM FC,Brazil,CSL,70,77,69,70,73,45,56,1800
Couhaib Driouech,Driouech,LW++,PSV,Morocco,Eredivisie,70,93,59,57,73,26,67,1800
Jeremy Dudziak,Dudziak,LB++,Hertha Berlin,Tunisia,Bundesliga 2,70,70,61,70,75,64,65,1950
Milan Đurić,Đurić,ST++,Monza,Bosnia and Herzegovina,Serie A TIM,70,32,71,55,61,32,81,1800
Kingsley Ehizibue,Ehizibue,RM++,Udinese,Nigeria,Serie A TIM,70,88,57,62,69,65,75,1950
Khalid Eissa,Eissa,GK++,Al Ain FC,United Arab Emirates,United Emirates League,70,71,67,58,75,49,68,1800
Caleb Ekuban,Ekuban,ST++,Genoa,Ghana,Serie A TIM,70,81,69,64,68,28,80,1800
Farid El Melali,El Melali,LM++,Angers SCO,Algeria,Ligue 1 Uber Eats,70,71,61,63,77,50,41,1800
Juan Elordi,Elordi,LB++,Racing Club,Argentina,Sudamericana,70,62,45,64,68,72,63,1800
Lukas Engel,Engel,LB++,Middlesbrough,Denmark,EFL Championship,70,82,58,63,68,63,69,1950
Patrick Erras,Erras,CB++,Holstein Kiel,Germany,Bundesliga,70,33,41,62,49,70,76,1800
Christian Neiva Afonso,Kiki,LB++,AVS Futebol SAD,Portugal,Liga Portugal,70,84,48,61,62,66,68,1800
Curtis Nelson,Nelson,CB++,Derby County,England,EFL Championship,70,65,36,52,59,68,82,1800
Florin Niță,Niță,GK++,Damac FC,Romania,ROSHN Saudi League,70,69,70,65,72,20,73,1800
Aiden O'Neill,O'Neill,CDM++,Standard Liège,Australia,1A Pro League,70,76,61,65,69,66,78,1950
Luke O'Nien,O'Nien,CB++,Sunderland,England,EFL Championship,70,72,58,62,65,68,82,1950
Christian Ordoñez,Ordoñez,CDM++,Vélez Sarsfield,Argentina,LPF,70,83,45,64,67,65,73,1800
José Ortíz,Ortíz,CB++,Indep. Medellín,Colombia,Sudamericana,70,72,47,47,53,70,74,1800
Milutin Osmajić,Osmajić,ST++,Preston,Montenegro,EFL Championship,70,78,72,56,62,37,77,1800
Deabeas Owusu-Sekyere,Owusu-Sekyere,LM++,Zhejiang Pro,Netherlands,CSL,70,86,63,58,74,25,66,1800
Bailey Peacock-Farrell,Peacock-Farrell,GK++,Birmingham City,Northern Ireland,EFL League One,70,70,70,71,71,60,69,1950
Felipe Peña Biafore,Peña Biafore,CDM++,Lanús,Argentina,Sudamericana,70,69,58,66,64,70,71,1800
Rodrigo Cunha Pereira de Pinho,Rodrigo Pinho,ST++,Estrela Amadora,Brazil,Liga Portugal,70,60,75,60,68,25,61,1800
Ronald Pereira Martins,Ronald,RM++,Swansea City,Brazil,EFL Championship,70,87,62,58,71,33,53,1800
Bruno Filipe Pereira S. Almeida,Bruno Almeida,CAM++,Santa Clara,Portugal,Liga Portugal,70,78,70,66,70,25,44,1800
Léo Pétrot,Pétrot,LB++,AS Saint-Étienne,France,Ligue 1 Uber Eats,70,65,33,54,58,71,75,1800
Charles Pickel,Pickel,CDM++,Cremonese,Congo DR,Serie BKT,70,63,57,65,68,65,81,1800
Robert Piris Da Motta,Piris Da Motta,CDM++,Cerro Porteño,Paraguay,Libertadores,70,61,39,58,62,69,79,1800
Bruno Pittón,Pittón,LB++,Unión,Argentina,LPF,70,71,67,70,65,64,65,1950
Mauro Pittón,Pittón,CM++,Unión,Argentina,LPF,70,78,56,69,70,66,70,1950
Vicente Poggi,Poggi,CM++,Godoy Cruz,Uruguay,LPF,70,76,48,68,73,64,67,1800
Matt Polster,Polster,CDM++,New England,United States,MLS,70,46,46,66,64,65,79,1800
Finn Porath,Porath,RM++,Holstein Kiel,Germany,Bundesliga,70,79,62,67,73,62,67,1950
Adonis Preciado,Preciado,RM++,Barcelona SC,Ecuador,Libertadores,70,89,55,62,69,49,47,1800
Marc Pubill Pagès,Pubill,RB++,UD Almería,Spain,LALIGA HYPERMOTION,70,78,56,62,67,64,78,1950
Tymoteusz Puchacz,Puchacz,LB++,Holstein Kiel,Poland,Bundesliga,70,86,64,62,70,63,80,1950
Afimico Pululu,Pululu,ST++,Jagiellonia,Angola,PKO BP Ekstraklasa,70,92,68,57,71,26,68,1800
Julián Quiñónes,Quiñónes,CB++,Deportes Tolima,Colombia,Sudamericana,70,55,35,49,42,68,83,1800
Boris Radunović,Radunović,GK++,Bari,Serbia,Serie BKT,70,73,65,68,75,40,68,1800
Benito Ramírez del Toro,Benito,LB++,UD Las Palmas,Spain,LALIGA EA SPORTS,70,86,65,65,70,63,67,1950
Federico Ravaglia,Ravaglia,GK++,Bologna,Italy,Serie A TIM,70,72,67,67,75,37,69,1800
Lisandro López,López,ST++,Sarmiento,Argentina,LPF,70,52,72,70,72,53,60,1800
Jamal Lowe,Lowe,ST++,Sheffield Wed,Jamaica,EFL Championship,70,84,69,60,72,40,69,1800
Zinédine Machach,Machach,CAM++,Melb. Victory,France,A-League,70,72,66,67,74,42,79,1950
Jordy Makengo,Makengo,LB++,SC Freiburg,France,Bundesliga,70,82,30,58,64,67,72,1800
Cephas Malele,Malele,ST++,Shanghai Shenhua,Switzerland,CSL,70,84,67,48,68,33,83,1800
Darian Males,Males,CAM++,BSC Young Boys,Switzerland,CSSL,70,78,65,69,72,36,66,1800
Cris Martínez,Martínez,LW++,Huachipato,Paraguay,Libertadores,70,82,70,61,71,26,79,1800
Pedro Miguel Martins Santos,Pedro Santos,LB++,D.C. United,Portugal,MLS,70,69,68,70,73,67,64,1950
Marc Mateu Sanjuán,Marc Mateu,LB++,CD Eldense,Spain,LALIGA HYPERMOTION,70,65,69,74,70,65,68,1950
Ifeanyi Mathew,Mathew,CM++,FC Zürich,Nigeria,CSSL,70,79,66,66,71,66,76,1950
Chrislain Matsima,Matsima,CB++,AS Monaco,France,Ligue 1 Uber Eats,70,73,34,48,55,69,70,1800
Alfie May,May,ST++,Birmingham City,England,EFL League One,70,84,71,62,70,39,71,1800
Ali McCann,McCann,CM++,Preston,Northern Ireland,EFL Championship,70,66,59,65,69,70,74,1950
Ross McCrorie,McCrorie,RB++,Bristol City,Scotland,EFL Championship,70,78,53,61,68,67,83,1950
Jakov Medić,Medić,CB++,VfL Bochum,Croatia,Bundesliga,70,66,52,59,58,67,83,1800
Luis Mejía,Mejía,GK++,Nacional,Panama,Libertadores,70,69,72,68,72,52,65,1800
Dario Melnjak,Melnjak,LB++,Hajduk Split,Croatia,Liga Hrvatska,70,69,66,63,68,66,66,1800
Nathaniel Méndez-Laing,Méndez-Laing,ST++,Derby County,Guatemala,EFL Championship,70,87,68,68,72,49,69,1950
Martín Merquelanz,Merquelanz,LW++,SD Eibar,Spain,LALIGA HYPERMOTION,70,59,74,74,70,45,63,1800
Eric Meza,Meza,RB++,Estudiantes,Argentina,Libertadores,70,83,61,66,72,64,70,1950
Gerasimos Mitoglou,Mitoglou,CB++,AEK Athens,Greece,Hellas Liga,70,63,31,51,46,68,82,1800
Sadegh Moharrami,Moharrami,RB++,Dinamo Zagreb,Iran,Liga Hrvatska,70,83,30,57,67,64,58,1800
Thomas Monconduit,Monconduit,CDM++,AS Saint-Étienne,France,Ligue 1 Uber Eats,70,48,57,67,66,70,74,1800
Elliott Moore,Moore,CB++,Oxford United,England,EFL Championship,70,33,30,48,49,69,83,1800
Giotto Morandi,Morandi,CAM++,Grasshopper Club,Switzerland,CSSL,70,77,68,67,71,52,63,1800
Yerson Mosquera,Mosquera,CB++,Wolves,Colombia,Premier League,70,78,30,49,52,69,73,1800
Karlo Muhar,Muhar,CDM++,Al Orobah,Croatia,ROSHN Saudi League,70,66,48,55,59,69,88,1800
Abdul Mumin,Mumin,CB++,Rayo Vallecano,Ghana,LALIGA EA SPORTS,70,77,36,57,63,69,74,1800
Derry John Murkin,Murkin,LB++,FC Schalke 04,England,Bundesliga 2,70,87,42,64,66,61,76,1800
Rúben Nascimento Vinagre,Rúben Vinagre,LB++,Legia Warszawa,Portugal,PKO BP Ekstraklasa,70,82,55,69,76,64,58,1950
Maik Nawrocki,Nawrocki,CB++,Celtic,Poland,cinch Prem,70,75,51,57,62,70,69,1800
Sean Nealis,Nealis,CB++,Red Bulls,United States,MLS,70,67,32,39,49,69,84,1800
Daniel Svensson,Svensson,CM++,FC Nordsjælland,Sweden,3F Superliga,70,77,50,70,71,66,68,1950
Ross Sykes,Sykes,CB++,R. Union St.-G.,England,1A Pro League,70,37,47,54,54,69,79,1800
Moussa Sylla,Sylla,ST++,FC Schalke 04,Mali,Bundesliga 2,70,84,69,60,72,24,64,1800
Panagiotis Tachtsidis,Tachtsidis,CDM++,CFR 1907 Cluj,Greece,SUPERLIGA,70,46,61,69,63,66,80,1800
Adam Taggart,Taggart,ST++,Perth Glory,Australia,A-League,70,83,69,60,68,38,71,1800
Ștefan Târnovanu,Târnovanu,GK++,FCSB,Romania,SUPERLIGA,70,68,65,65,73,55,73,1800
Enzo Tchato,Tchato,RB++,Montpellier,Cameroon,Ligue 1 Uber Eats,70,82,45,59,65,66,61,1800
Brandon Thomas-Asante,Thomas-Asante,ST++,Coventry City,Ghana,EFL Championship,70,83,69,58,70,31,74,1800
Santiago Toloza,Toloza,CAM++,Independiente,Argentina,LPF,70,66,69,67,69,49,50,1800
Mirko Topić,Topić,CDM++,FC Famalicão,Serbia,Liga Portugal,70,65,48,61,61,71,74,1800
Marlon Torres,Torres,CB++,Deportes Tolima,Colombia,Sudamericana,70,74,43,50,49,68,80,1800
Ahmed Touba,Touba,CB++,Başakşehir,Algeria,Trendyol Süper Lig,70,72,53,61,62,68,80,1800
Enrique Triverio,Triverio,ST++,The Strongest,Argentina,Libertadores,70,45,74,55,69,30,74,1800
Gerard Valentín Sancho,Gerard Valentín,RM++,SD Huesca,Spain,LALIGA HYPERMOTION,70,89,53,59,75,61,72,1950
Kévin Van Den Kerkhof,Van Den Kerkhof,RM++,FC Metz,Algeria,Ligue 2 BKT,70,82,65,64,68,63,74,1950
Ignace Van der Brempt,Van der Brempt,RB++,RB Salzburg,Belgium,Ö. Bundesliga,70,76,55,64,70,64,74,1950
Vincent Vermeij,Vermeij,ST++,Düsseldorf,Netherlands,Bundesliga 2,70,50,69,57,60,34,75,1800
Alex Vigo,Vigo,RB++,Talleres,Argentina,Libertadores,70,85,57,63,73,62,72,1950
Oliver Villadsen,Villadsen,RB++,1. FC Nürnberg,Denmark,Bundesliga 2,70,86,48,63,71,62,66,1800
Aleksandar Vukotić,Vukotić,CB++,SV Darmstadt 98,Serbia,Bundesliga 2,70,46,42,49,41,68,82,1800
Güray Vural,Vural,LB++,Antalyaspor,Türkiye,Trendyol Süper Lig,70,74,68,71,71,64,64,1950
Andreas Weimann,Weimann,CAM++,Blackburn Rovers,Austria,EFL Championship,70,70,72,65,71,45,72,1800
Brice Wembangomo,Wembangomo,RB++,FK Bodø/Glimt,Norway,Eliteserien,70,91,52,61,72,61,74,1950
Joe Willis,Willis,GK++,Nashville SC,United States,MLS,70,71,70,65,70,47,71,1800
Willum Þór Willumsson,Willumsson,CAM++,Birmingham City,Iceland,EFL League One,70,56,68,71,70,53,80,1800
Du Jae Won,Won Du Jae,CDM++,Ulsan Hyundai,Korea Republic,K League 1,70,63,51,62,60,67,80,1800
Vitor Coelho Yuri Jonathan,Yuri,ST++,Jeju United,Brazil,K League 1,70,69,70,55,64,34,82,1800
Bryan Reyna,Reyna,LM++,Belgrano,Peru,Sudamericana,70,88,65,58,75,30,49,1800
Alan Rodríguez,Rodríguez,LB++,Rosario Central,Paraguay,Libertadores,70,83,52,69,68,62,59,1800
Antonio José Rodríguez Díaz,Puertas,RM++,SD Eibar,Spain,LALIGA HYPERMOTION,70,75,68,66,69,43,74,1800
Taras Romanczuk,Romanczuk,CDM++,Jagiellonia,Poland,PKO BP Ekstraklasa,70,58,62,63,62,69,83,1800
Marwane Saadane,Saadane,CB++,Al Fateh,Morocco,ROSHN Saudi League,70,55,51,60,61,68,84,1800
Mamadou Samassa,Samassa,GK++,Stade Lavallois,Mali,Ligue 2 BKT,70,68,69,67,69,49,69,1800
Agustín Sández,Sández,LB++,Rosario Central,Argentina,Libertadores,70,75,42,56,62,67,79,1800
Daniel Schmidt,Schmidt,GK++,KAA Gent,Japan,1A Pro League,70,70,69,69,72,17,66,1800
Rasmus Schüller,Schüller,CDM++,Djurgårdens IF,Finland,Allsvenskan,70,44,55,63,64,70,73,1800
Stefano Scognamillo,Scognamillo,CB++,Catanzaro,Italy,Serie BKT,70,78,45,58,59,69,78,1800
Kaly Sène,Sène,ST++,Lausanne-Sport,Senegal,CSSL,70,85,71,62,73,27,68,1800
Giuseppe Sibilli,Sibilli,CAM++,Bari,Italy,Serie BKT,70,79,69,64,73,34,68,1800
Jamil Siebert,Siebert,CB++,Düsseldorf,Germany,Bundesliga 2,70,74,33,50,52,68,80,1800
Lucas Soares de Almeida,Lucas Soares,RB++,Santa Clara,Brazil,Liga Portugal,70,82,37,57,69,65,60,1800
Jorne Spileers,Spileers,CB++,Club Brugge,Belgium,1A Pro League,70,73,31,58,57,70,71,1800
Filip Stanković,Stanković,GK++,Venezia,Serbia,Serie A TIM,70,69,68,66,75,50,68,1800
Marius Ștefănescu,Ștefănescu,RM++,FCSB,Romania,SUPERLIGA,70,90,64,63,70,58,70,1950
Dejan Stojanović,Stojanović,GK++,SCR Altach,North Macedonia,Ö. Bundesliga,70,71,65,64,73,37,70,1800
Florian Stritzel,Stritzel,GK++,Wehen Wiesbaden,Germany,3. Liga,70,72,68,54,70,34,74,1800
Stratos Svarnas,Svarnas,CB++,Raków,Greece,PKO BP Ekstraklasa,70,73,36,49,50,70,79,1800
Joe Abrigo,Abrigo,CAM++,Palestino,Chile,Libertadores,70,77,63,69,72,39,45,1800
Davide Adorni,Adorni,CB++,Brisigonza,Italy,Serie BKT,70,74,44,52,53,71,70,1800
Hyun Beom Ahn,Ahn Hyun Beom,RB++,Jeonbuk Hyundai,Korea Republic,K League 1,70,90,61,63,69,60,74,1950
Anouar Ait El Hadj,Ait El Hadj,CAM++,R. Union St.-G.,Belgium,1A Pro League,70,71,63,69,75,44,60,1800
Mukhtar Ali,Ali,CDM++,Al Nassr,Saudi Arabia,ROSHN Saudi League,70,65,54,66,69,61,67,1800
Denis Alibec,Alibec,ST++,Farul Constanța,Romania,SUPERLIGA,70,69,73,68,71,24,78,1800
Ezgjan Alioski,Alioski,LB++,Al Ahli,North Macedonia,ROSHN Saudi League,70,73,71,70,72,64,71,1950
Ignacio Aliseda,Aliseda,LM++,FC Lugano,Argentina,CSSL,70,86,65,63,74,39,58,1800
Víctor Álvarez Rozada,Viti Rozada,RM++,UD Las Palmas,Spain,LALIGA EA SPORTS,70,89,60,60,70,56,68,1950
Jair Amador Silos,Jair Amador,CB++,Real Zaragoza,Portugal,LALIGA HYPERMOTION,70,64,29,48,46,68,82,1800
Thierry Ambrose,Ambrose,ST++,KV Kortrijk,France,1A Pro League,70,81,70,60,72,29,62,1800
Aurèle Amenda,Amenda,CB++,Frankfurt,Switzerland,Bundesliga,70,72,27,51,47,67,82,1800
Joel Andersson,Andersson,RB++,FC Midtjylland,Sweden,3F Superliga,70,83,51,66,69,63,72,1950
Fabrizio Angileri,Angileri,LB++,Getafe CF,Argentina,LALIGA EA SPORTS,70,77,68,69,69,65,78,1950
Jorge Arias,Arias,CB++,Millonarios,Colombia,Libertadores,70,76,48,61,59,68,78,1800
José Manuel Arnáiz Díaz,José Arnáiz,LM++,CA Osasuna,Spain,LALIGA EA SPORTS,70,80,72,62,73,40,68,1800
Paul Arriola,Arriola,RM++,FC Dallas,United States,MLS,70,78,64,65,68,61,75,1950
Dixon Arroyo,Arroyo,CDM++,Barcelona SC,Ecuador,Libertadores,70,59,33,59,59,72,69,1800
Simon Asta,Asta,RM++,Fürth,Germany,Bundesliga 2,70,81,36,67,70,61,73,1800
Rui F. da Cunha Correia,Nené,CM++,Jagiellonia,Portugal,PKO BP Ekstraklasa,70,63,72,66,69,64,79,1950
Maximiliano Falcón,Falcón,CB++,Colo-Colo,Uruguay,Libertadores,70,75,40,34,41,67,87,1800
José Carlos Ferreira Júnior,Juninho,CB++,FC Midtjylland,Brazil,3F Superliga,70,74,48,53,63,67,79,1800
Lamine Fomba,Fomba,CDM++,AS Saint-Étienne,France,Ligue 1 Uber Eats,70,67,52,63,71,69,79,1950
Carlos Roberto Forbs Borges,Carlos Forbs,LW++,Ajax,Portugal,Eredivisie,70,90,67,62,70,36,54,1800
Marlon Fossey,Fossey,RM++,Standard Liège,United States,1A Pro League,70,85,47,64,70,65,71,1950
Michael Frey,Frey,ST++,QPR,Switzerland,EFL Championship,70,57,71,62,61,41,86,1800
Jay Fulton,Fulton,CDM++,Swansea City,Scotland,EFL Championship,70,60,56,64,67,70,74,1800
Lucas Gamba,Gamba,ST++,Unión,Argentina,LPF,70,76,69,69,74,28,64,1800
Damián García,García,CDM++,Peñarol,Uruguay,Libertadores,70,60,61,65,63,71,68,1800
Leonardo Gil,Gil,CM++,Colo-Colo,Argentina,Libertadores,70,59,67,73,70,63,71,1950
Gastón Giménez,Giménez,CDM++,Chicago Fire FC,Paraguay,MLS,70,61,59,67,70,65,80,1950
Josh Ginnelly,Ginnelly,ST++,Swansea City,England,EFL Championship,70,91,69,61,74,46,63,1950
Klaus Gjasula,Gjasula,CB++,SV Darmstadt 98,Albania,Bundesliga 2,70,34,51,55,53,69,82,1800
José Carlos Gonçalves Rodrigues,Zeca,CDM++,Panathinaikos,Greece,Hellas Liga,70,65,58,68,65,71,60,1800
Dominik Greif,Greif,GK++,RCD Mallorca,Slovakia,LALIGA EA SPORTS,70,69,70,74,68,18,69,1800
Anto Grgić,Grgić,CDM++,FC Lugano,Switzerland,CSSL,70,61,68,75,67,64,74,1950
Makhtar Gueye,Gueye,ST++,Blackburn Rovers,Senegal,EFL Championship,70,63,69,55,60,32,85,1800
Fredrik Gulbrandsen,Gulbrandsen,ST++,Molde FK,Norway,Eliteserien,70,84,69,60,72,40,77,1950
Semih Güler,Güler,CB++,Adana Demirspor,Türkiye,Trendyol Süper Lig,70,72,37,48,56,70,78,1800
Simon Gustafson,Gustafson,CDM++,BK Häcken,Sweden,Allsvenskan,70,60,71,73,71,63,76,1950
Kevin Gutiérrez,Gutiérrez,CDM++,Defensa,Argentina,Sudamericana,70,77,60,67,72,63,71,1950
Christian Gytkjær,Gytkjær,ST++,Venezia,Denmark,Serie A TIM,70,50,73,57,68,33,66,1800
Geoffry Hairemans,Hairemans,RW++,KV Mechelen,Belgium,1A Pro League,70,41,73,79,72,47,67,1800
Ryan Hardie,Hardie,ST++,Plymouth Argyle,Scotland,EFL Championship,70,85,68,48,69,25,63,1800
Daiki Hashioka,Hashioka,RB++,Luton Town,Japan,EFL Championship,70,70,59,65,68,65,76,1950
Haissem Hassan,Hassan,RM++,R. Oviedo,France,LALIGA HYPERMOTION,70,88,61,58,79,26,57,1800
Simon Hedlund,Hedlund,RW++,IF Elfsborg,Sweden,Allsvenskan,70,88,60,65,70,29,69,1800
Diego Herazo,Herazo,ST++,Nacional,Colombia,Libertadores,70,72,74,58,68,27,67,1800
Duane Holmes,Holmes,CAM++,Preston,United States,EFL Championship,70,76,65,66,73,61,63,1950
George Ilenikhena,Ilenikhena,ST++,AS Monaco,France,Ligue 1 Uber Eats,70,81,71,56,69,26,61,1800
Jae Hee Jeong,Jeong Jae Hee,RM++,Pohang Steelers,Korea Republic,K League 1,70,89,69,59,72,46,68,1950
Reinier Jesus Carvalho,Reinier,CAM++,Real Madrid,Brazil,LALIGA EA SPORTS,70,67,68,66,76,42,63,1800
Stanko Jurić,Jurić,CDM++,R. Valladolid CF,Croatia,LALIGA EA SPORTS,70,64,66,59,66,68,82,1950
Brian Kaltak,Kaltak,CB++,Central Coast,Vanuatu,A-League,70,84,54,55,55,64,87,1800
Bingourou Kamara,Kamara,GK++,Pau FC,Senegal,Ligue 2 BKT,70,72,69,63,70,39,70,1800
Evans Kangwa,Kangwa,LM++,Qingdao Hainiu,Zambia,CSL,70,91,67,57,73,38,63,1800
Jesper Karlström,Karlström,CDM++,Udinese,Sweden,Serie A TIM,70,67,54,63,66,69,83,1950
Stephen Kingsley,Kingsley,CB++,Hearts,Scotland,cinch Prem,70,56,58,70,71,70,73,1800
Ermal Krasniqi,Krasniqi,LW++,Sparta Praha,Kosovo,Česká Liga,70,81,68,61,71,25,61,1800
Thomas Thiesson Kristensen,Kristensen,CB++,Udinese,Denmark,Serie A TIM,70,65,26,50,59,70,74,1800
Alfredo Kulembe Ribeiro,Fredy,CM++,Bodrum FK,Angola,Trendyol Süper Lig,70,81,67,67,74,63,59,1950
Jasmin Kurtić,Kurtić,CDM++,Südtirol,Slovenia,Serie BKT,70,45,73,72,68,68,70,1800
Dereck Kutesa,Kutesa,LM++,Servette FC,Switzerland,CSSL,70,89,63,64,72,40,65,1800
Ethan Laird,Laird,RB++,Birmingham City,England,EFL League One,70,84,54,64,69,63,71,1950
Gaizka Larrazabal,Larrazabal,RM++,Casa Pia AC,Spain,Liga Portugal,70,80,63,65,70,62,74,1950
Joel Latibeaudiere,Latibeaudiere,CB++,Coventry City,Jamaica,EFL Championship,70,66,38,58,63,70,74,1800
Josh Laurent,Laurent,CDM++,Stoke City,England,EFL Championship,70,77,60,61,68,69,85,1950
Antoine Leautey,Leautey,RM++,Amiens SC,France,Ligue 2 BKT,70,90,64,63,71,45,54,1800
Soon Min Lee,Lee Soon Min,CM++,Daejeon Citizen,Korea Republic,K League 1,70,68,61,65,69,67,79,1950
Álvaro Lemos Collazo,Álvaro Lemos,RB++,R. Oviedo,Spain,LALIGA HYPERMOTION,70,82,64,64,70,63,80,1950
Gastón Lezcano,Lezcano,ST++,Cobresal,Argentina,Libertadores,70,69,71,64,74,24,63,1800
Lucas Lima Linhares,Luquinhas,CAM++,Legia Warszawa,Brazil,PKO BP Ekstraklasa,70,79,64,67,75,35,58,1800
Andreas Linde,Linde,GK++,BK Häcken,Sweden,Allsvenskan,70,71,64,66,74,48,72,1800
Marcos Lliuya,Lliuya,CAM++,Sport Huancayo,Peru,Sudamericana,70,78,70,66,72,45,62,1800
Aaron Long,Long,CB++,LAFC,United States,MLS,70,78,39,54,60,68,80,1800
Lewis Baker,Baker,CM++,Blackburn Rovers,England,EFL Championship,70,65,71,73,70,64,71,1950
Josh Laurent,Laurent,CDM++,Burnley,England,EFL Championship,70,77,60,61,68,69,85,1950
Ahmed Touba,Touba,CB++,KV Mechelen,Algeria,1A Pro League,70,72,53,61,62,68,80,1800
Ignace Van der Brempt,Van der Brempt,RB++,Como,Belgium,Serie A TIM,70,76,55,64,70,64,74,1950
Reinier Jesus Carvalho,Reinier,CAM++,Granada CF,Brazil,LALIGA HYPERMOTION,70,67,68,66,76,42,63,1800
Chrislain Matsima,Matsima,CB++,FC Augsburg,France,Bundesliga,70,73,34,48,55,69,70,1800
Martim Carvalho Neto,Martim Neto,CM++,Rio Ave FC,Portugal,Liga Portugal,70,76,65,67,74,56,63,1950
Carlos Roberto Forbs Borges,Carlos Forbs,LW++,Wolves,Portugal,Premier League,70,90,67,62,70,36,54,1800
Tymoteusz Puchacz,Puchacz,LB++,Plymouth Argyle,Poland,EFL Championship,70,86,64,62,70,63,80,1950
Jae Hee Jeong,Jeong Jae Hee,RM++,Daejeon Citizen,Korea Republic,K League 1,70,89,69,59,72,46,68,1950
Michael Baidoo,Baidoo,CAM++,Plymouth Argyle,Ghana,EFL Championship,70,81,64,63,71,52,63,1800
Klaus Gjasula,Gjasula,CB++,Rot-Weiss Essen,Albania,3. Liga,70,34,51,55,53,69,82,1800
Alex Vigo,Vigo,RB++,Sarmiento,Argentina,LPF,70,85,57,63,73,62,72,1950
Yassine Benrahou,Benrahou,CAM++,SM Caen,Morocco,Ligue 2 BKT,70,70,65,71,75,41,54,1800
Giuseppe Sibilli,Sibilli,CAM++,Sampdoria,Italy,Serie BKT,70,79,69,64,73,34,68,1800
Daniel Svensson,Svensson,CM++,Borussia Dortmund,Sweden,Bundesliga,70,77,50,70,71,66,68,1950
Santiago Toloza,Toloza,CAM++,Platense,Argentina,LPF,70,66,69,67,69,49,50,1800
Milan Ðuric,Ðuric,ST++,Parma,Bosnia and Herzegovina,Serie A TIM,70,32,71,55,61,32,81,1800
Paul Arriola,Arriola,RM++,Sounders FC,United States,MLS,70,78,64,65,68,61,75,1950
Leonardo Gil,Gil,CM++,Huracán,Argentina,LPF,70,59,67,73,70,63,71,1950
Matt Crooks,Crooks,CAM++,Hull City,England,EFL Championship,70,65,67,64,68,68,82,1950
Chidozie Awaziem,Awaziem,CB++,Colorado Rapids,Nigeria,MLS,70,72,39,48,60,69,76,1800
Leonardo Gil,Gil,CM++,Huracán,Chile,LPF,70,59,67,73,70,63,71,1950
George Ilenikhena,Ilenikhena,ST++,AS Monaco,Nigeria,Ligue 1 Uber Eats,70,81,71,56,69,26,61,1800
Giorgi Gocholeishvili,Gocholeishvili,RB++,F.C. København,Georgia,3F Superliga,69,83,40,62,66,61,60,-1
Harry Clarke,Clarke,RB++,Ipswich,England,Premier League,69,79,57,60,65,65,79,-1
Tommy Conway,Conway,ST++,Middlesbrough,Scotland,EFL Championship,69,81,68,53,68,20,57,-1
Theo Corbeanu,Corbeanu,RM++,Granada CF,Canada,LALIGA HYPERMOTION,69,78,58,67,71,47,63,-1
Mateo Coronel,Coronel,ST++,Atlético Tucumán,Argentina,LPF,69,83,69,67,68,36,59,-1
Killian Corredor,Corredor,ST++,SV Darmstadt 98,France,Bundesliga 2,69,89,69,59,67,27,69,-1
Maurice Cova,Cova,CM++,Dep. Táchira,Venezuela,Libertadores,69,70,67,73,69,44,66,-1
Kevin Csoboth,Csoboth,LW++,FC St. Gallen,Hungary,CSSL,69,89,63,62,69,27,48,-1
Mauricio Cuero,Cuero,RM++,Dep. Garcilaso,Colombia,Sudamericana,69,83,67,64,70,28,63,-1
André Filipe Cunha Vidigal,André Vidigal,LM++,Stoke City,Portugal,EFL Championship,69,85,64,60,73,28,60,-1
Jhamir D'Arrigo,D'Arrigo,RW++,Alianza Lima,Peru,Libertadores,69,86,62,61,71,48,60,-1
Francisco Da Costa Aragão,Chico,ST++,Cerro Porteño,Brazil,Libertadores,69,56,71,49,65,30,71,-1
Willyan da Silva Barbosa,Willyan,LM++,FC Seoul,Brazil,K League 1,69,86,64,60,72,42,49,-1
Jefté Vital da Silva Dias,Jefté,LB++,Rangers,Brazil,cinch Prem,69,82,52,62,66,62,69,-1
Samuel Dahl,Dahl,LB++,AS Roma,Sweden,Serie A TIM,69,83,38,59,69,62,65,-1
Jay Dasilva,Dasilva,LB++,Coventry City,Wales,EFL Championship,69,83,42,64,72,63,61,-1
Matheus de Barros da Silva,Matheus Silva,RB++,Qarabağ FK,Brazil,Liga Azerbaijan,69,82,49,58,69,64,68,-1
Arthur Augusto de Matos Soares,Arthur,RB++,Leverkusen,Brazil,Bundesliga,69,74,40,62,68,63,57,-1
Tom Dele-Bashiru,Dele-Bashiru,CM++,Watford,Nigeria,EFL Championship,69,77,65,65,73,62,64,-1
Siriki Dembélé,Dembélé,LM++,Birmingham City,Scotland,EFL League One,69,88,65,59,73,28,54,-1
Salim Diakité,Diakité,RB++,Palermo,Mali,Serie BKT,69,79,62,62,62,67,76,-1
Mitchell Dijks,Dijks,LB++,Fortuna Sittard,Netherlands,Eredivisie,69,65,40,63,62,67,82,-1
Pius Dorn,Dorn,CM++,FC Luzern,Germany,CSSL,69,81,66,67,68,65,64,-1
Vetle Dragsnes,Dragsnes,LM++,Sp. Charleroi,Norway,1A Pro League,69,81,54,64,65,63,75,-1
Lyndon Dykes,Dykes,ST++,QPR,Scotland,EFL Championship,69,66,68,52,65,29,82,-1
Festy Ebosele,Ebosele,RB++,Udinese,Republic of Ireland,Serie A TIM,69,90,45,58,73,62,74,-1
Oliver Valaker Edvardsen,Edvardsen,LM++,Go Ahead Eagles,Norway,Eredivisie,69,87,64,58,72,52,75,-1
Erik Engelhardt,Engelhardt,ST++,VfL Osnabrück,Germany,3. Liga,69,69,67,54,65,39,84,-1
Seung Wook Park,Park Seung Wook,RB++,Gimcheon Sangmu,Korea Republic,K League 1,69,79,42,61,62,64,79,-1
Alexandru Pașcanu,Pașcanu,RB++,FC Rapid 1923,Romania,SUPERLIGA,69,71,39,51,58,68,81,-1
Nathan Raphael Pelae Cardoso,Nathan,CB++,Sounders FC,Brazil,MLS,69,72,44,52,58,67,74,-1
Claudiu Petrila,Petrila,LW++,FC Rapid 1923,Romania,SUPERLIGA,69,91,62,65,68,34,56,-1
Rayan Philippe,Philippe,ST++,Braunschweig,France,Bundesliga 2,69,84,67,55,70,22,65,-1
Fabrice-Jean Picault,Fafà Picault,LM++,Whitecaps FC,Haiti,MLS,69,87,65,62,71,40,49,-1
Kwame Poku,Poku,RM++,Peterborough,Ghana,EFL League One,69,85,63,63,72,44,50,-1
Brad Potts,Potts,RB++,Preston,England,EFL Championship,69,70,68,67,67,63,78,-1
Smail Prevljak,Prevljak,ST++,Hertha Berlin,Bosnia and Herzegovina,Bundesliga 2,69,56,73,60,67,24,70,-1
Dominik Prokop,Prokop,LM++,TSV Hartberg,Austria,Ö. Bundesliga,69,89,61,64,72,40,61,-1
Jhonny Quiñónez,Quiñónez,CDM++,Independiente,Ecuador,LPF,69,81,61,65,70,63,74,-1
Risto Radunović,Radunović,LB++,FCSB,Montenegro,SUPERLIGA,69,74,58,64,64,65,80,-1
Reinhold Ranftl,Ranftl,RM++,FK Austria Wien,Austria,Ö. Bundesliga,69,75,56,66,67,64,75,-1
Oliver Rathbone,Rathbone,CM++,Wrexham AFC,England,EFL League One,69,82,60,64,71,65,76,-1
Serge-Philippe Raux-Yao,Raux-Yao,CB++,SK Rapid Wien,France,Ö. Bundesliga,69,44,34,44,49,69,79,-1
José Antonio Ríos Reina,Ríos Reina,LB++,FC Cartagena,Spain,LALIGA HYPERMOTION,69,78,60,68,67,62,80,-1
Guzmán Rodríguez,Rodríguez,CB++,Peñarol,Uruguay,Libertadores,69,74,30,38,56,71,74,-1
Farley Vieira Rosa,Farley,RM++,Nantong Zhiyun FC,Brazil,CSL,69,88,63,65,70,22,57,-1
Jean Ruiz,Ruiz,CB++,Pau FC,France,Ligue 2 BKT,69,80,42,61,58,69,75,-1
Ibrahim Sadiq,Sadiq,RW++,AZ,Ghana,Eredivisie,69,87,64,54,73,33,71,-1
Samuel Şahin-Radlinger,Şahin-Radlinger,GK++,FK Austria Wien,Austria,Ö. Bundesliga,69,67,71,65,68,51,70,-1
Henri Saivet,Saivet,CM++,Clermont Foot 63,Senegal,Ligue 2 BKT,69,65,68,70,70,65,65,-1
Stephen Eze,Eze,CB++,Jamshedpur FC,Nigeria,Hero ISL,69,71,29,41,44,68,85,-1
Ralf Fährmann,Fährmann,GK++,FC Schalke 04,Germany,Bundesliga 2,69,70,65,48,72,42,70,-1
Cristian Ferreira,Ferreira,CM++,River Plate,Argentina,Libertadores,69,75,70,74,73,57,61,-1
Nicolás Ferreyra,Ferreyra,CB++,Unión La Calera,Argentina,Sudamericana,69,36,43,40,52,68,81,-1
Luca Fiordilino,Fiordilino,CDM++,Venezia,Italy,Serie A TIM,69,78,57,67,70,63,69,-1
Sherel Floranus,Floranus,RB++,Almere City FC,Curaçao,Eredivisie,69,87,46,58,68,64,75,-1
Amankwah Forson,Forson,RM++,Norwich,Ghana,EFL Championship,69,86,55,65,73,54,50,-1
Matheus França de Oliveira,Matheus França,CAM++,Crystal Palace,Brazil,Premier League,69,77,70,61,75,36,65,-1
Francisco Fumaça Mascarenhas,Mascarenhas,ST++,R. Oviedo,Portugal,LALIGA HYPERMOTION,69,74,73,58,64,35,60,-1
Ruben Gabrielsen,Gabrielsen,CB++,Lillestrøm SK,Norway,Eliteserien,69,62,48,48,53,68,84,-1
Antonio Galeano,Galeano,RW++,Nacional,Paraguay,Libertadores,69,87,59,59,71,59,59,-1
Joe Gelhardt,Gelhardt,CAM++,Leeds United,England,EFL Championship,69,74,68,60,75,29,69,-1
Silas Gnaka,Gnaka,CDM++,1. FC Magdeburg,Côte d'Ivoire,Bundesliga 2,69,65,44,62,69,70,66,-1
Alfred Gomis,Gomis,GK++,Palermo,Senegal,Serie BKT,69,69,67,68,69,42,68,-1
Franco González,González,CAM++,Yverdon Sport FC,Uruguay,CSSL,69,80,64,66,73,36,57,-1
Lynden Gooch,Gooch,RB++,Stoke City,United States,EFL Championship,69,81,61,62,68,63,76,-1
Kenzo Goudmijn,Goudmijn,CM++,Derby County,Netherlands,EFL Championship,69,77,59,68,74,58,55,-1
Samuel Grandsir,Grandsir,LM++,Havre AC,France,Ligue 1 Uber Eats,69,87,61,64,72,46,65,-1
Lukas Grgić,Grgić,CDM++,SK Rapid Wien,Austria,Ö. Bundesliga,69,67,44,60,62,66,82,-1
Fausto Grillo,Grillo,CB++,U. Católica,Argentina,Sudamericana,69,76,38,54,65,70,72,-1
Patrik Gunnarsson,Gunnarsson,GK++,KV Kortrijk,Iceland,1A Pro League,69,68,72,73,70,42,68,-1
Junior Sambia,Sambia,RB++,Salernitana,France,Serie BKT,69,66,66,69,69,67,65,-1
Rubén Sánchez Sáez,Rubén Sánchez,RB++,Granada CF,Spain,LALIGA HYPERMOTION,69,82,61,63,66,62,69,-1
Roque Santa Cruz,Santa Cruz,ST++,Libertad,Paraguay,Libertadores,69,31,74,59,62,36,64,-1
Danilo Santacruz,Santacruz,CAM++,Guaraní,Paraguay,Sudamericana,69,78,68,61,71,30,52,-1
Vinko Šapina,Šapina,CDM++,Dynamo Dresden,Germany,3. Liga,69,51,49,61,62,64,81,-1
Kingsley Sarfo,Sarfo,CAM++,Apoel FC,Ghana,Liga Cyprus,69,75,58,63,78,47,52,-1
Luca Schnellbacher,Schnellbacher,ST++,SV Elversberg,Germany,Bundesliga 2,69,77,68,52,67,41,72,-1
Vladimir Screciu,Screciu,CB++,Univ. Craiova,Romania,SUPERLIGA,69,73,39,56,59,69,76,-1
Jamie Shackleton,Shackleton,RB++,Sheffield Utd,England,EFL Championship,69,78,48,65,72,64,68,-1
Mohamed Sherif,Sherif,ST++,Al Khaleej,Egypt,ROSHN Saudi League,69,82,67,58,70,40,69,-1
Viv Solomon-Otabor,Solomon-Otabor,LM++,Cangzhou FC,Nigeria,CSL,69,89,61,60,71,34,62,-1
Deian Sorescu,Sorescu,RM++,Gaziantep,Romania,Trendyol Süper Lig,69,86,67,63,68,60,72,-1
Leandro Sosa,Sosa,CDM++,Danubio,Uruguay,Sudamericana,69,59,66,71,64,70,62,-1
Kamal Sowah,Sowah,ST++,Club Brugge,Ghana,1A Pro League,69,84,68,65,74,47,66,-1
Matías Suárez,Suárez,ST++,Belgrano,Argentina,Sudamericana,69,60,70,69,75,46,57,-1
Michael Svoboda,Svoboda,CB++,Venezia,Austria,Serie A TIM,69,59,44,52,56,67,81,-1
Matthäus Taferner,Taferner,CM++,WSG Tirol,Austria,Ö. Bundesliga,69,76,61,66,73,60,58,-1
Jefferson Tavares Da Silva,Jefferson Tavares,ST++,Wilstermann,Brazil,Sudamericana,69,65,73,37,65,19,67,-1
Rasmus Thelander,Thelander,CB++,AaB,Denmark,3F Superliga,69,39,30,45,43,67,81,-1
Nicolò Tresoldi,Tresoldi,ST++,Hannover 96,Germany,Bundesliga 2,69,84,65,50,67,22,68,-1
Alfonso Trezza,Trezza,RM++,Arouca,Uruguay,Liga Portugal,69,91,59,59,69,50,66,-1
Veton Berisha,Berisha,ST++,Molde FK,Norway,Eliteserien,69,81,68,62,68,37,81,-1
Maxime Bernauer,Bernauer,CB++,Dinamo Zagreb,France,Liga Hrvatska,69,67,53,73,69,68,70,-1
Colby Bishop,Bishop,ST++,Portsmouth,England,EFL Championship,69,63,68,56,65,34,83,-1
Augustine Boakye,Boakye,RM++,AS Saint-Étienne,Ghana,Ligue 1 Uber Eats,69,86,61,59,72,26,54,-1
Martin Boakye,Boakye,ST++,Qingdao Hainiu,Italy,CSL,69,82,65,58,68,46,79,-1
Matchoi Bobó Djaló,Matchoi Djaló,RW++,Başakşehir,Portugal,Trendyol Süper Lig,69,86,56,64,74,38,57,-1
Jordan Bos,Bos,LB++,KVC Westerlo,Australia,1A Pro League,69,87,58,60,69,61,79,-1
Frank Boya,Boya,CDM++,Amiens SC,Cameroon,Ligue 2 BKT,69,45,58,61,60,66,87,-1
Sebastián Britos,Britos,GK++,Universitario,Uruguay,Libertadores,69,63,70,63,68,24,77,-1
Nathaniel Brown,Brown,LB++,Frankfurt,Germany,Bundesliga,69,86,47,59,70,60,50,-1
Ola Brynhildsen,Brynhildsen,ST++,FC Midtjylland,Norway,3F Superliga,69,83,68,63,71,50,67,-1
Julio Buffarini,Buffarini,RB++,Independiente,Argentina,LPF,69,69,58,64,68,64,78,-1
Marko Bulat,Bulat,CM++,Standard Liège,Croatia,1A Pro League,69,81,68,75,69,59,64,-1
Horacio Calcaterra,Calcaterra,CM++,Universitario,Peru,Libertadores,69,66,66,73,69,59,62,-1
Graham Carey,Carey,CM++,St. Johnstone,Republic of Ireland,cinch Prem,69,76,69,72,71,60,74,-1
Gonzalo Castellani,Castellani,CM++,Colo-Colo,Argentina,Libertadores,69,60,64,74,70,55,75,-1
Assan Ceesay,Ceesay,ST++,Damac FC,Gambia,ROSHN Saudi League,69,84,70,57,64,33,69,-1
Pablo Ceppelini,Ceppelini,CAM++,Atl. Nacional,Uruguay,Liga Colombia,69,66,67,75,68,46,60,-1
Juan Camilo Chaverra,Chaverra,GK++,Deportes Tolima,Colombia,Sudamericana,69,72,65,61,76,32,66,-1
Roy Krishna,Krishna,ST++,Odisha FC,Fiji,Hero ISL,69,87,67,63,70,46,80,-1
Anton Krivotsyuk,Krivotsyuk,CB++,Daejeon Citizen,Azerbaijan,K League 1,69,83,40,52,62,66,78,-1
Patryk Kun,Kun,LM++,Legia Warszawa,Poland,PKO BP Ekstraklasa,69,91,48,64,71,59,56,-1
Roman Květ,Květ,CM++,FCV Dender EH,Czechia,1A Pro League,69,72,72,70,70,58,73,-1
Mathias Kvistgaarden,Kvistgaarden,ST++,Brøndby IF,Denmark,3F Superliga,69,81,66,57,70,41,70,-1
Ali Lajami,Lajami,CB++,Al Nassr,Saudi Arabia,ROSHN Saudi League,69,76,48,58,60,67,76,-1
Luke Leahy,Leahy,LB++,Wycombe,England,EFL League One,69,70,66,69,68,63,75,-1
Nahuel Leiva,Leiva,LM++,Śląsk Wrocław,Spain,PKO BP Ekstraklasa,69,86,65,66,69,49,60,-1
Karlo Letica,Letica,GK++,Lausanne-Sport,Croatia,CSSL,69,69,65,65,70,32,70,-1
Gift Links,Links,LB++,AGF,South Africa,3F Superliga,69,85,57,66,71,60,66,-1
Luka Lochoshvili,Lochoshvili,CB++,Cremonese,Georgia,Serie BKT,69,39,28,40,46,68,83,-1
Luis Lopes,Duk,ST++,Aberdeen,Cape Verde Islands,cinch Prem,69,84,67,61,71,45,66,-1
Joseph Lopy,Lopy,CDM++,Angers SCO,Senegal,Ligue 1 Uber Eats,69,70,63,62,66,65,79,-1
Joël Mall,Mall,GK++,Servette FC,Cyprus,CSSL,69,70,65,62,71,44,67,-1
Marcus Mathisen,Mathisen,CB++,1. FC Magdeburg,Denmark,Bundesliga 2,69,65,50,58,62,67,81,-1
Walter Mazzantti,Mazzantti,RM++,Huracán,Argentina,LPF,69,91,65,57,71,21,63,-1
Yakou Méïté,Méïté,ST++,Cardiff City,Côte d'Ivoire,EFL Championship,69,78,69,56,63,47,82,-1
Queensy Menig,Menig,LW++,Sivasspor,Netherlands,Trendyol Süper Lig,69,90,62,58,73,32,53,-1
Connor Metcalfe,Metcalfe,CM++,FC St. Pauli,Australia,Bundesliga,69,76,60,66,70,62,76,-1
Damian Michalski,Michalski,CB++,Fürth,Poland,Bundesliga 2,69,61,56,55,59,68,81,-1
Sota Mino,Mino,CDM++,Sepsi OSK,Japan,SUPERLIGA,69,65,51,59,60,65,80,-1
Anuar Mohamed Tuhami,Anuar,CM++,R. Valladolid CF,Morocco,LALIGA EA SPORTS,69,78,63,64,70,65,68,-1
César Munder,Munder,LW++,Cobresal,Chile,Libertadores,69,87,62,61,73,31,61,-1
Louis Munteanu,Munteanu,ST++,CFR 1907 Cluj,Romania,SUPERLIGA,69,82,68,62,70,30,68,-1
Tae Hee Nam,Nam Tae Hee,RM++,Jeju United,Korea Republic,K League 1,69,74,63,66,68,47,62,-1
Siyabonga Ngezana,Ngezana,CB++,FCSB,South Africa,SUPERLIGA,69,73,25,43,55,70,76,-1
Hugo Novoa Ramos,Hugo Novoa,RM++,D. Alavés,Spain,LALIGA EA SPORTS,69,87,68,55,73,50,53,-1
Bartosz Nowak,Nowak,CAM++,GKS Katowice,Poland,PKO BP Ekstraklasa,69,60,69,69,70,43,69,-1
Tim Oermann,Oermann,CB++,VfL Bochum,Germany,Bundesliga,69,76,34,55,60,70,68,-1
Agustín Ojeda,Ojeda,RW++,New York City FC,Argentina,MLS,69,88,56,63,74,41,48,-1
Teddy Okou,Okou,ST++,Lausanne-Sport,France,CSSL,69,90,68,63,75,31,63,-1
Javier Ontiveros Parra,Ontiveros,LM++,Cádiz CF,Spain,LALIGA HYPERMOTION,69,59,69,73,69,35,52,-1
Erick Otieno,Otieno,LB++,Raków,Kenya,PKO BP Ekstraklasa,69,91,48,63,69,60,75,-1
Assan Ouédraogo,Ouédraogo,CAM++,RB Leipzig,Germany,Bundesliga,69,77,56,60,76,45,69,-1
Marlon Pack,Pack,CDM++,Portsmouth,England,EFL Championship,69,43,62,69,66,65,75,-1
Simone Pafundi,Pafundi,CAM++,Lausanne-Sport,Italy,CSSL,69,77,65,67,76,46,53,-1
Wan Gyu Gwon,Gwon Wan Gyu,CB++,FC Seoul,Korea Republic,K League 1,69,74,32,53,58,68,77,-1
Nicolas Haas,Haas,CM++,Empoli,Switzerland,Serie A TIM,69,76,61,68,71,63,67,-1
Juan Manuel Herzog González,Herzog,CB++,UD Las Palmas,Spain,LALIGA EA SPORTS,69,75,30,55,56,66,73,-1
Marcel Hoffmeier,Hoffmeier,CB++,SC Paderborn 07,Germany,Bundesliga 2,69,75,44,61,65,69,74,-1
Gerrit Holtmann,Holtmann,LM++,VfL Bochum,Philippines,Bundesliga,69,86,64,63,68,56,60,-1
Jae Won Hwang,Hwang Jae Won,CB++,Daegu FC,Korea Republic,K League 1,69,77,46,64,70,69,76,-1
Kastriot Imeri,Imeri,CM++,BSC Young Boys,Switzerland,CSSL,69,76,72,69,74,57,66,-1
Bonke Innocent,Innocent,CDM++,FC Lorient,Nigeria,Ligue 2 BKT,69,71,43,56,67,66,80,-1
Robert Ivanov,Ivanov,CB++,Braunschweig,Finland,Bundesliga 2,69,62,32,56,53,70,77,-1
Emmanuel Iyoha,Iyoha,LB++,Düsseldorf,Germany,Bundesliga 2,69,70,63,61,71,64,74,-1
Jairo Izquierdo González,Jairo,RW++,FC Cartagena,Spain,LALIGA HYPERMOTION,69,87,65,65,70,63,62,-1
Saidy Janko,Janko,RB++,BSC Young Boys,Gambia,CSSL,69,87,52,59,66,64,75,-1
Min Gwang Jeon,Jeon Min Gwang,CB++,Pohang Steelers,Korea Republic,K League 1,69,74,51,57,56,69,78,-1
Marko Jevtović,Jevtović,CDM++,Konyaspor,Serbia,Trendyol Süper Lig,69,44,62,61,59,70,77,-1
Shenglong Jiang,Jiang Shenglong,CB++,Shanghai Shenhua,China PR,CSL,69,73,50,54,57,66,80,-1
Ercan Kara,Kara,ST++,Samsunspor,Austria,Trendyol Süper Lig,69,73,70,51,62,27,85,-1
Josh Key,Key,RB++,Swansea City,England,EFL Championship,69,84,50,61,67,61,71,-1
Hamidou Keyta,Keyta,LW++,Qarabağ FK,France,Liga Azerbaijan,69,86,68,59,71,38,63,-1
Koba Leïn Koindredi,Koindredi,CM++,Sporting CP,France,Liga Portugal,69,65,70,71,74,58,69,-1
Paxten Aaronson,Aaronson,CAM++,FC Utrecht,United States,Eredivisie,69,74,61,64,72,45,48,-1
Álvaro Aceves Catalina,Aceves,GK++,R. Valladolid CF,Spain,LALIGA EA SPORTS,69,70,68,69,72,24,69,-1
Ebou Adams,Adams,CDM++,Derby County,Gambia,EFL Championship,69,71,58,60,64,67,80,-1
Sam Adekugbe,Adekugbe,LB++,Whitecaps FC,Canada,MLS,69,86,50,60,70,61,76,-1
Babajide David Akintola,Akintola,RM++,Çaykur Rizespor,Nigeria,Trendyol Süper Lig,69,90,62,58,70,40,66,-1
Abdulelah Al Amri,Al Amri,CB++,Al Nassr,Saudi Arabia,ROSHN Saudi League,69,69,29,49,47,67,81,-1
Mohammed Al Owais,Al Owais,GK++,Al Hilal,Saudi Arabia,ROSHN Saudi League,69,77,62,60,71,51,64,-1
Ricardo Almeida Santos,Ricardo Santos,CB++,Bolton,Portugal,EFL League One,69,67,39,47,49,67,86,-1
Skelly Alvero,Alvero,CDM++,SV Werder Bremen,France,Bundesliga,69,58,52,63,67,64,80,-1
Stelios Andreou,Andreou,CB++,Sp. Charleroi,Cyprus,1A Pro League,69,71,30,55,56,68,76,-1
Álvaro Angulo,Angulo,LB++,Atl. Nacional,Colombia,Liga Colombia,69,92,36,58,66,58,63,-1
Iván Angulo,Angulo,LM++,Orlando City,Colombia,MLS,69,86,60,61,71,40,53,-1
Oliver Antman,Antman,RW++,Go Ahead Eagles,Finland,Eredivisie,69,77,65,64,72,37,59,-1
Bright Akwo Arrey-Mbi,Arrey-Mbi,CB++,SC Braga,Germany,Liga Portugal,69,84,29,47,57,67,78,-1
Joel Asoro,Asoro,RM++,FC Metz,Sweden,Ligue 2 BKT,69,89,65,59,70,21,70,-1
Florian Ayé,Ayé,ST++,AJ Auxerre,France,Ligue 1 Uber Eats,69,84,68,56,67,31,73,-1
Paulo Daniel Azzi Dentello,Paulo Azzi,LB++,Cagliari,Brazil,Serie A TIM,69,82,63,64,71,61,69,-1
Miguel Baeza Pérez,Miguel Baeza,RW++,Nacional,Spain,Liga Portugal,69,65,64,72,70,44,50,-1
Funsho Bamgboye,Bamgboye,RM++,Hatayspor,Nigeria,Trendyol Süper Lig,69,90,64,60,71,35,69,-1
Alex Bangura,Bangura,LB++,Middlesbrough,Sierra Leone,EFL Championship,69,92,30,51,69,60,78,-1
Shandon Baptiste,Baptiste,CM++,Luton Town,Grenada,EFL Championship,69,67,58,67,75,68,65,-1
Francisco Barbosa Vieites,Fran Vieites,GK++,Real Betis,Spain,LALIGA EA SPORTS,69,72,63,73,68,34,66,-1
Modou Barrow,Barrow,LM++,Al Ahli,Gambia,ROSHN Saudi League,69,92,63,60,72,37,57,-1
James Beadle,Beadle,GK++,Sheffield Wed,England,EFL Championship,69,68,67,68,69,46,70,-1
Tobias Bech,Bech,CAM++,AGF,Denmark,3F Superliga,69,82,66,65,70,58,69,-1
Ahmad Benali,Benali,CM++,Bari,Libya,Serie BKT,69,76,62,67,73,44,64,-1
Giorgi Tsitaishvili,Tsitaishvili,RM++,Granada CF,Georgia,LALIGA HYPERMOTION,69,86,58,60,75,33,42,-1
Kacper Urbański,Urbański,CAM++,Bologna,Poland,Serie A TIM,69,69,62,67,76,49,40,-1
Jonathan Urretaviscaya,Urretaviscaya,CAM++,Racing Club,Uruguay,Sudamericana,69,74,67,73,68,41,48,-1
Leo Väisänen,Väisänen,CB++,Austin FC,Finland,MLS,69,72,30,56,59,69,73,-1
Gustav Valsvik,Valsvik,CB++,Strømsgodset IF,Norway,Eliteserien,69,38,49,53,42,67,82,-1
Myron van Brederode,van Brederode,LW++,AZ,Netherlands,Eredivisie,69,74,58,60,78,32,54,-1
Sander van de Streek,van de Streek,CAM++,Antalyaspor,Netherlands,Trendyol Süper Lig,69,61,71,67,69,58,68,-1
Bart van Rooij,van Rooij,RB++,FC Twente,Netherlands,Eredivisie,69,78,36,59,66,62,63,-1
Edwin Velasco,Velasco,LB++,América de Cali,Colombia,Sudamericana,69,79,39,56,64,64,78,-1
Alan Virginius,Virginius,RM++,BSC Young Boys,France,CSSL,69,90,59,59,71,27,41,-1
Alessio Vita,Vita,CM++,Cittadella,Italy,Serie BKT,69,79,64,68,70,60,66,-1
Nathan Wood,Wood,CB++,Southampton,England,Premier League,69,76,24,47,54,69,72,-1
Scott Wright,Wright,RM++,Rangers,Scotland,cinch Prem,69,89,60,62,73,29,49,-1
John Yeboah,Yeboah,RW++,Raków,Ecuador,PKO BP Ekstraklasa,69,92,62,57,71,26,61,-1
Bakhtiyor Zainutdinov,Zainutdinov,LM++,Beşiktaş,Kazakhstan,Trendyol Süper Lig,69,75,67,66,68,68,63,-1
Benedikt Zech,Zech,CB++,Pogoń Szczecin,Austria,PKO BP Ekstraklasa,69,80,29,54,56,70,72,-1
Zheng Zheng,Zheng Zheng,CB++,Shandong Taishan,China PR,CSL,69,64,57,67,65,70,72,-1
Chenjie Zhu,Zhu Chenjie,CB++,Shanghai Shenhua,China PR,CSL,69,78,41,47,59,68,77,-1
Rasmus Thelander,Thelander,CB++,Silkeborg IF,Denmark,3F Superliga,69,39,30,45,43,67,81,-1
Junior Sambia,Sambia,RB++,Empoli,France,Serie A TIM,69,66,66,69,69,67,65,-1
Scott Wright,Wright,RM++,Birmingham City,Scotland,EFL League One,69,89,60,62,73,29,49,-1
Sherel Floranus,Floranus,RB++,PEC Zwolle,Curaçao,Eredivisie,69,87,46,58,68,64,75,-1
Ola Brynhildsen,Brynhildsen,ST++,Molde FK,Norway,Eliteserien,69,83,68,63,71,50,67,-1
Siriki Dembélé,Dembélé,LM++,Oxford United,Scotland,EFL Championship,69,88,65,59,73,28,54,-1
Abdulelah Al Amri,Al Amri,CB++,Al Ittihad,Saudi Arabia,ROSHN Saudi League,69,69,29,49,47,67,81,-1
John Yeboah,Yeboah,RW++,Venezia,Ecuador,Serie A TIM,69,92,62,57,71,26,61,-1
Lyndon Dykes,Dykes,ST++,Birmingham City,Scotland,EFL League One,69,66,68,52,65,29,82,-1
Koba Leïn Koindredi,Koindredi,CM++,Lausanne-Sport,France,CSSL,69,65,70,71,74,58,69,-1
Festy Ebosele,Ebosele,RB++,Watford,Republic of Ireland,EFL Championship,69,90,45,58,73,62,74,-1
Myron van Brederode,van Brederode,LW++,Düsseldorf,Netherlands,Bundesliga 2,69,74,58,60,78,32,54,-1
Hamidou Keyta,Keyta,LW++,Konyaspor,France,Trendyol Süper Lig,69,86,68,59,71,38,63,-1
Simone Pafundi,Pafundi,CAM++,Udinese,Italy,Serie A TIM,69,77,65,67,76,46,53,-1
Erik Engelhardt,Engelhardt,ST++,Energie Cottbus,Germany,3. Liga,69,69,67,54,65,39,84,-1
Francisco Fumaça Mascarenhas,Mascarenhas,ST++,CD Eldense,Portugal,LALIGA HYPERMOTION,69,74,73,58,64,35,60,-1
Benedikt Zech,Zech,CB++,SCR Altach,Austria,Ö. Bundesliga,69,80,29,54,56,70,72,-1
Luka Lochoshvili,Lochoshvili,CB++,Salernitana,Georgia,Serie BKT,69,39,28,40,46,68,83,-1
Joe Gelhardt,Gelhardt,CAM++,Hull City,England,EFL Championship,69,74,68,60,75,29,69,-1
Álvaro Aceves Catalina,Aceves,GK++,CD Eldense,Spain,LALIGA HYPERMOTION,69,70,68,69,72,24,69,-1
Kacper Urbanski,Urbanski,CAM++,Monza,Poland,Serie A TIM,69,69,62,67,76,49,40,-1
Theo Corbeanu,Corbeanu,RM++,Toronto FC,Canada,MLS,69,78,58,67,71,47,63,-1
Maxime Bernauer,Bernauer,CB++,AS Saint-Étienne,France,Ligue 1 Uber Eats,69,67,53,73,69,68,70,-1
Harry Clarke,Clarke,RB++,Sheffield Utd,England,EFL Championship,69,79,57,60,65,65,79,-1
Fabrice-Jean Picault,Fafà Picault,LM++,Inter Miami CF,Haiti,MLS,69,87,65,62,71,40,49,-1
Paulo Daniel Azzi Dentello,Paulo Azzi,LB++,Cremonese,Brazil,Serie BKT,69,82,63,64,71,61,69,-1
Álvaro Angulo,Angulo,LB++,Independiente,Colombia,LPF,69,92,36,58,66,58,63,-1
Dorgeles Nene,Nene,ST++,RB Salzburg,Mali,Ö. Bundesliga,68,85,71,61,73,37,55,-1
Bryan Rovira,Rovira,CDM++,Deportes Tolima,Colombia,Sudamericana,68,55,54,61,60,68,79,-1
Tobías Rubio,Rubio,CB++,Racing Club,Argentina,Sudamericana,68,76,41,58,69,66,74,-1
José Sagredo,Sagredo,CB++,Bolívar,Bolivia,Libertadores,68,80,44,56,61,66,73,-1
Oliver Sail,Sail,GK++,Perth Glory,New Zealand,A-League,68,75,69,50,69,49,61,-1
Víctor Salazar,Salazar,RB++,Olimpia,Argentina,Sudamericana,68,86,54,59,66,62,70,-1
Eddie Salcedo,Salcedo,ST++,Lombardia FC,Italy,Serie A TIM,68,78,66,60,75,39,55,-1
Ronivaldo Sales,Ronivaldo,ST++,Blau-Weiss Linz,Brazil,Ö. Bundesliga,68,72,71,54,66,22,65,-1
Raphael Sallinger,Sallinger,GK++,TSV Hartberg,Austria,Ö. Bundesliga,68,69,68,64,68,44,68,-1
Benjamin Santelli,Santelli,ST++,AC Ajaccio,France,Ligue 2 BKT,68,85,64,54,67,26,67,-1
Simone Santoro,Santoro,CM++,Modena,Italy,Serie BKT,68,80,60,67,70,65,67,-1
Amin Sarr,Sarr,ST++,OL,Sweden,Ligue 1 Uber Eats,68,85,65,58,68,25,67,-1
Allahyar Sayyadmanesh,Sayyadmanesh,LM++,KVC Westerlo,Iran,1A Pro League,68,86,66,57,69,47,77,-1
Jin Su Seo,Seo Jin Su,ST++,Jeju United,Korea Republic,K League 1,68,82,68,58,71,22,65,-1
Min Woo Seo,Seo Min Woo,CM++,Gimcheon Sangmu,Korea Republic,K League 1,68,60,54,62,66,65,78,-1
Josh Sheehan,Sheehan,CDM++,Bolton,Wales,EFL League One,68,79,57,69,71,62,64,-1
Toby Sibbick,Sibbick,CB++,Wigan Athletic,England,EFL League One,68,75,31,53,61,69,71,-1
Carlo Sickinger,Sickinger,CB++,SV Elversberg,Germany,Bundesliga 2,68,62,49,60,65,69,69,-1
Paul Smyth,Smyth,RM++,QPR,Northern Ireland,EFL Championship,68,90,59,60,71,40,55,-1
Eli Junior Kroupi,Kroupi,ST++,FC Lorient,France,Ligue 2 BKT,68,71,67,66,74,45,54,-1
Sandro Kulenović,Kulenović,ST++,Dinamo Zagreb,Croatia,Liga Hrvatska,68,78,64,50,62,41,83,-1
Godson Kyeremeh,Kyeremeh,RM++,SM Caen,France,Ligue 2 BKT,68,86,64,60,69,32,41,-1
Bryan Lasme,Lasme,ST++,FC Schalke 04,France,Bundesliga 2,68,87,66,53,63,24,76,-1
Dong Jun Lee,Lee Dong Jun,RM++,Gimcheon Sangmu,Korea Republic,K League 1,68,89,62,56,74,39,60,-1
Hee Kyun Lee,Lee Hee Kyun,ST++,GwangJu FC,Korea Republic,K League 1,68,74,64,62,76,52,62,-1
Iván Leguizamón,Leguizamón,RM++,San Lorenzo,Paraguay,Libertadores,68,87,61,61,69,36,57,-1
Sebastián Lentinelly,Lentinelly,GK++,Liverpool,Uruguay,Libertadores,68,63,71,61,75,30,63,-1
Damion Lowe,Lowe,CB++,Philadelphia,Jamaica,MLS,68,67,26,41,50,66,81,-1
Awer Mabil,Mabil,LM++,Grasshopper Club,Australia,CSSL,68,86,63,62,69,34,61,-1
Ian Mackay Abad,Ian Mackay,GK++,CD Eldense,Spain,LALIGA HYPERMOTION,68,70,66,61,70,58,64,-1
Luca Magnino,Magnino,CDM++,Modena,Italy,Serie BKT,68,77,55,63,64,65,72,-1
Guido Mainero,Mainero,RM++,Platense,Argentina,LPF,68,87,64,59,68,47,66,-1
Julián Malatini,Malatini,CB++,SV Werder Bremen,Argentina,Bundesliga,68,74,34,57,65,66,71,-1
Massimiliano Mangraviti,Mangraviti,CB++,Cesena,Italy,Serie BKT,68,72,51,59,62,66,73,-1
Marvin Martins,Martins,CB++,FK Austria Wien,Luxembourg,Ö. Bundesliga,68,75,50,59,58,68,75,-1
Alexandru Mățan,Mățan,CAM++,Columbus Crew,Romania,MLS,68,86,61,66,73,38,51,-1
Núrio Domingos Matias Fortuna,Núrio Fortuna,CB++,KAA Gent,Angola,1A Pro League,68,74,63,64,69,67,67,-1
Jannik Mause,Mause,ST++,Kaiserslautern,Germany,Bundesliga 2,68,81,68,52,61,46,72,-1
Fernando Medrano Gastañaga,Medrano,LB++,CD Tenerife,Spain,LALIGA HYPERMOTION,68,82,46,58,66,63,56,-1
Joaquín Papaleo,Papaleo,GK++,Instituto,Argentina,LPF,68,67,66,64,67,40,68,-1
Jayson Papeau,Papeau,LM++,FC Rapid 1923,France,SUPERLIGA,68,83,59,62,74,38,75,-1
Alfonso Parot,Parot,LB++,Uni. Católica,Chile,Sudamericana,68,66,59,61,63,65,79,-1
Kevin Pérez,Pérez,CAM++,Deportes Tolima,Colombia,Sudamericana,68,80,57,62,70,45,52,-1
Dino Perić,Perić,CB++,Dinamo Zagreb,Croatia,Liga Hrvatska,68,53,35,51,58,67,75,-1
Mauro Perković,Perković,CB++,Dinamo Zagreb,Croatia,Liga Hrvatska,68,76,30,52,61,67,75,-1
Carl Piergianni,Piergianni,CB++,Stevenage,England,EFL League One,68,39,31,45,46,67,85,-1
Donovan Pines,Pines,CB++,Barnsley,United States,EFL League One,68,72,22,39,46,68,77,-1
Przemysław Płacheta,Płacheta,LM++,Oxford United,Poland,EFL Championship,68,91,60,60,69,39,55,-1
Tin Plavotić,Plavotić,CB++,FK Austria Wien,Croatia,Ö. Bundesliga,68,40,29,46,42,67,77,-1
Julio José Pleguezuelo Selva,Pleguezuelo,CB++,Plymouth Argyle,Spain,EFL Championship,68,78,35,56,67,67,67,-1
Alexandru Pop,Pop,ST++,SC Oțelul Galați,Romania,SUPERLIGA,68,81,68,57,68,22,68,-1
Nicolai Poulsen,Poulsen,CM++,AGF,Denmark,3F Superliga,68,59,54,68,70,65,79,-1
Gianluca Prestianni,Prestianni,RM++,SL Benfica,Argentina,Liga Portugal,68,87,60,57,76,35,46,-1
Kai Pröger,Pröger,ST++,Jahn Regensburg,Germany,Bundesliga 2,68,82,70,56,74,38,73,-1
Ruben Providence,Providence,LM++,TSV Hartberg,France,Ö. Bundesliga,68,83,63,57,73,29,56,-1
Bogdan Racovițan,Racovițan,CB++,Raków,Romania,PKO BP Ekstraklasa,68,75,32,38,44,68,77,-1
Michał Rakoczy,Rakoczy,CAM++,Cracovia,Poland,PKO BP Ekstraklasa,68,77,65,65,72,41,62,-1
Eric Ramírez,Ramírez,ST++,Huracán,Argentina,LPF,68,82,67,60,66,31,57,-1
Adam Randell,Randell,CM++,Plymouth Argyle,England,EFL Championship,68,76,62,66,70,65,71,-1
Kenny Prince Redondo,Redondo,LM++,Kaiserslautern,Germany,Bundesliga 2,68,92,62,58,70,47,60,-1
Eric Remedi,Remedi,CDM++,San Lorenzo,Argentina,Libertadores,68,42,49,59,61,66,80,-1
Andrés Reyes,Reyes,CB++,Red Bulls,Colombia,MLS,68,72,33,40,47,67,79,-1
Andy Rinomhota,Rinomhota,CDM++,Cardiff City,England,EFL Championship,68,80,54,59,65,67,80,-1
Renaud Ripart,Ripart,RM++,ESTAC Troyes,France,Ligue 2 BKT,68,64,67,66,68,64,80,-1
Birk Risa,Risa,CB++,New York City FC,Norway,MLS,68,74,56,61,65,67,74,-1
Marvin Rittmüller,Rittmüller,RB++,Braunschweig,Germany,Bundesliga 2,68,88,43,57,64,61,69,-1
Júlio Rodrigues Romão,Júlio Romão,CDM++,Qarabağ FK,Brazil,Liga Azerbaijan,68,59,44,57,70,64,81,-1
Shihao Wei,Wei Shihao,LM++,Rongcheng FC,China PR,CSL,68,87,62,61,71,35,64,-1
Marten Winkler,Winkler,RM++,Hertha Berlin,Germany,Bundesliga 2,68,90,63,58,70,24,61,-1
Przemysław Wiśniewski,Wiśniewski,CB++,Spezia,Poland,Serie BKT,68,84,25,45,51,65,80,-1
Yaw Yeboah,Yeboah,LM++,Columbus Crew,Ghana,MLS,68,89,61,59,69,58,59,-1
Cristián Zavala,Zavala,RW++,Colo-Colo,Chile,Libertadores,68,89,57,61,71,36,55,-1
Reto Ziegler,Ziegler,CB++,FC Sion,Switzerland,CSSL,68,43,63,71,65,68,70,-1
Lukáš Zima,Zima,GK++,FC Petrolul,Czechia,SUPERLIGA,68,69,66,62,67,42,69,-1
Waniss Taïbi,Taïbi,CM++,Rodez AF,France,Ligue 2 BKT,68,53,50,68,69,56,66,-1
Miao Tang,Tang Miao,RB++,Rongcheng FC,China PR,CSL,68,80,42,63,67,60,78,-1
Bryan Teixeira,Teixeira,ST++,1. FC Magdeburg,Cape Verde Islands,Bundesliga 2,68,81,65,65,72,48,67,-1
Jamal Thiaré,Thiaré,ST++,Atlanta United,Senegal,MLS,68,87,65,56,69,22,72,-1
Bénie Traoré,Traoré,ST++,FC Basel 1893,Côte d'Ivoire,CSSL,68,86,65,54,75,32,63,-1
Kevin Tshiembe,Tshiembe,CB++,Brøndby IF,Denmark,3F Superliga,68,74,40,53,56,66,78,-1
Hakon Valdimarsson,Valdimarsson,GK++,Brentford,Iceland,Premier League,68,68,65,64,69,20,68,-1
Djevencio van der Kust,van der Kust,LB++,Sparta Rotterdam,Suriname,Eredivisie,68,87,40,55,66,60,61,-1
Kenneth Vargas,Vargas,ST++,Hearts,Costa Rica,cinch Prem,68,82,69,50,68,22,54,-1
Aljoša Vasić,Vasić,CM++,Palermo,Serbia,Serie BKT,68,77,64,68,73,66,68,-1
Adelino André Vieira de Freitas,Vieirinha,LB++,PAOK FC,Portugal,Hellas Liga,68,64,73,73,72,65,57,-1
Linus Egnell Wahlqvist,Wahlqvist,RB++,Pogoń Szczecin,Sweden,PKO BP Ekstraklasa,68,86,51,61,64,61,79,-1
Shangyuan Wang,Wang Shangyuan,CM++,Henan SSLM FC,China PR,CSL,68,72,61,68,69,65,80,-1
Mattia Bottani,Bottani,CAM++,FC Lugano,Switzerland,CSSL,68,80,64,64,69,41,50,-1
William Bøving,Bøving,ST++,SK Sturm Graz,Denmark,Ö. Bundesliga,68,82,67,61,71,31,63,-1
Christopher Braun,Braun,RB++,FC Rapid 1923,Germany,SUPERLIGA,68,79,44,60,63,63,79,-1
Néstor Breitenbruch,Breitenbruch,CB++,Atlético Tucumán,Argentina,LPF,68,74,42,57,62,65,75,-1
Mustapha Bundu,Bundu,RW++,Plymouth Argyle,Sierra Leone,EFL Championship,68,86,63,64,69,44,71,-1
Aitor Buñuel Redrado,Aitor Buñuel,RB++,Racing de Ferrol,Spain,LALIGA HYPERMOTION,68,84,38,58,69,60,75,-1
Delano Burgzorg,Burgzorg,ST++,Middlesbrough,Netherlands,EFL Championship,68,82,64,54,73,30,71,-1
Hernesto Caballero,Caballero,CDM++,Libertad,Paraguay,Libertadores,68,53,59,59,64,70,65,-1
Pedro Henrique Cardoso de Lima,Pedro Lima,RB++,Wolves,Brazil,Premier League,68,85,48,67,72,60,57,-1
Claudio Cassano,Cassano,CAM++,Cittadella,Italy,Serie BKT,68,82,63,64,73,36,45,-1
Aníbal Chalá,Chalá,LB++,Barcelona SC,Ecuador,Libertadores,68,91,45,58,62,63,68,-1
Walter Jhonnier Chalá,Chalá,CB++,Barcelona SC,Ecuador,Libertadores,68,73,24,44,45,69,72,-1
Pu Chen,Chen Pu,LM++,Shandong Taishan,China PR,CSL,68,86,57,61,68,37,63,-1
Jhon Cifuente,Cifuente,ST++,U. Católica,Ecuador,Sudamericana,68,62,73,44,66,23,58,-1
Pelle Clement,Clement,CM++,Sparta Rotterdam,Netherlands,Eredivisie,68,78,63,69,68,56,61,-1
Devante Cole,Cole,ST++,West Brom,England,EFL Championship,68,87,67,53,66,26,62,-1
Arnau Comas Freixas,Arnau Comas,CB++,FC Basel 1893,Spain,CSSL,68,76,35,54,55,67,73,-1
Lasso Coulibaly,Coulibaly,RM++,AJ Auxerre,Côte d'Ivoire,Ligue 1 Uber Eats,68,91,55,58,71,33,62,-1
Mamadou Coulibaly,Coulibaly,CM++,Salernitana,Senegal,Serie BKT,68,77,61,65,68,68,80,-1
Cristian Cuevas,Cuevas,LM++,Uni. Católica,Chile,Sudamericana,68,86,56,61,69,62,69,-1
Nenad Cvetkovic,Cvetkovic,CB++,SK Rapid Wien,Serbia,Ö. Bundesliga,68,73,39,50,40,67,74,-1
Nick D'Agostino,D'Agostino,ST++,Viking FK,Australia,Eliteserien,68,83,66,59,69,41,81,-1
Pedro Alcalá Guirado,Alcalá,CB++,FC Cartagena,Spain,LALIGA HYPERMOTION,68,30,47,55,49,67,71,-1
Haitam Aleesami,Aleesami,CB++,KFUM-Kameratene,Norway,Eliteserien,68,73,56,64,62,66,74,-1
Taha Abdi Ali,Ali,LM++,Malmö FF,Sweden,Allsvenskan,68,86,54,55,76,35,47,-1
Jamie Allen,Allen,CM++,Coventry City,England,EFL Championship,68,76,61,66,68,64,69,-1
Malte Amundsen,Amundsen,CB++,Columbus Crew,Denmark,MLS,68,74,47,64,65,67,73,-1
Mirko Antonucci,Antonucci,CAM++,Cesena,Italy,Serie BKT,68,77,68,65,71,41,61,-1
Daniel Arzani,Arzani,RM++,Melb. Victory,Australia,A-League,68,89,60,60,74,34,67,-1
Nathaniel Atkinson,Atkinson,RB++,Hearts,Australia,cinch Prem,68,76,53,62,71,59,73,-1
Iván Azón Monzón,Iván Azón,ST++,Real Zaragoza,Spain,LALIGA HYPERMOTION,68,71,67,53,62,38,85,-1
Keanu Baccus,Baccus,CM++,Mansfield Town,Australia,EFL League One,68,77,55,62,69,68,70,-1
Nordin Bakker,Bakker,GK++,Almere City FC,Netherlands,Eredivisie,68,67,66,63,67,37,72,-1
Aliou Baldé,Baldé,RW++,VfL Bochum,Guinea,Bundesliga,68,89,61,58,72,32,50,-1
Romário Baldé,Romário Baldé,LM++,Wuhan 3 Towns,Guinea-Bissau,CSL,68,78,66,59,73,31,74,-1
William Balikwisha,Balikwisha,CAM++,OH Leuven,Congo DR,1A Pro League,68,76,61,63,75,41,57,-1
George Bello,Bello,LM++,LASK,United States,Ö. Bundesliga,68,83,47,57,71,60,68,-1
Alexander Bernhardsson,Bernhardsson,RM++,Holstein Kiel,Sweden,Bundesliga,68,87,60,61,67,45,61,-1
Filip Bilbija,Bilbija,LM++,SC Paderborn 07,Germany,Bundesliga 2,68,70,55,64,68,31,66,-1
Daniel Bîrligea,Bîrligea,ST++,CFR 1907 Cluj,Romania,SUPERLIGA,68,83,65,55,66,26,76,-1
El Chadaille Bitshiabu,Bitshiabu,CB++,RB Leipzig,France,Bundesliga,68,57,36,54,50,66,76,-1
John Björkengren,Björkengren,CM++,Randers FC,Sweden,3F Superliga,68,80,59,66,68,68,72,-1
Corey Blackett-Taylor,Blackett-Taylor,LM++,Derby County,England,EFL Championship,68,92,61,56,73,51,61,-1
Tristan Blackmon,Blackmon,CB++,Whitecaps FC,United States,MLS,68,88,42,58,66,66,75,-1
Latif Blessing,Blessing,CM++,Houston Dynamo,Ghana,MLS,68,83,60,61,73,66,58,-1
Nestory Irankunda,Irankunda,RM++,FC Bayern München,Australia,Bundesliga,68,94,70,61,70,43,73,-1
Luca Itter,Itter,CB++,Fürth,Germany,Bundesliga 2,68,80,42,60,67,68,67,-1
Andrei Ivan,Ivan,ST++,Univ. Craiova,Romania,SUPERLIGA,68,83,69,63,67,33,72,-1
Marko Ivezić,Ivezić,CB++,Holstein Kiel,Serbia,Bundesliga,68,72,39,56,56,68,71,-1
Diego Manuel J. da Silva Moreira,Diego Moreira,LM++,Strasbourg,Portugal,Ligue 1 Uber Eats,68,82,62,60,73,33,62,-1
Lukas Jensen,Jensen,GK++,Millwall,Denmark,EFL Championship,68,69,66,62,68,24,68,-1
Ulisses Wilson Jeronymo Rocha,Ulisses Wilson,CB++,Nacional,Brazil,Liga Portugal,68,51,31,43,51,66,81,-1
Jodi Jones,Jones,LM++,Notts County,Malta,EFL League Two,68,88,60,63,68,49,52,-1
Mateo Joseph,Joseph,ST++,Leeds United,Spain,EFL Championship,68,82,67,50,67,28,63,-1
Samuel Jumpe Soares,Samuel Soares,GK++,SL Benfica,Portugal,Liga Portugal,68,68,65,79,72,59,64,-1
Adrián Jusino,Jusino,CB++,The Strongest,Bolivia,Libertadores,68,46,44,47,52,68,84,-1
Hassan Kadish,Kadish,CB++,Al Ittihad,Saudi Arabia,ROSHN Saudi League,68,75,49,62,62,66,79,-1
Filip Kaloč,Kaloč,CM++,Kaiserslautern,Czechia,Bundesliga 2,68,66,63,66,66,71,75,-1
Bartosz Kapustka,Kapustka,CM++,Legia Warszawa,Poland,PKO BP Ekstraklasa,68,80,62,68,71,47,58,-1
Ayman Kari,Kari,CM++,Paris SG,France,Ligue 1 Uber Eats,68,70,53,66,73,59,65,-1
Jacob Karlstrøm,Karlstrøm,GK++,IFK Göteborg,Norway,Allsvenskan,68,68,66,69,69,38,66,-1
Sam Kersten,Kersten,CB++,sc Heerenveen,Netherlands,Eredivisie,68,75,45,49,48,66,73,-1
Jin Kyu Kim,Kim Jin Kyu,CM++,Jeonbuk Hyundai,Korea Republic,K League 1,68,76,60,67,70,37,69,-1
In Sung Kim,Kim In Sung,RM++,Pohang Steelers,Korea Republic,K League 1,68,89,58,56,69,34,59,-1
Moon Hwan Kim,Kim Moon Hwan,RB++,Daejeon Citizen,Korea Republic,K League 1,68,83,53,59,68,60,68,-1
Sven Köhler,Köhler,CDM++,Braunschweig,Germany,Bundesliga 2,68,64,58,61,62,62,80,-1
Mory Konaté,Konaté,CDM++,KV Mechelen,Guinea,1A Pro League,68,43,42,54,58,66,83,-1
Sebastian Kowalczyk,Kowalczyk,CAM++,Houston Dynamo,Poland,MLS,68,81,63,63,71,43,52,-1
Anton Krešić,Krešić,CB++,CFR 1907 Cluj,Croatia,SUPERLIGA,68,56,38,41,39,67,80,-1
Emiliano Méndez,Méndez,CDM++,Sarmiento,Argentina,LPF,68,37,49,60,63,64,84,-1
Hamza Mendyl,Mendyl,LM++,OH Leuven,Morocco,1A Pro League,68,87,58,57,69,61,68,-1
Demetri Mitchell,Mitchell,LM++,Exeter City,England,EFL League One,68,90,62,63,67,59,67,-1
Dimitar Mitov,Mitov,GK++,Aberdeen,Bulgaria,cinch Prem,68,68,65,58,71,61,69,-1
Vasile Mogoș,Mogoș,RB++,CFR 1907 Cluj,Romania,SUPERLIGA,68,66,61,61,61,66,79,-1
Adrien Monfray,Monfray,CB++,ESTAC Troyes,France,Ligue 2 BKT,68,64,51,59,61,67,82,-1
Hildeberto José Morgado Pereira,Berto,LM++,FC Univ. Cluj,Cape Verde Islands,SUPERLIGA,68,79,65,60,71,53,74,-1
Josh Murphy,Murphy,LM++,Portsmouth,England,EFL Championship,68,87,64,63,70,29,53,-1
Alex Muyl,Muyl,RM++,Nashville SC,United States,MLS,68,78,59,62,66,62,80,-1
Joel Mvuka,Mvuka,RM++,FC Lorient,Norway,Ligue 2 BKT,68,91,57,59,72,41,46,-1
Julian Niehues,Niehues,CDM++,Heidenheim,Germany,Bundesliga,68,59,54,59,64,67,77,-1
Calem Nieuwenhof,Nieuwenhof,CM++,Hearts,Australia,cinch Prem,68,76,61,63,69,65,68,-1
Samuel Obeng,Obeng,ST++,Casa Pia AC,Ghana,Liga Portugal,68,84,69,50,61,24,81,-1
Jáder Obrian,Obrian,RM++,Austin FC,Colombia,MLS,68,87,64,59,69,36,63,-1
Kwadwo Opoku,Opoku,ST++,CF Montréal,Ghana,MLS,68,85,68,55,74,36,65,-1
Aaron Opoku,Opoku,RM++,Kaiserslautern,Germany,Bundesliga 2,68,88,56,62,72,39,61,-1
Yassin Oukili,Oukili,CDM++,RKC Waalwijk,Morocco,Eredivisie,68,60,67,64,67,59,79,-1
Walid Ould-Chikh,Ould-Chikh,CAM++,Braunschweig,Netherlands,Bundesliga 2,68,76,71,64,68,56,65,-1
Tobías Palacio,Palacio,CB++,Argentinos Jrs.,Argentina,Sudamericana,68,79,39,57,61,68,72,-1
Dave Gnaase,Gnaase,CDM++,VfL Osnabrück,Germany,3. Liga,68,76,54,62,68,64,73,-1
Ray Gómez,Gómez,CAM++,Sport Huancayo,Peru,Sudamericana,68,76,66,65,70,59,64,-1
Roderick J. Gonçalves Miranda,Roderick Miranda,CB++,Melb. Victory,Portugal,A-League,68,32,36,51,51,67,85,-1
Thijmen Goppel,Goppel,RM++,Wehen Wiesbaden,Netherlands,3. Liga,68,88,57,62,67,50,68,-1
Alimami Gory,Gory,RM++,Paris FC,France,Ligue 2 BKT,68,89,63,55,72,22,60,-1
Marcel Guaramato,Guaramato,RB++,Carabobo FC,Venezuela,Sudamericana,68,84,47,59,61,64,68,-1
Jon Guthrie,Guthrie,CB++,Northampton,England,EFL League One,68,50,40,53,51,66,84,-1
Johan Hammar,Hammar,CB++,BK Häcken,Sweden,Allsvenskan,68,35,38,46,41,67,74,-1
Conor Hazard,Hazard,GK++,Plymouth Argyle,Northern Ireland,EFL Championship,68,69,67,64,69,24,68,-1
Daniel Heber,Heber,CB++,1. FC Magdeburg,Germany,Bundesliga 2,68,77,41,52,55,69,75,-1
Sam Hoskins,Hoskins,LM++,Northampton,England,EFL League One,68,89,66,61,69,49,72,-1
Niall Huggins,Huggins,LB++,Sunderland,Wales,EFL Championship,68,83,52,58,70,63,62,-1
Josh Dacres-Cogley,Dacres-Cogley,RB++,Bolton,England,EFL League One,68,89,51,60,67,59,72,-1
Misael Dávila,Dávila,CM++,Palestino,Chile,Libertadores,68,76,67,66,70,55,65,-1
Joyskim Dawa,Dawa,CB++,FCSB,Cameroon,SUPERLIGA,68,82,45,43,41,66,86,-1
Afonso Gamelas de Pinho Sousa,Afonso Sousa,CAM++,Lech Poznań,Portugal,PKO BP Ekstraklasa,68,78,60,64,72,56,54,-1
Harrison Delbridge,Delbridge,CB++,Incheon United,Australia,K League 1,68,46,33,42,46,67,84,-1
Alec Deneumostier,Deneumostier,CB++,UCV,Peru,Sudamericana,68,57,29,48,48,68,62,-1
Nicky Devlin,Devlin,RB++,Aberdeen,Scotland,cinch Prem,68,79,50,56,64,63,79,-1
Jerónimo Domina,Domina,ST++,Unión,Argentina,LPF,68,85,71,58,71,39,51,-1
Anton Donkor,Donkor,LB++,FC Schalke 04,Germany,Bundesliga 2,68,88,60,58,65,60,82,-1
Adam Dźwigała,Dźwigała,CB++,FC St. Pauli,Poland,Bundesliga,68,73,44,53,56,66,75,-1
Thiago Eduardo de Andrade,Thiago Andrade,LM++,SZ Peng City,Brazil,CSL,68,88,65,60,71,40,58,-1
Jan Elvedi,Elvedi,CB++,Kaiserslautern,Switzerland,Bundesliga 2,68,79,34,57,57,67,79,-1
Marc-Francois Enoumba,Enoumba,CB++,The Strongest,Bolivia,Libertadores,68,78,58,58,60,67,74,-1
Ataru Esaka,Esaka,CAM++,Ulsan Hyundai,Japan,K League 1,68,77,65,66,69,51,63,-1
Konrad Faber,Faber,RB++,FC St. Gallen,Germany,CSSL,68,83,58,61,69,61,62,-1
Mourtada Fall,Fall,CB++,Odisha FC,Senegal,Hero ISL,68,50,36,49,44,66,79,-1
Andrew Farrell,Farrell,CB++,New England,United States,MLS,68,74,47,62,66,65,78,-1
Mattia Finotto,Finotto,ST++,Carrarese Calcio,Italy,Serie BKT,68,81,65,59,66,35,67,-1
Leon Flach,Flach,CM++,Philadelphia,United States,MLS,68,82,54,63,69,68,70,-1
Florian Flecker,Flecker,RM++,LASK,Austria,Ö. Bundesliga,68,86,61,57,71,57,70,-1
Ismaël Aaneba,Aaneba,CB++,Ferencvárosi TC,France,Magyar Liga,68,72,47,59,61,69,68,-1
Ishaq Abdulrazak,Abdulrazak,CM++,RSC Anderlecht,Nigeria,1A Pro League,68,86,57,65,70,58,62,-1
Muteb Al Harbi,Al Harbi,LB++,Al Shabab,Saudi Arabia,ROSHN Saudi League,68,93,54,64,69,55,61,-1
Damion Lowe,Lowe,CB++,Al Okhdood,Jamaica,ROSHN Saudi League,68,67,26,41,50,66,81,-1
Mamadou Coulibaly,Coulibaly,CM++,Catanzaro,Senegal,Serie BKT,68,77,61,65,68,68,80,-1
Muteb Al Harbi,Al Harbi,LB++,Al Hilal,Saudi Arabia,ROSHN Saudi League,68,93,54,64,69,55,61,-1
Amin Sarr,Sarr,ST++,Hellas Verona,Sweden,Serie A TIM,68,85,65,58,68,25,67,-1
Ishaq Abdulrazak,Abdulrazak,CM++,Odds BK,Nigeria,Eliteserien,68,86,57,65,70,58,62,-1
Ruben Providence,Providence,LM++,Almere City FC,France,Eredivisie,68,83,63,57,73,29,56,-1
Daniel Bîrligea,Bîrligea,ST++,FCSB,Romania,SUPERLIGA,68,83,65,55,66,26,76,-1
Nathaniel Atkinson,Atkinson,RB++,Melbourne City,Australia,A-League,68,76,53,62,71,59,73,-1
Alexandru Pop,Pop,ST++,FC Dinamo 1948,Romania,SUPERLIGA,68,81,68,57,68,22,68,-1
Lukáš Zima,Zima,GK++,FCSB,Czechia,SUPERLIGA,68,69,66,62,67,42,69,-1
Hee Kyun Lee,Lee Hee Kyun,ST++,Ulsan Hyundai,Korea Republic,K League 1,68,74,64,62,76,52,62,-1
Jacob Karlstrøm,Karlstrøm,GK++,Molde FK,Norway,Eliteserien,68,68,66,69,69,38,66,-1
Marvin Martins,Martins,CB++,Almere City FC,Luxembourg,Eredivisie,68,75,50,59,58,68,75,-1
Thiago Eduardo de Andrade,Thiago Andrade,LM++,New York City FC,Brazil,MLS,68,88,65,60,71,40,58,-1
Nestory Irankunda,Irankunda,RM++,Grasshopper Club,Australia,CSSL,68,94,70,61,70,43,73,-1
Aliou Baldé,Baldé,RW++,Lausanne-Sport,Guinea,CSSL,68,89,61,58,72,32,50,-1
Jannik Mause,Mause,ST++,Fürth,Germany,Bundesliga 2,68,81,68,52,61,46,72,-1
Djevencio van der Kust,van der Kust,LB++,K. Beerschot VA,Suriname,1A Pro League,68,87,40,55,66,60,61,-1
Arnau Comas Freixas,Arnau Comas,CB++,SD Eibar,Spain,LALIGA HYPERMOTION,68,76,35,54,55,67,73,-1
Leon Flach,Flach,CM++,Jagiellonia,United States,PKO BP Ekstraklasa,68,82,54,63,69,68,70,-1
Bryan Lasme,Lasme,ST++,Grasshopper Club,France,CSSL,68,87,66,53,63,24,76,-1
Yaw Yeboah,Yeboah,LM++,LAFC,Ghana,MLS,68,89,61,59,69,58,59,-1
Daouda Guindo,Guindo,LB++,RB Salzburg,Mali,Ö. Bundesliga,67,84,37,55,71,60,68,-1
Jacob Shaffelburg,Shaffelburg,LM++,Nashville SC,Canada,MLS,67,91,61,60,65,52,63,-1
Lewis Miller,Miller,RB++,Hibernian,Australia,cinch Prem,67,66,43,57,62,65,73,-1
Sascha Mockenhaupt,Mockenhaupt,CB++,Wehen Wiesbaden,Germany,3. Liga,67,82,29,45,51,66,78,-1
Anthony Musaba,Musaba,RM++,Sheffield Wed,Netherlands,EFL Championship,67,86,64,56,70,24,63,-1
Massamba Ndiaye,Ndiaye,GK++,Clermont Foot 63,Senegal,Ligue 2 BKT,67,70,65,65,71,25,63,-1
Nathan Ngoy,Ngoy,CB++,Standard Liège,Belgium,1A Pro League,67,78,44,49,67,65,73,-1
Julien Ngoy,Ngoy,ST++,KV Mechelen,Belgium,1A Pro League,67,83,65,53,68,25,70,-1
Jona Niemiec,Niemiec,ST++,Düsseldorf,Germany,Bundesliga 2,67,86,65,55,62,40,71,-1
Lucas Noubi,Noubi,CB++,Standard Liège,Belgium,1A Pro League,67,76,21,52,64,64,74,-1
Diego Novoa,Novoa,GK++,Millonarios,Colombia,Libertadores,67,64,72,73,62,47,68,-1
Ché Nunnely,Nunnely,RM++,sc Heerenveen,Suriname,Eredivisie,67,89,55,56,70,25,61,-1
Stephen Odey,Odey,ST++,Randers FC,Nigeria,3F Superliga,67,84,64,50,69,35,74,-1
Chima Okoroji,Okoroji,LB++,FC St. Gallen,England,CSSL,67,86,34,64,67,59,61,-1
Orji Okwonkwo,Okwonkwo,ST++,Reggiana,Nigeria,Serie BKT,67,90,67,60,67,42,70,-1
Ibrahim Olawoyin,Olawoyin,CAM++,Çaykur Rizespor,Nigeria,Trendyol Süper Lig,67,82,61,58,71,42,64,-1
Christian Ortag,Ortag,GK++,SSV Ulm 1846,Germany,Bundesliga 2,67,70,67,60,68,45,68,-1
Jordi Osei-Tutu,Osei-Tutu,RM++,Bolton,England,EFL League One,67,88,60,59,70,59,62,-1
Zinédine Ould Khaled,Ould Khaled,CDM++,Angers SCO,France,Ligue 1 Uber Eats,67,45,47,61,63,64,70,-1
Alexandru Pantea,Pantea,RB++,FCSB,Romania,SUPERLIGA,67,88,40,59,62,60,68,-1
Tim Payne,Payne,RB++,Well. Phoenix,New Zealand,A-League,67,68,56,61,59,62,81,-1
Kristian Pedersen,Pedersen,LB++,Swansea City,Denmark,EFL Championship,67,55,37,57,61,67,73,-1
Shiloh 't Zand,'t Zand,CAM++,Heracles Almelo,Netherlands,Eredivisie,67,76,67,63,70,54,63,-1
Nelson Abbey,Abbey,CB++,Swansea City,England,EFL Championship,67,74,25,47,56,66,71,-1
Nathaniel Adjei,Adjei,CB++,FC Lorient,Ghana,Ligue 2 BKT,67,78,25,44,57,66,71,-1
Bismark Adjei-Boateng,Adjei-Boateng,CDM++,Jeonbuk Hyundai,Ghana,K League 1,67,74,63,58,66,62,81,-1
Daniel Afriyie,Afriyie,ST++,FC Zürich,Ghana,CSSL,67,84,67,59,72,38,55,-1
Ebenezer Akinsanmiro,Akinsanmiro,CM++,Sampdoria,Nigeria,Serie BKT,67,76,67,67,70,61,72,-1
Fawaz Al Sagour,Al Sagour,RB++,Al Ittihad,Saudi Arabia,ROSHN Saudi League,67,92,45,61,64,55,64,-1
Baba Alhassan,Alhassan,CM++,FCSB,Ghana,SUPERLIGA,67,81,65,61,69,60,80,-1
Leonardo Alves Chú,Léo Chú,LM++,Sounders FC,Brazil,MLS,67,87,64,54,75,28,47,-1
Jamal Amofa,Amofa,CB++,Go Ahead Eagles,Netherlands,Eredivisie,67,75,34,49,65,65,73,-1
Jeppe Andersen,Andersen,CM++,Silkeborg IF,Denmark,3F Superliga,67,67,61,64,67,61,81,-1
Ryan Andrews,Andrews,RB++,Watford,England,EFL Championship,67,85,45,57,67,61,58,-1
Nilson Angulo,Angulo,LW++,RSC Anderlecht,Ecuador,1A Pro League,67,80,60,60,70,34,50,-1
Nicholas Pierini,Pierini,ST++,Venezia,Italy,Serie A TIM,67,85,65,61,70,39,62,-1
Shaquille Pinas,Pinas,LB++,Hammarby IF,Suriname,Allsvenskan,67,75,53,59,63,64,72,-1
Mitch Pinnock,Pinnock,CAM++,Northampton,England,EFL League One,67,80,66,68,66,50,71,-1
Morgan Poaty,Poaty,LB++,Lausanne-Sport,Congo,CSSL,67,86,49,52,65,63,73,-1
Ernest Poku,Poku,RW++,AZ,Netherlands,Eredivisie,67,92,60,56,72,29,60,-1
Daniel Popa,Popa,ST++,FCSB,Romania,SUPERLIGA,67,70,65,46,62,26,88,-1
Josip Radošević,Radošević,CDM++,Brøndby IF,Croatia,3F Superliga,67,52,58,60,56,65,79,-1
Jackson Ragen,Ragen,CB++,Sounders FC,United States,MLS,67,46,23,50,41,65,77,-1
Sean Raggett,Raggett,CB++,Rotherham Utd,England,EFL League One,67,51,42,43,45,66,84,-1
Matías Ramírez,Ramírez,LM++,Gimnasia,Argentina,LPF,67,79,58,63,76,35,57,-1
Joel Randall,Randall,CAM++,Peterborough,England,EFL League One,67,79,62,64,68,33,51,-1
Marco Rente,Rente,CB++,FC Groningen,Germany,Eredivisie,67,83,29,45,51,66,75,-1
Andrés Rentería,Rentería,ST++,Alianza FC,Colombia,Sudamericana,67,77,67,56,69,24,71,-1
Leandro Requena,Requena,GK++,Cobresal,Argentina,Libertadores,67,67,64,77,69,59,64,-1
Edisson Restrepo,Restrepo,CB++,Nacional Potosí,Colombia,Sudamericana,67,80,29,52,49,68,70,-1
Josh Risdon,Risdon,RB++,Perth Glory,Australia,A-League,67,74,48,58,62,63,80,-1
Iván Romero de Ávila,Iván Romero,ST++,Levante UD,Spain,LALIGA HYPERMOTION,67,84,64,59,69,42,59,-1
Raphael Rossi Branco,Raphael Rossi,CB++,Radomiak Radom,Brazil,PKO BP Ekstraklasa,67,76,37,48,54,64,80,-1
Oliver Burke,Burke,RM++,SV Werder Bremen,Scotland,Bundesliga,67,87,63,61,62,37,73,-1
Ousmane Camara,Camara,CB++,Angers SCO,France,Ligue 1 Uber Eats,67,37,47,57,57,65,77,-1
Cristian Cauz,Cauz,CB++,Modena,Italy,Serie BKT,67,75,50,59,62,66,67,-1
Tomás Cavanagh,Cavanagh,LB++,Vélez Sarsfield,Argentina,LPF,67,82,36,56,66,61,64,-1
Joseph Ceesay,Ceesay,RM++,Cesena,Sweden,Serie BKT,67,92,54,58,66,58,71,-1
Lallianzuala Chhangte,Chhangte,RW++,Mumbai City FC,India,Hero ISL,67,87,62,61,66,37,65,-1
Daniel Chima Chukwu,Chima Chukwu,ST++,Chennaiyin FC,Nigeria,Hero ISL,67,61,69,51,61,30,82,-1
Jeyson Chura,Chura,RM++,The Strongest,Bolivia,Libertadores,67,88,58,58,69,23,55,-1
Denilho Cleonise,Cleonise,RM++,RKC Waalwijk,Netherlands,Eredivisie,67,88,60,61,69,34,57,-1
Rubin Colwill,Colwill,CAM++,Cardiff City,Wales,EFL Championship,67,66,63,63,68,45,66,-1
Christian Conteh,Conteh,RW++,Braunschweig,Germany,Bundesliga 2,67,93,51,51,74,28,57,-1
Sirlord Conteh,Conteh,ST++,Heidenheim,Germany,Bundesliga,67,93,63,54,70,37,63,-1
Marcel Costly,Costly,RB++,FC Ingolstadt 04,Germany,3. Liga,67,88,52,56,67,56,71,-1
Ismaila Coulibaly,Coulibaly,CM++,Sheffield Utd,Mali,EFL Championship,67,77,63,62,70,62,68,-1
Iulian Cristea,Cristea,CB++,FC Univ. Cluj,Romania,SUPERLIGA,67,72,38,48,57,66,75,-1
Daniel Crowley,Crowley,CAM++,Notts County,England,EFL League Two,67,77,64,67,69,47,52,-1
Tendayi Darikwa,Darikwa,RB++,Lincoln City,Zimbabwe,EFL League One,67,84,50,61,63,62,76,-1
Simone Davi,Davi,LB++,Südtirol,Italy,Serie BKT,67,83,48,60,66,58,65,-1
Isaak Davies,Davies,ST++,Cardiff City,Wales,EFL Championship,67,83,65,51,68,24,58,-1
Brian De Keersmaecker,De Keersmaecker,CDM++,Heracles Almelo,Belgium,Eredivisie,67,76,53,64,66,61,70,-1
Alexander Jallow,Jallow,RB++,Brisigonza,Sweden,Serie BKT,67,82,55,58,67,60,68,-1
Woon Jeong,Jeong Woon,CB++,Jeju United,Korea Republic,K League 1,67,75,57,64,64,66,74,-1
Alberto Jiménez Benítez,Alberto Jiménez,CB++,CD Castellón,Spain,LALIGA HYPERMOTION,67,52,56,58,58,62,85,-1
Piotr Johansson,Johansson,RB++,Djurgårdens IF,Sweden,Allsvenskan,67,82,50,57,62,61,80,-1
Yusuf Kabadayi,Kabadayi,RM++,FC Augsburg,Germany,Bundesliga,67,87,63,56,71,21,58,-1
Damian Kądzior,Kądzior,RM++,Piast Gliwice,Poland,PKO BP Ekstraklasa,67,90,62,61,69,46,65,-1
Eric Kahl,Kahl,LB++,AGF,Sweden,3F Superliga,67,85,53,61,64,61,71,-1
Lovre Kalinić,Kalinić,GK++,Hajduk Split,Croatia,Liga Hrvatska,67,70,63,53,69,33,68,-1
David Kasumu,Kasumu,CDM++,Huddersfield,Nigeria,EFL League One,67,77,50,60,67,63,77,-1
Mads Kikkenborg,Kikkenborg,GK++,RSC Anderlecht,Denmark,1A Pro League,67,67,66,67,69,29,66,-1
Guy-Marcelin Kilama,Kilama,CB++,Hatayspor,Cameroon,Trendyol Süper Lig,67,74,38,57,61,66,76,-1
Bo Sub Kim,Kim Bo Sub,RW++,Incheon United,Korea Republic,K League 1,67,86,62,57,68,44,71,-1
Dawid Kurminowski,Kurminowski,ST++,Zagłębie Lubin,Poland,PKO BP Ekstraklasa,67,83,66,47,65,25,77,-1
Stefan Kutschke,Kutschke,ST++,Dynamo Dresden,Germany,3. Liga,67,49,68,46,56,39,84,-1
Macaulay Langstaff,Langstaff,ST++,Millwall,England,EFL Championship,67,81,66,54,66,36,68,-1
Jordan Lawrence-Gabriel,Lawrence-Gabriel,RB++,Blackpool,England,EFL League One,67,82,36,54,62,61,66,-1
Ben Lederman,Lederman,CM++,Raków,Poland,PKO BP Ekstraklasa,67,76,57,67,70,55,66,-1
Ho Jae Lee,Lee Ho Jae,ST++,Pohang Steelers,Korea Republic,K League 1,67,38,73,44,55,26,76,-1
Slobodan Rubežić,Rubežić,CB++,Aberdeen,Montenegro,cinch Prem,67,59,27,32,46,67,81,-1
Adrian Rus,Rus,CB++,Pisa,Romania,Serie BKT,67,72,47,54,59,66,73,-1
Amadou Sagna,Sagna,LM++,En Avant Guingamp,Senegal,Ligue 2 BKT,67,90,59,51,71,39,52,-1
Aldair Salazar,Salazar,CB++,Dep. Garcilaso,Peru,Sudamericana,67,72,56,57,66,67,72,-1
Mamadou Sangaré,Sangaré,CM++,SK Rapid Wien,Mali,Ö. Bundesliga,67,82,64,64,72,49,62,-1
Sergio Henrique Santos Gomes,Sergio Santos,ST++,FC Cincinnati,Brazil,MLS,67,90,62,55,68,28,68,-1
Abdoulie Sanyang,Sanyang,RM++,Hajduk Split,Gambia,Liga Hrvatska,67,86,60,58,72,40,60,-1
Kenneth Schmidt,Schmidt,CB++,SC Freiburg,Germany,Bundesliga,67,77,26,49,52,67,70,-1
Patrick Gilmar Sequeira,Sequeira,GK++,Casa Pia AC,Costa Rica,Liga Portugal,67,74,65,67,66,35,61,-1
Samuel Shashoua,Shashoua,ST++,Minnesota United,England,MLS,67,89,67,61,72,39,60,-1
Kalidou Sidibé,Sidibé,CDM++,En Avant Guingamp,France,Ligue 2 BKT,67,39,45,55,58,66,76,-1
Adam Sørensen,Sørensen,LB++,FK Bodø/Glimt,Denmark,Eliteserien,67,91,46,62,69,56,60,-1
Filip Stojilković,Stojilković,ST++,SV Darmstadt 98,Switzerland,Bundesliga 2,67,84,67,49,69,29,66,-1
Yusuf Demir,Demir,RM++,Galatasaray,Austria,Trendyol Süper Lig,67,79,59,61,76,19,47,-1
Hanwen Deng,Deng Hanwen,RB++,Wuhan 3 Towns,China PR,CSL,67,82,57,60,66,61,71,-1
Abdoulaye Diaby,Diaby,CB++,FC St. Gallen,Mali,CSSL,67,61,27,41,41,64,82,-1
Lamine Diack,Diack,CDM++,Hatayspor,Senegal,Trendyol Süper Lig,67,76,59,61,65,64,75,-1
Djibril Diani,Diani,CDM++,Charlotte FC,France,MLS,67,62,45,58,61,64,80,-1
Matisse Didden,Didden,CB++,FC Utrecht,Belgium,Eredivisie,67,54,36,55,57,64,77,-1
Greg Docherty,Docherty,CM++,Charlton Ath,Scotland,EFL League One,67,68,65,64,68,66,80,-1
Kyle Duncan,Duncan,RB++,Red Bulls,United States,MLS,67,83,44,51,67,63,71,-1
Juergen Elitim,Elitim,CM++,Legia Warszawa,Colombia,PKO BP Ekstraklasa,67,79,62,68,70,51,61,-1
Mustafa Eskihellaç,Eskihellaç,RM++,Gaziantep,Türkiye,Trendyol Süper Lig,67,86,55,59,68,53,59,-1
Noah Fadiga,Fadiga,RB++,KAA Gent,Senegal,1A Pro League,67,83,49,60,66,61,64,-1
Akin Famewo,Famewo,CB++,Sheffield Wed,England,EFL Championship,67,69,22,44,53,65,79,-1
Jacob Farrell,Farrell,LB++,Portsmouth,Australia,EFL Championship,67,64,43,49,59,66,79,-1
Rodi Ferreira,Ferreira,RB++,Sportivo Luqueño,Paraguay,Sudamericana,67,83,35,48,64,63,64,-1
Aden Flint,Flint,CB++,Mansfield Town,England,EFL League One,67,35,44,44,48,66,79,-1
Alessandro Fontanarosa,Fontanarosa,CB++,Lombardia FC,Italy,Serie A TIM,67,75,58,61,65,67,64,-1
Nils Fröling,Fröling,LM++,Hansa Rostock,Sweden,3. Liga,67,83,69,56,68,38,79,-1
Aldair Fuentes,Fuentes,CDM++,Alianza Lima,Peru,Libertadores,67,56,45,54,55,65,81,-1
Mender García,García,ST++,Indep. Medellín,Colombia,Sudamericana,67,81,68,45,66,25,68,-1
Johan Arath Gómez,Gómez,ST++,Braunschweig,United States,Bundesliga 2,67,83,64,56,71,38,67,-1
Joel Grodowski,Grodowski,ST++,Preußen Münster,Germany,Bundesliga 2,67,86,64,56,69,28,71,-1
Ahmet Gürleyen,Gürleyen,CB++,Hansa Rostock,Germany,3. Liga,67,72,37,44,41,64,82,-1
Maxwell Gyamfi,Gyamfi,CB++,VfL Osnabrück,Germany,3. Liga,67,86,38,52,56,65,77,-1
Bright Gyamfi,Gyamfi,RB++,Cosenza,Ghana,Serie BKT,67,85,32,56,61,60,70,-1
Mads Hansen,Hansen,RW++,FC Nordsjælland,Denmark,3F Superliga,67,75,66,58,69,41,63,-1
Mark Harris,Harris,ST++,Oxford United,Wales,EFL Championship,67,84,65,61,69,46,68,-1
Ramon Hendriks,Hendriks,CB++,VfB Stuttgart,Netherlands,Bundesliga,67,81,33,55,58,67,69,-1
Julian Hettwer,Hettwer,RM++,B. Dortmund II,Germany,3. Liga,67,90,65,55,68,33,62,-1
Dominic Iorfa,Iorfa,CB++,Sheffield Wed,England,EFL Championship,67,78,40,54,57,64,74,-1
Jefferson F. Isidio,Galego,LW++,Jeju United,Brazil,K League 1,67,88,65,59,70,48,61,-1
Sean Zawadzki,Zawadzki,CB++,Columbus Crew,United States,MLS,67,73,50,58,65,66,70,-1
Jean Zimmer,Zimmer,RB++,Kaiserslautern,Germany,Bundesliga 2,67,86,59,59,68,58,64,-1
Nino Žugelj,Žugelj,RW++,FK Bodø/Glimt,Slovenia,Eliteserien,67,81,59,62,68,33,64,-1
Julián Aude,Aude,LB++,LA Galaxy,Argentina,MLS,67,72,46,62,75,60,64,-1
Giuseppe Aurelio,Aurelio,LB++,Spezia,Italy,Serie BKT,67,83,63,63,66,60,74,-1
Janik Bachmann,Bachmann,CDM++,FC Schalke 04,Germany,Bundesliga 2,67,63,55,59,57,64,80,-1
Ștefan Baiaram,Baiaram,CAM++,Univ. Craiova,Romania,SUPERLIGA,67,84,59,61,69,29,60,-1
Saïd Bakari,Bakari,RB++,Sparta Rotterdam,Comoros,Eredivisie,67,78,57,60,67,61,74,-1
Radinio Balker,Balker,CB++,Huddersfield,Suriname,EFL League One,67,86,30,53,48,66,74,-1
Florian Ballas,Ballas,CB++,Jahn Regensburg,Germany,Bundesliga 2,67,54,41,43,38,66,78,-1
Marcel Bär,Bär,ST++,FC Erzgebirge Aue,Germany,3. Liga,67,82,65,60,66,40,67,-1
Jorge Luiz Barbosa Teixeira,Jorge Teixeira,ST++,Pohang Steelers,Brazil,K League 1,67,79,62,47,61,25,81,-1
Łukasz Bejger,Bejger,CB++,Śląsk Wrocław,Poland,PKO BP Ekstraklasa,67,78,31,51,56,67,70,-1
Ismajl Beka,Beka,CB++,FC Luzern,Kosovo,CSSL,67,57,39,44,43,65,74,-1
Moïse Bombito,Bombito,CB++,OGC Nice,Canada,Ligue 1 Uber Eats,67,91,47,57,62,66,70,-1
Robbie Brady,Brady,LB++,Preston,Republic of Ireland,EFL Championship,67,61,64,73,69,64,64,-1
Constantin Budescu,Budescu,LW++,FC Gloria Buzău,Romania,SUPERLIGA,67,39,70,75,71,26,50,-1
Oliver Bundgaard,Bundgaard,LB++,Viborg FF,Denmark,3F Superliga,67,84,49,59,66,60,60,-1
Valentín Burgoa,Burgoa,CAM++,Sarmiento,Argentina,LPF,67,77,57,63,73,54,60,-1
Esteban Burgos,Burgos,CB++,Ind. Rivadavia,Argentina,LPF,67,50,47,46,53,66,81,-1
Elías López,López,RB++,Sarmiento,Argentina,LPF,67,83,52,60,70,59,72,-1
Salem M'Bakata,M'Bakata,RB++,Gaziantep,France,Trendyol Süper Lig,67,83,31,59,61,63,71,-1
Matt Macey,Macey,GK++,Colchester,England,EFL League Two,67,69,66,64,66,39,65,-1
Jack MacKenzie,MacKenzie,LB++,Aberdeen,Scotland,cinch Prem,67,73,26,55,59,64,70,-1
Charalambos Makridis,Makridis,LM++,Preußen Münster,Germany,Bundesliga 2,67,87,68,58,68,24,56,-1
Luca Marseiler,Marseiler,ST++,SV Darmstadt 98,Germany,Bundesliga 2,67,83,67,59,72,36,60,-1
Diogo Martins Travassos,Diogo Travassos,RB++,Sporting CP,Portugal,Liga Portugal,67,83,49,62,69,61,66,-1
Amadou Mbengue,Mbengue,CB++,Reading,Senegal,EFL League One,67,81,31,49,54,66,72,-1
Marcus McGuane,McGuane,CDM++,Bristol City,England,EFL Championship,67,79,47,64,69,59,72,-1
Richmond Tachie,Tachie,ST++,Kaiserslautern,Germany,Bundesliga 2,67,87,65,59,70,28,64,-1
Long Tan,Tan Long,LM++,Changchun Yatai,China PR,CSL,67,71,68,61,65,36,75,-1
Steffen Tigges,Tigges,ST++,1. FC Köln,Germany,Bundesliga 2,67,55,66,57,57,45,81,-1
Joaquín Torres,Torres,CAM++,Uni. Católica,Argentina,Sudamericana,67,78,59,61,75,34,48,-1
Derrick Katuku Tshimanga,Tshimanga,LB++,K. Beerschot VA,Belgium,1A Pro League,67,84,56,59,67,62,64,-1
Brayan Véjar,Véjar,LB++,Palestino,Chile,Libertadores,67,89,51,61,70,58,68,-1
Christian Viet,Viet,CAM++,Jahn Regensburg,Germany,Bundesliga 2,67,74,52,66,69,59,68,-1
Joe Ward,Ward,RB++,Derby County,England,EFL Championship,67,82,56,64,69,59,60,-1
Kane Wilson,Wilson,RB++,Derby County,England,EFL Championship,67,85,52,60,70,57,70,-1
Henry Wingo,Wingo,CB++,Toronto FC,United States,MLS,67,72,55,64,66,67,70,-1
Nicholas Pierini,Pierini,ST++,Sassuolo,Italy,Serie BKT,67,85,65,61,70,39,62,-1
Tomás Cavanagh,Cavanagh,LB++,Tigre,Argentina,LPF,67,82,36,56,66,61,64,-1
Matías Ramírez,Ramírez,LM++,Defensa,Argentina,LPF,67,79,58,63,76,35,57,-1
Alessandro Fontanarosa,Fontanarosa,CB++,Reggiana,Italy,Serie BKT,67,75,58,61,65,67,64,-1
Diogo Martins Travassos,Diogo Travassos,RB++,Estrela Amadora,Portugal,Liga Portugal,67,83,49,62,69,61,66,-1
Joaquín Torres,Torres,CAM++,Philadelphia,Argentina,MLS,67,78,59,61,75,34,48,-1
Ismaila Coulibaly,Coulibaly,CM++,LASK,Mali,Ö. Bundesliga,67,77,63,62,70,62,68,-1
Kenneth Schmidt,Schmidt,CB++,Hannover 96,Germany,Bundesliga 2,67,77,26,49,52,67,70,-1
Joel Randall,Randall,CAM++,Bolton,England,EFL League One,67,79,62,64,68,33,51,-1
Nelson Abbey,Abbey,CB++,Rio Ave FC,England,Liga Portugal,67,74,25,47,56,66,71,-1
Orji Okwonkwo,Okwonkwo,ST++,Cittadella,Nigeria,Serie BKT,67,90,67,60,67,42,70,-1
Daniel Crowley,Crowley,CAM++,MK Dons,England,EFL League Two,67,77,64,67,69,47,52,-1
Leonardo Alves Chú,Léo Chú,LM++,FC Dallas,Brazil,MLS,67,87,64,54,75,28,47,-1
Ruan Gregório Teixeira,Ruan,RB++,FC Dallas,Brazil,MLS,66,92,31,60,67,55,66,-1
Alvas Powell,Powell,RB++,FC Cincinnati,Jamaica,MLS,66,92,45,55,63,58,74,-1
Anthony Gonçalves,Gonçalves,RB++,Stade Lavallois,France,Ligue 2 BKT,66,47,54,65,67,63,79,-1
Charlie Goode,Goode,CB++,Stevenage,England,EFL League One,66,54,32,48,54,65,73,-1
Tarik Gözüsirin,Gözüsirin,CAM++,Wehen Wiesbaden,Türkiye,3. Liga,66,77,60,64,70,53,68,-1
Tomás Guidara,Guidara,RB++,Vélez Sarsfield,Argentina,LPF,66,83,41,56,67,60,72,-1
Julian Guttau,Guttau,CAM++,1860 München,Germany,3. Liga,66,82,59,62,69,38,62,-1
Reeco Hackett,Hackett,LM++,Lincoln City,St. Lucia,EFL League One,66,80,65,60,65,50,66,-1
Daniel Håkans,Håkans,RW++,Lech Poznań,Finland,PKO BP Ekstraklasa,66,90,57,54,69,30,56,-1
Tom Hamer,Hamer,RB++,Lincoln City,England,EFL League One,66,70,48,57,60,61,82,-1
CJ Hamilton,Hamilton,RB++,Blackpool,Republic of Ireland,EFL League One,66,89,59,59,64,56,66,-1
Cameron Harper,Harper,RM++,Red Bulls,United States,MLS,66,86,58,52,70,49,58,-1
Jakob Haugaard,Haugaard,GK++,Tromsø IL,Denmark,Eliteserien,66,65,66,71,64,40,64,-1
Rodrigo Santana da Silva,Rodrigo Henrique,CAM++,Meizhou Hakka,Brazil,CSL,66,78,59,60,71,28,62,-1
Sebastian S. Sebulonsen,Sebulonsen,RB++,Brøndby IF,Norway,3F Superliga,66,82,59,59,63,57,74,-1
Demba Seck,Seck,RM++,Catanzaro,Senegal,Serie BKT,66,75,65,57,73,30,53,-1
Viljami Sinisalo,Sinisalo,GK++,Celtic,Finland,cinch Prem,66,68,65,66,68,27,64,-1
Sondre Sørli,Sørli,RW++,FK Bodø/Glimt,Norway,Eliteserien,66,90,59,62,66,53,59,-1
Lukas Sulzbacher,Sulzbacher,CM++,WSG Tirol,Austria,Ö. Bundesliga,66,77,51,61,67,61,66,-1
Iebe Swers,Swers,RB++,KV Mechelen,Belgium,1A Pro League,66,86,52,61,67,58,64,-1
Ryan Tafazolli,Tafazolli,CB++,Wycombe,England,EFL League One,66,38,28,42,46,65,76,-1
Mehdi Tahrat,Tahrat,CB++,ESTAC Troyes,Algeria,Ligue 2 BKT,66,44,26,54,52,66,72,-1
Joe Taylor,Taylor,ST++,Luton Town,Wales,EFL Championship,66,85,65,49,64,35,68,-1
Junior Tchamadeu,Tchamadeu,RB++,Stoke City,Cameroon,EFL Championship,66,82,54,57,66,58,71,-1
Gi Hyeok Lee,Lee Gi Hyeok,CB++,Gangwon FC,Korea Republic,K League 1,66,77,55,55,65,63,77,-1
Jin Hyun Lee,Lee Jin Hyun,CM++,Puszcza,Korea Republic,PKO BP Ekstraklasa,66,78,55,66,71,53,59,-1
Doron Leidner,Leidner,LB++,FC Zürich,Israel,CSSL,66,84,49,59,66,60,59,-1
Victor Lind,Lind,LM++,FC Midtjylland,Denmark,3F Superliga,66,86,63,57,66,42,62,-1
Lars Lokotsch,Lokotsch,ST++,SC Verl,Germany,3. Liga,66,71,63,50,60,36,83,-1
Martín Luciano,Luciano,LB++,Godoy Cruz,Argentina,LPF,66,82,33,53,64,60,60,-1
Valgeir Lunddal,Lunddal,RB++,BK Häcken,Iceland,Allsvenskan,66,70,31,51,56,63,78,-1
Luís Carlos Machado Mata,Luís Mata,LB++,Zagłębie Lubin,Portugal,PKO BP Ekstraklasa,66,83,35,58,64,60,58,-1
José Martínez Marsà,José Marsà,CB++,KV Mechelen,Spain,1A Pro League,66,76,30,50,60,65,72,-1
Callum McCowatt,McCowatt,CAM++,Silkeborg IF,New Zealand,3F Superliga,66,76,66,64,66,52,67,-1
Yaimar Medina,Medina,LB++,Independiente DV,Ecuador,Libertadores,66,91,55,60,63,56,58,-1
Joelson Augusto Mendes Mango,Joelson Fernandes,RM++,Hatayspor,Portugal,Trendyol Süper Lig,66,89,57,57,73,24,42,-1
Tian Ming,Ming Tian,RB++,Tianjin JMT FC,China PR,CSL,66,85,35,55,61,59,66,-1
Leonardo Miramar Rocha,Leonardo Rocha,ST++,Radomiak Radom,Portugal,PKO BP Ekstraklasa,66,55,65,49,62,21,68,-1
Manuel Palacios,Palacios,LW++,Rongcheng FC,Colombia,CSL,66,90,58,58,68,45,73,-1
Diego Penny,Penny,GK++,Dep. Garcilaso,Peru,Sudamericana,66,66,68,56,64,62,69,-1
Daniel Pereira,Dani Pereira,CM++,Austin FC,Venezuela,MLS,66,80,53,63,72,58,64,-1
Daniel Phillips,Phillips,CDM++,Stevenage,Trinidad and Tobago,EFL League One,66,76,51,57,62,62,79,-1
Arkadiusz Pyrka,Pyrka,RB++,Piast Gliwice,Poland,PKO BP Ekstraklasa,66,84,59,59,65,60,53,-1
Constantin Reiner,Reiner,CB++,Piast Gliwice,Austria,PKO BP Ekstraklasa,66,39,29,54,40,65,78,-1
Simón Rivero,Rivero,CM++,Unión,Argentina,LPF,66,79,58,63,71,53,62,-1
Fabian Rohner,Rohner,RM++,FC Winterthur,Switzerland,CSSL,66,88,58,55,68,51,54,-1
Álvaro Romero Morillo,Romero,LM++,CD Tenerife,Spain,LALIGA HYPERMOTION,66,87,57,60,69,34,42,-1
Nicolas Samayoa,Samayoa,CB++,Politehnica Iași,Guatemala,SUPERLIGA,66,55,34,40,41,64,81,-1
Diomar Díaz,Díaz,CM++,Dep. Táchira,Venezuela,Libertadores,66,79,68,63,67,47,66,-1
Djibril Thialaw Diop,Diop,CB++,Viking FK,Senegal,Eliteserien,66,73,35,47,59,64,75,-1
Ben Doak,Doak,RW++,Liverpool,Scotland,Premier League,66,89,56,53,70,28,52,-1
Ender Echenique,Echenique,RM++,Caracas F.C.,Venezuela,Libertadores,66,78,62,52,71,23,45,-1
Anosike Ementa,Ementa,ST++,Viborg FF,Denmark,3F Superliga,66,64,62,52,62,26,77,-1
Lawrence Ennali,Ennali,LM++,Houston Dynamo,Germany,MLS,66,90,59,54,70,28,51,-1
Niall Ennis,Ennis,ST++,Stoke City,England,EFL Championship,66,82,64,53,67,40,69,-1
Brooklyn Ezeh,Ezeh,LB++,Hannover 96,Germany,Bundesliga 2,66,80,42,59,65,59,72,-1
Edder Farías,Farías,ST++,Dep. La Guaira,Venezuela,Sudamericana,66,61,65,52,60,27,76,-1
Aldo Florenzi,Florenzi,CM++,Cosenza,Italy,Serie BKT,66,82,61,65,69,54,69,-1
Deybi Flores,Flores,CDM++,Toronto FC,Honduras,MLS,66,77,47,59,60,65,71,-1
Lukas Fröde,Fröde,CDM++,FC Ingolstadt 04,Germany,3. Liga,66,40,48,57,57,65,80,-1
Mohammed Fuseini,Fuseini,ST++,R. Union St.-G.,Ghana,1A Pro League,66,90,65,58,70,26,44,-1
Tomás Galván,Galván,CAM++,Tigre,Argentina,LPF,66,76,61,63,71,35,46,-1
Jens Martin Gammelby,Gammelby,RB++,Silkeborg IF,Denmark,3F Superliga,66,71,58,59,63,60,77,-1
Franco Emanuel García,García,RW++,Cobresal,Argentina,Libertadores,66,90,52,61,68,34,56,-1
Jason Geria,Geria,RB++,Melb. Victory,Australia,A-League,66,72,37,54,59,62,80,-1
Gerson Barreto,Barreto,CM++,UCV,Peru,Sudamericana,66,64,72,66,69,55,67,-1
Liam Bennett,Bennett,RB++,Cambridge Utd,England,EFL League One,66,83,34,56,66,58,64,-1
Loïc Bessilé,Bessilé,CB++,USL Dunkerque,Togo,Ligue 2 BKT,66,74,36,52,61,64,72,-1
Emmanuel Boateng,Boateng,LM++,New England,Ghana,MLS,66,89,61,60,67,41,63,-1
Solomon Bonnah,Bonnah,RB++,Austria Klagenfurt,Netherlands,Ö. Bundesliga,66,87,38,53,67,58,50,-1
Joseph Boyamba,Boyamba,LM++,SV Elversberg,Germany,Bundesliga 2,66,86,62,57,71,29,56,-1
Sonny Bradley,Bradley,CB++,Derby County,England,EFL Championship,66,46,29,45,46,66,72,-1
Frederik Brandhof,Brandhof,CM++,AGF,Denmark,3F Superliga,66,79,60,64,69,63,77,-1
Charles-Andreas Brym,Brym,ST++,Sparta Rotterdam,Canada,Eredivisie,66,83,65,54,65,28,69,-1
Kevin Bua,Bua,CDM++,FC Sion,Switzerland,CSSL,66,81,65,65,69,60,65,-1
Sergiy Buletsa,Buletsa,CAM++,Lechia Gdańsk,Ukraine,PKO BP Ekstraklasa,66,78,57,64,67,38,56,-1
Rocky Bushiri,Bushiri,CB++,Hibernian,Congo DR,cinch Prem,66,60,26,40,45,63,82,-1
Kaan Caliskaner,Caliskaner,CAM++,Motor Lublin,Germany,PKO BP Ekstraklasa,66,77,62,55,66,24,71,-1
Álvaro Campuzano,Campuzano,CDM++,Libertad,Paraguay,Libertadores,66,67,46,56,61,60,79,-1
Cihan Çanak,Çanak,CAM++,Trabzonspor,Belgium,Trendyol Süper Lig,66,80,58,64,75,39,50,-1
Caspar Jander,Jander,CM++,1. FC Nürnberg,Germany,Bundesliga 2,66,76,47,65,70,61,66,-1
Ewen Jaouen,Jaouen,GK++,USL Dunkerque,France,Ligue 2 BKT,66,69,63,64,67,32,65,-1
Dennis Jastrzembski,Jastrzembski,LM++,Düsseldorf,Germany,Bundesliga 2,66,87,57,62,66,35,60,-1
Magnus R. Jensen,Jensen,CB++,Lyngby BK,Denmark,3F Superliga,66,47,49,46,54,64,79,-1
Sang Bin Jeong,Jeong Sang Bin,ST++,Minnesota United,Korea Republic,MLS,66,87,62,57,69,24,66,-1
Derrick Jones,Jones,CDM++,Columbus Crew,United States,MLS,66,70,53,59,61,62,81,-1
Antoine Joujou,Joujou,RM++,Havre AC,France,Ligue 1 Uber Eats,66,69,65,59,68,22,53,-1
Steve Kapuadi,Kapuadi,CB++,Legia Warszawa,France,PKO BP Ekstraklasa,66,60,25,40,36,65,78,-1
Dan Kemp,Kemp,CAM++,Stevenage,England,EFL League One,66,80,62,62,68,30,44,-1
Dong Min Kim,Kim Dong Min,CB++,Incheon United,Korea Republic,K League 1,66,76,38,50,60,65,76,-1
In Kyun Kim,Kim In Kyun,ST++,Daejeon Citizen,Korea Republic,K League 1,66,92,63,54,70,48,63,-1
Eric Bugale Kitolano,Kitolano,CAM++,Lillestrøm SK,Norway,Eliteserien,66,83,63,60,68,50,64,-1
Patryk Klimala,Klimala,ST++,Śląsk Wrocław,Poland,PKO BP Ekstraklasa,66,81,63,49,65,30,74,-1
Ben Lhassine Kone,Kone,CM++,Como,Côte d'Ivoire,Serie A TIM,66,76,61,64,72,56,63,-1
Owusu Kwabena,Kwabena,ST++,Ferencvárosi TC,Ghana,Magyar Liga,66,81,65,58,69,26,56,-1
Hyeok Kyu Kwon,Kwon Hyeok Kyu,CDM++,Hibernian,Korea Republic,cinch Prem,66,68,48,59,60,60,82,-1
Lassi Lappalainen,Lappalainen,LM++,CF Montréal,Finland,MLS,66,86,59,58,65,53,61,-1
Japhet Sery Larsen,Larsen,CB++,SK Brann,Denmark,Eliteserien,66,78,41,56,62,64,74,-1
Aleks Ławniczak,Ławniczak,CB++,Zagłębie Lubin,Poland,PKO BP Ekstraklasa,66,84,27,41,40,64,75,-1
Jamie Lawrence,Lawrence,CB++,WSG Tirol,Germany,Ö. Bundesliga,66,60,26,48,40,67,72,-1
Adrien Lebeau,Lebeau,CAM++,Hansa Rostock,France,3. Liga,66,74,59,63,70,47,51,-1
Milen Zhelev,Zhelev,RB++,SC Oțelul Galați,Bulgaria,SUPERLIGA,66,67,30,47,56,64,78,-1
Ricardo Centurión,Centurión,CAM++,Vélez Sarsfield,Argentina,LPF,66,70,54,66,76,40,49,-1
Edward Chilufya,Chilufya,ST++,FC Midtjylland,Zambia,3F Superliga,66,91,67,59,74,30,57,-1
Young Wook Cho,Cho Young Wook,ST++,FC Seoul,Korea Republic,K League 1,66,81,66,57,69,29,68,-1
Riccardo Ciervo,Ciervo,RM++,Cosenza,Italy,Serie BKT,66,78,61,60,67,54,62,-1
Lautaro Comas,Comas,LM++,Sportivo Luqueño,Argentina,Sudamericana,66,80,64,61,66,25,42,-1
Mael Corboz,Corboz,CM++,Arminia Bielefeld,United States,3. Liga,66,77,58,64,67,60,72,-1
Marrony da Silva L. S.,Marrony,RW++,FC Midtjylland,Brazil,3F Superliga,66,88,64,53,67,43,64,-1
Yannick Deichmann,Deichmann,CM++,FC Ingolstadt 04,Germany,3. Liga,66,78,61,64,68,60,78,-1
Dawid Abramowicz,Abramowicz,LB++,Puszcza,Poland,PKO BP Ekstraklasa,66,75,58,64,55,59,79,-1
Radhi Al Otaibi,Al Otaibi,RB++,Ettifaq FC,Saudi Arabia,ROSHN Saudi League,66,87,45,60,65,56,63,-1
Hamdan Al Shamrani,Al Shamrani,LB++,Al Kholood,Saudi Arabia,ROSHN Saudi League,66,92,54,53,61,57,77,-1
Ajibola Alese,Alese,LB++,Sunderland,England,EFL Championship,66,75,33,52,60,66,74,-1
Michael Ameyaw,Ameyaw,RM++,Piast Gliwice,Poland,PKO BP Ekstraklasa,66,86,65,59,66,27,58,-1
Frederic Ananou,Ananou,RB++,STVV,Togo,1A Pro League,66,86,44,51,63,62,73,-1
Hugo Andersson,Andersson,CB++,Randers FC,Sweden,3F Superliga,66,43,29,46,48,66,74,-1
Izuchukwu Anthony,Anthony,CB++,Nantong Zhiyun FC,Nigeria,CSL,66,82,27,46,58,65,75,-1
Daniel Anyembe,Anyembe,CB++,Viborg FF,Kenya,3F Superliga,66,81,45,60,67,66,69,-1
Francisco Arancibia,Arancibia,RM++,Uni. Católica,Chile,Sudamericana,66,90,50,61,69,34,39,-1
Loide Augusto,Augusto,RB++,Alanyaspor,Angola,Trendyol Süper Lig,66,82,59,61,68,59,64,-1
Elves Umar Baldé,Elves Baldé,RW++,Farense,Portugal,Liga Portugal,66,90,53,58,74,26,45,-1
Axel Bamba,Bamba,CB++,AC Ajaccio,Côte d'Ivoire,Ligue 2 BKT,66,78,33,54,56,64,76,-1
Hassane Bandé,Bandé,ST++,HJK Helsinki,Burkina Faso,Finnliiga,66,86,65,58,69,30,63,-1
Jeyland Mitchell,Mitchell,CB++,Feyenoord,Costa Rica,Eredivisie,66,78,33,38,40,64,76,-1
Seon Min Moon,Moon Seon Min,LM++,Jeonbuk Hyundai,Korea Republic,K League 1,66,89,67,54,69,36,57,-1
Ibrahim Mustapha,Mustapha,ST++,LASK,Ghana,Ö. Bundesliga,66,88,63,59,68,40,69,-1
Konan N'Dri,N'Dri,RM++,OH Leuven,Côte d'Ivoire,1A Pro League,66,87,63,59,69,55,64,-1
Adi Nalić,Nalić,CAM++,Almere City FC,Bosnia and Herzegovina,Eredivisie,66,79,66,58,69,43,71,-1
Jhon Narváez,Narváez,CB++,ADT,Ecuador,Sudamericana,66,72,26,50,57,66,68,-1
Jayden Nelson,Nelson,LW++,Rosenborg BK,Canada,Eliteserien,66,89,58,58,71,48,47,-1
Sam Nombe,Nombe,ST++,Rotherham Utd,England,EFL League One,66,91,65,54,65,31,70,-1
Hernán Novick,Novick,CAM++,Danubio,Uruguay,Sudamericana,66,57,67,73,63,34,50,-1
Nachon Nsingi,Nsingi,ST++,OH Leuven,Belgium,1A Pro League,66,83,65,58,69,26,60,-1
Emmanuel Ntim,Ntim,CB++,SM Caen,Ghana,Ligue 2 BKT,66,80,25,53,55,66,72,-1
Atdhe Nuhiu,Nuhiu,ST++,SCR Altach,Kosovo,Ö. Bundesliga,66,30,65,58,60,39,83,-1
Eoghan O'Connell,O'Connell,CB++,Wrexham AFC,Republic of Ireland,EFL League One,66,59,41,49,54,63,81,-1
Paudie O'Connor,O'Connor,CB++,Lincoln City,Republic of Ireland,EFL League One,66,49,25,40,49,64,81,-1
Takuya Ogiwara,Ogiwara,LB++,Dinamo Zagreb,Japan,Liga Hrvatska,66,82,59,64,66,55,71,-1
Arthur Okonkwo,Okonkwo,GK++,Wrexham AFC,England,EFL League One,66,65,65,63,66,44,67,-1
Elías Rafn Ólafsson,Ólafsson,GK++,FC Midtjylland,Iceland,3F Superliga,66,68,68,55,66,33,67,-1
Kazeem Olaigbe,Olaigbe,LM++,Cercle Brugge,Belgium,1A Pro League,66,90,60,58,68,33,60,-1
Nathan Opoku,Opoku,ST++,Leicester City,Ghana,Premier League,66,81,68,54,66,24,61,-1
Raul Opruț,Opruț,LB++,FC Dinamo 1948,Romania,SUPERLIGA,66,82,36,55,62,60,71,-1
Severin Ottiger,Ottiger,RB++,FC Luzern,Switzerland,CSSL,66,71,48,59,67,61,69,-1
Blair Turgott,Turgott,ST++,Halmstads BK,Jamaica,Allsvenskan,66,82,66,57,68,25,71,-1
Pol Valentín Sancho,Pol Valentín,RB++,Sheffield Wed,Spain,EFL Championship,66,89,39,56,66,58,67,-1
Stipe Vulikić,Vulikić,CB++,Sampdoria,Croatia,Serie BKT,66,49,36,46,43,67,68,-1
Ibrahima Wadji,Wadji,ST++,AS Saint-Étienne,Senegal,Ligue 1 Uber Eats,66,89,65,55,69,27,67,-1
Mateusz Wdowiak,Wdowiak,LM++,Zagłębie Lubin,Poland,PKO BP Ekstraklasa,66,91,57,57,68,42,59,-1
Leo Weinkauf,Weinkauf,GK++,Hannover 96,Germany,Bundesliga 2,66,65,67,53,71,35,69,-1
Brendan Wiredu,Wiredu,CB++,Fleetwood Town,England,EFL League Two,66,79,56,60,65,64,76,-1
Malick Yalcouyé,Yalcouyé,CM++,Brighton,Mali,Premier League,66,82,55,55,68,61,66,-1
William Yarbrough,Yarbrough,GK++,SJ Earthquakes,United States,MLS,66,65,64,66,66,58,66,-1
Kusini Yengi,Yengi,ST++,Portsmouth,Australia,EFL Championship,66,81,65,54,68,30,79,-1
Malick Yalcouyé,Yalcouyé,CM++,SK Sturm Graz,Mali,Ö. Bundesliga,66,82,55,55,68,61,66,-1
Patryk Klimala,Klimala,ST++,Sydney FC,Poland,A-League,66,81,63,49,65,30,74,-1
Jayden Nelson,Nelson,LW++,SSV Ulm 1846,Canada,Bundesliga 2,66,89,58,58,71,48,47,-1
Joseph Boyamba,Boyamba,LM++,Rot-Weiss Essen,Germany,3. Liga,66,86,62,57,71,29,56,-1
Valgeir Lunddal,Lunddal,RB++,Düsseldorf,Iceland,Bundesliga 2,66,70,31,51,56,63,78,-1
Michael Ameyaw,Ameyaw,RM++,Raków,Poland,PKO BP Ekstraklasa,66,86,65,59,66,27,58,-1
Ben Doak,Doak,RW++,Middlesbrough,Scotland,EFL Championship,66,89,56,53,70,28,52,-1
Nachon Nsingi,Nsingi,ST++,USL Dunkerque,Belgium,Ligue 2 BKT,66,83,65,58,69,26,60,-1
Djibril Thialaw Diop,Diop,CB++,Yverdon Sport FC,Senegal,CSSL,66,73,35,47,59,64,75,-1
Elves Umar Baldé,Elves Baldé,RW++,Farense,Guinea-Bissau,Liga Portugal,66,90,53,58,74,26,45,-1
Seon Min Moon,Moon Seon Min,LM++,FC Seoul,Korea Republic,K League 1,66,89,67,54,69,36,57,-1
Charles-Andreas Brym,Brym,ST++,Almere City FC,Canada,Eredivisie,66,83,65,54,65,28,69,-1
Tian Ming,Ming Tian,RB++,Shanghai Port,China PR,CSL,66,85,35,55,61,59,66,-1
Jin Hyun Lee,Lee Jin Hyun,CM++,Ulsan Hyundai,Korea Republic,K League 1,66,78,55,66,71,53,59,-1
Sonny Bradley,Bradley,CB++,Wycombe,England,EFL League One,66,46,29,45,46,66,72,-1
Stipe Vulikic,Vulikic,CB++,Modena,Croatia,Serie BKT,66,49,36,46,43,67,68,-1
Niall Ennis,Ennis,ST++,Blackpool,England,EFL League One,66,82,64,53,67,40,69,-1
Martín Luciano,Luciano,LB++,Newell's,Argentina,LPF,66,82,33,53,64,60,60,-1
Frederic Ananou,Ananou,RB++,Jahn Regensburg,Togo,Bundesliga 2,66,86,44,51,63,62,73,-1
Lassi Lappalainen,Lappalainen,LM++,Columbus Crew,Finland,MLS,66,86,59,58,65,53,61,-1
Tomás Guidara,Guidara,RB++,Huracán,Argentina,LPF,66,83,41,56,67,60,72,-1
Joe Taylor,Taylor,ST++,Huddersfield,Wales,EFL League One,66,85,65,49,64,35,68,-1
Yaimar Medina,Medina,LB++,KRC Genk,Ecuador,1A Pro League,66,91,55,60,63,56,58,-1
Leonardo Miramar Rocha,Leonardo Rocha,ST++,Raków,Portugal,PKO BP Ekstraklasa,66,55,65,49,62,21,68,-1
Leandro Morgalla,Morgalla,CB++,RB Salzburg,Germany,Ö. Bundesliga,65,73,37,48,55,65,70,-1
Bryan Okoh,Okoh,CB++,RB Salzburg,Switzerland,Ö. Bundesliga,65,72,31,53,59,61,75,-1
Christopher Scott,Scott,CAM++,Royal Antwerp FC,Germany,1A Pro League,65,78,63,57,70,26,51,-1
Alessandro Sersanti,Sersanti,CM++,Reggiana,Italy,Serie BKT,65,77,53,65,66,62,67,-1
Nicolás Sessa,Sessa,CAM++,VfB Stuttgart II,Germany,3. Liga,65,77,57,61,71,33,52,-1
Alen Sherri,Sherri,GK++,Cagliari,Albania,Serie A TIM,65,66,61,61,68,34,63,-1
Sam Sherring,Sherring,CB++,MK Dons,England,EFL League Two,65,77,31,49,54,64,74,-1
Arne Sicker,Sicker,LB++,SV Elversberg,Germany,Bundesliga 2,65,83,32,57,64,59,57,-1
Gabriel Simion,Simion,CDM++,FC Univ. Cluj,Romania,SUPERLIGA,65,76,47,58,61,63,73,-1
Patrick Soko,Soko,RM++,SD Huesca,Cameroon,LALIGA HYPERMOTION,65,87,61,54,65,32,65,-1
Julio Soler,Soler,LB++,Lanús,Argentina,Sudamericana,65,82,41,49,62,62,60,-1
Ruel Sotiriou,Sotiriou,ST++,Bristol Rovers,Cyprus,EFL League One,65,83,65,56,69,22,62,-1
Abdoul Fessal Tapsoba,Tapsoba,ST++,Standard Liège,Burkina Faso,1A Pro League,65,83,66,54,67,22,54,-1
Cedric Wilfred Teguía Noubi,Cedric Teguía,LM++,FC Cartagena,Spain,LALIGA HYPERMOTION,65,80,61,61,62,54,74,-1
Kay Tejan,Tejan,ST++,USL Dunkerque,Netherlands,Ligue 2 BKT,65,68,62,53,67,32,84,-1
Tesfaldet Tekie,Tekie,CM++,Hammarby IF,Sweden,Allsvenskan,65,76,56,65,71,50,56,-1
Tonio Teklić,Teklić,CAM++,Trabzonspor,Croatia,Trendyol Süper Lig,65,81,60,62,67,34,63,-1
Andrea Tessiore,Tessiore,CAM++,Cittadella,Italy,Serie BKT,65,76,64,65,63,58,60,-1
Benjamin Kanuric,Kanuric,LM++,FC Ingolstadt 04,Austria,3. Liga,65,59,53,66,65,57,74,-1
Davis Keillor-Dunn,Keillor-Dunn,CAM++,Mansfield Town,England,EFL League One,65,78,64,58,69,39,65,-1
Lukas Klünter,Klünter,RB++,SV Waldhof,Germany,3. Liga,65,83,41,53,62,61,68,-1
Erling Knudtzon,Knudtzon,RB++,Lillestrøm SK,Norway,Eliteserien,65,83,58,58,63,57,68,-1
Giorgos Koutsias,Koutsias,ST++,Chicago Fire FC,Greece,MLS,65,86,64,43,64,22,68,-1
Leroy Kwadwo,Kwadwo,CB++,1860 München,Germany,3. Liga,65,76,30,52,59,65,71,-1
Bosun Lawal,Lawal,CM++,Stoke City,Republic of Ireland,EFL Championship,65,71,60,64,63,64,79,-1
Dexter Lembikisa,Lembikisa,RB++,Wolves,Jamaica,Premier League,65,83,43,55,60,60,60,-1
Isac Lidberg,Lidberg,ST++,SV Darmstadt 98,Sweden,Bundesliga 2,65,77,60,52,60,39,81,-1
Joe Low,Low,CB++,Wycombe,Wales,EFL League One,65,52,28,40,45,64,74,-1
Matias Cavalleri,Cavalleri,RW++,Unión La Calera,Chile,Sudamericana,65,81,61,59,68,32,57,-1
Joseph Champness,Champness,LW++,Auckland FC,New Zealand,A-League,65,82,61,56,68,24,59,-1
Martín Chiatti,Chiatti,CB++,Wilstermann,Argentina,Sudamericana,65,62,31,56,53,63,71,-1
Caden Clark,Clark,CAM++,CF Montréal,United States,MLS,65,78,61,62,68,46,60,-1
Facinet Conte,Conte,ST++,BSC Young Boys,Guinea,CSSL,65,83,64,45,67,19,50,-1
Anderson Contreras,Contreras,CM++,Caracas F.C.,Venezuela,Libertadores,65,62,61,62,65,57,67,-1
Juan Cornejo,Cornejo,CB++,Coquimbo Unido,Chile,Sudamericana,65,74,57,63,63,63,72,-1
Cristian Costin,Costin,RB++,FC Dinamo 1948,Romania,SUPERLIGA,65,83,53,58,65,58,67,-1
Marc Dal Hende,Dal Hende,LB++,Sønderjyske,Denmark,3F Superliga,65,67,57,58,62,62,81,-1
Luís Phelipe De Souza Figueiredo,Luís Phelipe,LW++,FCSB,Brazil,SUPERLIGA,65,79,56,61,70,45,69,-1
Robson Leandro Dos Santos,Robson,CB++,Wilstermann,Brazil,Sudamericana,65,73,38,51,44,62,76,-1
Anderson Dos Santos Gomes,Anderson,RM++,Blau-Weiss Linz,Brazil,Ö. Bundesliga,65,77,55,56,67,62,76,-1
Issiar Dramé,Dramé,CB++,Estrela Amadora,Mali,Liga Portugal,65,68,26,40,49,65,70,-1
Malcom Edjouma,Edjouma,CM++,FCSB,Morocco,SUPERLIGA,65,64,62,61,63,66,84,-1
Noah Eile,Eile,CB++,Red Bulls,Sweden,MLS,65,73,26,45,49,63,72,-1
Ivan Filipović,Filipović,GK++,Dinamo Zagreb,Croatia,Liga Hrvatska,65,66,61,60,68,25,64,-1
Per Frick,Frick,ST++,IF Elfsborg,Sweden,Allsvenskan,65,74,62,57,59,36,85,-1
Declan Gallagher,Gallagher,CB++,Dundee United,Scotland,cinch Prem,65,31,31,47,47,64,76,-1
Ben Garrity,Garrity,CM++,Port Vale,England,EFL League Two,65,79,61,60,64,62,74,-1
Alex Gilbey,Gilbey,CAM++,MK Dons,England,EFL League Two,65,78,63,61,65,58,80,-1
Miguel Gomes da Silva,Miguel Silva,LB++,SC Oțelul Galați,Portugal,SUPERLIGA,65,74,40,56,63,58,73,-1
Alexandru Greab,Greab,GK++,FC Gloria Buzău,Romania,SUPERLIGA,65,62,66,56,70,33,62,-1
Lasse Günther,Günther,LB++,Karlsruher SC,Germany,Bundesliga 2,65,83,59,61,67,55,63,-1
George Hall,Hall,CAM++,Birmingham City,England,EFL League One,65,82,58,63,67,61,65,-1
Daniel Hall,Hall,CB++,Auckland FC,Australia,A-League,65,76,24,44,53,63,77,-1
Aapo Halme,Halme,CB++,HJK Helsinki,Finland,Finnliiga,65,47,21,45,55,63,71,-1
Mansour Hamzi,Hamzi,CM++,Al Khaleej,Saudi Arabia,ROSHN Saudi League,65,81,62,59,67,49,65,-1
Kornelius N. Hansen,Hansen,ST++,Almere City FC,Norway,Eredivisie,65,71,64,57,74,35,61,-1
Sigurd Haugen,Haugen,ST++,AGF,Norway,3F Superliga,65,81,62,52,65,32,78,-1
Henrik Heggheim,Heggheim,CB++,Brøndby IF,Norway,3F Superliga,65,72,33,51,57,64,71,-1
Koki Hinokio,Hinokio,CAM++,Stal Mielec,Japan,PKO BP Ekstraklasa,65,81,59,61,68,38,46,-1
Remeao Hutton,Hutton,RB++,Gillingham,England,EFL League Two,65,84,45,59,64,56,72,-1
Masatoshi Ishida,Ishida,CM++,Daejeon Citizen,Japan,K League 1,65,76,65,63,67,43,67,-1
Lachlan Jackson,Jackson,CB++,Suwon FC,Australia,K League 1,65,44,26,42,45,65,75,-1
Kayden Jackson,Jackson,ST++,Derby County,England,EFL Championship,65,91,62,54,63,42,60,-1
Gethin Jones,Jones,CB++,Bolton,Australia,EFL League One,65,74,46,56,62,63,75,-1
Ricky-Jade Jones,Jones,ST++,Peterborough,England,EFL League One,65,91,63,56,65,28,63,-1
Aleksandar Jovanović,Jovanović,CB++,Bengaluru FC,Australia,Hero ISL,65,43,32,48,50,63,73,-1
Zak Jules,Jules,CB++,Rotherham Utd,Scotland,EFL League One,65,73,40,57,59,62,75,-1
Rafik Belghali,Belghali,RB++,KV Mechelen,Algeria,1A Pro League,65,82,60,61,66,60,59,-1
Mohammed Ali Bemammer,Bemammer,CDM++,NorthEast United,Morocco,Hero ISL,65,52,39,53,49,63,83,-1
Vicente Besuijen,Besuijen,CAM++,Aberdeen,Netherlands,cinch Prem,65,85,59,58,67,19,47,-1
Merveille Biankadi,Biankadi,CAM++,Arminia Bielefeld,Germany,3. Liga,65,77,59,61,68,55,75,-1
Ole Didrik Blomberg,Blomberg,RW++,SK Brann,Norway,Eliteserien,65,76,55,61,67,59,69,-1
Cohen Bramall,Bramall,LB++,Rotherham Utd,England,EFL League One,65,92,47,59,64,56,66,-1
Samuel Brolin,Brolin,GK++,Kalmar FF,Sweden,Allsvenskan,65,66,64,62,66,24,65,-1
Patrick Brough,Brough,LB++,Northampton,England,EFL League One,65,74,50,54,58,60,80,-1
Kai Brünker,Brünker,ST++,Saarbrücken,Germany,3. Liga,65,62,66,43,55,40,84,-1
Guillermo Bueno López,Guille Bueno,LB++,SV Darmstadt 98,Spain,Bundesliga 2,65,78,33,57,70,58,62,-1
Rasim Bulić,Bulić,CDM++,Jahn Regensburg,Germany,Bundesliga 2,65,46,36,51,54,65,75,-1
Lars Bünning,Bünning,CB++,Dynamo Dresden,Germany,3. Liga,65,84,41,55,55,63,71,-1
Max Burgess,Burgess,CAM++,Sydney FC,Australia,A-League,65,80,60,62,65,51,73,-1
Lyall Cameron,Cameron,CM++,Dundee FC,Scotland,cinch Prem,65,77,62,63,66,59,61,-1
Adam Carlén,Carlén,CDM++,IFK Göteborg,Sweden,Allsvenskan,65,60,43,56,66,60,78,-1
Ibou Touray,Touray,LB++,Stockport,Gambia,EFL League One,65,84,50,58,62,57,70,-1
Antef Tsoungui,Tsoungui,CB++,OH Leuven,Belgium,1A Pro League,65,73,34,46,47,63,69,-1
Osaze Urhoghide,Urhoghide,CB++,Amiens SC,England,Ligue 2 BKT,65,76,28,47,61,62,73,-1
Pablo Vaca,Vaca,CB++,Always Ready,Bolivia,Sudamericana,65,73,56,59,60,67,59,-1
Luciano Valente,Valente,LM++,FC Groningen,Italy,Eredivisie,65,58,56,62,71,47,63,-1
Albion Vrenezi,Vrenezi,CAM++,Viktoria Köln,Kosovo,3. Liga,65,79,66,61,70,20,54,-1
Sam Walker,Walker,GK++,Bradford City,England,EFL League Two,65,64,63,59,66,42,65,-1
Magnus Warming,Warming,LW++,Lyngby BK,Denmark,3F Superliga,65,75,58,55,70,33,52,-1
Jay Williams,Williams,CDM++,Crawley Town,St. Kitts and Nevis,EFL League One,65,67,42,54,58,62,81,-1
Kyle Wootton,Wootton,ST++,Stockport,England,EFL League One,65,68,62,47,63,26,83,-1
Corey Addai,Addai,GK++,Stockport,Jamaica,EFL League One,65,65,63,65,65,22,64,-1
Jayden Addai,Addai,RW++,AZ,Netherlands,Eredivisie,65,86,59,57,69,29,52,-1
David Ajiboye,Ajiboye,RM++,Peterborough,England,EFL League One,65,91,56,55,67,38,68,-1
Saeed Al Muwallad,Al Muwallad,RB++,Al Wehda,Saudi Arabia,ROSHN Saudi League,65,71,47,64,62,56,74,-1
Abdulrahman Al Obud,Al Obud,RM++,Al Ittihad,Saudi Arabia,ROSHN Saudi League,65,88,57,55,67,45,57,-1
Bastian Allgeier,Allgeier,RB++,SSV Ulm 1846,Germany,Bundesliga 2,65,73,29,56,59,58,71,-1
Matteo Angeli,Angeli,CB++,Cittadella,Italy,Serie BKT,65,81,49,53,52,64,67,-1
Kent-Are Antonsen,Antonsen,CM++,Tromsø IL,Norway,Eliteserien,65,76,61,62,65,63,75,-1
Rob Apter,Apter,RM++,Blackpool,Scotland,EFL League One,65,89,60,56,67,43,45,-1
Jefferson Arce,Arce,CAM++,Barcelona SC,Ecuador,Libertadores,65,77,66,62,66,42,57,-1
Allan Arigoni,Arigoni,RB++,Chicago Fire FC,Switzerland,MLS,65,89,38,49,59,60,74,-1
Sinclair Armstrong,Armstrong,ST++,Bristol City,Republic of Ireland,EFL Championship,65,89,63,52,61,23,77,-1
David Atanga,Atanga,RM++,Wolfsberger AC,Ghana,Ö. Bundesliga,65,88,62,56,65,39,51,-1
Adriel Ba Loua,Ba Loua,RM++,Lech Poznań,Côte d'Ivoire,PKO BP Ekstraklasa,65,91,60,60,67,27,49,-1
Odin Bailey,Bailey,CAM++,Stockport,England,EFL League One,65,82,58,63,66,52,60,-1
Victor Bak,Bak,LB++,FC Midtjylland,Denmark,3F Superliga,65,82,51,59,63,58,68,-1
Louie Barry,Barry,LW++,Stockport,England,EFL League One,65,90,60,54,68,28,58,-1
Damián Puebla,Puebla,CAM++,Instituto,Argentina,LPF,65,69,72,60,68,25,48,-1
David Richter,Richter,GK++,VfL Osnabrück,Germany,3. Liga,65,67,62,63,68,19,69,-1
Chang Woo Rim,Rim Chang Woo,CB++,Jeju United,Korea Republic,K League 1,65,75,48,54,61,63,74,-1
Jordan Roberts,Roberts,CAM++,Stevenage,England,EFL League One,65,81,61,62,66,48,74,-1
Carlos Roca,Roca,LB++,The Strongest,Bolivia,Libertadores,65,82,39,57,63,59,72,-1
Francisco Rodríguez,Rodríguez,LB++,Wilstermann,Bolivia,Sudamericana,65,72,28,49,56,61,78,-1
Nazareno Romero,Romero,LB++,Dep. Cuenca,Argentina,Sudamericana,65,82,33,52,62,58,61,-1
Tim Rönning,Rönning,GK++,Halmstads BK,Sweden,Allsvenskan,65,64,65,66,65,17,64,-1
Driess Saddiki,Saddiki,CDM++,Kasımpaşa,Morocco,Trendyol Süper Lig,65,76,54,58,62,64,75,-1
Ambrósini Salvador,Zine,ST++,AEK Athens,Angola,Hellas Liga,65,88,60,54,69,31,61,-1
Thomas Santos,Santos,RW++,IFK Göteborg,Denmark,Allsvenskan,65,86,55,60,65,56,66,-1
Christian Saydee,Saydee,ST++,Portsmouth,England,EFL Championship,65,75,61,54,65,43,82,-1
Marco Schikora,Schikora,CDM++,SV Sandhausen,Germany,3. Liga,65,79,50,60,64,62,74,-1
Thierry Lutonda,Lutonda,LB++,PEC Zwolle,Belgium,Eredivisie,65,82,31,57,66,59,59,-1
Kristjan Matošević,Matošević,GK++,SS Juve Stabia,Croatia,Serie BKT,65,64,62,65,67,34,66,-1
Aaron McGowan,McGowan,RB++,Northampton,England,EFL League One,65,73,43,57,63,60,80,-1
Mickel Miller,Miller,LB++,Huddersfield,England,EFL League One,65,83,60,58,66,57,59,-1
Bruno Miranda,Miranda,ST++,The Strongest,Bolivia,Libertadores,65,81,64,56,65,37,53,-1
Jorge Moreno San Vidal,Jorge Moreno,CB++,FC Cartagena,Spain,LALIGA HYPERMOTION,65,72,36,47,45,65,69,-1
Darick Kobie Morris,Morris,CB++,Meizhou Hakka,Croatia,CSL,65,83,38,45,52,63,70,-1
Maurice Multhaup,Multhaup,CAM++,Saarbrücken,Germany,3. Liga,65,85,59,59,68,51,62,-1
Sebastian Musiolik,Musiolik,ST++,Śląsk Wrocław,Poland,PKO BP Ekstraklasa,65,84,60,48,63,25,77,-1
Lubambo Musonda,Musonda,LB++,1. FC Magdeburg,Zambia,Bundesliga 2,65,90,59,57,69,56,62,-1
Bruny Nsimba,Nsimba,ST++,FCV Dender EH,Belgium,1A Pro League,65,87,64,53,68,32,55,-1
Corey O'Keeffe,O'Keeffe,RB++,Barnsley,Republic of Ireland,EFL League One,65,82,54,59,64,56,77,-1
Johann Obiang,Obiang,LB++,Pau FC,Gabon,Ligue 2 BKT,65,85,52,57,65,58,65,-1
Edier Ocampo,Ocampo,RB++,Whitecaps FC,Colombia,MLS,65,83,33,54,63,59,57,-1
Noah Ohio,Ohio,ST++,FC Utrecht,Netherlands,Eredivisie,65,89,64,49,65,25,67,-1
Isaac Olaofe,Olaofe,ST++,Stockport,England,EFL League One,65,91,60,47,65,20,67,-1
Juan José Orellana,Orellana,LB++,Real Tomayapo,Bolivia,Sudamericana,65,77,37,56,59,60,64,-1
Solomon Owusu,Owusu,CB++,Odds BK,Ghana,Eliteserien,65,76,46,56,58,64,68,-1
Diego Oyarzún,Oyarzún,CB++,Everton,Chile,Sudamericana,65,53,43,53,44,65,75,-1
Callum Paterson,Paterson,ST++,Sheffield Wed,Scotland,EFL Championship,65,61,64,61,61,56,81,-1
Mike Penders,Penders,GK++,KRC Genk,Belgium,1A Pro League,65,67,64,63,68,20,64,-1
Joakim Persson,Persson,LM++,IK Sirius,Sweden,Allsvenskan,65,87,61,55,64,22,62,-1
Sigurd Haugen,Haugen,ST++,Hansa Rostock,Norway,3. Liga,65,81,62,52,65,32,78,-1
Davis Keillor-Dunn,Keillor-Dunn,CAM++,Barnsley,England,EFL League One,65,78,64,58,69,39,65,-1
Henrik Heggheim,Heggheim,CB++,Viking FK,Norway,Eliteserien,65,72,33,51,57,64,71,-1
George Hall,Hall,CAM++,Walsall,England,EFL League Two,65,82,58,63,67,61,65,-1
Dexter Lembikisa,Lembikisa,RB++,Yverdon Sport FC,Jamaica,CSSL,65,83,43,55,60,60,60,-1
Giorgos Koutsias,Koutsias,ST++,FC Lugano,Greece,CSSL,65,86,64,43,64,22,68,-1
David Richter,Richter,GK++,SV Sandhausen,Germany,3. Liga,65,67,62,63,68,19,69,-1
Louie Barry,Barry,LW++,Aston Villa,England,Premier League,65,90,60,54,68,28,58,-1
Julio Soler,Soler,LB++,AFC Bournemouth,Argentina,Premier League,65,82,41,49,62,62,60,-1
Allan Arigoni,Arigoni,RB++,FC Lugano,Switzerland,CSSL,65,89,38,49,59,60,74,-1
Jay Williams,Williams,CDM++,MK Dons,St. Kitts and Nevis,EFL League Two,65,67,42,54,58,62,81,-1
David Ajiboye,Ajiboye,RM++,Newport County,England,EFL League Two,65,91,56,55,67,38,68,-1
Louie Barry,Barry,LW++,Hull City,England,EFL Championship,65,90,60,54,68,28,58,-1
